nohup: ignoring input
/home/user/anaconda3/lib/python3.10/runpy.py:126: RuntimeWarning: 'dinosam.train.trainer' found in sys.modules after import of package 'dinosam.train', but prior to execution of 'dinosam.train.trainer'; this may result in unpredictable behaviour
  warn(RuntimeWarning(msg))
Initialized depth branch from SAM inner weights (depth_prediction_head random)
Train samples: 1345  Val samples: 343

============================================================
PHASE 1: Mask-only training (dice + iou loss)
============================================================
Phase 1: Total params: 97,379,069  Trainable: 4,064,560

=== Phase1 Epoch 0/49 ===
  Epoch 0 [10/337] loss=1.0011 mask=0.7078 iou=0.2933
  Epoch 0 [20/337] loss=0.8329 mask=0.6319 iou=0.2010
  Epoch 0 [30/337] loss=0.7448 mask=0.5849 iou=0.1599
  Epoch 0 [40/337] loss=0.6392 mask=0.5057 iou=0.1335
  Epoch 0 [50/337] loss=0.5692 mask=0.4484 iou=0.1208
  Epoch 0 [60/337] loss=0.4968 mask=0.3918 iou=0.1050
  Epoch 0 [70/337] loss=0.4679 mask=0.3645 iou=0.1033
  Epoch 0 [80/337] loss=0.4347 mask=0.3381 iou=0.0966
  Epoch 0 [90/337] loss=0.4109 mask=0.3192 iou=0.0916
  Epoch 0 [100/337] loss=0.3875 mask=0.3011 iou=0.0863
  Epoch 0 [110/337] loss=0.3658 mask=0.2847 iou=0.0811
  Epoch 0 [120/337] loss=0.3525 mask=0.2743 iou=0.0781
  Epoch 0 [130/337] loss=0.3402 mask=0.2643 iou=0.0759
  Epoch 0 [140/337] loss=0.3287 mask=0.2553 iou=0.0734
  Epoch 0 [150/337] loss=0.3190 mask=0.2480 iou=0.0710
  Epoch 0 [160/337] loss=0.3081 mask=0.2394 iou=0.0687
  Epoch 0 [170/337] loss=0.2994 mask=0.2328 iou=0.0666
  Epoch 0 [180/337] loss=0.2926 mask=0.2273 iou=0.0653
  Epoch 0 [190/337] loss=0.2847 mask=0.2213 iou=0.0633
  Epoch 0 [200/337] loss=0.2796 mask=0.2174 iou=0.0622
  Epoch 0 [210/337] loss=0.2751 mask=0.2136 iou=0.0614
  Epoch 0 [220/337] loss=0.2703 mask=0.2100 iou=0.0603
  Epoch 0 [230/337] loss=0.2649 mask=0.2057 iou=0.0592
  Epoch 0 [240/337] loss=0.2628 mask=0.2036 iou=0.0592
  Epoch 0 [250/337] loss=0.2585 mask=0.2004 iou=0.0581
  Epoch 0 [260/337] loss=0.2544 mask=0.1972 iou=0.0572
  Epoch 0 [270/337] loss=0.2517 mask=0.1951 iou=0.0566
  Epoch 0 [280/337] loss=0.2471 mask=0.1916 iou=0.0554
  Epoch 0 [290/337] loss=0.2420 mask=0.1877 iou=0.0543
  Epoch 0 [300/337] loss=0.2391 mask=0.1855 iou=0.0536
  Epoch 0 [310/337] loss=0.2371 mask=0.1840 iou=0.0532
  Epoch 0 [320/337] loss=0.2349 mask=0.1821 iou=0.0528
  Epoch 0 [330/337] loss=0.2327 mask=0.1805 iou=0.0522
  Train: loss=0.2342 mask=0.1819 iou=0.0523 time=766.2s
  Val epoch 0: loss=0.2290
  Saved best phase1 model (val_loss=0.2290)

=== Phase1 Epoch 1/49 ===
  Epoch 1 [10/337] loss=0.1251 mask=0.0989 iou=0.0263
  Epoch 1 [20/337] loss=0.1279 mask=0.1007 iou=0.0272
  Epoch 1 [30/337] loss=0.1308 mask=0.1024 iou=0.0284
  Epoch 1 [40/337] loss=0.1420 mask=0.1115 iou=0.0305
  Epoch 1 [50/337] loss=0.1401 mask=0.1102 iou=0.0299
  Epoch 1 [60/337] loss=0.1383 mask=0.1093 iou=0.0290
  Epoch 1 [70/337] loss=0.1374 mask=0.1091 iou=0.0283
  Epoch 1 [80/337] loss=0.1435 mask=0.1126 iou=0.0309
  Epoch 1 [90/337] loss=0.1423 mask=0.1110 iou=0.0313
  Epoch 1 [100/337] loss=0.1388 mask=0.1084 iou=0.0304
  Epoch 1 [110/337] loss=0.1313 mask=0.1030 iou=0.0284
  Epoch 1 [120/337] loss=0.1305 mask=0.1025 iou=0.0280
  Epoch 1 [130/337] loss=0.1350 mask=0.1055 iou=0.0295
  Epoch 1 [140/337] loss=0.1366 mask=0.1066 iou=0.0300
  Epoch 1 [150/337] loss=0.1352 mask=0.1055 iou=0.0297
  Epoch 1 [160/337] loss=0.1379 mask=0.1073 iou=0.0307
  Epoch 1 [170/337] loss=0.1357 mask=0.1055 iou=0.0303
  Epoch 1 [180/337] loss=0.1354 mask=0.1054 iou=0.0301
  Epoch 1 [190/337] loss=0.1338 mask=0.1042 iou=0.0296
  Epoch 1 [200/337] loss=0.1326 mask=0.1032 iou=0.0295
  Epoch 1 [210/337] loss=0.1312 mask=0.1023 iou=0.0289
  Epoch 1 [220/337] loss=0.1302 mask=0.1017 iou=0.0285
  Epoch 1 [230/337] loss=0.1324 mask=0.1033 iou=0.0291
  Epoch 1 [240/337] loss=0.1329 mask=0.1037 iou=0.0292
  Epoch 1 [250/337] loss=0.1324 mask=0.1034 iou=0.0290
  Epoch 1 [260/337] loss=0.1324 mask=0.1033 iou=0.0291
  Epoch 1 [270/337] loss=0.1307 mask=0.1021 iou=0.0286
  Epoch 1 [280/337] loss=0.1321 mask=0.1031 iou=0.0290
  Epoch 1 [290/337] loss=0.1328 mask=0.1037 iou=0.0291
  Epoch 1 [300/337] loss=0.1321 mask=0.1032 iou=0.0289
  Epoch 1 [310/337] loss=0.1299 mask=0.1015 iou=0.0284
  Epoch 1 [320/337] loss=0.1285 mask=0.1005 iou=0.0279
  Epoch 1 [330/337] loss=0.1280 mask=0.1002 iou=0.0278
  Train: loss=0.1299 mask=0.1019 iou=0.0279 time=474.9s
  Val epoch 1: loss=0.2060
  Saved best phase1 model (val_loss=0.2060)

=== Phase1 Epoch 2/49 ===
  Epoch 2 [10/337] loss=0.1066 mask=0.0841 iou=0.0225
  Epoch 2 [20/337] loss=0.0927 mask=0.0754 iou=0.0172
  Epoch 2 [30/337] loss=0.1035 mask=0.0828 iou=0.0208
  Epoch 2 [40/337] loss=0.0987 mask=0.0791 iou=0.0196
  Epoch 2 [50/337] loss=0.0963 mask=0.0770 iou=0.0194
  Epoch 2 [60/337] loss=0.0955 mask=0.0765 iou=0.0190
  Epoch 2 [70/337] loss=0.0995 mask=0.0787 iou=0.0208
  Epoch 2 [80/337] loss=0.0976 mask=0.0776 iou=0.0200
  Epoch 2 [90/337] loss=0.1002 mask=0.0790 iou=0.0212
  Epoch 2 [100/337] loss=0.1019 mask=0.0800 iou=0.0219
  Epoch 2 [110/337] loss=0.1151 mask=0.0889 iou=0.0262
  Epoch 2 [120/337] loss=0.1146 mask=0.0887 iou=0.0260
  Epoch 2 [130/337] loss=0.1155 mask=0.0893 iou=0.0262
  Epoch 2 [140/337] loss=0.1152 mask=0.0893 iou=0.0259
  Epoch 2 [150/337] loss=0.1143 mask=0.0889 iou=0.0254
  Epoch 2 [160/337] loss=0.1136 mask=0.0885 iou=0.0251
  Epoch 2 [170/337] loss=0.1141 mask=0.0892 iou=0.0250
  Epoch 2 [180/337] loss=0.1185 mask=0.0925 iou=0.0260
  Epoch 2 [190/337] loss=0.1191 mask=0.0930 iou=0.0261
  Epoch 2 [200/337] loss=0.1200 mask=0.0936 iou=0.0265
  Epoch 2 [210/337] loss=0.1175 mask=0.0917 iou=0.0259
  Epoch 2 [220/337] loss=0.1152 mask=0.0900 iou=0.0252
  Epoch 2 [230/337] loss=0.1160 mask=0.0906 iou=0.0254
  Epoch 2 [240/337] loss=0.1146 mask=0.0896 iou=0.0250
  Epoch 2 [250/337] loss=0.1139 mask=0.0891 iou=0.0249
  Epoch 2 [260/337] loss=0.1140 mask=0.0890 iou=0.0250
  Epoch 2 [270/337] loss=0.1141 mask=0.0892 iou=0.0250
  Epoch 2 [280/337] loss=0.1140 mask=0.0891 iou=0.0249
  Epoch 2 [290/337] loss=0.1151 mask=0.0899 iou=0.0252
  Epoch 2 [300/337] loss=0.1150 mask=0.0899 iou=0.0251
  Epoch 2 [310/337] loss=0.1144 mask=0.0894 iou=0.0250
  Epoch 2 [320/337] loss=0.1136 mask=0.0889 iou=0.0247
  Epoch 2 [330/337] loss=0.1132 mask=0.0886 iou=0.0246
  Train: loss=0.1158 mask=0.0910 iou=0.0248 time=499.6s
  Val epoch 2: loss=0.1948
  Saved best phase1 model (val_loss=0.1948)

=== Phase1 Epoch 3/49 ===
  Epoch 3 [10/337] loss=0.0715 mask=0.0601 iou=0.0114
  Epoch 3 [20/337] loss=0.0766 mask=0.0629 iou=0.0137
  Epoch 3 [30/337] loss=0.1015 mask=0.0810 iou=0.0205
  Epoch 3 [40/337] loss=0.1103 mask=0.0863 iou=0.0240
  Epoch 3 [50/337] loss=0.1079 mask=0.0846 iou=0.0233
  Epoch 3 [60/337] loss=0.1025 mask=0.0806 iou=0.0219
  Epoch 3 [70/337] loss=0.1009 mask=0.0798 iou=0.0211
  Epoch 3 [80/337] loss=0.1002 mask=0.0791 iou=0.0211
  Epoch 3 [90/337] loss=0.1030 mask=0.0815 iou=0.0215
  Epoch 3 [100/337] loss=0.1035 mask=0.0820 iou=0.0215
  Epoch 3 [110/337] loss=0.1040 mask=0.0821 iou=0.0219
  Epoch 3 [120/337] loss=0.1066 mask=0.0839 iou=0.0226
  Epoch 3 [130/337] loss=0.1035 mask=0.0816 iou=0.0219
  Epoch 3 [140/337] loss=0.1002 mask=0.0791 iou=0.0211
  Epoch 3 [150/337] loss=0.1002 mask=0.0792 iou=0.0211
  Epoch 3 [160/337] loss=0.0996 mask=0.0785 iou=0.0211
  Epoch 3 [170/337] loss=0.0995 mask=0.0786 iou=0.0209
  Epoch 3 [180/337] loss=0.0994 mask=0.0787 iou=0.0207
  Epoch 3 [190/337] loss=0.0999 mask=0.0793 iou=0.0206
  Epoch 3 [200/337] loss=0.0990 mask=0.0785 iou=0.0205
  Epoch 3 [210/337] loss=0.1009 mask=0.0797 iou=0.0212
  Epoch 3 [220/337] loss=0.1006 mask=0.0793 iou=0.0213
  Epoch 3 [230/337] loss=0.1019 mask=0.0802 iou=0.0216
  Epoch 3 [240/337] loss=0.1010 mask=0.0795 iou=0.0214
  Epoch 3 [250/337] loss=0.1015 mask=0.0801 iou=0.0214
  Epoch 3 [260/337] loss=0.1023 mask=0.0806 iou=0.0217
  Epoch 3 [270/337] loss=0.1015 mask=0.0801 iou=0.0215
  Epoch 3 [280/337] loss=0.1013 mask=0.0799 iou=0.0214
  Epoch 3 [290/337] loss=0.1031 mask=0.0813 iou=0.0218
  Epoch 3 [300/337] loss=0.1039 mask=0.0819 iou=0.0220
  Epoch 3 [310/337] loss=0.1040 mask=0.0818 iou=0.0222
  Epoch 3 [320/337] loss=0.1033 mask=0.0813 iou=0.0220
  Epoch 3 [330/337] loss=0.1030 mask=0.0811 iou=0.0220
  Train: loss=0.1059 mask=0.0836 iou=0.0223 time=473.6s
  Val epoch 3: loss=0.1809
  Saved best phase1 model (val_loss=0.1809)

=== Phase1 Epoch 4/49 ===
  Epoch 4 [10/337] loss=0.1172 mask=0.0935 iou=0.0237
  Epoch 4 [20/337] loss=0.1256 mask=0.0996 iou=0.0260
  Epoch 4 [30/337] loss=0.1044 mask=0.0822 iou=0.0223
  Epoch 4 [40/337] loss=0.1010 mask=0.0808 iou=0.0202
  Epoch 4 [50/337] loss=0.1014 mask=0.0815 iou=0.0199
  Epoch 4 [60/337] loss=0.1047 mask=0.0830 iou=0.0217
  Epoch 4 [70/337] loss=0.0993 mask=0.0790 iou=0.0204
  Epoch 4 [80/337] loss=0.0963 mask=0.0768 iou=0.0195
  Epoch 4 [90/337] loss=0.0965 mask=0.0768 iou=0.0197
  Epoch 4 [100/337] loss=0.0985 mask=0.0785 iou=0.0200
  Epoch 4 [110/337] loss=0.0961 mask=0.0769 iou=0.0192
  Epoch 4 [120/337] loss=0.0975 mask=0.0780 iou=0.0195
  Epoch 4 [130/337] loss=0.0967 mask=0.0776 iou=0.0191
  Epoch 4 [140/337] loss=0.0965 mask=0.0774 iou=0.0191
  Epoch 4 [150/337] loss=0.0973 mask=0.0781 iou=0.0192
  Epoch 4 [160/337] loss=0.0954 mask=0.0766 iou=0.0188
  Epoch 4 [170/337] loss=0.0937 mask=0.0753 iou=0.0184
  Epoch 4 [180/337] loss=0.0926 mask=0.0745 iou=0.0182
  Epoch 4 [190/337] loss=0.0938 mask=0.0752 iou=0.0186
  Epoch 4 [200/337] loss=0.0933 mask=0.0748 iou=0.0185
  Epoch 4 [210/337] loss=0.0933 mask=0.0747 iou=0.0185
  Epoch 4 [220/337] loss=0.0937 mask=0.0749 iou=0.0188
  Epoch 4 [230/337] loss=0.0940 mask=0.0751 iou=0.0190
  Epoch 4 [240/337] loss=0.0923 mask=0.0738 iou=0.0185
  Epoch 4 [250/337] loss=0.0926 mask=0.0740 iou=0.0186
  Epoch 4 [260/337] loss=0.0911 mask=0.0729 iou=0.0182
  Epoch 4 [270/337] loss=0.0916 mask=0.0732 iou=0.0184
  Epoch 4 [280/337] loss=0.0923 mask=0.0736 iou=0.0186
  Epoch 4 [290/337] loss=0.0912 mask=0.0729 iou=0.0183
  Epoch 4 [300/337] loss=0.0910 mask=0.0727 iou=0.0183
  Epoch 4 [310/337] loss=0.0906 mask=0.0723 iou=0.0183
  Epoch 4 [320/337] loss=0.0900 mask=0.0718 iou=0.0182
  Epoch 4 [330/337] loss=0.0910 mask=0.0724 iou=0.0186
  Train: loss=0.0936 mask=0.0750 iou=0.0186 time=492.6s
  Val epoch 4: loss=0.1818

=== Phase1 Epoch 5/49 ===
  Epoch 5 [10/337] loss=0.0626 mask=0.0484 iou=0.0142
  Epoch 5 [20/337] loss=0.0706 mask=0.0581 iou=0.0124
  Epoch 5 [30/337] loss=0.0813 mask=0.0655 iou=0.0158
  Epoch 5 [40/337] loss=0.0832 mask=0.0674 iou=0.0158
  Epoch 5 [50/337] loss=0.0798 mask=0.0647 iou=0.0151
  Epoch 5 [60/337] loss=0.0819 mask=0.0663 iou=0.0156
  Epoch 5 [70/337] loss=0.0783 mask=0.0634 iou=0.0149
  Epoch 5 [80/337] loss=0.0800 mask=0.0652 iou=0.0148
  Epoch 5 [90/337] loss=0.0832 mask=0.0675 iou=0.0158
  Epoch 5 [100/337] loss=0.0833 mask=0.0673 iou=0.0160
  Epoch 5 [110/337] loss=0.0845 mask=0.0686 iou=0.0159
  Epoch 5 [120/337] loss=0.0833 mask=0.0679 iou=0.0154
  Epoch 5 [130/337] loss=0.0829 mask=0.0675 iou=0.0154
  Epoch 5 [140/337] loss=0.0843 mask=0.0685 iou=0.0158
  Epoch 5 [150/337] loss=0.0846 mask=0.0687 iou=0.0159
  Epoch 5 [160/337] loss=0.0855 mask=0.0694 iou=0.0161
  Epoch 5 [170/337] loss=0.0847 mask=0.0688 iou=0.0160
  Epoch 5 [180/337] loss=0.0846 mask=0.0686 iou=0.0160
  Epoch 5 [190/337] loss=0.0844 mask=0.0686 iou=0.0158
  Epoch 5 [200/337] loss=0.0843 mask=0.0684 iou=0.0159
  Epoch 5 [210/337] loss=0.0847 mask=0.0687 iou=0.0160
  Epoch 5 [220/337] loss=0.0854 mask=0.0692 iou=0.0162
  Epoch 5 [230/337] loss=0.0860 mask=0.0696 iou=0.0164
  Epoch 5 [240/337] loss=0.0858 mask=0.0695 iou=0.0163
  Epoch 5 [250/337] loss=0.0854 mask=0.0691 iou=0.0163
  Epoch 5 [260/337] loss=0.0870 mask=0.0700 iou=0.0170
  Epoch 5 [270/337] loss=0.0879 mask=0.0706 iou=0.0172
  Epoch 5 [280/337] loss=0.0881 mask=0.0708 iou=0.0173
  Epoch 5 [290/337] loss=0.0891 mask=0.0715 iou=0.0176
  Epoch 5 [300/337] loss=0.0893 mask=0.0715 iou=0.0179
  Epoch 5 [310/337] loss=0.0885 mask=0.0708 iou=0.0177
  Epoch 5 [320/337] loss=0.0891 mask=0.0710 iou=0.0181
  Epoch 5 [330/337] loss=0.0897 mask=0.0713 iou=0.0184
  Train: loss=0.0924 mask=0.0737 iou=0.0187 time=497.8s
  Val epoch 5: loss=0.1756
  Saved best phase1 model (val_loss=0.1756)

=== Phase1 Epoch 6/49 ===
  Epoch 6 [10/337] loss=0.0858 mask=0.0666 iou=0.0192
  Epoch 6 [20/337] loss=0.0858 mask=0.0672 iou=0.0187
  Epoch 6 [30/337] loss=0.0886 mask=0.0692 iou=0.0194
  Epoch 6 [40/337] loss=0.0826 mask=0.0651 iou=0.0175
  Epoch 6 [50/337] loss=0.0840 mask=0.0661 iou=0.0179
  Epoch 6 [60/337] loss=0.0890 mask=0.0700 iou=0.0191
  Epoch 6 [70/337] loss=0.0924 mask=0.0720 iou=0.0203
  Epoch 6 [80/337] loss=0.0961 mask=0.0751 iou=0.0210
  Epoch 6 [90/337] loss=0.0943 mask=0.0743 iou=0.0201
  Epoch 6 [100/337] loss=0.0966 mask=0.0760 iou=0.0206
  Epoch 6 [110/337] loss=0.0966 mask=0.0760 iou=0.0206
  Epoch 6 [120/337] loss=0.0955 mask=0.0753 iou=0.0202
  Epoch 6 [130/337] loss=0.0940 mask=0.0740 iou=0.0200
  Epoch 6 [140/337] loss=0.0924 mask=0.0729 iou=0.0196
  Epoch 6 [150/337] loss=0.0937 mask=0.0740 iou=0.0197
  Epoch 6 [160/337] loss=0.0968 mask=0.0758 iou=0.0210
  Epoch 6 [170/337] loss=0.0986 mask=0.0767 iou=0.0218
  Epoch 6 [180/337] loss=0.0974 mask=0.0758 iou=0.0216
  Epoch 6 [190/337] loss=0.0963 mask=0.0750 iou=0.0213
  Epoch 6 [200/337] loss=0.0957 mask=0.0746 iou=0.0212
  Epoch 6 [210/337] loss=0.0935 mask=0.0729 iou=0.0205
  Epoch 6 [220/337] loss=0.0928 mask=0.0725 iou=0.0203
  Epoch 6 [230/337] loss=0.0910 mask=0.0712 iou=0.0197
  Epoch 6 [240/337] loss=0.0922 mask=0.0722 iou=0.0199
  Epoch 6 [250/337] loss=0.0916 mask=0.0719 iou=0.0197
  Epoch 6 [260/337] loss=0.0906 mask=0.0712 iou=0.0194
  Epoch 6 [270/337] loss=0.0911 mask=0.0718 iou=0.0194
  Epoch 6 [280/337] loss=0.0914 mask=0.0720 iou=0.0194
  Epoch 6 [290/337] loss=0.0949 mask=0.0746 iou=0.0204
  Epoch 6 [300/337] loss=0.0946 mask=0.0745 iou=0.0201
  Epoch 6 [310/337] loss=0.0959 mask=0.0754 iou=0.0204
  Epoch 6 [320/337] loss=0.0954 mask=0.0749 iou=0.0205
  Epoch 6 [330/337] loss=0.0950 mask=0.0746 iou=0.0205
  Train: loss=0.0978 mask=0.0769 iou=0.0209 time=498.1s
  Val epoch 6: loss=0.2162

=== Phase1 Epoch 7/49 ===
  Epoch 7 [10/337] loss=0.0752 mask=0.0572 iou=0.0180
  Epoch 7 [20/337] loss=0.0789 mask=0.0601 iou=0.0188
  Epoch 7 [30/337] loss=0.0912 mask=0.0730 iou=0.0182
  Epoch 7 [40/337] loss=0.0966 mask=0.0770 iou=0.0196
  Epoch 7 [50/337] loss=0.0968 mask=0.0771 iou=0.0198
  Epoch 7 [60/337] loss=0.0941 mask=0.0745 iou=0.0196
  Epoch 7 [70/337] loss=0.0925 mask=0.0737 iou=0.0188
  Epoch 7 [80/337] loss=0.0919 mask=0.0732 iou=0.0187
  Epoch 7 [90/337] loss=0.0903 mask=0.0719 iou=0.0184
  Epoch 7 [100/337] loss=0.0890 mask=0.0709 iou=0.0181
  Epoch 7 [110/337] loss=0.0905 mask=0.0721 iou=0.0184
  Epoch 7 [120/337] loss=0.0871 mask=0.0694 iou=0.0176
  Epoch 7 [130/337] loss=0.0857 mask=0.0686 iou=0.0171
  Epoch 7 [140/337] loss=0.0865 mask=0.0687 iou=0.0177
  Epoch 7 [150/337] loss=0.0860 mask=0.0684 iou=0.0176
  Epoch 7 [160/337] loss=0.0884 mask=0.0700 iou=0.0184
  Epoch 7 [170/337] loss=0.0871 mask=0.0690 iou=0.0181
  Epoch 7 [180/337] loss=0.0877 mask=0.0696 iou=0.0181
  Epoch 7 [190/337] loss=0.0883 mask=0.0698 iou=0.0184
  Epoch 7 [200/337] loss=0.0882 mask=0.0698 iou=0.0184
  Epoch 7 [210/337] loss=0.0896 mask=0.0707 iou=0.0188
  Epoch 7 [220/337] loss=0.0884 mask=0.0700 iou=0.0184
  Epoch 7 [230/337] loss=0.0880 mask=0.0698 iou=0.0182
  Epoch 7 [240/337] loss=0.0870 mask=0.0691 iou=0.0178
  Epoch 7 [250/337] loss=0.0870 mask=0.0692 iou=0.0178
  Epoch 7 [260/337] loss=0.0864 mask=0.0688 iou=0.0176
  Epoch 7 [270/337] loss=0.0862 mask=0.0687 iou=0.0175
  Epoch 7 [280/337] loss=0.0861 mask=0.0686 iou=0.0174
  Epoch 7 [290/337] loss=0.0852 mask=0.0680 iou=0.0172
  Epoch 7 [300/337] loss=0.0849 mask=0.0678 iou=0.0171
  Epoch 7 [310/337] loss=0.0842 mask=0.0673 iou=0.0170
  Epoch 7 [320/337] loss=0.0846 mask=0.0675 iou=0.0171
  Epoch 7 [330/337] loss=0.0843 mask=0.0673 iou=0.0170
  Train: loss=0.0880 mask=0.0706 iou=0.0174 time=509.7s
  Val epoch 7: loss=0.2029

=== Phase1 Epoch 8/49 ===
  Epoch 8 [10/337] loss=0.0882 mask=0.0696 iou=0.0187
  Epoch 8 [20/337] loss=0.0975 mask=0.0757 iou=0.0218
  Epoch 8 [30/337] loss=0.0843 mask=0.0657 iou=0.0186
  Epoch 8 [40/337] loss=0.0936 mask=0.0744 iou=0.0193
  Epoch 8 [50/337] loss=0.0982 mask=0.0782 iou=0.0200
  Epoch 8 [60/337] loss=0.0905 mask=0.0726 iou=0.0179
  Epoch 8 [70/337] loss=0.0879 mask=0.0707 iou=0.0172
  Epoch 8 [80/337] loss=0.0872 mask=0.0700 iou=0.0171
  Epoch 8 [90/337] loss=0.0840 mask=0.0671 iou=0.0169
  Epoch 8 [100/337] loss=0.0823 mask=0.0657 iou=0.0166
  Epoch 8 [110/337] loss=0.0807 mask=0.0647 iou=0.0160
  Epoch 8 [120/337] loss=0.0818 mask=0.0656 iou=0.0162
  Epoch 8 [130/337] loss=0.0814 mask=0.0653 iou=0.0161
  Epoch 8 [140/337] loss=0.0823 mask=0.0660 iou=0.0163
  Epoch 8 [150/337] loss=0.0805 mask=0.0647 iou=0.0157
  Epoch 8 [160/337] loss=0.0820 mask=0.0660 iou=0.0160
  Epoch 8 [170/337] loss=0.0826 mask=0.0664 iou=0.0162
  Epoch 8 [180/337] loss=0.0825 mask=0.0665 iou=0.0160
  Epoch 8 [190/337] loss=0.0825 mask=0.0664 iou=0.0161
  Epoch 8 [200/337] loss=0.0844 mask=0.0674 iou=0.0170
  Epoch 8 [210/337] loss=0.0835 mask=0.0666 iou=0.0169
  Epoch 8 [220/337] loss=0.0839 mask=0.0665 iou=0.0174
  Epoch 8 [230/337] loss=0.0841 mask=0.0666 iou=0.0175
  Epoch 8 [240/337] loss=0.0839 mask=0.0664 iou=0.0175
  Epoch 8 [250/337] loss=0.0842 mask=0.0666 iou=0.0176
  Epoch 8 [260/337] loss=0.0848 mask=0.0670 iou=0.0178
  Epoch 8 [270/337] loss=0.0870 mask=0.0685 iou=0.0185
  Epoch 8 [280/337] loss=0.0870 mask=0.0683 iou=0.0186
  Epoch 8 [290/337] loss=0.0863 mask=0.0679 iou=0.0184
  Epoch 8 [300/337] loss=0.0858 mask=0.0675 iou=0.0182
  Epoch 8 [310/337] loss=0.0855 mask=0.0675 iou=0.0180
  Epoch 8 [320/337] loss=0.0857 mask=0.0675 iou=0.0181
  Epoch 8 [330/337] loss=0.0851 mask=0.0672 iou=0.0179
  Train: loss=0.0874 mask=0.0695 iou=0.0180 time=507.0s
  Val epoch 8: loss=0.1826

=== Phase1 Epoch 9/49 ===
  Epoch 9 [10/337] loss=0.0835 mask=0.0662 iou=0.0173
  Epoch 9 [20/337] loss=0.0779 mask=0.0630 iou=0.0149
  Epoch 9 [30/337] loss=0.0756 mask=0.0611 iou=0.0145
  Epoch 9 [40/337] loss=0.0710 mask=0.0572 iou=0.0137
  Epoch 9 [50/337] loss=0.0749 mask=0.0598 iou=0.0151
  Epoch 9 [60/337] loss=0.0765 mask=0.0603 iou=0.0163
  Epoch 9 [70/337] loss=0.0740 mask=0.0580 iou=0.0159
  Epoch 9 [80/337] loss=0.0727 mask=0.0574 iou=0.0153
  Epoch 9 [90/337] loss=0.0753 mask=0.0596 iou=0.0158
  Epoch 9 [100/337] loss=0.0770 mask=0.0607 iou=0.0163
  Epoch 9 [110/337] loss=0.0757 mask=0.0600 iou=0.0157
  Epoch 9 [120/337] loss=0.0763 mask=0.0605 iou=0.0158
  Epoch 9 [130/337] loss=0.0789 mask=0.0624 iou=0.0165
  Epoch 9 [140/337] loss=0.0794 mask=0.0627 iou=0.0167
  Epoch 9 [150/337] loss=0.0796 mask=0.0629 iou=0.0167
  Epoch 9 [160/337] loss=0.0801 mask=0.0637 iou=0.0164
  Epoch 9 [170/337] loss=0.0801 mask=0.0637 iou=0.0164
  Epoch 9 [180/337] loss=0.0804 mask=0.0638 iou=0.0166
  Epoch 9 [190/337] loss=0.0811 mask=0.0643 iou=0.0168
  Epoch 9 [200/337] loss=0.0805 mask=0.0640 iou=0.0166
  Epoch 9 [210/337] loss=0.0814 mask=0.0644 iou=0.0170
  Epoch 9 [220/337] loss=0.0821 mask=0.0650 iou=0.0171
  Epoch 9 [230/337] loss=0.0831 mask=0.0656 iou=0.0176
  Epoch 9 [240/337] loss=0.0828 mask=0.0654 iou=0.0174
  Epoch 9 [250/337] loss=0.0818 mask=0.0648 iou=0.0171
  Epoch 9 [260/337] loss=0.0822 mask=0.0652 iou=0.0171
  Epoch 9 [270/337] loss=0.0828 mask=0.0655 iou=0.0173
  Epoch 9 [280/337] loss=0.0818 mask=0.0648 iou=0.0170
  Epoch 9 [290/337] loss=0.0823 mask=0.0652 iou=0.0171
  Epoch 9 [300/337] loss=0.0836 mask=0.0660 iou=0.0176
  Epoch 9 [310/337] loss=0.0827 mask=0.0654 iou=0.0173
  Epoch 9 [320/337] loss=0.0834 mask=0.0658 iou=0.0176
  Epoch 9 [330/337] loss=0.0825 mask=0.0652 iou=0.0173
  Train: loss=0.0843 mask=0.0659 iou=0.0184 time=510.1s
  Val epoch 9: loss=0.1834

=== Phase1 Epoch 10/49 ===
  Epoch 10 [10/337] loss=0.0880 mask=0.0741 iou=0.0139
  Epoch 10 [20/337] loss=0.0857 mask=0.0698 iou=0.0159
  Epoch 10 [30/337] loss=0.0774 mask=0.0635 iou=0.0139
  Epoch 10 [40/337] loss=0.0721 mask=0.0596 iou=0.0125
  Epoch 10 [50/337] loss=0.0724 mask=0.0597 iou=0.0128
  Epoch 10 [60/337] loss=0.0697 mask=0.0571 iou=0.0127
  Epoch 10 [70/337] loss=0.0709 mask=0.0576 iou=0.0133
  Epoch 10 [80/337] loss=0.0698 mask=0.0565 iou=0.0133
  Epoch 10 [90/337] loss=0.0703 mask=0.0567 iou=0.0135
  Epoch 10 [100/337] loss=0.0713 mask=0.0574 iou=0.0139
  Epoch 10 [110/337] loss=0.0718 mask=0.0579 iou=0.0139
  Epoch 10 [120/337] loss=0.0716 mask=0.0578 iou=0.0138
  Epoch 10 [130/337] loss=0.0707 mask=0.0572 iou=0.0136
  Epoch 10 [140/337] loss=0.0711 mask=0.0576 iou=0.0134
  Epoch 10 [150/337] loss=0.0720 mask=0.0585 iou=0.0136
  Epoch 10 [160/337] loss=0.0713 mask=0.0579 iou=0.0135
  Epoch 10 [170/337] loss=0.0721 mask=0.0587 iou=0.0134
  Epoch 10 [180/337] loss=0.0738 mask=0.0600 iou=0.0138
  Epoch 10 [190/337] loss=0.0757 mask=0.0611 iou=0.0146
  Epoch 10 [200/337] loss=0.0749 mask=0.0606 iou=0.0143
  Epoch 10 [210/337] loss=0.0754 mask=0.0608 iou=0.0146
  Epoch 10 [220/337] loss=0.0758 mask=0.0612 iou=0.0147
  Epoch 10 [230/337] loss=0.0757 mask=0.0610 iou=0.0147
  Epoch 10 [240/337] loss=0.0753 mask=0.0606 iou=0.0147
  Epoch 10 [250/337] loss=0.0746 mask=0.0602 iou=0.0144
  Epoch 10 [260/337] loss=0.0744 mask=0.0601 iou=0.0143
  Epoch 10 [270/337] loss=0.0738 mask=0.0597 iou=0.0140
  Epoch 10 [280/337] loss=0.0737 mask=0.0597 iou=0.0140
  Epoch 10 [290/337] loss=0.0737 mask=0.0597 iou=0.0140
  Epoch 10 [300/337] loss=0.0733 mask=0.0595 iou=0.0139
  Epoch 10 [310/337] loss=0.0728 mask=0.0590 iou=0.0138
  Epoch 10 [320/337] loss=0.0733 mask=0.0591 iou=0.0142
  Epoch 10 [330/337] loss=0.0741 mask=0.0597 iou=0.0144
  Train: loss=0.0746 mask=0.0599 iou=0.0147 time=491.7s
  Val epoch 10: loss=0.1816

=== Phase1 Epoch 11/49 ===
  Epoch 11 [10/337] loss=0.0497 mask=0.0398 iou=0.0100
  Epoch 11 [20/337] loss=0.0714 mask=0.0594 iou=0.0120
  Epoch 11 [30/337] loss=0.0715 mask=0.0592 iou=0.0124
  Epoch 11 [40/337] loss=0.0722 mask=0.0597 iou=0.0125
  Epoch 11 [50/337] loss=0.0695 mask=0.0576 iou=0.0119
  Epoch 11 [60/337] loss=0.0693 mask=0.0571 iou=0.0121
  Epoch 11 [70/337] loss=0.0683 mask=0.0565 iou=0.0118
  Epoch 11 [80/337] loss=0.0671 mask=0.0553 iou=0.0118
  Epoch 11 [90/337] loss=0.0683 mask=0.0561 iou=0.0122
  Epoch 11 [100/337] loss=0.0673 mask=0.0553 iou=0.0120
  Epoch 11 [110/337] loss=0.0678 mask=0.0557 iou=0.0121
  Epoch 11 [120/337] loss=0.0695 mask=0.0566 iou=0.0129
  Epoch 11 [130/337] loss=0.0690 mask=0.0564 iou=0.0126
  Epoch 11 [140/337] loss=0.0731 mask=0.0592 iou=0.0140
  Epoch 11 [150/337] loss=0.0741 mask=0.0594 iou=0.0147
  Epoch 11 [160/337] loss=0.0747 mask=0.0600 iou=0.0147
  Epoch 11 [170/337] loss=0.0754 mask=0.0602 iou=0.0152
  Epoch 11 [180/337] loss=0.0756 mask=0.0604 iou=0.0152
  Epoch 11 [190/337] loss=0.0774 mask=0.0616 iou=0.0158
  Epoch 11 [200/337] loss=0.0764 mask=0.0608 iou=0.0156
  Epoch 11 [210/337] loss=0.0762 mask=0.0606 iou=0.0157
  Epoch 11 [220/337] loss=0.0774 mask=0.0613 iou=0.0161
  Epoch 11 [230/337] loss=0.0769 mask=0.0609 iou=0.0159
  Epoch 11 [240/337] loss=0.0751 mask=0.0597 iou=0.0154
  Epoch 11 [250/337] loss=0.0753 mask=0.0599 iou=0.0155
  Epoch 11 [260/337] loss=0.0757 mask=0.0602 iou=0.0155
  Epoch 11 [270/337] loss=0.0754 mask=0.0599 iou=0.0155
  Epoch 11 [280/337] loss=0.0756 mask=0.0600 iou=0.0156
  Epoch 11 [290/337] loss=0.0764 mask=0.0603 iou=0.0161
  Epoch 11 [300/337] loss=0.0775 mask=0.0612 iou=0.0163
  Epoch 11 [310/337] loss=0.0776 mask=0.0613 iou=0.0163
  Epoch 11 [320/337] loss=0.0778 mask=0.0615 iou=0.0163
  Epoch 11 [330/337] loss=0.0780 mask=0.0616 iou=0.0164
  Train: loss=0.0783 mask=0.0616 iou=0.0167 time=474.9s
  Val epoch 11: loss=0.1767

=== Phase1 Epoch 12/49 ===
  Epoch 12 [10/337] loss=0.0438 mask=0.0364 iou=0.0074
  Epoch 12 [20/337] loss=0.0648 mask=0.0523 iou=0.0125
  Epoch 12 [30/337] loss=0.0733 mask=0.0580 iou=0.0153
  Epoch 12 [40/337] loss=0.0754 mask=0.0597 iou=0.0157
  Epoch 12 [50/337] loss=0.0736 mask=0.0585 iou=0.0151
  Epoch 12 [60/337] loss=0.0725 mask=0.0581 iou=0.0145
  Epoch 12 [70/337] loss=0.0717 mask=0.0568 iou=0.0149
  Epoch 12 [80/337] loss=0.0701 mask=0.0556 iou=0.0145
  Epoch 12 [90/337] loss=0.0716 mask=0.0572 iou=0.0144
  Epoch 12 [100/337] loss=0.0702 mask=0.0565 iou=0.0137
  Epoch 12 [110/337] loss=0.0729 mask=0.0585 iou=0.0144
  Epoch 12 [120/337] loss=0.0734 mask=0.0589 iou=0.0145
  Epoch 12 [130/337] loss=0.0730 mask=0.0586 iou=0.0144
  Epoch 12 [140/337] loss=0.0719 mask=0.0580 iou=0.0139
  Epoch 12 [150/337] loss=0.0715 mask=0.0579 iou=0.0136
  Epoch 12 [160/337] loss=0.0695 mask=0.0563 iou=0.0131
  Epoch 12 [170/337] loss=0.0693 mask=0.0562 iou=0.0131
  Epoch 12 [180/337] loss=0.0701 mask=0.0567 iou=0.0134
  Epoch 12 [190/337] loss=0.0700 mask=0.0566 iou=0.0134
  Epoch 12 [200/337] loss=0.0691 mask=0.0560 iou=0.0131
  Epoch 12 [210/337] loss=0.0697 mask=0.0564 iou=0.0133
  Epoch 12 [220/337] loss=0.0690 mask=0.0559 iou=0.0131
  Epoch 12 [230/337] loss=0.0687 mask=0.0557 iou=0.0130
  Epoch 12 [240/337] loss=0.0708 mask=0.0572 iou=0.0136
  Epoch 12 [250/337] loss=0.0707 mask=0.0572 iou=0.0134
  Epoch 12 [260/337] loss=0.0715 mask=0.0579 iou=0.0137
  Epoch 12 [270/337] loss=0.0718 mask=0.0579 iou=0.0138
  Epoch 12 [280/337] loss=0.0720 mask=0.0582 iou=0.0139
  Epoch 12 [290/337] loss=0.0723 mask=0.0582 iou=0.0141
  Epoch 12 [300/337] loss=0.0718 mask=0.0579 iou=0.0139
  Epoch 12 [310/337] loss=0.0720 mask=0.0581 iou=0.0139
  Epoch 12 [320/337] loss=0.0722 mask=0.0582 iou=0.0140
  Epoch 12 [330/337] loss=0.0721 mask=0.0580 iou=0.0141
  Train: loss=0.0750 mask=0.0606 iou=0.0144 time=453.7s
  Val epoch 12: loss=0.1799

=== Phase1 Epoch 13/49 ===
  Epoch 13 [10/337] loss=0.0802 mask=0.0639 iou=0.0163
  Epoch 13 [20/337] loss=0.0703 mask=0.0585 iou=0.0118
  Epoch 13 [30/337] loss=0.0705 mask=0.0585 iou=0.0121
  Epoch 13 [40/337] loss=0.0740 mask=0.0618 iou=0.0122
  Epoch 13 [50/337] loss=0.0721 mask=0.0600 iou=0.0121
  Epoch 13 [60/337] loss=0.0699 mask=0.0578 iou=0.0121
  Epoch 13 [70/337] loss=0.0660 mask=0.0548 iou=0.0112
  Epoch 13 [80/337] loss=0.0659 mask=0.0546 iou=0.0113
  Epoch 13 [90/337] loss=0.0687 mask=0.0560 iou=0.0127
  Epoch 13 [100/337] loss=0.0691 mask=0.0564 iou=0.0127
  Epoch 13 [110/337] loss=0.0710 mask=0.0576 iou=0.0134
  Epoch 13 [120/337] loss=0.0694 mask=0.0562 iou=0.0131
  Epoch 13 [130/337] loss=0.0677 mask=0.0552 iou=0.0125
  Epoch 13 [140/337] loss=0.0671 mask=0.0550 iou=0.0122
  Epoch 13 [150/337] loss=0.0676 mask=0.0554 iou=0.0122
  Epoch 13 [160/337] loss=0.0688 mask=0.0562 iou=0.0126
  Epoch 13 [170/337] loss=0.0676 mask=0.0552 iou=0.0124
  Epoch 13 [180/337] loss=0.0663 mask=0.0542 iou=0.0121
  Epoch 13 [190/337] loss=0.0687 mask=0.0559 iou=0.0127
  Epoch 13 [200/337] loss=0.0684 mask=0.0556 iou=0.0128
  Epoch 13 [210/337] loss=0.0687 mask=0.0561 iou=0.0126
  Epoch 13 [220/337] loss=0.0681 mask=0.0556 iou=0.0126
  Epoch 13 [230/337] loss=0.0687 mask=0.0559 iou=0.0128
  Epoch 13 [240/337] loss=0.0691 mask=0.0562 iou=0.0129
  Epoch 13 [250/337] loss=0.0686 mask=0.0559 iou=0.0128
  Epoch 13 [260/337] loss=0.0689 mask=0.0560 iou=0.0129
  Epoch 13 [270/337] loss=0.0688 mask=0.0559 iou=0.0130
  Epoch 13 [280/337] loss=0.0684 mask=0.0557 iou=0.0127
  Epoch 13 [290/337] loss=0.0682 mask=0.0555 iou=0.0126
  Epoch 13 [300/337] loss=0.0680 mask=0.0554 iou=0.0126
  Epoch 13 [310/337] loss=0.0686 mask=0.0558 iou=0.0128
  Epoch 13 [320/337] loss=0.0692 mask=0.0562 iou=0.0130
  Epoch 13 [330/337] loss=0.0701 mask=0.0567 iou=0.0133
  Train: loss=0.0708 mask=0.0573 iou=0.0134 time=441.3s
  Val epoch 13: loss=0.1799

=== Phase1 Epoch 14/49 ===
  Epoch 14 [10/337] loss=0.0587 mask=0.0484 iou=0.0104
  Epoch 14 [20/337] loss=0.0705 mask=0.0555 iou=0.0150
  Epoch 14 [30/337] loss=0.0705 mask=0.0569 iou=0.0136
  Epoch 14 [40/337] loss=0.0750 mask=0.0600 iou=0.0150
  Epoch 14 [50/337] loss=0.0719 mask=0.0578 iou=0.0141
  Epoch 14 [60/337] loss=0.0712 mask=0.0576 iou=0.0136
  Epoch 14 [70/337] loss=0.0733 mask=0.0598 iou=0.0134
  Epoch 14 [80/337] loss=0.0698 mask=0.0574 iou=0.0123
  Epoch 14 [90/337] loss=0.0689 mask=0.0568 iou=0.0121
  Epoch 14 [100/337] loss=0.0703 mask=0.0581 iou=0.0122
  Epoch 14 [110/337] loss=0.0709 mask=0.0581 iou=0.0127
  Epoch 14 [120/337] loss=0.0719 mask=0.0586 iou=0.0132
  Epoch 14 [130/337] loss=0.0733 mask=0.0595 iou=0.0137
  Epoch 14 [140/337] loss=0.0726 mask=0.0590 iou=0.0137
  Epoch 14 [150/337] loss=0.0719 mask=0.0584 iou=0.0136
  Epoch 14 [160/337] loss=0.0706 mask=0.0572 iou=0.0134
  Epoch 14 [170/337] loss=0.0698 mask=0.0568 iou=0.0131
  Epoch 14 [180/337] loss=0.0707 mask=0.0575 iou=0.0133
  Epoch 14 [190/337] loss=0.0712 mask=0.0579 iou=0.0133
  Epoch 14 [200/337] loss=0.0715 mask=0.0582 iou=0.0133
  Epoch 14 [210/337] loss=0.0728 mask=0.0590 iou=0.0138
  Epoch 14 [220/337] loss=0.0717 mask=0.0582 iou=0.0135
  Epoch 14 [230/337] loss=0.0718 mask=0.0584 iou=0.0134
  Epoch 14 [240/337] loss=0.0722 mask=0.0585 iou=0.0136
  Epoch 14 [250/337] loss=0.0735 mask=0.0593 iou=0.0142
  Epoch 14 [260/337] loss=0.0717 mask=0.0579 iou=0.0138
  Epoch 14 [270/337] loss=0.0715 mask=0.0579 iou=0.0136
  Epoch 14 [280/337] loss=0.0710 mask=0.0576 iou=0.0134
  Epoch 14 [290/337] loss=0.0707 mask=0.0572 iou=0.0134
  Epoch 14 [300/337] loss=0.0698 mask=0.0566 iou=0.0132
  Epoch 14 [310/337] loss=0.0688 mask=0.0559 iou=0.0129
  Epoch 14 [320/337] loss=0.0693 mask=0.0561 iou=0.0132
  Epoch 14 [330/337] loss=0.0698 mask=0.0564 iou=0.0134
  Train: loss=0.0701 mask=0.0568 iou=0.0133 time=410.9s
  Val epoch 14: loss=0.1842

=== Phase1 Epoch 15/49 ===
  Epoch 15 [10/337] loss=0.0848 mask=0.0689 iou=0.0159
  Epoch 15 [20/337] loss=0.0787 mask=0.0643 iou=0.0144
  Epoch 15 [30/337] loss=0.0720 mask=0.0580 iou=0.0140
  Epoch 15 [40/337] loss=0.0733 mask=0.0589 iou=0.0144
  Epoch 15 [50/337] loss=0.0718 mask=0.0577 iou=0.0141
  Epoch 15 [60/337] loss=0.0699 mask=0.0566 iou=0.0133
  Epoch 15 [70/337] loss=0.0739 mask=0.0596 iou=0.0143
  Epoch 15 [80/337] loss=0.0726 mask=0.0584 iou=0.0142
  Epoch 15 [90/337] loss=0.0708 mask=0.0571 iou=0.0137
  Epoch 15 [100/337] loss=0.0723 mask=0.0586 iou=0.0137
  Epoch 15 [110/337] loss=0.0710 mask=0.0576 iou=0.0134
  Epoch 15 [120/337] loss=0.0701 mask=0.0570 iou=0.0131
  Epoch 15 [130/337] loss=0.0689 mask=0.0559 iou=0.0130
  Epoch 15 [140/337] loss=0.0675 mask=0.0548 iou=0.0126
  Epoch 15 [150/337] loss=0.0671 mask=0.0546 iou=0.0125
  Epoch 15 [160/337] loss=0.0669 mask=0.0547 iou=0.0122
  Epoch 15 [170/337] loss=0.0688 mask=0.0561 iou=0.0127
  Epoch 15 [180/337] loss=0.0687 mask=0.0562 iou=0.0126
  Epoch 15 [190/337] loss=0.0695 mask=0.0567 iou=0.0129
  Epoch 15 [200/337] loss=0.0698 mask=0.0570 iou=0.0128
  Epoch 15 [210/337] loss=0.0693 mask=0.0565 iou=0.0128
  Epoch 15 [220/337] loss=0.0689 mask=0.0562 iou=0.0127
  Epoch 15 [230/337] loss=0.0685 mask=0.0558 iou=0.0127
  Epoch 15 [240/337] loss=0.0686 mask=0.0558 iou=0.0127
  Epoch 15 [250/337] loss=0.0680 mask=0.0555 iou=0.0125
  Epoch 15 [260/337] loss=0.0675 mask=0.0551 iou=0.0124
  Epoch 15 [270/337] loss=0.0678 mask=0.0553 iou=0.0125
  Epoch 15 [280/337] loss=0.0692 mask=0.0563 iou=0.0130
  Epoch 15 [290/337] loss=0.0697 mask=0.0566 iou=0.0130
  Epoch 15 [300/337] loss=0.0696 mask=0.0566 iou=0.0130
  Epoch 15 [310/337] loss=0.0701 mask=0.0568 iou=0.0133
  Epoch 15 [320/337] loss=0.0699 mask=0.0567 iou=0.0132
  Epoch 15 [330/337] loss=0.0707 mask=0.0572 iou=0.0135
  Train: loss=0.0728 mask=0.0588 iou=0.0140 time=365.0s
  Val epoch 15: loss=0.1937

=== Phase1 Epoch 16/49 ===
  Epoch 16 [10/337] loss=0.0868 mask=0.0720 iou=0.0148
  Epoch 16 [20/337] loss=0.0774 mask=0.0642 iou=0.0132
  Epoch 16 [30/337] loss=0.0743 mask=0.0609 iou=0.0134
  Epoch 16 [40/337] loss=0.0729 mask=0.0595 iou=0.0134
  Epoch 16 [50/337] loss=0.0705 mask=0.0579 iou=0.0126
  Epoch 16 [60/337] loss=0.0717 mask=0.0582 iou=0.0135
  Epoch 16 [70/337] loss=0.0724 mask=0.0589 iou=0.0135
  Epoch 16 [80/337] loss=0.0740 mask=0.0599 iou=0.0142
  Epoch 16 [90/337] loss=0.0729 mask=0.0592 iou=0.0137
  Epoch 16 [100/337] loss=0.0737 mask=0.0597 iou=0.0140
  Epoch 16 [110/337] loss=0.0717 mask=0.0583 iou=0.0135
  Epoch 16 [120/337] loss=0.0705 mask=0.0574 iou=0.0131
  Epoch 16 [130/337] loss=0.0688 mask=0.0562 iou=0.0126
  Epoch 16 [140/337] loss=0.0701 mask=0.0569 iou=0.0133
  Epoch 16 [150/337] loss=0.0697 mask=0.0565 iou=0.0131
  Epoch 16 [160/337] loss=0.0690 mask=0.0559 iou=0.0131
  Epoch 16 [170/337] loss=0.0699 mask=0.0565 iou=0.0134
  Epoch 16 [180/337] loss=0.0701 mask=0.0566 iou=0.0135
  Epoch 16 [190/337] loss=0.0689 mask=0.0558 iou=0.0132
  Epoch 16 [200/337] loss=0.0673 mask=0.0545 iou=0.0127
  Epoch 16 [210/337] loss=0.0682 mask=0.0554 iou=0.0127
  Epoch 16 [220/337] loss=0.0666 mask=0.0543 iou=0.0124
  Epoch 16 [230/337] loss=0.0661 mask=0.0539 iou=0.0122
  Epoch 16 [240/337] loss=0.0659 mask=0.0536 iou=0.0123
  Epoch 16 [250/337] loss=0.0667 mask=0.0544 iou=0.0123
  Epoch 16 [260/337] loss=0.0664 mask=0.0542 iou=0.0122
  Epoch 16 [270/337] loss=0.0662 mask=0.0540 iou=0.0122
  Epoch 16 [280/337] loss=0.0654 mask=0.0535 iou=0.0120
  Epoch 16 [290/337] loss=0.0654 mask=0.0535 iou=0.0120
  Epoch 16 [300/337] loss=0.0663 mask=0.0540 iou=0.0122
  Epoch 16 [310/337] loss=0.0668 mask=0.0546 iou=0.0122
  Epoch 16 [320/337] loss=0.0690 mask=0.0561 iou=0.0129
  Epoch 16 [330/337] loss=0.0689 mask=0.0561 iou=0.0128
  Train: loss=0.0702 mask=0.0567 iou=0.0135 time=387.3s
  Val epoch 16: loss=0.1783

=== Phase1 Epoch 17/49 ===
  Epoch 17 [10/337] loss=0.1031 mask=0.0795 iou=0.0236
  Epoch 17 [20/337] loss=0.0795 mask=0.0609 iou=0.0187
  Epoch 17 [30/337] loss=0.0728 mask=0.0571 iou=0.0157
  Epoch 17 [40/337] loss=0.0855 mask=0.0677 iou=0.0178
  Epoch 17 [50/337] loss=0.0804 mask=0.0641 iou=0.0163
  Epoch 17 [60/337] loss=0.0768 mask=0.0613 iou=0.0155
  Epoch 17 [70/337] loss=0.0762 mask=0.0607 iou=0.0155
  Epoch 17 [80/337] loss=0.0760 mask=0.0605 iou=0.0154
  Epoch 17 [90/337] loss=0.0736 mask=0.0587 iou=0.0150
  Epoch 17 [100/337] loss=0.0739 mask=0.0592 iou=0.0147
  Epoch 17 [110/337] loss=0.0738 mask=0.0593 iou=0.0146
  Epoch 17 [120/337] loss=0.0739 mask=0.0594 iou=0.0145
  Epoch 17 [130/337] loss=0.0740 mask=0.0590 iou=0.0149
  Epoch 17 [140/337] loss=0.0723 mask=0.0580 iou=0.0144
  Epoch 17 [150/337] loss=0.0713 mask=0.0573 iou=0.0140
  Epoch 17 [160/337] loss=0.0711 mask=0.0569 iou=0.0142
  Epoch 17 [170/337] loss=0.0708 mask=0.0569 iou=0.0139
  Epoch 17 [180/337] loss=0.0706 mask=0.0567 iou=0.0139
  Epoch 17 [190/337] loss=0.0710 mask=0.0569 iou=0.0141
  Epoch 17 [200/337] loss=0.0706 mask=0.0567 iou=0.0139
  Epoch 17 [210/337] loss=0.0723 mask=0.0578 iou=0.0145
  Epoch 17 [220/337] loss=0.0733 mask=0.0585 iou=0.0148
  Epoch 17 [230/337] loss=0.0736 mask=0.0586 iou=0.0150
  Epoch 17 [240/337] loss=0.0724 mask=0.0579 iou=0.0145
  Epoch 17 [250/337] loss=0.0716 mask=0.0573 iou=0.0143
  Epoch 17 [260/337] loss=0.0714 mask=0.0572 iou=0.0142
  Epoch 17 [270/337] loss=0.0718 mask=0.0577 iou=0.0142
  Epoch 17 [280/337] loss=0.0716 mask=0.0575 iou=0.0141
  Epoch 17 [290/337] loss=0.0714 mask=0.0573 iou=0.0140
  Epoch 17 [300/337] loss=0.0709 mask=0.0571 iou=0.0138
  Epoch 17 [310/337] loss=0.0717 mask=0.0578 iou=0.0140
  Epoch 17 [320/337] loss=0.0714 mask=0.0575 iou=0.0139
  Epoch 17 [330/337] loss=0.0717 mask=0.0577 iou=0.0140
  Train: loss=0.0720 mask=0.0582 iou=0.0138 time=376.4s
  Val epoch 17: loss=0.1803

=== Phase1 Epoch 18/49 ===
  Epoch 18 [10/337] loss=0.0616 mask=0.0520 iou=0.0096
  Epoch 18 [20/337] loss=0.0804 mask=0.0657 iou=0.0146
  Epoch 18 [30/337] loss=0.0871 mask=0.0686 iou=0.0185
  Epoch 18 [40/337] loss=0.0832 mask=0.0670 iou=0.0162
  Epoch 18 [50/337] loss=0.0784 mask=0.0636 iou=0.0148
  Epoch 18 [60/337] loss=0.0753 mask=0.0613 iou=0.0140
  Epoch 18 [70/337] loss=0.0727 mask=0.0595 iou=0.0132
  Epoch 18 [80/337] loss=0.0746 mask=0.0612 iou=0.0134
  Epoch 18 [90/337] loss=0.0734 mask=0.0605 iou=0.0129
  Epoch 18 [100/337] loss=0.0723 mask=0.0594 iou=0.0129
  Epoch 18 [110/337] loss=0.0723 mask=0.0592 iou=0.0131
  Epoch 18 [120/337] loss=0.0701 mask=0.0576 iou=0.0124
  Epoch 18 [130/337] loss=0.0713 mask=0.0585 iou=0.0128
  Epoch 18 [140/337] loss=0.0719 mask=0.0585 iou=0.0134
  Epoch 18 [150/337] loss=0.0731 mask=0.0590 iou=0.0141
  Epoch 18 [160/337] loss=0.0725 mask=0.0586 iou=0.0139
  Epoch 18 [170/337] loss=0.0728 mask=0.0586 iou=0.0141
  Epoch 18 [180/337] loss=0.0725 mask=0.0584 iou=0.0141
  Epoch 18 [190/337] loss=0.0707 mask=0.0570 iou=0.0137
  Epoch 18 [200/337] loss=0.0704 mask=0.0568 iou=0.0136
  Epoch 18 [210/337] loss=0.0704 mask=0.0567 iou=0.0136
  Epoch 18 [220/337] loss=0.0696 mask=0.0563 iou=0.0134
  Epoch 18 [230/337] loss=0.0689 mask=0.0558 iou=0.0131
  Epoch 18 [240/337] loss=0.0682 mask=0.0553 iou=0.0129
  Epoch 18 [250/337] loss=0.0677 mask=0.0550 iou=0.0127
  Epoch 18 [260/337] loss=0.0675 mask=0.0548 iou=0.0127
  Epoch 18 [270/337] loss=0.0669 mask=0.0544 iou=0.0125
  Epoch 18 [280/337] loss=0.0677 mask=0.0551 iou=0.0126
  Epoch 18 [290/337] loss=0.0693 mask=0.0562 iou=0.0131
  Epoch 18 [300/337] loss=0.0689 mask=0.0559 iou=0.0130
  Epoch 18 [310/337] loss=0.0684 mask=0.0556 iou=0.0128
  Epoch 18 [320/337] loss=0.0686 mask=0.0556 iou=0.0130
  Epoch 18 [330/337] loss=0.0677 mask=0.0549 iou=0.0128
  Train: loss=0.0703 mask=0.0572 iou=0.0131 time=397.1s
  Val epoch 18: loss=0.1871

=== Phase1 Epoch 19/49 ===
  Epoch 19 [10/337] loss=0.0753 mask=0.0608 iou=0.0145
  Epoch 19 [20/337] loss=0.0649 mask=0.0536 iou=0.0113
  Epoch 19 [30/337] loss=0.0630 mask=0.0515 iou=0.0115
  Epoch 19 [40/337] loss=0.0736 mask=0.0583 iou=0.0152
  Epoch 19 [50/337] loss=0.0679 mask=0.0545 iou=0.0134
  Epoch 19 [60/337] loss=0.0740 mask=0.0589 iou=0.0151
  Epoch 19 [70/337] loss=0.0726 mask=0.0582 iou=0.0144
  Epoch 19 [80/337] loss=0.0705 mask=0.0565 iou=0.0139
  Epoch 19 [90/337] loss=0.0701 mask=0.0566 iou=0.0135
  Epoch 19 [100/337] loss=0.0699 mask=0.0563 iou=0.0136
  Epoch 19 [110/337] loss=0.0682 mask=0.0551 iou=0.0131
  Epoch 19 [120/337] loss=0.0680 mask=0.0549 iou=0.0131
  Epoch 19 [130/337] loss=0.0675 mask=0.0545 iou=0.0129
  Epoch 19 [140/337] loss=0.0673 mask=0.0545 iou=0.0128
  Epoch 19 [150/337] loss=0.0674 mask=0.0548 iou=0.0126
  Epoch 19 [160/337] loss=0.0707 mask=0.0574 iou=0.0133
  Epoch 19 [170/337] loss=0.0716 mask=0.0579 iou=0.0137
  Epoch 19 [180/337] loss=0.0715 mask=0.0577 iou=0.0137
  Epoch 19 [190/337] loss=0.0711 mask=0.0576 iou=0.0135
  Epoch 19 [200/337] loss=0.0701 mask=0.0568 iou=0.0133
  Epoch 19 [210/337] loss=0.0712 mask=0.0576 iou=0.0136
  Epoch 19 [220/337] loss=0.0706 mask=0.0569 iou=0.0136
  Epoch 19 [230/337] loss=0.0713 mask=0.0574 iou=0.0138
  Epoch 19 [240/337] loss=0.0706 mask=0.0569 iou=0.0137
  Epoch 19 [250/337] loss=0.0695 mask=0.0560 iou=0.0134
  Epoch 19 [260/337] loss=0.0694 mask=0.0561 iou=0.0133
  Epoch 19 [270/337] loss=0.0694 mask=0.0561 iou=0.0133
  Epoch 19 [280/337] loss=0.0690 mask=0.0559 iou=0.0132
  Epoch 19 [290/337] loss=0.0688 mask=0.0556 iou=0.0131
  Epoch 19 [300/337] loss=0.0685 mask=0.0556 iou=0.0130
  Epoch 19 [310/337] loss=0.0681 mask=0.0552 iou=0.0129
  Epoch 19 [320/337] loss=0.0679 mask=0.0551 iou=0.0128
  Epoch 19 [330/337] loss=0.0676 mask=0.0548 iou=0.0128
  Train: loss=0.0686 mask=0.0558 iou=0.0128 time=386.3s
  Val epoch 19: loss=0.1755
  Saved best phase1 model (val_loss=0.1755)

=== Phase1 Epoch 20/49 ===
  Epoch 20 [10/337] loss=0.0686 mask=0.0586 iou=0.0100
  Epoch 20 [20/337] loss=0.0713 mask=0.0609 iou=0.0104
  Epoch 20 [30/337] loss=0.0731 mask=0.0610 iou=0.0121
  Epoch 20 [40/337] loss=0.0712 mask=0.0588 iou=0.0124
  Epoch 20 [50/337] loss=0.0717 mask=0.0597 iou=0.0121
  Epoch 20 [60/337] loss=0.0711 mask=0.0593 iou=0.0118
  Epoch 20 [70/337] loss=0.0714 mask=0.0589 iou=0.0125
  Epoch 20 [80/337] loss=0.0696 mask=0.0575 iou=0.0121
  Epoch 20 [90/337] loss=0.0707 mask=0.0582 iou=0.0125
  Epoch 20 [100/337] loss=0.0685 mask=0.0566 iou=0.0120
  Epoch 20 [110/337] loss=0.0687 mask=0.0566 iou=0.0122
  Epoch 20 [120/337] loss=0.0663 mask=0.0546 iou=0.0116
  Epoch 20 [130/337] loss=0.0689 mask=0.0561 iou=0.0128
  Epoch 20 [140/337] loss=0.0699 mask=0.0570 iou=0.0129
  Epoch 20 [150/337] loss=0.0694 mask=0.0567 iou=0.0127
  Epoch 20 [160/337] loss=0.0693 mask=0.0566 iou=0.0128
  Epoch 20 [170/337] loss=0.0683 mask=0.0558 iou=0.0125
  Epoch 20 [180/337] loss=0.0687 mask=0.0561 iou=0.0125
  Epoch 20 [190/337] loss=0.0690 mask=0.0565 iou=0.0126
  Epoch 20 [200/337] loss=0.0685 mask=0.0562 iou=0.0123
  Epoch 20 [210/337] loss=0.0680 mask=0.0558 iou=0.0122
  Epoch 20 [220/337] loss=0.0670 mask=0.0550 iou=0.0121
  Epoch 20 [230/337] loss=0.0665 mask=0.0546 iou=0.0119
  Epoch 20 [240/337] loss=0.0670 mask=0.0549 iou=0.0121
  Epoch 20 [250/337] loss=0.0663 mask=0.0544 iou=0.0119
  Epoch 20 [260/337] loss=0.0660 mask=0.0543 iou=0.0117
  Epoch 20 [270/337] loss=0.0652 mask=0.0536 iou=0.0116
  Epoch 20 [280/337] loss=0.0651 mask=0.0536 iou=0.0116
  Epoch 20 [290/337] loss=0.0644 mask=0.0530 iou=0.0114
  Epoch 20 [300/337] loss=0.0638 mask=0.0525 iou=0.0113
  Epoch 20 [310/337] loss=0.0635 mask=0.0524 iou=0.0111
  Epoch 20 [320/337] loss=0.0632 mask=0.0522 iou=0.0110
  Epoch 20 [330/337] loss=0.0638 mask=0.0527 iou=0.0112
  Train: loss=0.0668 mask=0.0551 iou=0.0117 time=366.5s
  Val epoch 20: loss=0.1707
  Saved best phase1 model (val_loss=0.1707)

=== Phase1 Epoch 21/49 ===
  Epoch 21 [10/337] loss=0.0595 mask=0.0509 iou=0.0087
  Epoch 21 [20/337] loss=0.0554 mask=0.0463 iou=0.0091
  Epoch 21 [30/337] loss=0.0536 mask=0.0456 iou=0.0080
  Epoch 21 [40/337] loss=0.0542 mask=0.0458 iou=0.0084
  Epoch 21 [50/337] loss=0.0576 mask=0.0486 iou=0.0090
  Epoch 21 [60/337] loss=0.0604 mask=0.0505 iou=0.0100
  Epoch 21 [70/337] loss=0.0626 mask=0.0520 iou=0.0106
  Epoch 21 [80/337] loss=0.0618 mask=0.0513 iou=0.0105
  Epoch 21 [90/337] loss=0.0623 mask=0.0516 iou=0.0107
  Epoch 21 [100/337] loss=0.0643 mask=0.0533 iou=0.0111
  Epoch 21 [110/337] loss=0.0663 mask=0.0547 iou=0.0116
  Epoch 21 [120/337] loss=0.0654 mask=0.0539 iou=0.0114
  Epoch 21 [130/337] loss=0.0641 mask=0.0530 iou=0.0111
  Epoch 21 [140/337] loss=0.0635 mask=0.0524 iou=0.0111
  Epoch 21 [150/337] loss=0.0624 mask=0.0516 iou=0.0108
  Epoch 21 [160/337] loss=0.0621 mask=0.0514 iou=0.0107
  Epoch 21 [170/337] loss=0.0645 mask=0.0534 iou=0.0110
  Epoch 21 [180/337] loss=0.0655 mask=0.0542 iou=0.0113
  Epoch 21 [190/337] loss=0.0657 mask=0.0544 iou=0.0113
  Epoch 21 [200/337] loss=0.0655 mask=0.0541 iou=0.0114
  Epoch 21 [210/337] loss=0.0649 mask=0.0535 iou=0.0114
  Epoch 21 [220/337] loss=0.0649 mask=0.0534 iou=0.0114
  Epoch 21 [230/337] loss=0.0646 mask=0.0532 iou=0.0114
  Epoch 21 [240/337] loss=0.0641 mask=0.0527 iou=0.0114
  Epoch 21 [250/337] loss=0.0645 mask=0.0530 iou=0.0115
  Epoch 21 [260/337] loss=0.0645 mask=0.0530 iou=0.0115
  Epoch 21 [270/337] loss=0.0652 mask=0.0534 iou=0.0118
  Epoch 21 [280/337] loss=0.0653 mask=0.0535 iou=0.0118
  Epoch 21 [290/337] loss=0.0652 mask=0.0534 iou=0.0118
  Epoch 21 [300/337] loss=0.0654 mask=0.0535 iou=0.0119
  Epoch 21 [310/337] loss=0.0650 mask=0.0532 iou=0.0118
  Epoch 21 [320/337] loss=0.0647 mask=0.0530 iou=0.0117
  Epoch 21 [330/337] loss=0.0644 mask=0.0527 iou=0.0116
  Train: loss=0.0660 mask=0.0540 iou=0.0120 time=332.0s
  Val epoch 21: loss=0.1755

=== Phase1 Epoch 22/49 ===
  Epoch 22 [10/337] loss=0.0851 mask=0.0631 iou=0.0220
  Epoch 22 [20/337] loss=0.0853 mask=0.0646 iou=0.0207
  Epoch 22 [30/337] loss=0.0756 mask=0.0586 iou=0.0169
  Epoch 22 [40/337] loss=0.0687 mask=0.0545 iou=0.0142
  Epoch 22 [50/337] loss=0.0711 mask=0.0563 iou=0.0148
  Epoch 22 [60/337] loss=0.0657 mask=0.0524 iou=0.0133
  Epoch 22 [70/337] loss=0.0647 mask=0.0513 iou=0.0134
  Epoch 22 [80/337] loss=0.0635 mask=0.0507 iou=0.0129
  Epoch 22 [90/337] loss=0.0614 mask=0.0494 iou=0.0120
  Epoch 22 [100/337] loss=0.0610 mask=0.0494 iou=0.0117
  Epoch 22 [110/337] loss=0.0605 mask=0.0491 iou=0.0114
  Epoch 22 [120/337] loss=0.0618 mask=0.0506 iou=0.0112
  Epoch 22 [130/337] loss=0.0606 mask=0.0496 iou=0.0109
  Epoch 22 [140/337] loss=0.0600 mask=0.0495 iou=0.0105
  Epoch 22 [150/337] loss=0.0615 mask=0.0508 iou=0.0107
  Epoch 22 [160/337] loss=0.0614 mask=0.0507 iou=0.0107
  Epoch 22 [170/337] loss=0.0621 mask=0.0514 iou=0.0107
  Epoch 22 [180/337] loss=0.0617 mask=0.0511 iou=0.0106
  Epoch 22 [190/337] loss=0.0604 mask=0.0500 iou=0.0103
  Epoch 22 [200/337] loss=0.0598 mask=0.0496 iou=0.0101
  Epoch 22 [210/337] loss=0.0605 mask=0.0502 iou=0.0103
  Epoch 22 [220/337] loss=0.0604 mask=0.0501 iou=0.0103
  Epoch 22 [230/337] loss=0.0601 mask=0.0499 iou=0.0102
  Epoch 22 [240/337] loss=0.0604 mask=0.0501 iou=0.0103
  Epoch 22 [250/337] loss=0.0604 mask=0.0501 iou=0.0103
  Epoch 22 [260/337] loss=0.0600 mask=0.0499 iou=0.0101
  Epoch 22 [270/337] loss=0.0603 mask=0.0500 iou=0.0103
  Epoch 22 [280/337] loss=0.0600 mask=0.0497 iou=0.0103
  Epoch 22 [290/337] loss=0.0593 mask=0.0492 iou=0.0101
  Epoch 22 [300/337] loss=0.0597 mask=0.0495 iou=0.0102
  Epoch 22 [310/337] loss=0.0593 mask=0.0492 iou=0.0101
  Epoch 22 [320/337] loss=0.0596 mask=0.0495 iou=0.0101
  Epoch 22 [330/337] loss=0.0600 mask=0.0497 iou=0.0103
  Train: loss=0.0614 mask=0.0507 iou=0.0106 time=316.4s
  Val epoch 22: loss=0.1796

=== Phase1 Epoch 23/49 ===
  Epoch 23 [10/337] loss=0.0871 mask=0.0694 iou=0.0177
  Epoch 23 [20/337] loss=0.0684 mask=0.0555 iou=0.0129
  Epoch 23 [30/337] loss=0.0715 mask=0.0581 iou=0.0134
  Epoch 23 [40/337] loss=0.0695 mask=0.0565 iou=0.0130
  Epoch 23 [50/337] loss=0.0630 mask=0.0520 iou=0.0110
  Epoch 23 [60/337] loss=0.0600 mask=0.0503 iou=0.0098
  Epoch 23 [70/337] loss=0.0594 mask=0.0498 iou=0.0096
  Epoch 23 [80/337] loss=0.0575 mask=0.0484 iou=0.0092
  Epoch 23 [90/337] loss=0.0568 mask=0.0476 iou=0.0092
  Epoch 23 [100/337] loss=0.0584 mask=0.0487 iou=0.0097
  Epoch 23 [110/337] loss=0.0586 mask=0.0488 iou=0.0098
  Epoch 23 [120/337] loss=0.0599 mask=0.0497 iou=0.0102
  Epoch 23 [130/337] loss=0.0607 mask=0.0501 iou=0.0106
  Epoch 23 [140/337] loss=0.0606 mask=0.0501 iou=0.0106
  Epoch 23 [150/337] loss=0.0610 mask=0.0502 iou=0.0108
  Epoch 23 [160/337] loss=0.0609 mask=0.0501 iou=0.0108
  Epoch 23 [170/337] loss=0.0610 mask=0.0502 iou=0.0108
  Epoch 23 [180/337] loss=0.0611 mask=0.0503 iou=0.0108
  Epoch 23 [190/337] loss=0.0617 mask=0.0508 iou=0.0109
  Epoch 23 [200/337] loss=0.0641 mask=0.0522 iou=0.0119
  Epoch 23 [210/337] loss=0.0640 mask=0.0521 iou=0.0119
  Epoch 23 [220/337] loss=0.0633 mask=0.0516 iou=0.0117
  Epoch 23 [230/337] loss=0.0642 mask=0.0523 iou=0.0119
  Epoch 23 [240/337] loss=0.0664 mask=0.0542 iou=0.0122
  Epoch 23 [250/337] loss=0.0656 mask=0.0536 iou=0.0120
  Epoch 23 [260/337] loss=0.0663 mask=0.0541 iou=0.0121
  Epoch 23 [270/337] loss=0.0664 mask=0.0542 iou=0.0122
  Epoch 23 [280/337] loss=0.0657 mask=0.0538 iou=0.0120
  Epoch 23 [290/337] loss=0.0654 mask=0.0535 iou=0.0119
  Epoch 23 [300/337] loss=0.0650 mask=0.0531 iou=0.0119
  Epoch 23 [310/337] loss=0.0655 mask=0.0535 iou=0.0121
  Epoch 23 [320/337] loss=0.0652 mask=0.0532 iou=0.0120
  Epoch 23 [330/337] loss=0.0653 mask=0.0532 iou=0.0120
  Train: loss=0.0660 mask=0.0538 iou=0.0122 time=319.8s
  Val epoch 23: loss=0.1826

=== Phase1 Epoch 24/49 ===
  Epoch 24 [10/337] loss=0.0651 mask=0.0525 iou=0.0126
  Epoch 24 [20/337] loss=0.0697 mask=0.0563 iou=0.0134
  Epoch 24 [30/337] loss=0.0697 mask=0.0550 iou=0.0147
  Epoch 24 [40/337] loss=0.0647 mask=0.0519 iou=0.0128
  Epoch 24 [50/337] loss=0.0693 mask=0.0553 iou=0.0140
  Epoch 24 [60/337] loss=0.0660 mask=0.0531 iou=0.0129
  Epoch 24 [70/337] loss=0.0717 mask=0.0568 iou=0.0149
  Epoch 24 [80/337] loss=0.0708 mask=0.0567 iou=0.0142
  Epoch 24 [90/337] loss=0.0703 mask=0.0562 iou=0.0141
  Epoch 24 [100/337] loss=0.0696 mask=0.0555 iou=0.0141
  Epoch 24 [110/337] loss=0.0679 mask=0.0545 iou=0.0135
  Epoch 24 [120/337] loss=0.0670 mask=0.0539 iou=0.0131
  Epoch 24 [130/337] loss=0.0669 mask=0.0538 iou=0.0131
  Epoch 24 [140/337] loss=0.0654 mask=0.0527 iou=0.0127
  Epoch 24 [150/337] loss=0.0661 mask=0.0534 iou=0.0128
  Epoch 24 [160/337] loss=0.0658 mask=0.0531 iou=0.0127
  Epoch 24 [170/337] loss=0.0653 mask=0.0528 iou=0.0126
  Epoch 24 [180/337] loss=0.0641 mask=0.0518 iou=0.0122
  Epoch 24 [190/337] loss=0.0642 mask=0.0518 iou=0.0124
  Epoch 24 [200/337] loss=0.0638 mask=0.0515 iou=0.0123
  Epoch 24 [210/337] loss=0.0645 mask=0.0522 iou=0.0123
  Epoch 24 [220/337] loss=0.0638 mask=0.0518 iou=0.0120
  Epoch 24 [230/337] loss=0.0644 mask=0.0523 iou=0.0121
  Epoch 24 [240/337] loss=0.0643 mask=0.0523 iou=0.0120
  Epoch 24 [250/337] loss=0.0641 mask=0.0521 iou=0.0119
  Epoch 24 [260/337] loss=0.0635 mask=0.0517 iou=0.0118
  Epoch 24 [270/337] loss=0.0630 mask=0.0514 iou=0.0116
  Epoch 24 [280/337] loss=0.0631 mask=0.0515 iou=0.0116
  Epoch 24 [290/337] loss=0.0631 mask=0.0515 iou=0.0116
  Epoch 24 [300/337] loss=0.0626 mask=0.0512 iou=0.0114
  Epoch 24 [310/337] loss=0.0621 mask=0.0509 iou=0.0112
  Epoch 24 [320/337] loss=0.0615 mask=0.0505 iou=0.0110
  Epoch 24 [330/337] loss=0.0612 mask=0.0504 iou=0.0109
  Train: loss=0.0627 mask=0.0517 iou=0.0110 time=315.5s
  Val epoch 24: loss=0.1867

=== Phase1 Epoch 25/49 ===
  Epoch 25 [10/337] loss=0.0569 mask=0.0463 iou=0.0106
  Epoch 25 [20/337] loss=0.0586 mask=0.0472 iou=0.0115
  Epoch 25 [30/337] loss=0.0629 mask=0.0502 iou=0.0127
  Epoch 25 [40/337] loss=0.0616 mask=0.0497 iou=0.0119
  Epoch 25 [50/337] loss=0.0620 mask=0.0502 iou=0.0118
  Epoch 25 [60/337] loss=0.0591 mask=0.0486 iou=0.0105
  Epoch 25 [70/337] loss=0.0579 mask=0.0480 iou=0.0100
  Epoch 25 [80/337] loss=0.0557 mask=0.0462 iou=0.0095
  Epoch 25 [90/337] loss=0.0574 mask=0.0470 iou=0.0103
  Epoch 25 [100/337] loss=0.0573 mask=0.0472 iou=0.0100
  Epoch 25 [110/337] loss=0.0562 mask=0.0465 iou=0.0097
  Epoch 25 [120/337] loss=0.0562 mask=0.0465 iou=0.0097
  Epoch 25 [130/337] loss=0.0569 mask=0.0470 iou=0.0099
  Epoch 25 [140/337] loss=0.0562 mask=0.0465 iou=0.0096
  Epoch 25 [150/337] loss=0.0558 mask=0.0463 iou=0.0095
  Epoch 25 [160/337] loss=0.0565 mask=0.0469 iou=0.0096
  Epoch 25 [170/337] loss=0.0569 mask=0.0473 iou=0.0096
  Epoch 25 [180/337] loss=0.0584 mask=0.0487 iou=0.0098
  Epoch 25 [190/337] loss=0.0601 mask=0.0501 iou=0.0100
  Epoch 25 [200/337] loss=0.0593 mask=0.0495 iou=0.0098
  Epoch 25 [210/337] loss=0.0608 mask=0.0505 iou=0.0103
  Epoch 25 [220/337] loss=0.0608 mask=0.0504 iou=0.0104
  Epoch 25 [230/337] loss=0.0604 mask=0.0501 iou=0.0103
  Epoch 25 [240/337] loss=0.0618 mask=0.0508 iou=0.0110
  Epoch 25 [250/337] loss=0.0611 mask=0.0503 iou=0.0109
  Epoch 25 [260/337] loss=0.0611 mask=0.0501 iou=0.0110
  Epoch 25 [270/337] loss=0.0606 mask=0.0498 iou=0.0107
  Epoch 25 [280/337] loss=0.0606 mask=0.0499 iou=0.0107
  Epoch 25 [290/337] loss=0.0608 mask=0.0501 iou=0.0108
  Epoch 25 [300/337] loss=0.0607 mask=0.0500 iou=0.0107
  Epoch 25 [310/337] loss=0.0611 mask=0.0503 iou=0.0107
  Epoch 25 [320/337] loss=0.0608 mask=0.0501 iou=0.0107
  Epoch 25 [330/337] loss=0.0610 mask=0.0501 iou=0.0109
  Train: loss=0.0615 mask=0.0505 iou=0.0110 time=324.6s
  Val epoch 25: loss=0.1793

=== Phase1 Epoch 26/49 ===
  Epoch 26 [10/337] loss=0.0390 mask=0.0354 iou=0.0035
  Epoch 26 [20/337] loss=0.0518 mask=0.0431 iou=0.0087
  Epoch 26 [30/337] loss=0.0548 mask=0.0452 iou=0.0096
  Epoch 26 [40/337] loss=0.0546 mask=0.0455 iou=0.0091
  Epoch 26 [50/337] loss=0.0558 mask=0.0466 iou=0.0092
  Epoch 26 [60/337] loss=0.0578 mask=0.0479 iou=0.0099
  Epoch 26 [70/337] loss=0.0552 mask=0.0461 iou=0.0091
  Epoch 26 [80/337] loss=0.0556 mask=0.0463 iou=0.0094
  Epoch 26 [90/337] loss=0.0542 mask=0.0452 iou=0.0090
  Epoch 26 [100/337] loss=0.0554 mask=0.0467 iou=0.0087
  Epoch 26 [110/337] loss=0.0556 mask=0.0466 iou=0.0091
  Epoch 26 [120/337] loss=0.0555 mask=0.0464 iou=0.0090
  Epoch 26 [130/337] loss=0.0555 mask=0.0465 iou=0.0090
  Epoch 26 [140/337] loss=0.0552 mask=0.0462 iou=0.0090
  Epoch 26 [150/337] loss=0.0548 mask=0.0460 iou=0.0088
  Epoch 26 [160/337] loss=0.0550 mask=0.0462 iou=0.0089
  Epoch 26 [170/337] loss=0.0547 mask=0.0459 iou=0.0088
  Epoch 26 [180/337] loss=0.0546 mask=0.0458 iou=0.0088
  Epoch 26 [190/337] loss=0.0540 mask=0.0453 iou=0.0087
  Epoch 26 [200/337] loss=0.0534 mask=0.0448 iou=0.0086
  Epoch 26 [210/337] loss=0.0539 mask=0.0452 iou=0.0087
  Epoch 26 [220/337] loss=0.0550 mask=0.0462 iou=0.0088
  Epoch 26 [230/337] loss=0.0558 mask=0.0467 iou=0.0091
  Epoch 26 [240/337] loss=0.0551 mask=0.0461 iou=0.0090
  Epoch 26 [250/337] loss=0.0553 mask=0.0462 iou=0.0091
  Epoch 26 [260/337] loss=0.0549 mask=0.0460 iou=0.0089
  Epoch 26 [270/337] loss=0.0556 mask=0.0465 iou=0.0090
  Epoch 26 [280/337] loss=0.0558 mask=0.0467 iou=0.0091
  Epoch 26 [290/337] loss=0.0554 mask=0.0465 iou=0.0089
  Epoch 26 [300/337] loss=0.0559 mask=0.0469 iou=0.0090
  Epoch 26 [310/337] loss=0.0562 mask=0.0470 iou=0.0092
  Epoch 26 [320/337] loss=0.0568 mask=0.0474 iou=0.0094
  Epoch 26 [330/337] loss=0.0569 mask=0.0476 iou=0.0094
  Train: loss=0.0574 mask=0.0479 iou=0.0095 time=320.6s
  Val epoch 26: loss=0.1819

=== Phase1 Epoch 27/49 ===
  Epoch 27 [10/337] loss=0.0572 mask=0.0463 iou=0.0108
  Epoch 27 [20/337] loss=0.0695 mask=0.0578 iou=0.0117
  Epoch 27 [30/337] loss=0.0614 mask=0.0509 iou=0.0106
  Epoch 27 [40/337] loss=0.0621 mask=0.0514 iou=0.0107
  Epoch 27 [50/337] loss=0.0590 mask=0.0485 iou=0.0105
  Epoch 27 [60/337] loss=0.0608 mask=0.0493 iou=0.0115
  Epoch 27 [70/337] loss=0.0591 mask=0.0483 iou=0.0108
  Epoch 27 [80/337] loss=0.0569 mask=0.0464 iou=0.0104
  Epoch 27 [90/337] loss=0.0550 mask=0.0450 iou=0.0101
  Epoch 27 [100/337] loss=0.0583 mask=0.0477 iou=0.0105
  Epoch 27 [110/337] loss=0.0582 mask=0.0477 iou=0.0104
  Epoch 27 [120/337] loss=0.0581 mask=0.0475 iou=0.0106
  Epoch 27 [130/337] loss=0.0584 mask=0.0479 iou=0.0105
  Epoch 27 [140/337] loss=0.0573 mask=0.0472 iou=0.0101
  Epoch 27 [150/337] loss=0.0570 mask=0.0470 iou=0.0101
  Epoch 27 [160/337] loss=0.0573 mask=0.0472 iou=0.0101
  Epoch 27 [170/337] loss=0.0562 mask=0.0465 iou=0.0097
  Epoch 27 [180/337] loss=0.0565 mask=0.0466 iou=0.0099
  Epoch 27 [190/337] loss=0.0565 mask=0.0467 iou=0.0098
  Epoch 27 [200/337] loss=0.0560 mask=0.0464 iou=0.0095
  Epoch 27 [210/337] loss=0.0555 mask=0.0460 iou=0.0094
  Epoch 27 [220/337] loss=0.0557 mask=0.0463 iou=0.0094
  Epoch 27 [230/337] loss=0.0569 mask=0.0470 iou=0.0099
  Epoch 27 [240/337] loss=0.0573 mask=0.0474 iou=0.0099
  Epoch 27 [250/337] loss=0.0575 mask=0.0475 iou=0.0100
  Epoch 27 [260/337] loss=0.0571 mask=0.0472 iou=0.0099
  Epoch 27 [270/337] loss=0.0573 mask=0.0474 iou=0.0099
  Epoch 27 [280/337] loss=0.0576 mask=0.0477 iou=0.0099
  Epoch 27 [290/337] loss=0.0577 mask=0.0477 iou=0.0099
  Epoch 27 [300/337] loss=0.0577 mask=0.0479 iou=0.0099
  Epoch 27 [310/337] loss=0.0581 mask=0.0482 iou=0.0099
  Epoch 27 [320/337] loss=0.0583 mask=0.0484 iou=0.0099
  Epoch 27 [330/337] loss=0.0585 mask=0.0486 iou=0.0099
  Train: loss=0.0594 mask=0.0494 iou=0.0100 time=374.3s
  Val epoch 27: loss=0.1827

=== Phase1 Epoch 28/49 ===
  Epoch 28 [10/337] loss=0.1053 mask=0.0712 iou=0.0341
  Epoch 28 [20/337] loss=0.0856 mask=0.0617 iou=0.0239
  Epoch 28 [30/337] loss=0.0677 mask=0.0506 iou=0.0171
  Epoch 28 [40/337] loss=0.0645 mask=0.0491 iou=0.0154
  Epoch 28 [50/337] loss=0.0584 mask=0.0452 iou=0.0132
  Epoch 28 [60/337] loss=0.0582 mask=0.0457 iou=0.0126
  Epoch 28 [70/337] loss=0.0574 mask=0.0455 iou=0.0119
  Epoch 28 [80/337] loss=0.0569 mask=0.0458 iou=0.0111
  Epoch 28 [90/337] loss=0.0552 mask=0.0448 iou=0.0104
  Epoch 28 [100/337] loss=0.0563 mask=0.0457 iou=0.0106
  Epoch 28 [110/337] loss=0.0560 mask=0.0456 iou=0.0104
  Epoch 28 [120/337] loss=0.0576 mask=0.0466 iou=0.0109
  Epoch 28 [130/337] loss=0.0573 mask=0.0468 iou=0.0105
  Epoch 28 [140/337] loss=0.0569 mask=0.0467 iou=0.0103
  Epoch 28 [150/337] loss=0.0560 mask=0.0460 iou=0.0100
  Epoch 28 [160/337] loss=0.0560 mask=0.0459 iou=0.0101
  Epoch 28 [170/337] loss=0.0557 mask=0.0456 iou=0.0101
  Epoch 28 [180/337] loss=0.0570 mask=0.0467 iou=0.0103
  Epoch 28 [190/337] loss=0.0570 mask=0.0468 iou=0.0103
  Epoch 28 [200/337] loss=0.0580 mask=0.0474 iou=0.0106
  Epoch 28 [210/337] loss=0.0591 mask=0.0482 iou=0.0109
  Epoch 28 [220/337] loss=0.0591 mask=0.0482 iou=0.0109
  Epoch 28 [230/337] loss=0.0599 mask=0.0489 iou=0.0109
  Epoch 28 [240/337] loss=0.0588 mask=0.0481 iou=0.0107
  Epoch 28 [250/337] loss=0.0588 mask=0.0482 iou=0.0106
  Epoch 28 [260/337] loss=0.0587 mask=0.0482 iou=0.0105
  Epoch 28 [270/337] loss=0.0588 mask=0.0483 iou=0.0106
  Epoch 28 [280/337] loss=0.0582 mask=0.0479 iou=0.0104
  Epoch 28 [290/337] loss=0.0587 mask=0.0483 iou=0.0104
  Epoch 28 [300/337] loss=0.0584 mask=0.0480 iou=0.0104
  Epoch 28 [310/337] loss=0.0590 mask=0.0487 iou=0.0104
  Epoch 28 [320/337] loss=0.0597 mask=0.0492 iou=0.0105
  Epoch 28 [330/337] loss=0.0604 mask=0.0498 iou=0.0107
  Train: loss=0.0613 mask=0.0503 iou=0.0110 time=357.6s
  Val epoch 28: loss=0.1777

=== Phase1 Epoch 29/49 ===
  Epoch 29 [10/337] loss=0.0562 mask=0.0464 iou=0.0099
  Epoch 29 [20/337] loss=0.0550 mask=0.0460 iou=0.0090
  Epoch 29 [30/337] loss=0.0506 mask=0.0427 iou=0.0079
  Epoch 29 [40/337] loss=0.0501 mask=0.0422 iou=0.0079
  Epoch 29 [50/337] loss=0.0486 mask=0.0412 iou=0.0074
  Epoch 29 [60/337] loss=0.0487 mask=0.0414 iou=0.0073
  Epoch 29 [70/337] loss=0.0571 mask=0.0479 iou=0.0092
  Epoch 29 [80/337] loss=0.0573 mask=0.0480 iou=0.0093
  Epoch 29 [90/337] loss=0.0561 mask=0.0471 iou=0.0090
  Epoch 29 [100/337] loss=0.0555 mask=0.0464 iou=0.0091
  Epoch 29 [110/337] loss=0.0562 mask=0.0468 iou=0.0094
  Epoch 29 [120/337] loss=0.0563 mask=0.0473 iou=0.0090
  Epoch 29 [130/337] loss=0.0570 mask=0.0477 iou=0.0093
  Epoch 29 [140/337] loss=0.0569 mask=0.0475 iou=0.0094
  Epoch 29 [150/337] loss=0.0582 mask=0.0484 iou=0.0098
  Epoch 29 [160/337] loss=0.0581 mask=0.0485 iou=0.0096
  Epoch 29 [170/337] loss=0.0566 mask=0.0473 iou=0.0093
  Epoch 29 [180/337] loss=0.0562 mask=0.0469 iou=0.0093
  Epoch 29 [190/337] loss=0.0562 mask=0.0468 iou=0.0094
  Epoch 29 [200/337] loss=0.0558 mask=0.0464 iou=0.0094
  Epoch 29 [210/337] loss=0.0553 mask=0.0461 iou=0.0092
  Epoch 29 [220/337] loss=0.0555 mask=0.0462 iou=0.0093
  Epoch 29 [230/337] loss=0.0559 mask=0.0466 iou=0.0093
  Epoch 29 [240/337] loss=0.0563 mask=0.0470 iou=0.0094
  Epoch 29 [250/337] loss=0.0566 mask=0.0472 iou=0.0095
  Epoch 29 [260/337] loss=0.0575 mask=0.0478 iou=0.0097
  Epoch 29 [270/337] loss=0.0579 mask=0.0480 iou=0.0098
  Epoch 29 [280/337] loss=0.0578 mask=0.0480 iou=0.0097
  Epoch 29 [290/337] loss=0.0567 mask=0.0472 iou=0.0095
  Epoch 29 [300/337] loss=0.0566 mask=0.0472 iou=0.0094
  Epoch 29 [310/337] loss=0.0565 mask=0.0471 iou=0.0093
  Epoch 29 [320/337] loss=0.0565 mask=0.0472 iou=0.0093
  Epoch 29 [330/337] loss=0.0568 mask=0.0474 iou=0.0094
  Train: loss=0.0578 mask=0.0484 iou=0.0094 time=348.6s
  Val epoch 29: loss=0.1830

=== Phase1 Epoch 30/49 ===
  Epoch 30 [10/337] loss=0.0804 mask=0.0633 iou=0.0171
  Epoch 30 [20/337] loss=0.0665 mask=0.0549 iou=0.0116
  Epoch 30 [30/337] loss=0.0602 mask=0.0503 iou=0.0099
  Epoch 30 [40/337] loss=0.0611 mask=0.0514 iou=0.0097
  Epoch 30 [50/337] loss=0.0602 mask=0.0507 iou=0.0095
  Epoch 30 [60/337] loss=0.0616 mask=0.0514 iou=0.0102
  Epoch 30 [70/337] loss=0.0588 mask=0.0493 iou=0.0096
  Epoch 30 [80/337] loss=0.0572 mask=0.0482 iou=0.0091
  Epoch 30 [90/337] loss=0.0569 mask=0.0478 iou=0.0091
  Epoch 30 [100/337] loss=0.0549 mask=0.0463 iou=0.0086
  Epoch 30 [110/337] loss=0.0552 mask=0.0463 iou=0.0089
  Epoch 30 [120/337] loss=0.0589 mask=0.0494 iou=0.0095
  Epoch 30 [130/337] loss=0.0588 mask=0.0496 iou=0.0092
  Epoch 30 [140/337] loss=0.0588 mask=0.0495 iou=0.0093
  Epoch 30 [150/337] loss=0.0578 mask=0.0486 iou=0.0091
  Epoch 30 [160/337] loss=0.0578 mask=0.0485 iou=0.0093
  Epoch 30 [170/337] loss=0.0581 mask=0.0485 iou=0.0095
  Epoch 30 [180/337] loss=0.0584 mask=0.0488 iou=0.0096
  Epoch 30 [190/337] loss=0.0584 mask=0.0487 iou=0.0096
  Epoch 30 [200/337] loss=0.0586 mask=0.0487 iou=0.0099
  Epoch 30 [210/337] loss=0.0584 mask=0.0485 iou=0.0099
  Epoch 30 [220/337] loss=0.0576 mask=0.0479 iou=0.0097
  Epoch 30 [230/337] loss=0.0584 mask=0.0486 iou=0.0098
  Epoch 30 [240/337] loss=0.0577 mask=0.0481 iou=0.0096
  Epoch 30 [250/337] loss=0.0572 mask=0.0477 iou=0.0095
  Epoch 30 [260/337] loss=0.0571 mask=0.0477 iou=0.0094
  Epoch 30 [270/337] loss=0.0578 mask=0.0480 iou=0.0097
  Epoch 30 [280/337] loss=0.0574 mask=0.0478 iou=0.0096
  Epoch 30 [290/337] loss=0.0573 mask=0.0478 iou=0.0095
  Epoch 30 [300/337] loss=0.0576 mask=0.0480 iou=0.0095
  Epoch 30 [310/337] loss=0.0571 mask=0.0476 iou=0.0094
  Epoch 30 [320/337] loss=0.0576 mask=0.0479 iou=0.0097
  Epoch 30 [330/337] loss=0.0575 mask=0.0478 iou=0.0097
  Train: loss=0.0584 mask=0.0486 iou=0.0098 time=345.6s
  Val epoch 30: loss=0.1768

=== Phase1 Epoch 31/49 ===
  Epoch 31 [10/337] loss=0.0686 mask=0.0548 iou=0.0137
  Epoch 31 [20/337] loss=0.0686 mask=0.0550 iou=0.0136
  Epoch 31 [30/337] loss=0.0634 mask=0.0511 iou=0.0123
  Epoch 31 [40/337] loss=0.0631 mask=0.0512 iou=0.0119
  Epoch 31 [50/337] loss=0.0622 mask=0.0506 iou=0.0116
  Epoch 31 [60/337] loss=0.0630 mask=0.0515 iou=0.0115
  Epoch 31 [70/337] loss=0.0607 mask=0.0501 iou=0.0106
  Epoch 31 [80/337] loss=0.0592 mask=0.0488 iou=0.0104
  Epoch 31 [90/337] loss=0.0572 mask=0.0474 iou=0.0097
  Epoch 31 [100/337] loss=0.0581 mask=0.0482 iou=0.0099
  Epoch 31 [110/337] loss=0.0583 mask=0.0484 iou=0.0099
  Epoch 31 [120/337] loss=0.0604 mask=0.0495 iou=0.0109
  Epoch 31 [130/337] loss=0.0581 mask=0.0479 iou=0.0103
  Epoch 31 [140/337] loss=0.0573 mask=0.0472 iou=0.0100
  Epoch 31 [150/337] loss=0.0581 mask=0.0478 iou=0.0103
  Epoch 31 [160/337] loss=0.0577 mask=0.0476 iou=0.0101
  Epoch 31 [170/337] loss=0.0570 mask=0.0472 iou=0.0098
  Epoch 31 [180/337] loss=0.0560 mask=0.0463 iou=0.0097
  Epoch 31 [190/337] loss=0.0550 mask=0.0457 iou=0.0093
  Epoch 31 [200/337] loss=0.0551 mask=0.0459 iou=0.0092
  Epoch 31 [210/337] loss=0.0557 mask=0.0464 iou=0.0094
  Epoch 31 [220/337] loss=0.0562 mask=0.0466 iou=0.0096
  Epoch 31 [230/337] loss=0.0565 mask=0.0469 iou=0.0096
  Epoch 31 [240/337] loss=0.0568 mask=0.0473 iou=0.0095
  Epoch 31 [250/337] loss=0.0559 mask=0.0467 iou=0.0093
  Epoch 31 [260/337] loss=0.0555 mask=0.0464 iou=0.0091
  Epoch 31 [270/337] loss=0.0556 mask=0.0464 iou=0.0091
  Epoch 31 [280/337] loss=0.0558 mask=0.0467 iou=0.0091
  Epoch 31 [290/337] loss=0.0562 mask=0.0469 iou=0.0093
  Epoch 31 [300/337] loss=0.0560 mask=0.0466 iou=0.0093
  Epoch 31 [310/337] loss=0.0555 mask=0.0463 iou=0.0092
  Epoch 31 [320/337] loss=0.0551 mask=0.0460 iou=0.0091
  Epoch 31 [330/337] loss=0.0551 mask=0.0460 iou=0.0091
  Train: loss=0.0556 mask=0.0465 iou=0.0091 time=343.8s
  Val epoch 31: loss=0.1795

=== Phase1 Epoch 32/49 ===
  Epoch 32 [10/337] loss=0.0397 mask=0.0346 iou=0.0051
  Epoch 32 [20/337] loss=0.0615 mask=0.0545 iou=0.0070
  Epoch 32 [30/337] loss=0.0612 mask=0.0529 iou=0.0083
  Epoch 32 [40/337] loss=0.0617 mask=0.0528 iou=0.0089
  Epoch 32 [50/337] loss=0.0579 mask=0.0496 iou=0.0084
  Epoch 32 [60/337] loss=0.0566 mask=0.0484 iou=0.0083
  Epoch 32 [70/337] loss=0.0546 mask=0.0466 iou=0.0080
  Epoch 32 [80/337] loss=0.0558 mask=0.0474 iou=0.0084
  Epoch 32 [90/337] loss=0.0552 mask=0.0467 iou=0.0084
  Epoch 32 [100/337] loss=0.0530 mask=0.0451 iou=0.0079
  Epoch 32 [110/337] loss=0.0522 mask=0.0447 iou=0.0075
  Epoch 32 [120/337] loss=0.0524 mask=0.0449 iou=0.0075
  Epoch 32 [130/337] loss=0.0533 mask=0.0459 iou=0.0074
  Epoch 32 [140/337] loss=0.0538 mask=0.0462 iou=0.0076
  Epoch 32 [150/337] loss=0.0541 mask=0.0463 iou=0.0078
  Epoch 32 [160/337] loss=0.0538 mask=0.0460 iou=0.0078
  Epoch 32 [170/337] loss=0.0534 mask=0.0457 iou=0.0077
  Epoch 32 [180/337] loss=0.0548 mask=0.0465 iou=0.0083
  Epoch 32 [190/337] loss=0.0556 mask=0.0469 iou=0.0086
  Epoch 32 [200/337] loss=0.0559 mask=0.0472 iou=0.0087
  Epoch 32 [210/337] loss=0.0561 mask=0.0473 iou=0.0088
  Epoch 32 [220/337] loss=0.0551 mask=0.0465 iou=0.0086
  Epoch 32 [230/337] loss=0.0555 mask=0.0468 iou=0.0086
  Epoch 32 [240/337] loss=0.0564 mask=0.0473 iou=0.0090
  Epoch 32 [250/337] loss=0.0561 mask=0.0470 iou=0.0090
  Epoch 32 [260/337] loss=0.0557 mask=0.0467 iou=0.0090
  Epoch 32 [270/337] loss=0.0563 mask=0.0470 iou=0.0092
  Epoch 32 [280/337] loss=0.0560 mask=0.0468 iou=0.0093
  Epoch 32 [290/337] loss=0.0560 mask=0.0467 iou=0.0092
  Epoch 32 [300/337] loss=0.0562 mask=0.0468 iou=0.0093
  Epoch 32 [310/337] loss=0.0563 mask=0.0470 iou=0.0093
  Epoch 32 [320/337] loss=0.0567 mask=0.0473 iou=0.0094
  Epoch 32 [330/337] loss=0.0560 mask=0.0467 iou=0.0093
  Train: loss=0.0558 mask=0.0465 iou=0.0093 time=345.2s
  Val epoch 32: loss=0.1789

=== Phase1 Epoch 33/49 ===
  Epoch 33 [10/337] loss=0.0545 mask=0.0419 iou=0.0126
  Epoch 33 [20/337] loss=0.0527 mask=0.0412 iou=0.0115
  Epoch 33 [30/337] loss=0.0568 mask=0.0453 iou=0.0115
  Epoch 33 [40/337] loss=0.0575 mask=0.0462 iou=0.0113
  Epoch 33 [50/337] loss=0.0568 mask=0.0461 iou=0.0107
  Epoch 33 [60/337] loss=0.0578 mask=0.0468 iou=0.0110
  Epoch 33 [70/337] loss=0.0560 mask=0.0458 iou=0.0102
  Epoch 33 [80/337] loss=0.0558 mask=0.0456 iou=0.0102
  Epoch 33 [90/337] loss=0.0554 mask=0.0455 iou=0.0099
  Epoch 33 [100/337] loss=0.0577 mask=0.0471 iou=0.0106
  Epoch 33 [110/337] loss=0.0567 mask=0.0466 iou=0.0102
  Epoch 33 [120/337] loss=0.0564 mask=0.0465 iou=0.0099
  Epoch 33 [130/337] loss=0.0552 mask=0.0457 iou=0.0095
  Epoch 33 [140/337] loss=0.0570 mask=0.0475 iou=0.0095
  Epoch 33 [150/337] loss=0.0593 mask=0.0490 iou=0.0103
  Epoch 33 [160/337] loss=0.0607 mask=0.0501 iou=0.0105
  Epoch 33 [170/337] loss=0.0601 mask=0.0498 iou=0.0103
  Epoch 33 [180/337] loss=0.0616 mask=0.0510 iou=0.0106
  Epoch 33 [190/337] loss=0.0619 mask=0.0511 iou=0.0109
  Epoch 33 [200/337] loss=0.0606 mask=0.0500 iou=0.0106
  Epoch 33 [210/337] loss=0.0592 mask=0.0490 iou=0.0102
  Epoch 33 [220/337] loss=0.0587 mask=0.0487 iou=0.0100
  Epoch 33 [230/337] loss=0.0584 mask=0.0485 iou=0.0099
  Epoch 33 [240/337] loss=0.0586 mask=0.0484 iou=0.0102
  Epoch 33 [250/337] loss=0.0588 mask=0.0486 iou=0.0102
  Epoch 33 [260/337] loss=0.0580 mask=0.0481 iou=0.0099
  Epoch 33 [270/337] loss=0.0575 mask=0.0478 iou=0.0097
  Epoch 33 [280/337] loss=0.0570 mask=0.0474 iou=0.0096
  Epoch 33 [290/337] loss=0.0568 mask=0.0473 iou=0.0095
  Epoch 33 [300/337] loss=0.0567 mask=0.0472 iou=0.0095
  Epoch 33 [310/337] loss=0.0567 mask=0.0473 iou=0.0095
  Epoch 33 [320/337] loss=0.0565 mask=0.0472 iou=0.0093
  Epoch 33 [330/337] loss=0.0560 mask=0.0469 iou=0.0092
  Train: loss=0.0564 mask=0.0473 iou=0.0091 time=340.8s
  Val epoch 33: loss=0.1805

=== Phase1 Epoch 34/49 ===
  Epoch 34 [10/337] loss=0.0568 mask=0.0479 iou=0.0089
  Epoch 34 [20/337] loss=0.0689 mask=0.0563 iou=0.0126
  Epoch 34 [30/337] loss=0.0610 mask=0.0505 iou=0.0105
  Epoch 34 [40/337] loss=0.0710 mask=0.0566 iou=0.0144
  Epoch 34 [50/337] loss=0.0752 mask=0.0595 iou=0.0157
  Epoch 34 [60/337] loss=0.0733 mask=0.0589 iou=0.0144
  Epoch 34 [70/337] loss=0.0710 mask=0.0575 iou=0.0135
  Epoch 34 [80/337] loss=0.0713 mask=0.0577 iou=0.0135
  Epoch 34 [90/337] loss=0.0689 mask=0.0557 iou=0.0132
  Epoch 34 [100/337] loss=0.0660 mask=0.0533 iou=0.0127
  Epoch 34 [110/337] loss=0.0658 mask=0.0532 iou=0.0126
  Epoch 34 [120/337] loss=0.0635 mask=0.0514 iou=0.0120
  Epoch 34 [130/337] loss=0.0643 mask=0.0525 iou=0.0118
  Epoch 34 [140/337] loss=0.0638 mask=0.0523 iou=0.0115
  Epoch 34 [150/337] loss=0.0628 mask=0.0516 iou=0.0112
  Epoch 34 [160/337] loss=0.0629 mask=0.0517 iou=0.0112
  Epoch 34 [170/337] loss=0.0614 mask=0.0506 iou=0.0108
  Epoch 34 [180/337] loss=0.0622 mask=0.0510 iou=0.0112
  Epoch 34 [190/337] loss=0.0614 mask=0.0505 iou=0.0109
  Epoch 34 [200/337] loss=0.0606 mask=0.0499 iou=0.0107
  Epoch 34 [210/337] loss=0.0599 mask=0.0494 iou=0.0105
  Epoch 34 [220/337] loss=0.0588 mask=0.0486 iou=0.0102
  Epoch 34 [230/337] loss=0.0581 mask=0.0481 iou=0.0101
  Epoch 34 [240/337] loss=0.0577 mask=0.0479 iou=0.0099
  Epoch 34 [250/337] loss=0.0576 mask=0.0478 iou=0.0098
  Epoch 34 [260/337] loss=0.0570 mask=0.0474 iou=0.0096
  Epoch 34 [270/337] loss=0.0566 mask=0.0471 iou=0.0095
  Epoch 34 [280/337] loss=0.0565 mask=0.0470 iou=0.0095
  Epoch 34 [290/337] loss=0.0564 mask=0.0469 iou=0.0095
  Epoch 34 [300/337] loss=0.0569 mask=0.0471 iou=0.0097
  Epoch 34 [310/337] loss=0.0571 mask=0.0472 iou=0.0098
  Epoch 34 [320/337] loss=0.0577 mask=0.0478 iou=0.0099
  Epoch 34 [330/337] loss=0.0571 mask=0.0474 iou=0.0097
  Train: loss=0.0577 mask=0.0477 iou=0.0100 time=351.3s
  Val epoch 34: loss=0.1833

=== Phase1 Epoch 35/49 ===
  Epoch 35 [10/337] loss=0.0478 mask=0.0395 iou=0.0083
  Epoch 35 [20/337] loss=0.0582 mask=0.0468 iou=0.0114
  Epoch 35 [30/337] loss=0.0505 mask=0.0416 iou=0.0089
  Epoch 35 [40/337] loss=0.0482 mask=0.0403 iou=0.0079
  Epoch 35 [50/337] loss=0.0519 mask=0.0430 iou=0.0089
  Epoch 35 [60/337] loss=0.0515 mask=0.0427 iou=0.0088
  Epoch 35 [70/337] loss=0.0540 mask=0.0440 iou=0.0100
  Epoch 35 [80/337] loss=0.0547 mask=0.0444 iou=0.0102
  Epoch 35 [90/337] loss=0.0544 mask=0.0443 iou=0.0102
  Epoch 35 [100/337] loss=0.0551 mask=0.0452 iou=0.0098
  Epoch 35 [110/337] loss=0.0545 mask=0.0449 iou=0.0096
  Epoch 35 [120/337] loss=0.0559 mask=0.0464 iou=0.0095
  Epoch 35 [130/337] loss=0.0545 mask=0.0456 iou=0.0090
  Epoch 35 [140/337] loss=0.0535 mask=0.0447 iou=0.0087
  Epoch 35 [150/337] loss=0.0553 mask=0.0459 iou=0.0094
  Epoch 35 [160/337] loss=0.0554 mask=0.0458 iou=0.0096
  Epoch 35 [170/337] loss=0.0553 mask=0.0460 iou=0.0094
  Epoch 35 [180/337] loss=0.0562 mask=0.0466 iou=0.0096
  Epoch 35 [190/337] loss=0.0554 mask=0.0461 iou=0.0093
  Epoch 35 [200/337] loss=0.0555 mask=0.0460 iou=0.0095
  Epoch 35 [210/337] loss=0.0565 mask=0.0468 iou=0.0097
  Epoch 35 [220/337] loss=0.0563 mask=0.0467 iou=0.0096
  Epoch 35 [230/337] loss=0.0559 mask=0.0465 iou=0.0094
  Epoch 35 [240/337] loss=0.0567 mask=0.0470 iou=0.0097
  Epoch 35 [250/337] loss=0.0564 mask=0.0469 iou=0.0095
  Epoch 35 [260/337] loss=0.0558 mask=0.0465 iou=0.0093
  Epoch 35 [270/337] loss=0.0554 mask=0.0462 iou=0.0092
  Epoch 35 [280/337] loss=0.0547 mask=0.0457 iou=0.0090
  Epoch 35 [290/337] loss=0.0544 mask=0.0455 iou=0.0089
  Epoch 35 [300/337] loss=0.0543 mask=0.0455 iou=0.0088
  Epoch 35 [310/337] loss=0.0546 mask=0.0457 iou=0.0089
  Epoch 35 [320/337] loss=0.0546 mask=0.0456 iou=0.0089
  Epoch 35 [330/337] loss=0.0552 mask=0.0461 iou=0.0091
  Train: loss=0.0557 mask=0.0462 iou=0.0095 time=350.1s
  Val epoch 35: loss=0.1841

=== Phase1 Epoch 36/49 ===
  Epoch 36 [10/337] loss=0.0400 mask=0.0337 iou=0.0063
  Epoch 36 [20/337] loss=0.0557 mask=0.0454 iou=0.0102
  Epoch 36 [30/337] loss=0.0584 mask=0.0481 iou=0.0103
  Epoch 36 [40/337] loss=0.0599 mask=0.0493 iou=0.0107
  Epoch 36 [50/337] loss=0.0569 mask=0.0470 iou=0.0099
  Epoch 36 [60/337] loss=0.0602 mask=0.0505 iou=0.0097
  Epoch 36 [70/337] loss=0.0628 mask=0.0522 iou=0.0106
  Epoch 36 [80/337] loss=0.0614 mask=0.0513 iou=0.0101
  Epoch 36 [90/337] loss=0.0589 mask=0.0492 iou=0.0097
  Epoch 36 [100/337] loss=0.0579 mask=0.0485 iou=0.0094
  Epoch 36 [110/337] loss=0.0565 mask=0.0473 iou=0.0092
  Epoch 36 [120/337] loss=0.0568 mask=0.0475 iou=0.0093
  Epoch 36 [130/337] loss=0.0556 mask=0.0466 iou=0.0090
  Epoch 36 [140/337] loss=0.0551 mask=0.0463 iou=0.0088
  Epoch 36 [150/337] loss=0.0550 mask=0.0461 iou=0.0088
  Epoch 36 [160/337] loss=0.0570 mask=0.0475 iou=0.0095
  Epoch 36 [170/337] loss=0.0567 mask=0.0474 iou=0.0093
  Epoch 36 [180/337] loss=0.0567 mask=0.0474 iou=0.0094
  Epoch 36 [190/337] loss=0.0585 mask=0.0487 iou=0.0097
  Epoch 36 [200/337] loss=0.0575 mask=0.0480 iou=0.0095
  Epoch 36 [210/337] loss=0.0568 mask=0.0475 iou=0.0093
  Epoch 36 [220/337] loss=0.0582 mask=0.0483 iou=0.0099
  Epoch 36 [230/337] loss=0.0579 mask=0.0481 iou=0.0098
  Epoch 36 [240/337] loss=0.0569 mask=0.0474 iou=0.0095
  Epoch 36 [250/337] loss=0.0566 mask=0.0473 iou=0.0093
  Epoch 36 [260/337] loss=0.0560 mask=0.0468 iou=0.0092
  Epoch 36 [270/337] loss=0.0556 mask=0.0465 iou=0.0091
  Epoch 36 [280/337] loss=0.0555 mask=0.0464 iou=0.0091
  Epoch 36 [290/337] loss=0.0557 mask=0.0465 iou=0.0092
  Epoch 36 [300/337] loss=0.0554 mask=0.0463 iou=0.0091
  Epoch 36 [310/337] loss=0.0553 mask=0.0461 iou=0.0091
  Epoch 36 [320/337] loss=0.0556 mask=0.0464 iou=0.0092
  Epoch 36 [330/337] loss=0.0561 mask=0.0468 iou=0.0093
  Train: loss=0.0568 mask=0.0476 iou=0.0092 time=353.2s
  Val epoch 36: loss=0.1763

=== Phase1 Epoch 37/49 ===
  Epoch 37 [10/337] loss=0.0586 mask=0.0458 iou=0.0128
  Epoch 37 [20/337] loss=0.0565 mask=0.0452 iou=0.0113
  Epoch 37 [30/337] loss=0.0655 mask=0.0526 iou=0.0128
  Epoch 37 [40/337] loss=0.0708 mask=0.0586 iou=0.0121
  Epoch 37 [50/337] loss=0.0701 mask=0.0579 iou=0.0122
  Epoch 37 [60/337] loss=0.0672 mask=0.0559 iou=0.0113
  Epoch 37 [70/337] loss=0.0646 mask=0.0541 iou=0.0106
  Epoch 37 [80/337] loss=0.0653 mask=0.0541 iou=0.0111
  Epoch 37 [90/337] loss=0.0648 mask=0.0539 iou=0.0109
  Epoch 37 [100/337] loss=0.0644 mask=0.0535 iou=0.0109
  Epoch 37 [110/337] loss=0.0619 mask=0.0517 iou=0.0101
  Epoch 37 [120/337] loss=0.0603 mask=0.0506 iou=0.0097
  Epoch 37 [130/337] loss=0.0599 mask=0.0504 iou=0.0095
  Epoch 37 [140/337] loss=0.0597 mask=0.0502 iou=0.0095
  Epoch 37 [150/337] loss=0.0573 mask=0.0483 iou=0.0090
  Epoch 37 [160/337] loss=0.0569 mask=0.0479 iou=0.0091
  Epoch 37 [170/337] loss=0.0565 mask=0.0474 iou=0.0091
  Epoch 37 [180/337] loss=0.0555 mask=0.0467 iou=0.0088
  Epoch 37 [190/337] loss=0.0548 mask=0.0461 iou=0.0087
  Epoch 37 [200/337] loss=0.0546 mask=0.0459 iou=0.0086
  Epoch 37 [210/337] loss=0.0554 mask=0.0467 iou=0.0087
  Epoch 37 [220/337] loss=0.0552 mask=0.0465 iou=0.0087
  Epoch 37 [230/337] loss=0.0558 mask=0.0468 iou=0.0090
  Epoch 37 [240/337] loss=0.0559 mask=0.0469 iou=0.0090
  Epoch 37 [250/337] loss=0.0551 mask=0.0463 iou=0.0088
  Epoch 37 [260/337] loss=0.0549 mask=0.0461 iou=0.0088
  Epoch 37 [270/337] loss=0.0544 mask=0.0457 iou=0.0086
  Epoch 37 [280/337] loss=0.0541 mask=0.0454 iou=0.0086
  Epoch 37 [290/337] loss=0.0538 mask=0.0453 iou=0.0085
  Epoch 37 [300/337] loss=0.0539 mask=0.0454 iou=0.0085
  Epoch 37 [310/337] loss=0.0536 mask=0.0452 iou=0.0084
  Epoch 37 [320/337] loss=0.0535 mask=0.0450 iou=0.0085
  Epoch 37 [330/337] loss=0.0533 mask=0.0449 iou=0.0084
  Train: loss=0.0544 mask=0.0460 iou=0.0084 time=340.8s
  Val epoch 37: loss=0.1791

=== Phase1 Epoch 38/49 ===
  Epoch 38 [10/337] loss=0.0441 mask=0.0393 iou=0.0047
  Epoch 38 [20/337] loss=0.0550 mask=0.0473 iou=0.0078
  Epoch 38 [30/337] loss=0.0518 mask=0.0449 iou=0.0069
  Epoch 38 [40/337] loss=0.0488 mask=0.0424 iou=0.0064
  Epoch 38 [50/337] loss=0.0548 mask=0.0476 iou=0.0072
  Epoch 38 [60/337] loss=0.0522 mask=0.0451 iou=0.0071
  Epoch 38 [70/337] loss=0.0540 mask=0.0461 iou=0.0079
  Epoch 38 [80/337] loss=0.0529 mask=0.0452 iou=0.0077
  Epoch 38 [90/337] loss=0.0527 mask=0.0451 iou=0.0076
  Epoch 38 [100/337] loss=0.0531 mask=0.0452 iou=0.0079
  Epoch 38 [110/337] loss=0.0533 mask=0.0452 iou=0.0081
  Epoch 38 [120/337] loss=0.0537 mask=0.0453 iou=0.0084
  Epoch 38 [130/337] loss=0.0534 mask=0.0450 iou=0.0084
  Epoch 38 [140/337] loss=0.0539 mask=0.0454 iou=0.0085
  Epoch 38 [150/337] loss=0.0563 mask=0.0469 iou=0.0094
  Epoch 38 [160/337] loss=0.0566 mask=0.0470 iou=0.0096
  Epoch 38 [170/337] loss=0.0557 mask=0.0463 iou=0.0094
  Epoch 38 [180/337] loss=0.0555 mask=0.0463 iou=0.0092
  Epoch 38 [190/337] loss=0.0551 mask=0.0460 iou=0.0090
  Epoch 38 [200/337] loss=0.0548 mask=0.0458 iou=0.0090
  Epoch 38 [210/337] loss=0.0549 mask=0.0459 iou=0.0090
  Epoch 38 [220/337] loss=0.0546 mask=0.0458 iou=0.0089
  Epoch 38 [230/337] loss=0.0547 mask=0.0458 iou=0.0089
  Epoch 38 [240/337] loss=0.0553 mask=0.0462 iou=0.0091
  Epoch 38 [250/337] loss=0.0550 mask=0.0460 iou=0.0089
  Epoch 38 [260/337] loss=0.0562 mask=0.0469 iou=0.0094
  Epoch 38 [270/337] loss=0.0568 mask=0.0475 iou=0.0094
  Epoch 38 [280/337] loss=0.0564 mask=0.0471 iou=0.0094
  Epoch 38 [290/337] loss=0.0573 mask=0.0476 iou=0.0097
  Epoch 38 [300/337] loss=0.0571 mask=0.0474 iou=0.0096
  Epoch 38 [310/337] loss=0.0568 mask=0.0471 iou=0.0096
  Epoch 38 [320/337] loss=0.0561 mask=0.0466 iou=0.0095
  Epoch 38 [330/337] loss=0.0560 mask=0.0465 iou=0.0095
  Train: loss=0.0562 mask=0.0465 iou=0.0097 time=340.6s
  Val epoch 38: loss=0.1808

=== Phase1 Epoch 39/49 ===
  Epoch 39 [10/337] loss=0.0491 mask=0.0424 iou=0.0066
  Epoch 39 [20/337] loss=0.0449 mask=0.0384 iou=0.0064
  Epoch 39 [30/337] loss=0.0502 mask=0.0424 iou=0.0078
  Epoch 39 [40/337] loss=0.0476 mask=0.0410 iou=0.0066
  Epoch 39 [50/337] loss=0.0462 mask=0.0399 iou=0.0063
  Epoch 39 [60/337] loss=0.0495 mask=0.0420 iou=0.0075
  Epoch 39 [70/337] loss=0.0498 mask=0.0423 iou=0.0075
  Epoch 39 [80/337] loss=0.0483 mask=0.0411 iou=0.0072
  Epoch 39 [90/337] loss=0.0473 mask=0.0406 iou=0.0068
  Epoch 39 [100/337] loss=0.0474 mask=0.0408 iou=0.0066
  Epoch 39 [110/337] loss=0.0471 mask=0.0407 iou=0.0065
  Epoch 39 [120/337] loss=0.0482 mask=0.0414 iou=0.0069
  Epoch 39 [130/337] loss=0.0482 mask=0.0412 iou=0.0069
  Epoch 39 [140/337] loss=0.0499 mask=0.0426 iou=0.0073
  Epoch 39 [150/337] loss=0.0518 mask=0.0441 iou=0.0077
  Epoch 39 [160/337] loss=0.0526 mask=0.0448 iou=0.0079
  Epoch 39 [170/337] loss=0.0525 mask=0.0445 iou=0.0079
  Epoch 39 [180/337] loss=0.0530 mask=0.0450 iou=0.0080
  Epoch 39 [190/337] loss=0.0540 mask=0.0457 iou=0.0083
  Epoch 39 [200/337] loss=0.0541 mask=0.0459 iou=0.0082
  Epoch 39 [210/337] loss=0.0541 mask=0.0459 iou=0.0082
  Epoch 39 [220/337] loss=0.0533 mask=0.0452 iou=0.0081
  Epoch 39 [230/337] loss=0.0535 mask=0.0453 iou=0.0081
  Epoch 39 [240/337] loss=0.0529 mask=0.0449 iou=0.0080
  Epoch 39 [250/337] loss=0.0540 mask=0.0456 iou=0.0084
  Epoch 39 [260/337] loss=0.0539 mask=0.0455 iou=0.0084
  Epoch 39 [270/337] loss=0.0534 mask=0.0451 iou=0.0084
  Epoch 39 [280/337] loss=0.0539 mask=0.0453 iou=0.0086
  Epoch 39 [290/337] loss=0.0534 mask=0.0449 iou=0.0085
  Epoch 39 [300/337] loss=0.0533 mask=0.0448 iou=0.0085
  Epoch 39 [310/337] loss=0.0529 mask=0.0445 iou=0.0084
  Epoch 39 [320/337] loss=0.0526 mask=0.0443 iou=0.0082
  Epoch 39 [330/337] loss=0.0531 mask=0.0447 iou=0.0084
  Train: loss=0.0533 mask=0.0447 iou=0.0086 time=345.6s
  Val epoch 39: loss=0.1810

=== Phase1 Epoch 40/49 ===
  Epoch 40 [10/337] loss=0.0543 mask=0.0460 iou=0.0083
  Epoch 40 [20/337] loss=0.0463 mask=0.0394 iou=0.0069
  Epoch 40 [30/337] loss=0.0451 mask=0.0391 iou=0.0059
  Epoch 40 [40/337] loss=0.0435 mask=0.0380 iou=0.0055
  Epoch 40 [50/337] loss=0.0446 mask=0.0385 iou=0.0061
  Epoch 40 [60/337] loss=0.0465 mask=0.0399 iou=0.0066
  Epoch 40 [70/337] loss=0.0461 mask=0.0397 iou=0.0064
  Epoch 40 [80/337] loss=0.0482 mask=0.0412 iou=0.0070
  Epoch 40 [90/337] loss=0.0488 mask=0.0416 iou=0.0072
  Epoch 40 [100/337] loss=0.0500 mask=0.0427 iou=0.0073
  Epoch 40 [110/337] loss=0.0492 mask=0.0419 iou=0.0073
  Epoch 40 [120/337] loss=0.0506 mask=0.0428 iou=0.0078
  Epoch 40 [130/337] loss=0.0510 mask=0.0431 iou=0.0079
  Epoch 40 [140/337] loss=0.0511 mask=0.0434 iou=0.0077
  Epoch 40 [150/337] loss=0.0502 mask=0.0428 iou=0.0074
  Epoch 40 [160/337] loss=0.0509 mask=0.0432 iou=0.0077
  Epoch 40 [170/337] loss=0.0505 mask=0.0430 iou=0.0075
  Epoch 40 [180/337] loss=0.0531 mask=0.0450 iou=0.0081
  Epoch 40 [190/337] loss=0.0531 mask=0.0449 iou=0.0082
  Epoch 40 [200/337] loss=0.0533 mask=0.0452 iou=0.0082
  Epoch 40 [210/337] loss=0.0548 mask=0.0460 iou=0.0088
  Epoch 40 [220/337] loss=0.0554 mask=0.0464 iou=0.0090
  Epoch 40 [230/337] loss=0.0547 mask=0.0458 iou=0.0088
  Epoch 40 [240/337] loss=0.0543 mask=0.0456 iou=0.0087
  Epoch 40 [250/337] loss=0.0538 mask=0.0453 iou=0.0085
  Epoch 40 [260/337] loss=0.0534 mask=0.0450 iou=0.0084
  Epoch 40 [270/337] loss=0.0528 mask=0.0445 iou=0.0083
  Epoch 40 [280/337] loss=0.0534 mask=0.0448 iou=0.0085
  Epoch 40 [290/337] loss=0.0531 mask=0.0447 iou=0.0084
  Epoch 40 [300/337] loss=0.0534 mask=0.0449 iou=0.0085
  Epoch 40 [310/337] loss=0.0534 mask=0.0449 iou=0.0086
  Epoch 40 [320/337] loss=0.0529 mask=0.0444 iou=0.0085
  Epoch 40 [330/337] loss=0.0528 mask=0.0444 iou=0.0085
  Train: loss=0.0534 mask=0.0446 iou=0.0088 time=315.5s
  Val epoch 40: loss=0.1785

=== Phase1 Epoch 41/49 ===
  Epoch 41 [10/337] loss=0.0360 mask=0.0338 iou=0.0023
  Epoch 41 [20/337] loss=0.0419 mask=0.0374 iou=0.0045
  Epoch 41 [30/337] loss=0.0422 mask=0.0380 iou=0.0043
  Epoch 41 [40/337] loss=0.0447 mask=0.0395 iou=0.0051
  Epoch 41 [50/337] loss=0.0461 mask=0.0404 iou=0.0058
  Epoch 41 [60/337] loss=0.0531 mask=0.0452 iou=0.0079
  Epoch 41 [70/337] loss=0.0529 mask=0.0448 iou=0.0081
  Epoch 41 [80/337] loss=0.0547 mask=0.0458 iou=0.0089
  Epoch 41 [90/337] loss=0.0549 mask=0.0459 iou=0.0090
  Epoch 41 [100/337] loss=0.0542 mask=0.0455 iou=0.0087
  Epoch 41 [110/337] loss=0.0568 mask=0.0474 iou=0.0094
  Epoch 41 [120/337] loss=0.0556 mask=0.0465 iou=0.0091
  Epoch 41 [130/337] loss=0.0574 mask=0.0484 iou=0.0090
  Epoch 41 [140/337] loss=0.0559 mask=0.0473 iou=0.0086
  Epoch 41 [150/337] loss=0.0563 mask=0.0475 iou=0.0088
  Epoch 41 [160/337] loss=0.0557 mask=0.0471 iou=0.0086
  Epoch 41 [170/337] loss=0.0549 mask=0.0464 iou=0.0085
  Epoch 41 [180/337] loss=0.0555 mask=0.0467 iou=0.0089
  Epoch 41 [190/337] loss=0.0555 mask=0.0467 iou=0.0087
  Epoch 41 [200/337] loss=0.0555 mask=0.0467 iou=0.0088
  Epoch 41 [210/337] loss=0.0553 mask=0.0466 iou=0.0088
  Epoch 41 [220/337] loss=0.0548 mask=0.0462 iou=0.0086
  Epoch 41 [230/337] loss=0.0559 mask=0.0471 iou=0.0088
  Epoch 41 [240/337] loss=0.0560 mask=0.0471 iou=0.0089
  Epoch 41 [250/337] loss=0.0556 mask=0.0468 iou=0.0088
  Epoch 41 [260/337] loss=0.0554 mask=0.0467 iou=0.0088
  Epoch 41 [270/337] loss=0.0558 mask=0.0469 iou=0.0090
  Epoch 41 [280/337] loss=0.0556 mask=0.0467 iou=0.0089
  Epoch 41 [290/337] loss=0.0551 mask=0.0463 iou=0.0088
  Epoch 41 [300/337] loss=0.0553 mask=0.0465 iou=0.0089
  Epoch 41 [310/337] loss=0.0554 mask=0.0465 iou=0.0089
  Epoch 41 [320/337] loss=0.0553 mask=0.0464 iou=0.0089
  Epoch 41 [330/337] loss=0.0557 mask=0.0467 iou=0.0090
  Train: loss=0.0554 mask=0.0464 iou=0.0090 time=288.9s
  Val epoch 41: loss=0.1780

=== Phase1 Epoch 42/49 ===
  Epoch 42 [10/337] loss=0.0438 mask=0.0382 iou=0.0056
  Epoch 42 [20/337] loss=0.0501 mask=0.0430 iou=0.0071
  Epoch 42 [30/337] loss=0.0529 mask=0.0445 iou=0.0084
  Epoch 42 [40/337] loss=0.0487 mask=0.0418 iou=0.0069
  Epoch 42 [50/337] loss=0.0473 mask=0.0404 iou=0.0069
  Epoch 42 [60/337] loss=0.0484 mask=0.0407 iou=0.0077
  Epoch 42 [70/337] loss=0.0491 mask=0.0417 iou=0.0074
  Epoch 42 [80/337] loss=0.0503 mask=0.0427 iou=0.0076
  Epoch 42 [90/337] loss=0.0504 mask=0.0427 iou=0.0077
  Epoch 42 [100/337] loss=0.0506 mask=0.0428 iou=0.0078
  Epoch 42 [110/337] loss=0.0506 mask=0.0429 iou=0.0077
  Epoch 42 [120/337] loss=0.0504 mask=0.0429 iou=0.0075
  Epoch 42 [130/337] loss=0.0520 mask=0.0438 iou=0.0082
  Epoch 42 [140/337] loss=0.0515 mask=0.0434 iou=0.0081
  Epoch 42 [150/337] loss=0.0532 mask=0.0448 iou=0.0084
  Epoch 42 [160/337] loss=0.0537 mask=0.0452 iou=0.0085
  Epoch 42 [170/337] loss=0.0532 mask=0.0447 iou=0.0084
  Epoch 42 [180/337] loss=0.0528 mask=0.0444 iou=0.0084
  Epoch 42 [190/337] loss=0.0530 mask=0.0445 iou=0.0085
  Epoch 42 [200/337] loss=0.0528 mask=0.0444 iou=0.0084
  Epoch 42 [210/337] loss=0.0520 mask=0.0438 iou=0.0081
  Epoch 42 [220/337] loss=0.0514 mask=0.0435 iou=0.0080
  Epoch 42 [230/337] loss=0.0535 mask=0.0450 iou=0.0085
  Epoch 42 [240/337] loss=0.0528 mask=0.0445 iou=0.0083
  Epoch 42 [250/337] loss=0.0530 mask=0.0446 iou=0.0084
  Epoch 42 [260/337] loss=0.0529 mask=0.0445 iou=0.0084
  Epoch 42 [270/337] loss=0.0524 mask=0.0441 iou=0.0083
  Epoch 42 [280/337] loss=0.0521 mask=0.0439 iou=0.0082
  Epoch 42 [290/337] loss=0.0523 mask=0.0440 iou=0.0083
  Epoch 42 [300/337] loss=0.0528 mask=0.0443 iou=0.0085
  Epoch 42 [310/337] loss=0.0532 mask=0.0447 iou=0.0086
  Epoch 42 [320/337] loss=0.0526 mask=0.0441 iou=0.0085
  Epoch 42 [330/337] loss=0.0528 mask=0.0443 iou=0.0085
  Train: loss=0.0539 mask=0.0451 iou=0.0088 time=279.8s
  Val epoch 42: loss=0.1805

=== Phase1 Epoch 43/49 ===
  Epoch 43 [10/337] loss=0.0434 mask=0.0381 iou=0.0053
  Epoch 43 [20/337] loss=0.0504 mask=0.0426 iou=0.0079
  Epoch 43 [30/337] loss=0.0507 mask=0.0430 iou=0.0077
  Epoch 43 [40/337] loss=0.0620 mask=0.0499 iou=0.0121
  Epoch 43 [50/337] loss=0.0587 mask=0.0476 iou=0.0112
  Epoch 43 [60/337] loss=0.0569 mask=0.0464 iou=0.0105
  Epoch 43 [70/337] loss=0.0539 mask=0.0446 iou=0.0093
  Epoch 43 [80/337] loss=0.0546 mask=0.0451 iou=0.0095
  Epoch 43 [90/337] loss=0.0551 mask=0.0458 iou=0.0094
  Epoch 43 [100/337] loss=0.0554 mask=0.0462 iou=0.0092
  Epoch 43 [110/337] loss=0.0544 mask=0.0454 iou=0.0090
  Epoch 43 [120/337] loss=0.0547 mask=0.0458 iou=0.0089
  Epoch 43 [130/337] loss=0.0568 mask=0.0471 iou=0.0097
  Epoch 43 [140/337] loss=0.0555 mask=0.0461 iou=0.0094
  Epoch 43 [150/337] loss=0.0551 mask=0.0460 iou=0.0091
  Epoch 43 [160/337] loss=0.0546 mask=0.0455 iou=0.0091
  Epoch 43 [170/337] loss=0.0538 mask=0.0450 iou=0.0088
  Epoch 43 [180/337] loss=0.0537 mask=0.0449 iou=0.0088
  Epoch 43 [190/337] loss=0.0537 mask=0.0449 iou=0.0088
  Epoch 43 [200/337] loss=0.0535 mask=0.0449 iou=0.0086
  Epoch 43 [210/337] loss=0.0528 mask=0.0444 iou=0.0084
  Epoch 43 [220/337] loss=0.0523 mask=0.0441 iou=0.0082
  Epoch 43 [230/337] loss=0.0518 mask=0.0437 iou=0.0081
  Epoch 43 [240/337] loss=0.0534 mask=0.0448 iou=0.0085
  Epoch 43 [250/337] loss=0.0526 mask=0.0442 iou=0.0084
  Epoch 43 [260/337] loss=0.0521 mask=0.0438 iou=0.0083
  Epoch 43 [270/337] loss=0.0524 mask=0.0440 iou=0.0084
  Epoch 43 [280/337] loss=0.0535 mask=0.0451 iou=0.0084
  Epoch 43 [290/337] loss=0.0526 mask=0.0443 iou=0.0083
  Epoch 43 [300/337] loss=0.0527 mask=0.0444 iou=0.0084
  Epoch 43 [310/337] loss=0.0528 mask=0.0443 iou=0.0084
  Epoch 43 [320/337] loss=0.0532 mask=0.0447 iou=0.0085
  Epoch 43 [330/337] loss=0.0532 mask=0.0446 iou=0.0085
  Train: loss=0.0538 mask=0.0452 iou=0.0086 time=284.6s
  Val epoch 43: loss=0.1797

=== Phase1 Epoch 44/49 ===
  Epoch 44 [10/337] loss=0.0633 mask=0.0533 iou=0.0100
  Epoch 44 [20/337] loss=0.0651 mask=0.0530 iou=0.0120
  Epoch 44 [30/337] loss=0.0619 mask=0.0515 iou=0.0104
  Epoch 44 [40/337] loss=0.0606 mask=0.0505 iou=0.0101
  Epoch 44 [50/337] loss=0.0575 mask=0.0483 iou=0.0091
  Epoch 44 [60/337] loss=0.0559 mask=0.0474 iou=0.0085
  Epoch 44 [70/337] loss=0.0534 mask=0.0452 iou=0.0082
  Epoch 44 [80/337] loss=0.0544 mask=0.0460 iou=0.0084
  Epoch 44 [90/337] loss=0.0540 mask=0.0454 iou=0.0086
  Epoch 44 [100/337] loss=0.0538 mask=0.0452 iou=0.0086
  Epoch 44 [110/337] loss=0.0546 mask=0.0456 iou=0.0089
  Epoch 44 [120/337] loss=0.0536 mask=0.0451 iou=0.0086
  Epoch 44 [130/337] loss=0.0546 mask=0.0457 iou=0.0089
  Epoch 44 [140/337] loss=0.0542 mask=0.0454 iou=0.0088
  Epoch 44 [150/337] loss=0.0547 mask=0.0459 iou=0.0088
  Epoch 44 [160/337] loss=0.0556 mask=0.0465 iou=0.0091
  Epoch 44 [170/337] loss=0.0555 mask=0.0465 iou=0.0090
  Epoch 44 [180/337] loss=0.0558 mask=0.0467 iou=0.0091
  Epoch 44 [190/337] loss=0.0548 mask=0.0459 iou=0.0089
  Epoch 44 [200/337] loss=0.0552 mask=0.0461 iou=0.0091
  Epoch 44 [210/337] loss=0.0550 mask=0.0460 iou=0.0090
  Epoch 44 [220/337] loss=0.0541 mask=0.0452 iou=0.0088
  Epoch 44 [230/337] loss=0.0536 mask=0.0450 iou=0.0086
  Epoch 44 [240/337] loss=0.0542 mask=0.0452 iou=0.0090
  Epoch 44 [250/337] loss=0.0535 mask=0.0447 iou=0.0088
  Epoch 44 [260/337] loss=0.0532 mask=0.0445 iou=0.0087
  Epoch 44 [270/337] loss=0.0534 mask=0.0446 iou=0.0088
  Epoch 44 [280/337] loss=0.0531 mask=0.0444 iou=0.0087
  Epoch 44 [290/337] loss=0.0525 mask=0.0439 iou=0.0085
  Epoch 44 [300/337] loss=0.0522 mask=0.0438 iou=0.0084
  Epoch 44 [310/337] loss=0.0521 mask=0.0438 iou=0.0084
  Epoch 44 [320/337] loss=0.0520 mask=0.0437 iou=0.0083
  Epoch 44 [330/337] loss=0.0526 mask=0.0440 iou=0.0085
  Train: loss=0.0537 mask=0.0452 iou=0.0085 time=313.0s
  Val epoch 44: loss=0.1770

=== Phase1 Epoch 45/49 ===
  Epoch 45 [10/337] loss=0.0388 mask=0.0316 iou=0.0073
  Epoch 45 [20/337] loss=0.0409 mask=0.0354 iou=0.0055
  Epoch 45 [30/337] loss=0.0396 mask=0.0341 iou=0.0055
  Epoch 45 [40/337] loss=0.0430 mask=0.0372 iou=0.0058
  Epoch 45 [50/337] loss=0.0427 mask=0.0371 iou=0.0056
  Epoch 45 [60/337] loss=0.0458 mask=0.0394 iou=0.0064
  Epoch 45 [70/337] loss=0.0470 mask=0.0400 iou=0.0070
  Epoch 45 [80/337] loss=0.0486 mask=0.0414 iou=0.0072
  Epoch 45 [90/337] loss=0.0481 mask=0.0406 iou=0.0075
  Epoch 45 [100/337] loss=0.0475 mask=0.0403 iou=0.0072
  Epoch 45 [110/337] loss=0.0484 mask=0.0410 iou=0.0074
  Epoch 45 [120/337] loss=0.0505 mask=0.0426 iou=0.0079
  Epoch 45 [130/337] loss=0.0504 mask=0.0425 iou=0.0079
  Epoch 45 [140/337] loss=0.0497 mask=0.0420 iou=0.0077
  Epoch 45 [150/337] loss=0.0513 mask=0.0431 iou=0.0082
  Epoch 45 [160/337] loss=0.0518 mask=0.0433 iou=0.0085
  Epoch 45 [170/337] loss=0.0521 mask=0.0436 iou=0.0085
  Epoch 45 [180/337] loss=0.0527 mask=0.0441 iou=0.0086
  Epoch 45 [190/337] loss=0.0533 mask=0.0448 iou=0.0085
  Epoch 45 [200/337] loss=0.0541 mask=0.0453 iou=0.0088
  Epoch 45 [210/337] loss=0.0543 mask=0.0453 iou=0.0090
  Epoch 45 [220/337] loss=0.0541 mask=0.0453 iou=0.0088
  Epoch 45 [230/337] loss=0.0539 mask=0.0451 iou=0.0088
  Epoch 45 [240/337] loss=0.0537 mask=0.0449 iou=0.0088
  Epoch 45 [250/337] loss=0.0528 mask=0.0442 iou=0.0086
  Epoch 45 [260/337] loss=0.0531 mask=0.0444 iou=0.0087
  Epoch 45 [270/337] loss=0.0541 mask=0.0451 iou=0.0090
  Epoch 45 [280/337] loss=0.0542 mask=0.0452 iou=0.0089
  Epoch 45 [290/337] loss=0.0538 mask=0.0450 iou=0.0088
  Epoch 45 [300/337] loss=0.0537 mask=0.0449 iou=0.0088
  Epoch 45 [310/337] loss=0.0542 mask=0.0452 iou=0.0090
  Epoch 45 [320/337] loss=0.0543 mask=0.0454 iou=0.0089
  Epoch 45 [330/337] loss=0.0546 mask=0.0457 iou=0.0089
  Train: loss=0.0552 mask=0.0461 iou=0.0091 time=304.4s
  Val epoch 45: loss=0.1827

=== Phase1 Epoch 46/49 ===
  Epoch 46 [10/337] loss=0.0498 mask=0.0411 iou=0.0087
  Epoch 46 [20/337] loss=0.0631 mask=0.0544 iou=0.0088
  Epoch 46 [30/337] loss=0.0542 mask=0.0461 iou=0.0081
  Epoch 46 [40/337] loss=0.0541 mask=0.0462 iou=0.0079
  Epoch 46 [50/337] loss=0.0554 mask=0.0474 iou=0.0080
  Epoch 46 [60/337] loss=0.0526 mask=0.0453 iou=0.0073
  Epoch 46 [70/337] loss=0.0512 mask=0.0443 iou=0.0068
  Epoch 46 [80/337] loss=0.0514 mask=0.0443 iou=0.0071
  Epoch 46 [90/337] loss=0.0526 mask=0.0452 iou=0.0074
  Epoch 46 [100/337] loss=0.0504 mask=0.0435 iou=0.0070
  Epoch 46 [110/337] loss=0.0535 mask=0.0457 iou=0.0078
  Epoch 46 [120/337] loss=0.0537 mask=0.0458 iou=0.0079
  Epoch 46 [130/337] loss=0.0527 mask=0.0450 iou=0.0077
  Epoch 46 [140/337] loss=0.0509 mask=0.0437 iou=0.0072
  Epoch 46 [150/337] loss=0.0515 mask=0.0442 iou=0.0073
  Epoch 46 [160/337] loss=0.0516 mask=0.0441 iou=0.0075
  Epoch 46 [170/337] loss=0.0514 mask=0.0440 iou=0.0074
  Epoch 46 [180/337] loss=0.0517 mask=0.0443 iou=0.0074
  Epoch 46 [190/337] loss=0.0513 mask=0.0439 iou=0.0074
  Epoch 46 [200/337] loss=0.0510 mask=0.0436 iou=0.0074
  Epoch 46 [210/337] loss=0.0510 mask=0.0436 iou=0.0074
  Epoch 46 [220/337] loss=0.0504 mask=0.0431 iou=0.0073
  Epoch 46 [230/337] loss=0.0497 mask=0.0425 iou=0.0072
  Epoch 46 [240/337] loss=0.0501 mask=0.0427 iou=0.0073
  Epoch 46 [250/337] loss=0.0506 mask=0.0432 iou=0.0075
  Epoch 46 [260/337] loss=0.0502 mask=0.0428 iou=0.0074
  Epoch 46 [270/337] loss=0.0505 mask=0.0430 iou=0.0074
  Epoch 46 [280/337] loss=0.0506 mask=0.0430 iou=0.0075
  Epoch 46 [290/337] loss=0.0518 mask=0.0438 iou=0.0079
  Epoch 46 [300/337] loss=0.0514 mask=0.0436 iou=0.0078
  Epoch 46 [310/337] loss=0.0522 mask=0.0442 iou=0.0080
  Epoch 46 [320/337] loss=0.0523 mask=0.0442 iou=0.0080
  Epoch 46 [330/337] loss=0.0517 mask=0.0438 iou=0.0079
  Train: loss=0.0524 mask=0.0442 iou=0.0081 time=284.8s
  Val epoch 46: loss=0.1817

=== Phase1 Epoch 47/49 ===
  Epoch 47 [10/337] loss=0.0454 mask=0.0404 iou=0.0050
  Epoch 47 [20/337] loss=0.0589 mask=0.0524 iou=0.0066
  Epoch 47 [30/337] loss=0.0544 mask=0.0484 iou=0.0060
  Epoch 47 [40/337] loss=0.0533 mask=0.0468 iou=0.0065
  Epoch 47 [50/337] loss=0.0515 mask=0.0453 iou=0.0062
  Epoch 47 [60/337] loss=0.0517 mask=0.0454 iou=0.0063
  Epoch 47 [70/337] loss=0.0609 mask=0.0524 iou=0.0085
  Epoch 47 [80/337] loss=0.0576 mask=0.0497 iou=0.0079
  Epoch 47 [90/337] loss=0.0572 mask=0.0491 iou=0.0080
  Epoch 47 [100/337] loss=0.0568 mask=0.0487 iou=0.0081
  Epoch 47 [110/337] loss=0.0547 mask=0.0471 iou=0.0076
  Epoch 47 [120/337] loss=0.0546 mask=0.0470 iou=0.0077
  Epoch 47 [130/337] loss=0.0529 mask=0.0455 iou=0.0074
  Epoch 47 [140/337] loss=0.0523 mask=0.0449 iou=0.0074
  Epoch 47 [150/337] loss=0.0534 mask=0.0456 iou=0.0078
  Epoch 47 [160/337] loss=0.0530 mask=0.0454 iou=0.0076
  Epoch 47 [170/337] loss=0.0520 mask=0.0447 iou=0.0074
  Epoch 47 [180/337] loss=0.0515 mask=0.0443 iou=0.0072
  Epoch 47 [190/337] loss=0.0520 mask=0.0446 iou=0.0074
  Epoch 47 [200/337] loss=0.0518 mask=0.0444 iou=0.0074
  Epoch 47 [210/337] loss=0.0526 mask=0.0451 iou=0.0076
  Epoch 47 [220/337] loss=0.0525 mask=0.0450 iou=0.0076
  Epoch 47 [230/337] loss=0.0522 mask=0.0447 iou=0.0076
  Epoch 47 [240/337] loss=0.0533 mask=0.0453 iou=0.0080
  Epoch 47 [250/337] loss=0.0526 mask=0.0447 iou=0.0078
  Epoch 47 [260/337] loss=0.0516 mask=0.0441 iou=0.0076
  Epoch 47 [270/337] loss=0.0516 mask=0.0440 iou=0.0076
  Epoch 47 [280/337] loss=0.0514 mask=0.0438 iou=0.0076
  Epoch 47 [290/337] loss=0.0513 mask=0.0438 iou=0.0075
  Epoch 47 [300/337] loss=0.0513 mask=0.0437 iou=0.0075
  Epoch 47 [310/337] loss=0.0512 mask=0.0437 iou=0.0075
  Epoch 47 [320/337] loss=0.0508 mask=0.0434 iou=0.0074
  Epoch 47 [330/337] loss=0.0505 mask=0.0431 iou=0.0074
  Train: loss=0.0506 mask=0.0433 iou=0.0074 time=283.3s
  Val epoch 47: loss=0.1801

=== Phase1 Epoch 48/49 ===
  Epoch 48 [10/337] loss=0.0446 mask=0.0383 iou=0.0063
  Epoch 48 [20/337] loss=0.0570 mask=0.0500 iou=0.0070
  Epoch 48 [30/337] loss=0.0552 mask=0.0483 iou=0.0069
  Epoch 48 [40/337] loss=0.0615 mask=0.0522 iou=0.0093
  Epoch 48 [50/337] loss=0.0588 mask=0.0500 iou=0.0088
  Epoch 48 [60/337] loss=0.0557 mask=0.0472 iou=0.0084
  Epoch 48 [70/337] loss=0.0532 mask=0.0454 iou=0.0078
  Epoch 48 [80/337] loss=0.0520 mask=0.0442 iou=0.0078
  Epoch 48 [90/337] loss=0.0531 mask=0.0446 iou=0.0085
  Epoch 48 [100/337] loss=0.0556 mask=0.0466 iou=0.0090
  Epoch 48 [110/337] loss=0.0559 mask=0.0466 iou=0.0093
  Epoch 48 [120/337] loss=0.0558 mask=0.0466 iou=0.0092
  Epoch 48 [130/337] loss=0.0558 mask=0.0467 iou=0.0090
  Epoch 48 [140/337] loss=0.0560 mask=0.0467 iou=0.0093
  Epoch 48 [150/337] loss=0.0559 mask=0.0465 iou=0.0093
  Epoch 48 [160/337] loss=0.0555 mask=0.0464 iou=0.0091
  Epoch 48 [170/337] loss=0.0561 mask=0.0469 iou=0.0091
  Epoch 48 [180/337] loss=0.0552 mask=0.0463 iou=0.0089
  Epoch 48 [190/337] loss=0.0551 mask=0.0463 iou=0.0089
  Epoch 48 [200/337] loss=0.0539 mask=0.0454 iou=0.0086
  Epoch 48 [210/337] loss=0.0537 mask=0.0451 iou=0.0086
  Epoch 48 [220/337] loss=0.0533 mask=0.0449 iou=0.0085
  Epoch 48 [230/337] loss=0.0531 mask=0.0448 iou=0.0084
  Epoch 48 [240/337] loss=0.0525 mask=0.0443 iou=0.0083
  Epoch 48 [250/337] loss=0.0525 mask=0.0443 iou=0.0082
  Epoch 48 [260/337] loss=0.0528 mask=0.0445 iou=0.0083
  Epoch 48 [270/337] loss=0.0525 mask=0.0442 iou=0.0082
  Epoch 48 [280/337] loss=0.0531 mask=0.0447 iou=0.0084
  Epoch 48 [290/337] loss=0.0531 mask=0.0446 iou=0.0085
  Epoch 48 [300/337] loss=0.0529 mask=0.0445 iou=0.0084
  Epoch 48 [310/337] loss=0.0534 mask=0.0448 iou=0.0085
  Epoch 48 [320/337] loss=0.0536 mask=0.0451 iou=0.0085
  Epoch 48 [330/337] loss=0.0536 mask=0.0450 iou=0.0086
  Train: loss=0.0533 mask=0.0448 iou=0.0085 time=282.4s
  Val epoch 48: loss=0.1810

=== Phase1 Epoch 49/49 ===
  Epoch 49 [10/337] loss=0.0407 mask=0.0340 iou=0.0067
  Epoch 49 [20/337] loss=0.0454 mask=0.0377 iou=0.0077
  Epoch 49 [30/337] loss=0.0502 mask=0.0415 iou=0.0087
  Epoch 49 [40/337] loss=0.0541 mask=0.0442 iou=0.0099
  Epoch 49 [50/337] loss=0.0543 mask=0.0444 iou=0.0099
  Epoch 49 [60/337] loss=0.0536 mask=0.0443 iou=0.0093
  Epoch 49 [70/337] loss=0.0531 mask=0.0440 iou=0.0092
  Epoch 49 [80/337] loss=0.0524 mask=0.0438 iou=0.0086
  Epoch 49 [90/337] loss=0.0528 mask=0.0442 iou=0.0085
  Epoch 49 [100/337] loss=0.0537 mask=0.0449 iou=0.0088
  Epoch 49 [110/337] loss=0.0543 mask=0.0453 iou=0.0090
  Epoch 49 [120/337] loss=0.0547 mask=0.0456 iou=0.0091
  Epoch 49 [130/337] loss=0.0569 mask=0.0478 iou=0.0092
  Epoch 49 [140/337] loss=0.0564 mask=0.0473 iou=0.0090
  Epoch 49 [150/337] loss=0.0557 mask=0.0469 iou=0.0088
  Epoch 49 [160/337] loss=0.0539 mask=0.0455 iou=0.0084
  Epoch 49 [170/337] loss=0.0537 mask=0.0453 iou=0.0084
  Epoch 49 [180/337] loss=0.0540 mask=0.0456 iou=0.0084
  Epoch 49 [190/337] loss=0.0549 mask=0.0461 iou=0.0088
  Epoch 49 [200/337] loss=0.0558 mask=0.0466 iou=0.0091
  Epoch 49 [210/337] loss=0.0552 mask=0.0463 iou=0.0089
  Epoch 49 [220/337] loss=0.0542 mask=0.0456 iou=0.0086
  Epoch 49 [230/337] loss=0.0545 mask=0.0457 iou=0.0087
  Epoch 49 [240/337] loss=0.0539 mask=0.0453 iou=0.0086
  Epoch 49 [250/337] loss=0.0536 mask=0.0452 iou=0.0085
  Epoch 49 [260/337] loss=0.0534 mask=0.0451 iou=0.0084
  Epoch 49 [270/337] loss=0.0533 mask=0.0450 iou=0.0083
  Epoch 49 [280/337] loss=0.0529 mask=0.0448 iou=0.0081
  Epoch 49 [290/337] loss=0.0529 mask=0.0447 iou=0.0082
  Epoch 49 [300/337] loss=0.0524 mask=0.0444 iou=0.0080
  Epoch 49 [310/337] loss=0.0523 mask=0.0444 iou=0.0079
  Epoch 49 [320/337] loss=0.0528 mask=0.0447 iou=0.0081
  Epoch 49 [330/337] loss=0.0527 mask=0.0446 iou=0.0080
  Train: loss=0.0534 mask=0.0453 iou=0.0080 time=308.7s
  Val epoch 49: loss=0.1815

Phase 1 complete. Best val loss: 0.1707

============================================================
PHASE 2: Depth training (depth loss, only depth branch trainable)
============================================================
Loading phase 1 checkpoint: /data3/LXT/DINOv3-SAM/model_sam/0_sam/phase1_best.pt
Initialized depth branch from SAM inner weights (depth_prediction_head random)
Phase 2: Total params: 97,379,069  Trainable: 3,643,597

=== Phase2 Epoch 0/49 ===
  Epoch 0 [10/337] loss=0.0051 mask=0.7875 depth=0.5092
  Epoch 0 [20/337] loss=0.0037 mask=0.7975 depth=0.3725
  Epoch 0 [30/337] loss=0.0034 mask=0.7661 depth=0.3422
  Epoch 0 [40/337] loss=0.0033 mask=0.7583 depth=0.3276
  Epoch 0 [50/337] loss=0.0033 mask=0.7453 depth=0.3253
  Epoch 0 [60/337] loss=0.0031 mask=0.7364 depth=0.3116
  Epoch 0 [70/337] loss=0.0031 mask=0.7388 depth=0.3144
  Epoch 0 [80/337] loss=0.0031 mask=0.7310 depth=0.3086
  Epoch 0 [90/337] loss=0.0031 mask=0.7219 depth=0.3058
  Epoch 0 [100/337] loss=0.0031 mask=0.7151 depth=0.3052
  Epoch 0 [110/337] loss=0.0029 mask=0.7123 depth=0.2946
  Epoch 0 [120/337] loss=0.0029 mask=0.7052 depth=0.2872
  Epoch 0 [130/337] loss=0.0028 mask=0.6996 depth=0.2751
  Epoch 0 [140/337] loss=0.0027 mask=0.6928 depth=0.2680
  Epoch 0 [150/337] loss=0.0026 mask=0.6840 depth=0.2602
  Epoch 0 [160/337] loss=0.0026 mask=0.6836 depth=0.2566
  Epoch 0 [170/337] loss=0.0025 mask=0.6775 depth=0.2479
  Epoch 0 [180/337] loss=0.0024 mask=0.6755 depth=0.2446
  Epoch 0 [190/337] loss=0.0024 mask=0.6734 depth=0.2393
  Epoch 0 [200/337] loss=0.0023 mask=0.6679 depth=0.2327
  Epoch 0 [210/337] loss=0.0023 mask=0.6642 depth=0.2281
  Epoch 0 [220/337] loss=0.0023 mask=0.6655 depth=0.2283
  Epoch 0 [230/337] loss=0.0023 mask=0.6625 depth=0.2254
  Epoch 0 [240/337] loss=0.0022 mask=0.6622 depth=0.2223
  Epoch 0 [250/337] loss=0.0022 mask=0.6621 depth=0.2209
  Epoch 0 [260/337] loss=0.0022 mask=0.6595 depth=0.2184
  Epoch 0 [270/337] loss=0.0022 mask=0.6594 depth=0.2157
  Epoch 0 [280/337] loss=0.0021 mask=0.6584 depth=0.2121
  Epoch 0 [290/337] loss=0.0021 mask=0.6577 depth=0.2084
  Epoch 0 [300/337] loss=0.0020 mask=0.6564 depth=0.2045
  Epoch 0 [310/337] loss=0.0020 mask=0.6548 depth=0.2005
  Epoch 0 [320/337] loss=0.0020 mask=0.6555 depth=0.1985
  Epoch 0 [330/337] loss=0.0019 mask=0.6566 depth=0.1948
  Train: loss=0.0019 mask=0.6579 depth=0.1942 time=286.2s
  Val epoch 0: loss=0.0040
  Saved best phase2 model (val_loss=0.0040)

=== Phase2 Epoch 1/49 ===
  Epoch 1 [10/337] loss=0.0007 mask=0.6294 depth=0.0664
  Epoch 1 [20/337] loss=0.0009 mask=0.6291 depth=0.0886
  Epoch 1 [30/337] loss=0.0009 mask=0.6185 depth=0.0883
  Epoch 1 [40/337] loss=0.0010 mask=0.6179 depth=0.0950
  Epoch 1 [50/337] loss=0.0010 mask=0.6232 depth=0.0990
  Epoch 1 [60/337] loss=0.0010 mask=0.6202 depth=0.1033
  Epoch 1 [70/337] loss=0.0010 mask=0.6339 depth=0.1027
  Epoch 1 [80/337] loss=0.0010 mask=0.6316 depth=0.0968
  Epoch 1 [90/337] loss=0.0010 mask=0.6266 depth=0.0966
  Epoch 1 [100/337] loss=0.0009 mask=0.6172 depth=0.0920
  Epoch 1 [110/337] loss=0.0009 mask=0.6117 depth=0.0900
  Epoch 1 [120/337] loss=0.0009 mask=0.6078 depth=0.0890
  Epoch 1 [130/337] loss=0.0009 mask=0.6023 depth=0.0874
  Epoch 1 [140/337] loss=0.0009 mask=0.6001 depth=0.0884
  Epoch 1 [150/337] loss=0.0009 mask=0.5977 depth=0.0883
  Epoch 1 [160/337] loss=0.0009 mask=0.6002 depth=0.0890
  Epoch 1 [170/337] loss=0.0009 mask=0.6007 depth=0.0862
  Epoch 1 [180/337] loss=0.0009 mask=0.6054 depth=0.0860
  Epoch 1 [190/337] loss=0.0009 mask=0.6046 depth=0.0861
  Epoch 1 [200/337] loss=0.0009 mask=0.6025 depth=0.0855
  Epoch 1 [210/337] loss=0.0009 mask=0.6050 depth=0.0873
  Epoch 1 [220/337] loss=0.0009 mask=0.6063 depth=0.0892
  Epoch 1 [230/337] loss=0.0009 mask=0.6080 depth=0.0890
  Epoch 1 [240/337] loss=0.0009 mask=0.6054 depth=0.0882
  Epoch 1 [250/337] loss=0.0009 mask=0.6013 depth=0.0868
  Epoch 1 [260/337] loss=0.0009 mask=0.6000 depth=0.0854
  Epoch 1 [270/337] loss=0.0008 mask=0.5961 depth=0.0845
  Epoch 1 [280/337] loss=0.0008 mask=0.5932 depth=0.0830
  Epoch 1 [290/337] loss=0.0008 mask=0.5922 depth=0.0820
  Epoch 1 [300/337] loss=0.0008 mask=0.5896 depth=0.0806
  Epoch 1 [310/337] loss=0.0008 mask=0.5869 depth=0.0804
  Epoch 1 [320/337] loss=0.0008 mask=0.5884 depth=0.0793
  Epoch 1 [330/337] loss=0.0008 mask=0.5903 depth=0.0788
  Train: loss=0.0008 mask=0.5893 depth=0.0789 time=276.4s
  Val epoch 1: loss=0.0032
  Saved best phase2 model (val_loss=0.0032)

=== Phase2 Epoch 2/49 ===
  Epoch 2 [10/337] loss=0.0004 mask=0.6553 depth=0.0395
  Epoch 2 [20/337] loss=0.0008 mask=0.6232 depth=0.0751
  Epoch 2 [30/337] loss=0.0007 mask=0.6022 depth=0.0741
  Epoch 2 [40/337] loss=0.0007 mask=0.6062 depth=0.0717
  Epoch 2 [50/337] loss=0.0007 mask=0.6010 depth=0.0678
  Epoch 2 [60/337] loss=0.0006 mask=0.5850 depth=0.0625
  Epoch 2 [70/337] loss=0.0006 mask=0.5919 depth=0.0635
  Epoch 2 [80/337] loss=0.0006 mask=0.5872 depth=0.0610
  Epoch 2 [90/337] loss=0.0006 mask=0.5860 depth=0.0601
  Epoch 2 [100/337] loss=0.0006 mask=0.5826 depth=0.0597
  Epoch 2 [110/337] loss=0.0006 mask=0.5811 depth=0.0608
  Epoch 2 [120/337] loss=0.0006 mask=0.5800 depth=0.0578
  Epoch 2 [130/337] loss=0.0006 mask=0.5867 depth=0.0557
  Epoch 2 [140/337] loss=0.0005 mask=0.5843 depth=0.0547
  Epoch 2 [150/337] loss=0.0005 mask=0.5879 depth=0.0537
  Epoch 2 [160/337] loss=0.0005 mask=0.5864 depth=0.0523
  Epoch 2 [170/337] loss=0.0005 mask=0.5885 depth=0.0528
  Epoch 2 [180/337] loss=0.0005 mask=0.5883 depth=0.0520
  Epoch 2 [190/337] loss=0.0005 mask=0.5906 depth=0.0513
  Epoch 2 [200/337] loss=0.0005 mask=0.5906 depth=0.0504
  Epoch 2 [210/337] loss=0.0005 mask=0.5889 depth=0.0505
  Epoch 2 [220/337] loss=0.0005 mask=0.5870 depth=0.0501
  Epoch 2 [230/337] loss=0.0005 mask=0.5859 depth=0.0495
  Epoch 2 [240/337] loss=0.0005 mask=0.5889 depth=0.0491
  Epoch 2 [250/337] loss=0.0005 mask=0.5850 depth=0.0495
  Epoch 2 [260/337] loss=0.0005 mask=0.5814 depth=0.0488
  Epoch 2 [270/337] loss=0.0005 mask=0.5798 depth=0.0486
  Epoch 2 [280/337] loss=0.0005 mask=0.5820 depth=0.0480
  Epoch 2 [290/337] loss=0.0005 mask=0.5802 depth=0.0493
  Epoch 2 [300/337] loss=0.0005 mask=0.5806 depth=0.0502
  Epoch 2 [310/337] loss=0.0005 mask=0.5801 depth=0.0497
  Epoch 2 [320/337] loss=0.0005 mask=0.5807 depth=0.0497
  Epoch 2 [330/337] loss=0.0005 mask=0.5783 depth=0.0499
  Train: loss=0.0005 mask=0.5767 depth=0.0499 time=269.7s
  Val epoch 2: loss=0.0028
  Saved best phase2 model (val_loss=0.0028)

=== Phase2 Epoch 3/49 ===
  Epoch 3 [10/337] loss=0.0008 mask=0.5169 depth=0.0786
  Epoch 3 [20/337] loss=0.0006 mask=0.5636 depth=0.0602
  Epoch 3 [30/337] loss=0.0005 mask=0.5785 depth=0.0487
  Epoch 3 [40/337] loss=0.0004 mask=0.5904 depth=0.0443
  Epoch 3 [50/337] loss=0.0004 mask=0.5898 depth=0.0411
  Epoch 3 [60/337] loss=0.0004 mask=0.5695 depth=0.0396
  Epoch 3 [70/337] loss=0.0004 mask=0.5569 depth=0.0394
  Epoch 3 [80/337] loss=0.0004 mask=0.5497 depth=0.0377
  Epoch 3 [90/337] loss=0.0004 mask=0.5493 depth=0.0392
  Epoch 3 [100/337] loss=0.0004 mask=0.5530 depth=0.0386
  Epoch 3 [110/337] loss=0.0004 mask=0.5517 depth=0.0376
  Epoch 3 [120/337] loss=0.0004 mask=0.5531 depth=0.0377
  Epoch 3 [130/337] loss=0.0004 mask=0.5547 depth=0.0366
  Epoch 3 [140/337] loss=0.0004 mask=0.5528 depth=0.0385
  Epoch 3 [150/337] loss=0.0004 mask=0.5529 depth=0.0383
  Epoch 3 [160/337] loss=0.0004 mask=0.5526 depth=0.0377
  Epoch 3 [170/337] loss=0.0004 mask=0.5487 depth=0.0370
  Epoch 3 [180/337] loss=0.0004 mask=0.5494 depth=0.0374
  Epoch 3 [190/337] loss=0.0004 mask=0.5498 depth=0.0372
  Epoch 3 [200/337] loss=0.0004 mask=0.5458 depth=0.0366
  Epoch 3 [210/337] loss=0.0004 mask=0.5424 depth=0.0362
  Epoch 3 [220/337] loss=0.0004 mask=0.5386 depth=0.0363
  Epoch 3 [230/337] loss=0.0004 mask=0.5400 depth=0.0367
  Epoch 3 [240/337] loss=0.0004 mask=0.5348 depth=0.0360
  Epoch 3 [250/337] loss=0.0004 mask=0.5317 depth=0.0366
  Epoch 3 [260/337] loss=0.0004 mask=0.5316 depth=0.0363
  Epoch 3 [270/337] loss=0.0004 mask=0.5316 depth=0.0384
  Epoch 3 [280/337] loss=0.0004 mask=0.5324 depth=0.0383
  Epoch 3 [290/337] loss=0.0004 mask=0.5304 depth=0.0383
  Epoch 3 [300/337] loss=0.0004 mask=0.5252 depth=0.0379
  Epoch 3 [310/337] loss=0.0004 mask=0.5236 depth=0.0379
  Epoch 3 [320/337] loss=0.0004 mask=0.5212 depth=0.0374
  Epoch 3 [330/337] loss=0.0004 mask=0.5182 depth=0.0371
  Train: loss=0.0004 mask=0.5188 depth=0.0373 time=267.4s
  Val epoch 3: loss=0.0025
  Saved best phase2 model (val_loss=0.0025)

=== Phase2 Epoch 4/49 ===
  Epoch 4 [10/337] loss=0.0004 mask=0.5184 depth=0.0361
  Epoch 4 [20/337] loss=0.0004 mask=0.5084 depth=0.0425
  Epoch 4 [30/337] loss=0.0004 mask=0.5473 depth=0.0450
  Epoch 4 [40/337] loss=0.0004 mask=0.5855 depth=0.0444
  Epoch 4 [50/337] loss=0.0004 mask=0.5609 depth=0.0432
  Epoch 4 [60/337] loss=0.0004 mask=0.5657 depth=0.0395
  Epoch 4 [70/337] loss=0.0004 mask=0.5523 depth=0.0362
  Epoch 4 [80/337] loss=0.0003 mask=0.5472 depth=0.0349
  Epoch 4 [90/337] loss=0.0003 mask=0.5436 depth=0.0338
  Epoch 4 [100/337] loss=0.0003 mask=0.5370 depth=0.0319
  Epoch 4 [110/337] loss=0.0003 mask=0.5297 depth=0.0333
  Epoch 4 [120/337] loss=0.0003 mask=0.5294 depth=0.0324
  Epoch 4 [130/337] loss=0.0003 mask=0.5303 depth=0.0321
  Epoch 4 [140/337] loss=0.0003 mask=0.5268 depth=0.0314
  Epoch 4 [150/337] loss=0.0003 mask=0.5230 depth=0.0304
  Epoch 4 [160/337] loss=0.0003 mask=0.5220 depth=0.0296
  Epoch 4 [170/337] loss=0.0003 mask=0.5179 depth=0.0292
  Epoch 4 [180/337] loss=0.0003 mask=0.5119 depth=0.0292
  Epoch 4 [190/337] loss=0.0003 mask=0.5135 depth=0.0296
  Epoch 4 [200/337] loss=0.0003 mask=0.5125 depth=0.0294
  Epoch 4 [210/337] loss=0.0003 mask=0.5097 depth=0.0288
  Epoch 4 [220/337] loss=0.0003 mask=0.5087 depth=0.0284
  Epoch 4 [230/337] loss=0.0003 mask=0.5050 depth=0.0279
  Epoch 4 [240/337] loss=0.0003 mask=0.5066 depth=0.0282
  Epoch 4 [250/337] loss=0.0003 mask=0.5036 depth=0.0278
  Epoch 4 [260/337] loss=0.0003 mask=0.5047 depth=0.0279
  Epoch 4 [270/337] loss=0.0003 mask=0.5055 depth=0.0282
  Epoch 4 [280/337] loss=0.0003 mask=0.5023 depth=0.0279
  Epoch 4 [290/337] loss=0.0003 mask=0.4987 depth=0.0280
  Epoch 4 [300/337] loss=0.0003 mask=0.4957 depth=0.0277
  Epoch 4 [310/337] loss=0.0003 mask=0.4955 depth=0.0274
  Epoch 4 [320/337] loss=0.0003 mask=0.4971 depth=0.0272
  Epoch 4 [330/337] loss=0.0003 mask=0.4979 depth=0.0268
  Train: loss=0.0003 mask=0.4988 depth=0.0282 time=269.6s
  Val epoch 4: loss=0.0026

=== Phase2 Epoch 5/49 ===
  Epoch 5 [10/337] loss=0.0003 mask=0.4744 depth=0.0307
  Epoch 5 [20/337] loss=0.0003 mask=0.4931 depth=0.0332
  Epoch 5 [30/337] loss=0.0003 mask=0.5093 depth=0.0277
  Epoch 5 [40/337] loss=0.0002 mask=0.5048 depth=0.0241
  Epoch 5 [50/337] loss=0.0002 mask=0.4978 depth=0.0219
  Epoch 5 [60/337] loss=0.0002 mask=0.4985 depth=0.0232
  Epoch 5 [70/337] loss=0.0002 mask=0.4942 depth=0.0227
  Epoch 5 [80/337] loss=0.0002 mask=0.4898 depth=0.0222
  Epoch 5 [90/337] loss=0.0002 mask=0.4917 depth=0.0236
  Epoch 5 [100/337] loss=0.0002 mask=0.4863 depth=0.0229
  Epoch 5 [110/337] loss=0.0002 mask=0.4866 depth=0.0226
  Epoch 5 [120/337] loss=0.0002 mask=0.4913 depth=0.0217
  Epoch 5 [130/337] loss=0.0002 mask=0.4872 depth=0.0231
  Epoch 5 [140/337] loss=0.0002 mask=0.4849 depth=0.0227
  Epoch 5 [150/337] loss=0.0002 mask=0.4915 depth=0.0220
  Epoch 5 [160/337] loss=0.0002 mask=0.4921 depth=0.0220
  Epoch 5 [170/337] loss=0.0002 mask=0.4959 depth=0.0217
  Epoch 5 [180/337] loss=0.0002 mask=0.4925 depth=0.0221
  Epoch 5 [190/337] loss=0.0002 mask=0.4990 depth=0.0220
  Epoch 5 [200/337] loss=0.0002 mask=0.5003 depth=0.0219
  Epoch 5 [210/337] loss=0.0002 mask=0.4956 depth=0.0217
  Epoch 5 [220/337] loss=0.0002 mask=0.4935 depth=0.0215
  Epoch 5 [230/337] loss=0.0002 mask=0.4923 depth=0.0214
  Epoch 5 [240/337] loss=0.0002 mask=0.4915 depth=0.0209
  Epoch 5 [250/337] loss=0.0002 mask=0.4921 depth=0.0208
  Epoch 5 [260/337] loss=0.0002 mask=0.4939 depth=0.0206
  Epoch 5 [270/337] loss=0.0002 mask=0.4915 depth=0.0202
  Epoch 5 [280/337] loss=0.0002 mask=0.4918 depth=0.0199
  Epoch 5 [290/337] loss=0.0002 mask=0.4893 depth=0.0198
  Epoch 5 [300/337] loss=0.0002 mask=0.4892 depth=0.0196
  Epoch 5 [310/337] loss=0.0002 mask=0.4880 depth=0.0196
  Epoch 5 [320/337] loss=0.0002 mask=0.4877 depth=0.0198
  Epoch 5 [330/337] loss=0.0002 mask=0.4881 depth=0.0199
  Train: loss=0.0002 mask=0.4876 depth=0.0217 time=280.7s
  Val epoch 5: loss=0.0020
  Saved best phase2 model (val_loss=0.0020)

=== Phase2 Epoch 6/49 ===
  Epoch 6 [10/337] loss=0.0003 mask=0.4066 depth=0.0292
  Epoch 6 [20/337] loss=0.0002 mask=0.4370 depth=0.0239
  Epoch 6 [30/337] loss=0.0002 mask=0.4459 depth=0.0198
  Epoch 6 [40/337] loss=0.0002 mask=0.4533 depth=0.0220
  Epoch 6 [50/337] loss=0.0003 mask=0.4603 depth=0.0251
  Epoch 6 [60/337] loss=0.0003 mask=0.4593 depth=0.0259
  Epoch 6 [70/337] loss=0.0003 mask=0.4707 depth=0.0253
  Epoch 6 [80/337] loss=0.0002 mask=0.4775 depth=0.0241
  Epoch 6 [90/337] loss=0.0002 mask=0.4787 depth=0.0247
  Epoch 6 [100/337] loss=0.0002 mask=0.4820 depth=0.0245
  Epoch 6 [110/337] loss=0.0003 mask=0.4784 depth=0.0253
  Epoch 6 [120/337] loss=0.0002 mask=0.4734 depth=0.0245
  Epoch 6 [130/337] loss=0.0003 mask=0.4749 depth=0.0251
  Epoch 6 [140/337] loss=0.0002 mask=0.4784 depth=0.0245
  Epoch 6 [150/337] loss=0.0002 mask=0.4750 depth=0.0239
  Epoch 6 [160/337] loss=0.0002 mask=0.4773 depth=0.0234
  Epoch 6 [170/337] loss=0.0002 mask=0.4846 depth=0.0231
  Epoch 6 [180/337] loss=0.0002 mask=0.4847 depth=0.0240
  Epoch 6 [190/337] loss=0.0002 mask=0.4865 depth=0.0238
  Epoch 6 [200/337] loss=0.0002 mask=0.4855 depth=0.0242
  Epoch 6 [210/337] loss=0.0002 mask=0.4886 depth=0.0241
  Epoch 6 [220/337] loss=0.0002 mask=0.4865 depth=0.0238
  Epoch 6 [230/337] loss=0.0002 mask=0.4838 depth=0.0234
  Epoch 6 [240/337] loss=0.0002 mask=0.4814 depth=0.0232
  Epoch 6 [250/337] loss=0.0002 mask=0.4838 depth=0.0230
  Epoch 6 [260/337] loss=0.0002 mask=0.4839 depth=0.0226
  Epoch 6 [270/337] loss=0.0002 mask=0.4848 depth=0.0221
  Epoch 6 [280/337] loss=0.0002 mask=0.4828 depth=0.0217
  Epoch 6 [290/337] loss=0.0002 mask=0.4830 depth=0.0217
  Epoch 6 [300/337] loss=0.0002 mask=0.4789 depth=0.0214
  Epoch 6 [310/337] loss=0.0002 mask=0.4765 depth=0.0211
  Epoch 6 [320/337] loss=0.0002 mask=0.4764 depth=0.0208
  Epoch 6 [330/337] loss=0.0002 mask=0.4748 depth=0.0205
  Train: loss=0.0002 mask=0.4756 depth=0.0205 time=269.8s
  Val epoch 6: loss=0.0018
  Saved best phase2 model (val_loss=0.0018)

=== Phase2 Epoch 7/49 ===
  Epoch 7 [10/337] loss=0.0001 mask=0.4485 depth=0.0132
  Epoch 7 [20/337] loss=0.0001 mask=0.4964 depth=0.0120
  Epoch 7 [30/337] loss=0.0001 mask=0.5123 depth=0.0133
  Epoch 7 [40/337] loss=0.0001 mask=0.4897 depth=0.0131
  Epoch 7 [50/337] loss=0.0001 mask=0.4800 depth=0.0126
  Epoch 7 [60/337] loss=0.0001 mask=0.4781 depth=0.0120
  Epoch 7 [70/337] loss=0.0001 mask=0.4871 depth=0.0127
  Epoch 7 [80/337] loss=0.0001 mask=0.4766 depth=0.0120
  Epoch 7 [90/337] loss=0.0001 mask=0.4736 depth=0.0125
  Epoch 7 [100/337] loss=0.0001 mask=0.4749 depth=0.0127
  Epoch 7 [110/337] loss=0.0001 mask=0.4713 depth=0.0125
  Epoch 7 [120/337] loss=0.0001 mask=0.4694 depth=0.0124
  Epoch 7 [130/337] loss=0.0001 mask=0.4737 depth=0.0126
  Epoch 7 [140/337] loss=0.0001 mask=0.4744 depth=0.0130
  Epoch 7 [150/337] loss=0.0001 mask=0.4760 depth=0.0130
  Epoch 7 [160/337] loss=0.0001 mask=0.4741 depth=0.0127
  Epoch 7 [170/337] loss=0.0001 mask=0.4740 depth=0.0130
  Epoch 7 [180/337] loss=0.0001 mask=0.4728 depth=0.0131
  Epoch 7 [190/337] loss=0.0001 mask=0.4683 depth=0.0130
  Epoch 7 [200/337] loss=0.0001 mask=0.4624 depth=0.0128
  Epoch 7 [210/337] loss=0.0001 mask=0.4625 depth=0.0129
  Epoch 7 [220/337] loss=0.0001 mask=0.4635 depth=0.0132
  Epoch 7 [230/337] loss=0.0001 mask=0.4624 depth=0.0138
  Epoch 7 [240/337] loss=0.0001 mask=0.4604 depth=0.0141
  Epoch 7 [250/337] loss=0.0001 mask=0.4614 depth=0.0143
  Epoch 7 [260/337] loss=0.0001 mask=0.4638 depth=0.0143
  Epoch 7 [270/337] loss=0.0001 mask=0.4634 depth=0.0141
  Epoch 7 [280/337] loss=0.0001 mask=0.4612 depth=0.0140
  Epoch 7 [290/337] loss=0.0001 mask=0.4613 depth=0.0140
  Epoch 7 [300/337] loss=0.0001 mask=0.4590 depth=0.0139
  Epoch 7 [310/337] loss=0.0001 mask=0.4609 depth=0.0138
  Epoch 7 [320/337] loss=0.0001 mask=0.4631 depth=0.0136
  Epoch 7 [330/337] loss=0.0001 mask=0.4619 depth=0.0135
  Train: loss=0.0001 mask=0.4625 depth=0.0142 time=269.3s
  Val epoch 7: loss=0.0019

=== Phase2 Epoch 8/49 ===
  Epoch 8 [10/337] loss=0.0001 mask=0.4058 depth=0.0122
  Epoch 8 [20/337] loss=0.0001 mask=0.4569 depth=0.0110
  Epoch 8 [30/337] loss=0.0001 mask=0.4769 depth=0.0119
  Epoch 8 [40/337] loss=0.0001 mask=0.4699 depth=0.0112
  Epoch 8 [50/337] loss=0.0001 mask=0.4602 depth=0.0104
  Epoch 8 [60/337] loss=0.0001 mask=0.4672 depth=0.0104
  Epoch 8 [70/337] loss=0.0001 mask=0.4659 depth=0.0102
  Epoch 8 [80/337] loss=0.0001 mask=0.4676 depth=0.0102
  Epoch 8 [90/337] loss=0.0001 mask=0.4640 depth=0.0101
  Epoch 8 [100/337] loss=0.0001 mask=0.4638 depth=0.0100
  Epoch 8 [110/337] loss=0.0001 mask=0.4680 depth=0.0109
  Epoch 8 [120/337] loss=0.0001 mask=0.4617 depth=0.0110
  Epoch 8 [130/337] loss=0.0001 mask=0.4636 depth=0.0113
  Epoch 8 [140/337] loss=0.0001 mask=0.4617 depth=0.0112
  Epoch 8 [150/337] loss=0.0001 mask=0.4661 depth=0.0115
  Epoch 8 [160/337] loss=0.0001 mask=0.4668 depth=0.0115
  Epoch 8 [170/337] loss=0.0001 mask=0.4654 depth=0.0113
  Epoch 8 [180/337] loss=0.0001 mask=0.4709 depth=0.0114
  Epoch 8 [190/337] loss=0.0001 mask=0.4703 depth=0.0114
  Epoch 8 [200/337] loss=0.0001 mask=0.4651 depth=0.0114
  Epoch 8 [210/337] loss=0.0001 mask=0.4634 depth=0.0115
  Epoch 8 [220/337] loss=0.0001 mask=0.4628 depth=0.0115
  Epoch 8 [230/337] loss=0.0001 mask=0.4582 depth=0.0113
  Epoch 8 [240/337] loss=0.0001 mask=0.4559 depth=0.0112
  Epoch 8 [250/337] loss=0.0001 mask=0.4545 depth=0.0110
  Epoch 8 [260/337] loss=0.0001 mask=0.4533 depth=0.0108
  Epoch 8 [270/337] loss=0.0001 mask=0.4517 depth=0.0107
  Epoch 8 [280/337] loss=0.0001 mask=0.4499 depth=0.0107
  Epoch 8 [290/337] loss=0.0001 mask=0.4515 depth=0.0108
  Epoch 8 [300/337] loss=0.0001 mask=0.4499 depth=0.0108
  Epoch 8 [310/337] loss=0.0001 mask=0.4508 depth=0.0115
  Epoch 8 [320/337] loss=0.0001 mask=0.4524 depth=0.0125
  Epoch 8 [330/337] loss=0.0001 mask=0.4494 depth=0.0128
  Train: loss=0.0001 mask=0.4503 depth=0.0145 time=268.6s
  Val epoch 8: loss=0.0019

=== Phase2 Epoch 9/49 ===
  Epoch 9 [10/337] loss=0.0005 mask=0.3737 depth=0.0461
  Epoch 9 [20/337] loss=0.0003 mask=0.4478 depth=0.0326
  Epoch 9 [30/337] loss=0.0003 mask=0.4612 depth=0.0274
  Epoch 9 [40/337] loss=0.0003 mask=0.4675 depth=0.0251
  Epoch 9 [50/337] loss=0.0002 mask=0.4564 depth=0.0235
  Epoch 9 [60/337] loss=0.0002 mask=0.4574 depth=0.0222
  Epoch 9 [70/337] loss=0.0002 mask=0.4506 depth=0.0212
  Epoch 9 [80/337] loss=0.0002 mask=0.4562 depth=0.0202
  Epoch 9 [90/337] loss=0.0002 mask=0.4524 depth=0.0192
  Epoch 9 [100/337] loss=0.0002 mask=0.4550 depth=0.0182
  Epoch 9 [110/337] loss=0.0002 mask=0.4488 depth=0.0176
  Epoch 9 [120/337] loss=0.0002 mask=0.4472 depth=0.0169
  Epoch 9 [130/337] loss=0.0002 mask=0.4534 depth=0.0168
  Epoch 9 [140/337] loss=0.0002 mask=0.4526 depth=0.0165
  Epoch 9 [150/337] loss=0.0002 mask=0.4503 depth=0.0162
  Epoch 9 [160/337] loss=0.0002 mask=0.4528 depth=0.0160
  Epoch 9 [170/337] loss=0.0002 mask=0.4550 depth=0.0158
  Epoch 9 [180/337] loss=0.0002 mask=0.4566 depth=0.0156
  Epoch 9 [190/337] loss=0.0002 mask=0.4584 depth=0.0160
  Epoch 9 [200/337] loss=0.0002 mask=0.4578 depth=0.0159
  Epoch 9 [210/337] loss=0.0002 mask=0.4607 depth=0.0159
  Epoch 9 [220/337] loss=0.0002 mask=0.4602 depth=0.0160
  Epoch 9 [230/337] loss=0.0002 mask=0.4589 depth=0.0160
  Epoch 9 [240/337] loss=0.0002 mask=0.4561 depth=0.0158
  Epoch 9 [250/337] loss=0.0002 mask=0.4548 depth=0.0157
  Epoch 9 [260/337] loss=0.0002 mask=0.4568 depth=0.0155
  Epoch 9 [270/337] loss=0.0002 mask=0.4560 depth=0.0152
  Epoch 9 [280/337] loss=0.0001 mask=0.4557 depth=0.0150
  Epoch 9 [290/337] loss=0.0001 mask=0.4553 depth=0.0148
  Epoch 9 [300/337] loss=0.0001 mask=0.4547 depth=0.0147
  Epoch 9 [310/337] loss=0.0001 mask=0.4556 depth=0.0146
  Epoch 9 [320/337] loss=0.0001 mask=0.4542 depth=0.0144
  Epoch 9 [330/337] loss=0.0001 mask=0.4530 depth=0.0143
  Train: loss=0.0002 mask=0.4529 depth=0.0151 time=266.0s
  Val epoch 9: loss=0.0016
  Saved best phase2 model (val_loss=0.0016)

=== Phase2 Epoch 10/49 ===
  Epoch 10 [10/337] loss=0.0001 mask=0.5007 depth=0.0106
  Epoch 10 [20/337] loss=0.0001 mask=0.4270 depth=0.0102
  Epoch 10 [30/337] loss=0.0001 mask=0.4350 depth=0.0124
  Epoch 10 [40/337] loss=0.0001 mask=0.4141 depth=0.0111
  Epoch 10 [50/337] loss=0.0001 mask=0.4146 depth=0.0104
  Epoch 10 [60/337] loss=0.0001 mask=0.4120 depth=0.0096
  Epoch 10 [70/337] loss=0.0001 mask=0.4130 depth=0.0091
  Epoch 10 [80/337] loss=0.0001 mask=0.4117 depth=0.0092
  Epoch 10 [90/337] loss=0.0001 mask=0.4182 depth=0.0090
  Epoch 10 [100/337] loss=0.0001 mask=0.4171 depth=0.0089
  Epoch 10 [110/337] loss=0.0001 mask=0.4186 depth=0.0089
  Epoch 10 [120/337] loss=0.0001 mask=0.4250 depth=0.0087
  Epoch 10 [130/337] loss=0.0001 mask=0.4212 depth=0.0087
  Epoch 10 [140/337] loss=0.0001 mask=0.4180 depth=0.0085
  Epoch 10 [150/337] loss=0.0001 mask=0.4166 depth=0.0085
  Epoch 10 [160/337] loss=0.0001 mask=0.4150 depth=0.0084
  Epoch 10 [170/337] loss=0.0001 mask=0.4139 depth=0.0083
  Epoch 10 [180/337] loss=0.0001 mask=0.4106 depth=0.0080
  Epoch 10 [190/337] loss=0.0001 mask=0.4115 depth=0.0081
  Epoch 10 [200/337] loss=0.0001 mask=0.4120 depth=0.0081
  Epoch 10 [210/337] loss=0.0001 mask=0.4133 depth=0.0082
  Epoch 10 [220/337] loss=0.0001 mask=0.4104 depth=0.0080
  Epoch 10 [230/337] loss=0.0001 mask=0.4110 depth=0.0080
  Epoch 10 [240/337] loss=0.0001 mask=0.4099 depth=0.0079
  Epoch 10 [250/337] loss=0.0001 mask=0.4083 depth=0.0079
  Epoch 10 [260/337] loss=0.0001 mask=0.4095 depth=0.0078
  Epoch 10 [270/337] loss=0.0001 mask=0.4090 depth=0.0078
  Epoch 10 [280/337] loss=0.0001 mask=0.4088 depth=0.0079
  Epoch 10 [290/337] loss=0.0001 mask=0.4094 depth=0.0078
  Epoch 10 [300/337] loss=0.0001 mask=0.4106 depth=0.0078
  Epoch 10 [310/337] loss=0.0001 mask=0.4111 depth=0.0078
  Epoch 10 [320/337] loss=0.0001 mask=0.4084 depth=0.0078
  Epoch 10 [330/337] loss=0.0001 mask=0.4093 depth=0.0078
  Train: loss=0.0001 mask=0.4110 depth=0.0079 time=267.2s
  Val epoch 10: loss=0.0017

=== Phase2 Epoch 11/49 ===
  Epoch 11 [10/337] loss=0.0001 mask=0.4368 depth=0.0074
  Epoch 11 [20/337] loss=0.0001 mask=0.4243 depth=0.0067
  Epoch 11 [30/337] loss=0.0001 mask=0.4186 depth=0.0070
  Epoch 11 [40/337] loss=0.0001 mask=0.4243 depth=0.0070
  Epoch 11 [50/337] loss=0.0001 mask=0.4253 depth=0.0068
  Epoch 11 [60/337] loss=0.0001 mask=0.4284 depth=0.0066
  Epoch 11 [70/337] loss=0.0001 mask=0.4313 depth=0.0065
  Epoch 11 [80/337] loss=0.0001 mask=0.4313 depth=0.0064
  Epoch 11 [90/337] loss=0.0001 mask=0.4310 depth=0.0066
  Epoch 11 [100/337] loss=0.0001 mask=0.4284 depth=0.0066
  Epoch 11 [110/337] loss=0.0001 mask=0.4311 depth=0.0064
  Epoch 11 [120/337] loss=0.0001 mask=0.4275 depth=0.0064
  Epoch 11 [130/337] loss=0.0001 mask=0.4246 depth=0.0064
  Epoch 11 [140/337] loss=0.0001 mask=0.4243 depth=0.0067
  Epoch 11 [150/337] loss=0.0001 mask=0.4203 depth=0.0067
  Epoch 11 [160/337] loss=0.0001 mask=0.4191 depth=0.0067
  Epoch 11 [170/337] loss=0.0001 mask=0.4199 depth=0.0067
  Epoch 11 [180/337] loss=0.0001 mask=0.4238 depth=0.0067
  Epoch 11 [190/337] loss=0.0001 mask=0.4268 depth=0.0067
  Epoch 11 [200/337] loss=0.0001 mask=0.4250 depth=0.0065
  Epoch 11 [210/337] loss=0.0001 mask=0.4257 depth=0.0066
  Epoch 11 [220/337] loss=0.0001 mask=0.4226 depth=0.0065
  Epoch 11 [230/337] loss=0.0001 mask=0.4249 depth=0.0066
  Epoch 11 [240/337] loss=0.0001 mask=0.4308 depth=0.0065
  Epoch 11 [250/337] loss=0.0001 mask=0.4314 depth=0.0065
  Epoch 11 [260/337] loss=0.0001 mask=0.4298 depth=0.0065
  Epoch 11 [270/337] loss=0.0001 mask=0.4292 depth=0.0065
  Epoch 11 [280/337] loss=0.0001 mask=0.4287 depth=0.0066
  Epoch 11 [290/337] loss=0.0001 mask=0.4253 depth=0.0066
  Epoch 11 [300/337] loss=0.0001 mask=0.4250 depth=0.0065
  Epoch 11 [310/337] loss=0.0001 mask=0.4276 depth=0.0067
  Epoch 11 [320/337] loss=0.0001 mask=0.4288 depth=0.0068
  Epoch 11 [330/337] loss=0.0001 mask=0.4256 depth=0.0068
  Train: loss=0.0001 mask=0.4257 depth=0.0073 time=265.2s
  Val epoch 11: loss=0.0016

=== Phase2 Epoch 12/49 ===
  Epoch 12 [10/337] loss=0.0001 mask=0.2953 depth=0.0051
  Epoch 12 [20/337] loss=0.0001 mask=0.3270 depth=0.0062
  Epoch 12 [30/337] loss=0.0001 mask=0.3610 depth=0.0065
  Epoch 12 [40/337] loss=0.0001 mask=0.3635 depth=0.0066
  Epoch 12 [50/337] loss=0.0001 mask=0.3847 depth=0.0070
  Epoch 12 [60/337] loss=0.0001 mask=0.3918 depth=0.0069
  Epoch 12 [70/337] loss=0.0001 mask=0.3901 depth=0.0066
  Epoch 12 [80/337] loss=0.0001 mask=0.3899 depth=0.0065
  Epoch 12 [90/337] loss=0.0001 mask=0.3955 depth=0.0066
  Epoch 12 [100/337] loss=0.0001 mask=0.3953 depth=0.0066
  Epoch 12 [110/337] loss=0.0001 mask=0.3930 depth=0.0065
  Epoch 12 [120/337] loss=0.0001 mask=0.3935 depth=0.0064
  Epoch 12 [130/337] loss=0.0001 mask=0.3993 depth=0.0063
  Epoch 12 [140/337] loss=0.0001 mask=0.4062 depth=0.0065
  Epoch 12 [150/337] loss=0.0001 mask=0.4081 depth=0.0064
  Epoch 12 [160/337] loss=0.0001 mask=0.4092 depth=0.0064
  Epoch 12 [170/337] loss=0.0001 mask=0.4114 depth=0.0063
  Epoch 12 [180/337] loss=0.0001 mask=0.4128 depth=0.0064
  Epoch 12 [190/337] loss=0.0001 mask=0.4137 depth=0.0065
  Epoch 12 [200/337] loss=0.0001 mask=0.4152 depth=0.0064
  Epoch 12 [210/337] loss=0.0001 mask=0.4153 depth=0.0064
  Epoch 12 [220/337] loss=0.0001 mask=0.4134 depth=0.0064
  Epoch 12 [230/337] loss=0.0001 mask=0.4166 depth=0.0064
  Epoch 12 [240/337] loss=0.0001 mask=0.4203 depth=0.0064
  Epoch 12 [250/337] loss=0.0001 mask=0.4198 depth=0.0064
  Epoch 12 [260/337] loss=0.0001 mask=0.4202 depth=0.0064
  Epoch 12 [270/337] loss=0.0001 mask=0.4170 depth=0.0064
  Epoch 12 [280/337] loss=0.0001 mask=0.4175 depth=0.0063
  Epoch 12 [290/337] loss=0.0001 mask=0.4163 depth=0.0063
  Epoch 12 [300/337] loss=0.0001 mask=0.4161 depth=0.0064
  Epoch 12 [310/337] loss=0.0001 mask=0.4151 depth=0.0064
  Epoch 12 [320/337] loss=0.0001 mask=0.4152 depth=0.0065
  Epoch 12 [330/337] loss=0.0001 mask=0.4155 depth=0.0065
  Train: loss=0.0001 mask=0.4160 depth=0.0067 time=265.4s
  Val epoch 12: loss=0.0015
  Saved best phase2 model (val_loss=0.0015)

=== Phase2 Epoch 13/49 ===
  Epoch 13 [10/337] loss=0.0001 mask=0.3613 depth=0.0051
  Epoch 13 [20/337] loss=0.0001 mask=0.4217 depth=0.0062
  Epoch 13 [30/337] loss=0.0001 mask=0.4093 depth=0.0058
  Epoch 13 [40/337] loss=0.0001 mask=0.4214 depth=0.0054
  Epoch 13 [50/337] loss=0.0001 mask=0.4134 depth=0.0054
  Epoch 13 [60/337] loss=0.0001 mask=0.4116 depth=0.0054
  Epoch 13 [70/337] loss=0.0001 mask=0.4007 depth=0.0052
  Epoch 13 [80/337] loss=0.0001 mask=0.3978 depth=0.0052
  Epoch 13 [90/337] loss=0.0001 mask=0.3958 depth=0.0051
  Epoch 13 [100/337] loss=0.0001 mask=0.4000 depth=0.0051
  Epoch 13 [110/337] loss=0.0001 mask=0.4022 depth=0.0055
  Epoch 13 [120/337] loss=0.0001 mask=0.3932 depth=0.0055
  Epoch 13 [130/337] loss=0.0001 mask=0.3932 depth=0.0054
  Epoch 13 [140/337] loss=0.0001 mask=0.3893 depth=0.0056
  Epoch 13 [150/337] loss=0.0001 mask=0.3888 depth=0.0056
  Epoch 13 [160/337] loss=0.0001 mask=0.3886 depth=0.0056
  Epoch 13 [170/337] loss=0.0001 mask=0.3913 depth=0.0056
  Epoch 13 [180/337] loss=0.0001 mask=0.3911 depth=0.0056
  Epoch 13 [190/337] loss=0.0001 mask=0.3998 depth=0.0058
  Epoch 13 [200/337] loss=0.0001 mask=0.4026 depth=0.0059
  Epoch 13 [210/337] loss=0.0001 mask=0.4052 depth=0.0059
  Epoch 13 [220/337] loss=0.0001 mask=0.4063 depth=0.0058
  Epoch 13 [230/337] loss=0.0001 mask=0.4065 depth=0.0058
  Epoch 13 [240/337] loss=0.0001 mask=0.4066 depth=0.0057
  Epoch 13 [250/337] loss=0.0001 mask=0.4062 depth=0.0057
  Epoch 13 [260/337] loss=0.0001 mask=0.4060 depth=0.0057
  Epoch 13 [270/337] loss=0.0001 mask=0.4090 depth=0.0057
  Epoch 13 [280/337] loss=0.0001 mask=0.4069 depth=0.0057
  Epoch 13 [290/337] loss=0.0001 mask=0.4059 depth=0.0057
  Epoch 13 [300/337] loss=0.0001 mask=0.4044 depth=0.0057
  Epoch 13 [310/337] loss=0.0001 mask=0.4047 depth=0.0057
  Epoch 13 [320/337] loss=0.0001 mask=0.4066 depth=0.0058
  Epoch 13 [330/337] loss=0.0001 mask=0.4074 depth=0.0058
  Train: loss=0.0001 mask=0.4083 depth=0.0059 time=268.6s
  Val epoch 13: loss=0.0015
  Saved best phase2 model (val_loss=0.0015)

=== Phase2 Epoch 14/49 ===
  Epoch 14 [10/337] loss=0.0000 mask=0.4675 depth=0.0040
  Epoch 14 [20/337] loss=0.0000 mask=0.4657 depth=0.0046
  Epoch 14 [30/337] loss=0.0000 mask=0.4358 depth=0.0050
  Epoch 14 [40/337] loss=0.0001 mask=0.4215 depth=0.0053
  Epoch 14 [50/337] loss=0.0001 mask=0.4190 depth=0.0052
  Epoch 14 [60/337] loss=0.0001 mask=0.4091 depth=0.0052
  Epoch 14 [70/337] loss=0.0001 mask=0.4071 depth=0.0050
  Epoch 14 [80/337] loss=0.0001 mask=0.4141 depth=0.0051
  Epoch 14 [90/337] loss=0.0000 mask=0.4122 depth=0.0049
  Epoch 14 [100/337] loss=0.0000 mask=0.4095 depth=0.0049
  Epoch 14 [110/337] loss=0.0000 mask=0.4080 depth=0.0049
  Epoch 14 [120/337] loss=0.0000 mask=0.4061 depth=0.0050
  Epoch 14 [130/337] loss=0.0000 mask=0.4086 depth=0.0049
  Epoch 14 [140/337] loss=0.0000 mask=0.4039 depth=0.0049
  Epoch 14 [150/337] loss=0.0000 mask=0.4010 depth=0.0048
  Epoch 14 [160/337] loss=0.0000 mask=0.3949 depth=0.0049
  Epoch 14 [170/337] loss=0.0001 mask=0.3976 depth=0.0051
  Epoch 14 [180/337] loss=0.0001 mask=0.3968 depth=0.0052
  Epoch 14 [190/337] loss=0.0001 mask=0.3980 depth=0.0052
  Epoch 14 [200/337] loss=0.0001 mask=0.3977 depth=0.0051
  Epoch 14 [210/337] loss=0.0001 mask=0.3989 depth=0.0050
  Epoch 14 [220/337] loss=0.0001 mask=0.3981 depth=0.0050
  Epoch 14 [230/337] loss=0.0001 mask=0.4000 depth=0.0050
  Epoch 14 [240/337] loss=0.0000 mask=0.4011 depth=0.0050
  Epoch 14 [250/337] loss=0.0000 mask=0.4039 depth=0.0049
  Epoch 14 [260/337] loss=0.0000 mask=0.4043 depth=0.0049
  Epoch 14 [270/337] loss=0.0000 mask=0.4053 depth=0.0049
  Epoch 14 [280/337] loss=0.0000 mask=0.4068 depth=0.0050
  Epoch 14 [290/337] loss=0.0001 mask=0.4097 depth=0.0050
  Epoch 14 [300/337] loss=0.0001 mask=0.4079 depth=0.0051
  Epoch 14 [310/337] loss=0.0001 mask=0.4085 depth=0.0051
  Epoch 14 [320/337] loss=0.0001 mask=0.4105 depth=0.0052
  Epoch 14 [330/337] loss=0.0001 mask=0.4114 depth=0.0052
  Train: loss=0.0001 mask=0.4097 depth=0.0066 time=288.2s
  Val epoch 14: loss=0.0015
  Saved best phase2 model (val_loss=0.0015)

=== Phase2 Epoch 15/49 ===
  Epoch 15 [10/337] loss=0.0001 mask=0.4931 depth=0.0123
  Epoch 15 [20/337] loss=0.0001 mask=0.4279 depth=0.0111
  Epoch 15 [30/337] loss=0.0001 mask=0.4296 depth=0.0105
  Epoch 15 [40/337] loss=0.0001 mask=0.4110 depth=0.0093
  Epoch 15 [50/337] loss=0.0001 mask=0.4110 depth=0.0090
  Epoch 15 [60/337] loss=0.0001 mask=0.4181 depth=0.0082
  Epoch 15 [70/337] loss=0.0001 mask=0.4146 depth=0.0077
  Epoch 15 [80/337] loss=0.0001 mask=0.4145 depth=0.0076
  Epoch 15 [90/337] loss=0.0001 mask=0.4108 depth=0.0073
  Epoch 15 [100/337] loss=0.0001 mask=0.4190 depth=0.0072
  Epoch 15 [110/337] loss=0.0001 mask=0.4169 depth=0.0075
  Epoch 15 [120/337] loss=0.0001 mask=0.4141 depth=0.0074
  Epoch 15 [130/337] loss=0.0001 mask=0.4139 depth=0.0071
  Epoch 15 [140/337] loss=0.0001 mask=0.4139 depth=0.0071
  Epoch 15 [150/337] loss=0.0001 mask=0.4158 depth=0.0070
  Epoch 15 [160/337] loss=0.0001 mask=0.4202 depth=0.0069
  Epoch 15 [170/337] loss=0.0001 mask=0.4172 depth=0.0068
  Epoch 15 [180/337] loss=0.0001 mask=0.4143 depth=0.0066
  Epoch 15 [190/337] loss=0.0001 mask=0.4137 depth=0.0065
  Epoch 15 [200/337] loss=0.0001 mask=0.4110 depth=0.0063
  Epoch 15 [210/337] loss=0.0001 mask=0.4115 depth=0.0063
  Epoch 15 [220/337] loss=0.0001 mask=0.4142 depth=0.0063
  Epoch 15 [230/337] loss=0.0001 mask=0.4136 depth=0.0063
  Epoch 15 [240/337] loss=0.0001 mask=0.4127 depth=0.0063
  Epoch 15 [250/337] loss=0.0001 mask=0.4130 depth=0.0063
  Epoch 15 [260/337] loss=0.0001 mask=0.4132 depth=0.0062
  Epoch 15 [270/337] loss=0.0001 mask=0.4153 depth=0.0061
  Epoch 15 [280/337] loss=0.0001 mask=0.4121 depth=0.0060
  Epoch 15 [290/337] loss=0.0001 mask=0.4092 depth=0.0060
  Epoch 15 [300/337] loss=0.0001 mask=0.4078 depth=0.0059
  Epoch 15 [310/337] loss=0.0001 mask=0.4075 depth=0.0059
  Epoch 15 [320/337] loss=0.0001 mask=0.4082 depth=0.0059
  Epoch 15 [330/337] loss=0.0001 mask=0.4103 depth=0.0060
  Train: loss=0.0001 mask=0.4116 depth=0.0069 time=294.9s
  Val epoch 15: loss=0.0013
  Saved best phase2 model (val_loss=0.0013)

=== Phase2 Epoch 16/49 ===
  Epoch 16 [10/337] loss=0.0001 mask=0.4107 depth=0.0063
  Epoch 16 [20/337] loss=0.0001 mask=0.4088 depth=0.0064
  Epoch 16 [30/337] loss=0.0001 mask=0.4345 depth=0.0074
  Epoch 16 [40/337] loss=0.0001 mask=0.4300 depth=0.0074
  Epoch 16 [50/337] loss=0.0001 mask=0.4184 depth=0.0070
  Epoch 16 [60/337] loss=0.0001 mask=0.4216 depth=0.0066
  Epoch 16 [70/337] loss=0.0001 mask=0.4250 depth=0.0063
  Epoch 16 [80/337] loss=0.0001 mask=0.4223 depth=0.0064
  Epoch 16 [90/337] loss=0.0001 mask=0.4142 depth=0.0062
  Epoch 16 [100/337] loss=0.0001 mask=0.4188 depth=0.0061
  Epoch 16 [110/337] loss=0.0001 mask=0.4182 depth=0.0058
  Epoch 16 [120/337] loss=0.0001 mask=0.4169 depth=0.0058
  Epoch 16 [130/337] loss=0.0001 mask=0.4127 depth=0.0056
  Epoch 16 [140/337] loss=0.0001 mask=0.4154 depth=0.0056
  Epoch 16 [150/337] loss=0.0001 mask=0.4135 depth=0.0055
  Epoch 16 [160/337] loss=0.0001 mask=0.4129 depth=0.0055
  Epoch 16 [170/337] loss=0.0001 mask=0.4128 depth=0.0053
  Epoch 16 [180/337] loss=0.0001 mask=0.4126 depth=0.0053
  Epoch 16 [190/337] loss=0.0001 mask=0.4095 depth=0.0054
  Epoch 16 [200/337] loss=0.0001 mask=0.4099 depth=0.0052
  Epoch 16 [210/337] loss=0.0001 mask=0.4089 depth=0.0053
  Epoch 16 [220/337] loss=0.0001 mask=0.4100 depth=0.0053
  Epoch 16 [230/337] loss=0.0001 mask=0.4089 depth=0.0052
  Epoch 16 [240/337] loss=0.0001 mask=0.4097 depth=0.0051
  Epoch 16 [250/337] loss=0.0001 mask=0.4096 depth=0.0051
  Epoch 16 [260/337] loss=0.0001 mask=0.4070 depth=0.0051
  Epoch 16 [270/337] loss=0.0001 mask=0.4056 depth=0.0050
  Epoch 16 [280/337] loss=0.0000 mask=0.4051 depth=0.0050
  Epoch 16 [290/337] loss=0.0001 mask=0.4044 depth=0.0050
  Epoch 16 [300/337] loss=0.0001 mask=0.4045 depth=0.0051
  Epoch 16 [310/337] loss=0.0001 mask=0.4072 depth=0.0051
  Epoch 16 [320/337] loss=0.0001 mask=0.4083 depth=0.0051
  Epoch 16 [330/337] loss=0.0001 mask=0.4060 depth=0.0051
  Train: loss=0.0001 mask=0.4076 depth=0.0055 time=282.6s
  Val epoch 16: loss=0.0013

=== Phase2 Epoch 17/49 ===
  Epoch 17 [10/337] loss=0.0001 mask=0.3876 depth=0.0058
  Epoch 17 [20/337] loss=0.0001 mask=0.3624 depth=0.0057
  Epoch 17 [30/337] loss=0.0001 mask=0.3719 depth=0.0059
  Epoch 17 [40/337] loss=0.0001 mask=0.3749 depth=0.0060
  Epoch 17 [50/337] loss=0.0001 mask=0.3966 depth=0.0059
  Epoch 17 [60/337] loss=0.0001 mask=0.3992 depth=0.0058
  Epoch 17 [70/337] loss=0.0001 mask=0.4025 depth=0.0055
  Epoch 17 [80/337] loss=0.0001 mask=0.4074 depth=0.0055
  Epoch 17 [90/337] loss=0.0001 mask=0.3993 depth=0.0055
  Epoch 17 [100/337] loss=0.0001 mask=0.4001 depth=0.0056
  Epoch 17 [110/337] loss=0.0001 mask=0.3916 depth=0.0054
  Epoch 17 [120/337] loss=0.0001 mask=0.3921 depth=0.0053
  Epoch 17 [130/337] loss=0.0001 mask=0.3878 depth=0.0052
  Epoch 17 [140/337] loss=0.0001 mask=0.3831 depth=0.0051
  Epoch 17 [150/337] loss=0.0001 mask=0.3817 depth=0.0051
  Epoch 17 [160/337] loss=0.0000 mask=0.3866 depth=0.0050
  Epoch 17 [170/337] loss=0.0000 mask=0.3829 depth=0.0049
  Epoch 17 [180/337] loss=0.0000 mask=0.3839 depth=0.0049
  Epoch 17 [190/337] loss=0.0000 mask=0.3830 depth=0.0049
  Epoch 17 [200/337] loss=0.0000 mask=0.3816 depth=0.0048
  Epoch 17 [210/337] loss=0.0000 mask=0.3831 depth=0.0048
  Epoch 17 [220/337] loss=0.0000 mask=0.3856 depth=0.0048
  Epoch 17 [230/337] loss=0.0000 mask=0.3872 depth=0.0049
  Epoch 17 [240/337] loss=0.0000 mask=0.3858 depth=0.0049
  Epoch 17 [250/337] loss=0.0000 mask=0.3833 depth=0.0049
  Epoch 17 [260/337] loss=0.0000 mask=0.3851 depth=0.0050
  Epoch 17 [270/337] loss=0.0000 mask=0.3872 depth=0.0049
  Epoch 17 [280/337] loss=0.0000 mask=0.3887 depth=0.0049
  Epoch 17 [290/337] loss=0.0000 mask=0.3888 depth=0.0049
  Epoch 17 [300/337] loss=0.0000 mask=0.3912 depth=0.0049
  Epoch 17 [310/337] loss=0.0000 mask=0.3939 depth=0.0049
  Epoch 17 [320/337] loss=0.0000 mask=0.3932 depth=0.0049
  Epoch 17 [330/337] loss=0.0000 mask=0.3955 depth=0.0049
  Train: loss=0.0001 mask=0.3971 depth=0.0054 time=329.7s
  Val epoch 17: loss=0.0012
  Saved best phase2 model (val_loss=0.0012)

=== Phase2 Epoch 18/49 ===
  Epoch 18 [10/337] loss=0.0000 mask=0.3803 depth=0.0049
  Epoch 18 [20/337] loss=0.0001 mask=0.3601 depth=0.0053
  Epoch 18 [30/337] loss=0.0001 mask=0.3692 depth=0.0053
  Epoch 18 [40/337] loss=0.0000 mask=0.3511 depth=0.0049
  Epoch 18 [50/337] loss=0.0001 mask=0.3484 depth=0.0052
  Epoch 18 [60/337] loss=0.0001 mask=0.3582 depth=0.0053
  Epoch 18 [70/337] loss=0.0001 mask=0.3575 depth=0.0051
  Epoch 18 [80/337] loss=0.0000 mask=0.3558 depth=0.0047
  Epoch 18 [90/337] loss=0.0000 mask=0.3598 depth=0.0046
  Epoch 18 [100/337] loss=0.0000 mask=0.3587 depth=0.0044
  Epoch 18 [110/337] loss=0.0000 mask=0.3639 depth=0.0044
  Epoch 18 [120/337] loss=0.0000 mask=0.3709 depth=0.0045
  Epoch 18 [130/337] loss=0.0000 mask=0.3729 depth=0.0043
  Epoch 18 [140/337] loss=0.0000 mask=0.3725 depth=0.0044
  Epoch 18 [150/337] loss=0.0000 mask=0.3705 depth=0.0043
  Epoch 18 [160/337] loss=0.0000 mask=0.3761 depth=0.0044
  Epoch 18 [170/337] loss=0.0000 mask=0.3744 depth=0.0044
  Epoch 18 [180/337] loss=0.0000 mask=0.3774 depth=0.0043
  Epoch 18 [190/337] loss=0.0000 mask=0.3770 depth=0.0044
  Epoch 18 [200/337] loss=0.0000 mask=0.3811 depth=0.0045
  Epoch 18 [210/337] loss=0.0000 mask=0.3847 depth=0.0044
  Epoch 18 [220/337] loss=0.0000 mask=0.3828 depth=0.0044
  Epoch 18 [230/337] loss=0.0000 mask=0.3845 depth=0.0045
  Epoch 18 [240/337] loss=0.0000 mask=0.3846 depth=0.0045
  Epoch 18 [250/337] loss=0.0000 mask=0.3842 depth=0.0045
  Epoch 18 [260/337] loss=0.0000 mask=0.3861 depth=0.0045
  Epoch 18 [270/337] loss=0.0000 mask=0.3862 depth=0.0047
  Epoch 18 [280/337] loss=0.0000 mask=0.3876 depth=0.0046
  Epoch 18 [290/337] loss=0.0000 mask=0.3888 depth=0.0046
  Epoch 18 [300/337] loss=0.0000 mask=0.3884 depth=0.0046
  Epoch 18 [310/337] loss=0.0000 mask=0.3843 depth=0.0046
  Epoch 18 [320/337] loss=0.0000 mask=0.3831 depth=0.0046
  Epoch 18 [330/337] loss=0.0000 mask=0.3843 depth=0.0046
  Train: loss=0.0000 mask=0.3845 depth=0.0048 time=296.2s
  Val epoch 18: loss=0.0013

=== Phase2 Epoch 19/49 ===
  Epoch 19 [10/337] loss=0.0001 mask=0.4347 depth=0.0094
  Epoch 19 [20/337] loss=0.0001 mask=0.4062 depth=0.0067
  Epoch 19 [30/337] loss=0.0001 mask=0.4034 depth=0.0062
  Epoch 19 [40/337] loss=0.0001 mask=0.4081 depth=0.0057
  Epoch 19 [50/337] loss=0.0001 mask=0.4055 depth=0.0052
  Epoch 19 [60/337] loss=0.0001 mask=0.4039 depth=0.0051
  Epoch 19 [70/337] loss=0.0000 mask=0.4071 depth=0.0049
  Epoch 19 [80/337] loss=0.0000 mask=0.4065 depth=0.0047
  Epoch 19 [90/337] loss=0.0000 mask=0.4104 depth=0.0049
  Epoch 19 [100/337] loss=0.0000 mask=0.4178 depth=0.0047
  Epoch 19 [110/337] loss=0.0000 mask=0.4127 depth=0.0046
  Epoch 19 [120/337] loss=0.0000 mask=0.4075 depth=0.0045
  Epoch 19 [130/337] loss=0.0000 mask=0.4062 depth=0.0045
  Epoch 19 [140/337] loss=0.0000 mask=0.4052 depth=0.0045
  Epoch 19 [150/337] loss=0.0000 mask=0.4082 depth=0.0045
  Epoch 19 [160/337] loss=0.0000 mask=0.4079 depth=0.0044
  Epoch 19 [170/337] loss=0.0000 mask=0.4017 depth=0.0044
  Epoch 19 [180/337] loss=0.0000 mask=0.3994 depth=0.0044
  Epoch 19 [190/337] loss=0.0000 mask=0.3976 depth=0.0044
  Epoch 19 [200/337] loss=0.0000 mask=0.3973 depth=0.0045
  Epoch 19 [210/337] loss=0.0000 mask=0.3974 depth=0.0045
  Epoch 19 [220/337] loss=0.0000 mask=0.3952 depth=0.0045
  Epoch 19 [230/337] loss=0.0000 mask=0.3929 depth=0.0044
  Epoch 19 [240/337] loss=0.0000 mask=0.3955 depth=0.0044
  Epoch 19 [250/337] loss=0.0000 mask=0.3976 depth=0.0044
  Epoch 19 [260/337] loss=0.0000 mask=0.3987 depth=0.0043
  Epoch 19 [270/337] loss=0.0000 mask=0.3976 depth=0.0043
  Epoch 19 [280/337] loss=0.0000 mask=0.3958 depth=0.0043
  Epoch 19 [290/337] loss=0.0000 mask=0.3952 depth=0.0043
  Epoch 19 [300/337] loss=0.0000 mask=0.3954 depth=0.0043
  Epoch 19 [310/337] loss=0.0000 mask=0.3949 depth=0.0043
  Epoch 19 [320/337] loss=0.0000 mask=0.3951 depth=0.0044
  Epoch 19 [330/337] loss=0.0000 mask=0.3954 depth=0.0044
  Train: loss=0.0000 mask=0.3970 depth=0.0044 time=305.3s
  Val epoch 19: loss=0.0012
  Saved best phase2 model (val_loss=0.0012)

=== Phase2 Epoch 20/49 ===
  Epoch 20 [10/337] loss=0.0000 mask=0.3229 depth=0.0027
  Epoch 20 [20/337] loss=0.0000 mask=0.3891 depth=0.0028
  Epoch 20 [30/337] loss=0.0000 mask=0.3959 depth=0.0031
  Epoch 20 [40/337] loss=0.0000 mask=0.3983 depth=0.0032
  Epoch 20 [50/337] loss=0.0000 mask=0.4002 depth=0.0031
  Epoch 20 [60/337] loss=0.0000 mask=0.3980 depth=0.0029
  Epoch 20 [70/337] loss=0.0000 mask=0.3953 depth=0.0029
  Epoch 20 [80/337] loss=0.0000 mask=0.3888 depth=0.0030
  Epoch 20 [90/337] loss=0.0000 mask=0.3899 depth=0.0030
  Epoch 20 [100/337] loss=0.0000 mask=0.3863 depth=0.0031
  Epoch 20 [110/337] loss=0.0000 mask=0.3873 depth=0.0030
  Epoch 20 [120/337] loss=0.0000 mask=0.3851 depth=0.0030
  Epoch 20 [130/337] loss=0.0000 mask=0.3877 depth=0.0030
  Epoch 20 [140/337] loss=0.0000 mask=0.3855 depth=0.0030
  Epoch 20 [150/337] loss=0.0000 mask=0.3842 depth=0.0030
  Epoch 20 [160/337] loss=0.0000 mask=0.3816 depth=0.0030
  Epoch 20 [170/337] loss=0.0000 mask=0.3866 depth=0.0030
  Epoch 20 [180/337] loss=0.0000 mask=0.3876 depth=0.0030
  Epoch 20 [190/337] loss=0.0000 mask=0.3897 depth=0.0030
  Epoch 20 [200/337] loss=0.0000 mask=0.3914 depth=0.0031
  Epoch 20 [210/337] loss=0.0000 mask=0.3910 depth=0.0031
  Epoch 20 [220/337] loss=0.0000 mask=0.3892 depth=0.0031
  Epoch 20 [230/337] loss=0.0000 mask=0.3867 depth=0.0032
  Epoch 20 [240/337] loss=0.0000 mask=0.3873 depth=0.0031
  Epoch 20 [250/337] loss=0.0000 mask=0.3897 depth=0.0032
  Epoch 20 [260/337] loss=0.0000 mask=0.3908 depth=0.0032
  Epoch 20 [270/337] loss=0.0000 mask=0.3919 depth=0.0032
  Epoch 20 [280/337] loss=0.0000 mask=0.3921 depth=0.0033
  Epoch 20 [290/337] loss=0.0000 mask=0.3908 depth=0.0033
  Epoch 20 [300/337] loss=0.0000 mask=0.3921 depth=0.0033
  Epoch 20 [310/337] loss=0.0000 mask=0.3947 depth=0.0033
  Epoch 20 [320/337] loss=0.0000 mask=0.3967 depth=0.0034
  Epoch 20 [330/337] loss=0.0000 mask=0.3953 depth=0.0033
  Train: loss=0.0001 mask=0.3972 depth=0.0054 time=311.1s
  Val epoch 20: loss=0.0012
  Saved best phase2 model (val_loss=0.0012)

=== Phase2 Epoch 21/49 ===
  Epoch 21 [10/337] loss=0.0000 mask=0.4251 depth=0.0046
  Epoch 21 [20/337] loss=0.0000 mask=0.3998 depth=0.0040
  Epoch 21 [30/337] loss=0.0000 mask=0.3841 depth=0.0044
  Epoch 21 [40/337] loss=0.0000 mask=0.3840 depth=0.0042
  Epoch 21 [50/337] loss=0.0000 mask=0.3814 depth=0.0047
  Epoch 21 [60/337] loss=0.0000 mask=0.3684 depth=0.0046
  Epoch 21 [70/337] loss=0.0000 mask=0.3699 depth=0.0045
  Epoch 21 [80/337] loss=0.0000 mask=0.3700 depth=0.0043
  Epoch 21 [90/337] loss=0.0000 mask=0.3768 depth=0.0043
  Epoch 21 [100/337] loss=0.0000 mask=0.3751 depth=0.0044
  Epoch 21 [110/337] loss=0.0000 mask=0.3797 depth=0.0042
  Epoch 21 [120/337] loss=0.0000 mask=0.3792 depth=0.0041
  Epoch 21 [130/337] loss=0.0000 mask=0.3838 depth=0.0041
  Epoch 21 [140/337] loss=0.0000 mask=0.3870 depth=0.0040
  Epoch 21 [150/337] loss=0.0000 mask=0.3827 depth=0.0040
  Epoch 21 [160/337] loss=0.0000 mask=0.3777 depth=0.0039
  Epoch 21 [170/337] loss=0.0000 mask=0.3764 depth=0.0038
  Epoch 21 [180/337] loss=0.0000 mask=0.3762 depth=0.0038
  Epoch 21 [190/337] loss=0.0000 mask=0.3803 depth=0.0037
  Epoch 21 [200/337] loss=0.0000 mask=0.3761 depth=0.0037
  Epoch 21 [210/337] loss=0.0000 mask=0.3747 depth=0.0037
  Epoch 21 [220/337] loss=0.0000 mask=0.3780 depth=0.0037
  Epoch 21 [230/337] loss=0.0000 mask=0.3768 depth=0.0037
  Epoch 21 [240/337] loss=0.0000 mask=0.3746 depth=0.0037
  Epoch 21 [250/337] loss=0.0000 mask=0.3763 depth=0.0036
  Epoch 21 [260/337] loss=0.0000 mask=0.3760 depth=0.0036
  Epoch 21 [270/337] loss=0.0000 mask=0.3792 depth=0.0036
  Epoch 21 [280/337] loss=0.0000 mask=0.3790 depth=0.0036
  Epoch 21 [290/337] loss=0.0000 mask=0.3790 depth=0.0036
  Epoch 21 [300/337] loss=0.0000 mask=0.3796 depth=0.0035
  Epoch 21 [310/337] loss=0.0000 mask=0.3778 depth=0.0036
  Epoch 21 [320/337] loss=0.0000 mask=0.3801 depth=0.0036
  Epoch 21 [330/337] loss=0.0000 mask=0.3817 depth=0.0036
  Train: loss=0.0000 mask=0.3832 depth=0.0036 time=308.0s
  Val epoch 21: loss=0.0012

=== Phase2 Epoch 22/49 ===
  Epoch 22 [10/337] loss=0.0000 mask=0.3704 depth=0.0028
  Epoch 22 [20/337] loss=0.0000 mask=0.3881 depth=0.0030
  Epoch 22 [30/337] loss=0.0000 mask=0.3876 depth=0.0030
  Epoch 22 [40/337] loss=0.0000 mask=0.3676 depth=0.0033
  Epoch 22 [50/337] loss=0.0000 mask=0.3659 depth=0.0032
  Epoch 22 [60/337] loss=0.0000 mask=0.3711 depth=0.0033
  Epoch 22 [70/337] loss=0.0000 mask=0.3658 depth=0.0033
  Epoch 22 [80/337] loss=0.0000 mask=0.3671 depth=0.0034
  Epoch 22 [90/337] loss=0.0000 mask=0.3710 depth=0.0034
  Epoch 22 [100/337] loss=0.0000 mask=0.3724 depth=0.0034
  Epoch 22 [110/337] loss=0.0000 mask=0.3778 depth=0.0034
  Epoch 22 [120/337] loss=0.0000 mask=0.3731 depth=0.0034
  Epoch 22 [130/337] loss=0.0000 mask=0.3756 depth=0.0033
  Epoch 22 [140/337] loss=0.0000 mask=0.3756 depth=0.0033
  Epoch 22 [150/337] loss=0.0000 mask=0.3776 depth=0.0033
  Epoch 22 [160/337] loss=0.0000 mask=0.3790 depth=0.0033
  Epoch 22 [170/337] loss=0.0000 mask=0.3813 depth=0.0033
  Epoch 22 [180/337] loss=0.0000 mask=0.3835 depth=0.0034
  Epoch 22 [190/337] loss=0.0000 mask=0.3836 depth=0.0034
  Epoch 22 [200/337] loss=0.0000 mask=0.3842 depth=0.0034
  Epoch 22 [210/337] loss=0.0000 mask=0.3818 depth=0.0033
  Epoch 22 [220/337] loss=0.0000 mask=0.3836 depth=0.0033
  Epoch 22 [230/337] loss=0.0000 mask=0.3840 depth=0.0034
  Epoch 22 [240/337] loss=0.0000 mask=0.3867 depth=0.0033
  Epoch 22 [250/337] loss=0.0000 mask=0.3873 depth=0.0033
  Epoch 22 [260/337] loss=0.0000 mask=0.3871 depth=0.0033
  Epoch 22 [270/337] loss=0.0000 mask=0.3861 depth=0.0033
  Epoch 22 [280/337] loss=0.0000 mask=0.3862 depth=0.0032
  Epoch 22 [290/337] loss=0.0000 mask=0.3822 depth=0.0032
  Epoch 22 [300/337] loss=0.0000 mask=0.3821 depth=0.0032
  Epoch 22 [310/337] loss=0.0000 mask=0.3812 depth=0.0032
  Epoch 22 [320/337] loss=0.0000 mask=0.3836 depth=0.0032
  Epoch 22 [330/337] loss=0.0000 mask=0.3867 depth=0.0032
  Train: loss=0.0000 mask=0.3884 depth=0.0040 time=299.0s
  Val epoch 22: loss=0.0012

=== Phase2 Epoch 23/49 ===
  Epoch 23 [10/337] loss=0.0000 mask=0.3721 depth=0.0036
  Epoch 23 [20/337] loss=0.0000 mask=0.3466 depth=0.0035
  Epoch 23 [30/337] loss=0.0000 mask=0.3451 depth=0.0036
  Epoch 23 [40/337] loss=0.0000 mask=0.3429 depth=0.0036
  Epoch 23 [50/337] loss=0.0000 mask=0.3554 depth=0.0036
  Epoch 23 [60/337] loss=0.0000 mask=0.3668 depth=0.0036
  Epoch 23 [70/337] loss=0.0000 mask=0.3732 depth=0.0036
  Epoch 23 [80/337] loss=0.0000 mask=0.3665 depth=0.0036
  Epoch 23 [90/337] loss=0.0000 mask=0.3716 depth=0.0036
  Epoch 23 [100/337] loss=0.0000 mask=0.3747 depth=0.0037
  Epoch 23 [110/337] loss=0.0000 mask=0.3766 depth=0.0037
  Epoch 23 [120/337] loss=0.0000 mask=0.3716 depth=0.0036
  Epoch 23 [130/337] loss=0.0000 mask=0.3686 depth=0.0035
  Epoch 23 [140/337] loss=0.0000 mask=0.3727 depth=0.0035
  Epoch 23 [150/337] loss=0.0000 mask=0.3690 depth=0.0034
  Epoch 23 [160/337] loss=0.0000 mask=0.3729 depth=0.0033
  Epoch 23 [170/337] loss=0.0000 mask=0.3741 depth=0.0033
  Epoch 23 [180/337] loss=0.0000 mask=0.3758 depth=0.0032
  Epoch 23 [190/337] loss=0.0000 mask=0.3789 depth=0.0033
  Epoch 23 [200/337] loss=0.0000 mask=0.3792 depth=0.0033
  Epoch 23 [210/337] loss=0.0000 mask=0.3802 depth=0.0033
  Epoch 23 [220/337] loss=0.0000 mask=0.3806 depth=0.0033
  Epoch 23 [230/337] loss=0.0000 mask=0.3811 depth=0.0033
  Epoch 23 [240/337] loss=0.0000 mask=0.3809 depth=0.0033
  Epoch 23 [250/337] loss=0.0000 mask=0.3815 depth=0.0033
  Epoch 23 [260/337] loss=0.0000 mask=0.3838 depth=0.0033
  Epoch 23 [270/337] loss=0.0000 mask=0.3841 depth=0.0032
  Epoch 23 [280/337] loss=0.0000 mask=0.3823 depth=0.0033
  Epoch 23 [290/337] loss=0.0000 mask=0.3828 depth=0.0032
  Epoch 23 [300/337] loss=0.0000 mask=0.3839 depth=0.0033
  Epoch 23 [310/337] loss=0.0000 mask=0.3830 depth=0.0032
  Epoch 23 [320/337] loss=0.0000 mask=0.3812 depth=0.0032
  Epoch 23 [330/337] loss=0.0000 mask=0.3827 depth=0.0032
  Train: loss=0.0000 mask=0.3838 depth=0.0032 time=296.2s
  Val epoch 23: loss=0.0013

=== Phase2 Epoch 24/49 ===
  Epoch 24 [10/337] loss=0.0000 mask=0.3707 depth=0.0044
  Epoch 24 [20/337] loss=0.0000 mask=0.3480 depth=0.0032
  Epoch 24 [30/337] loss=0.0000 mask=0.3716 depth=0.0031
  Epoch 24 [40/337] loss=0.0000 mask=0.3761 depth=0.0030
  Epoch 24 [50/337] loss=0.0000 mask=0.3772 depth=0.0029
  Epoch 24 [60/337] loss=0.0000 mask=0.3740 depth=0.0029
  Epoch 24 [70/337] loss=0.0000 mask=0.3742 depth=0.0029
  Epoch 24 [80/337] loss=0.0000 mask=0.3762 depth=0.0030
  Epoch 24 [90/337] loss=0.0000 mask=0.3821 depth=0.0029
  Epoch 24 [100/337] loss=0.0000 mask=0.3841 depth=0.0029
  Epoch 24 [110/337] loss=0.0000 mask=0.3845 depth=0.0029
  Epoch 24 [120/337] loss=0.0000 mask=0.3802 depth=0.0029
  Epoch 24 [130/337] loss=0.0000 mask=0.3842 depth=0.0030
  Epoch 24 [140/337] loss=0.0000 mask=0.3808 depth=0.0030
  Epoch 24 [150/337] loss=0.0000 mask=0.3874 depth=0.0030
  Epoch 24 [160/337] loss=0.0000 mask=0.3925 depth=0.0030
  Epoch 24 [170/337] loss=0.0000 mask=0.3868 depth=0.0030
  Epoch 24 [180/337] loss=0.0000 mask=0.3810 depth=0.0030
  Epoch 24 [190/337] loss=0.0000 mask=0.3816 depth=0.0029
  Epoch 24 [200/337] loss=0.0000 mask=0.3846 depth=0.0029
  Epoch 24 [210/337] loss=0.0000 mask=0.3836 depth=0.0029
  Epoch 24 [220/337] loss=0.0000 mask=0.3809 depth=0.0029
  Epoch 24 [230/337] loss=0.0000 mask=0.3853 depth=0.0029
  Epoch 24 [240/337] loss=0.0000 mask=0.3848 depth=0.0029
  Epoch 24 [250/337] loss=0.0000 mask=0.3845 depth=0.0030
  Epoch 24 [260/337] loss=0.0000 mask=0.3841 depth=0.0030
  Epoch 24 [270/337] loss=0.0000 mask=0.3879 depth=0.0030
  Epoch 24 [280/337] loss=0.0000 mask=0.3888 depth=0.0029
  Epoch 24 [290/337] loss=0.0000 mask=0.3893 depth=0.0030
  Epoch 24 [300/337] loss=0.0000 mask=0.3885 depth=0.0030
  Epoch 24 [310/337] loss=0.0000 mask=0.3878 depth=0.0030
  Epoch 24 [320/337] loss=0.0000 mask=0.3885 depth=0.0029
  Epoch 24 [330/337] loss=0.0000 mask=0.3865 depth=0.0029
  Train: loss=0.0000 mask=0.3891 depth=0.0044 time=302.1s
  Val epoch 24: loss=0.0012

=== Phase2 Epoch 25/49 ===
  Epoch 25 [10/337] loss=0.0001 mask=0.3731 depth=0.0062
  Epoch 25 [20/337] loss=0.0001 mask=0.3807 depth=0.0050
  Epoch 25 [30/337] loss=0.0000 mask=0.3833 depth=0.0043
  Epoch 25 [40/337] loss=0.0000 mask=0.3573 depth=0.0039
  Epoch 25 [50/337] loss=0.0000 mask=0.3641 depth=0.0039
  Epoch 25 [60/337] loss=0.0000 mask=0.3711 depth=0.0037
  Epoch 25 [70/337] loss=0.0000 mask=0.3897 depth=0.0037
  Epoch 25 [80/337] loss=0.0000 mask=0.3905 depth=0.0036
  Epoch 25 [90/337] loss=0.0000 mask=0.3928 depth=0.0036
  Epoch 25 [100/337] loss=0.0000 mask=0.3923 depth=0.0035
  Epoch 25 [110/337] loss=0.0000 mask=0.3935 depth=0.0036
  Epoch 25 [120/337] loss=0.0000 mask=0.3904 depth=0.0035
  Epoch 25 [130/337] loss=0.0000 mask=0.3869 depth=0.0034
  Epoch 25 [140/337] loss=0.0000 mask=0.3880 depth=0.0034
  Epoch 25 [150/337] loss=0.0000 mask=0.3876 depth=0.0034
  Epoch 25 [160/337] loss=0.0000 mask=0.3902 depth=0.0034
  Epoch 25 [170/337] loss=0.0000 mask=0.3894 depth=0.0034
  Epoch 25 [180/337] loss=0.0000 mask=0.3940 depth=0.0034
  Epoch 25 [190/337] loss=0.0000 mask=0.3956 depth=0.0034
  Epoch 25 [200/337] loss=0.0000 mask=0.3908 depth=0.0033
  Epoch 25 [210/337] loss=0.0000 mask=0.3906 depth=0.0032
  Epoch 25 [220/337] loss=0.0000 mask=0.3925 depth=0.0032
  Epoch 25 [230/337] loss=0.0000 mask=0.3978 depth=0.0032
  Epoch 25 [240/337] loss=0.0000 mask=0.4004 depth=0.0033
  Epoch 25 [250/337] loss=0.0000 mask=0.3987 depth=0.0034
  Epoch 25 [260/337] loss=0.0000 mask=0.3975 depth=0.0033
  Epoch 25 [270/337] loss=0.0000 mask=0.3965 depth=0.0033
  Epoch 25 [280/337] loss=0.0000 mask=0.3971 depth=0.0033
  Epoch 25 [290/337] loss=0.0000 mask=0.3940 depth=0.0033
  Epoch 25 [300/337] loss=0.0000 mask=0.3941 depth=0.0033
  Epoch 25 [310/337] loss=0.0000 mask=0.3936 depth=0.0032
  Epoch 25 [320/337] loss=0.0000 mask=0.3926 depth=0.0032
  Epoch 25 [330/337] loss=0.0000 mask=0.3924 depth=0.0032
  Train: loss=0.0000 mask=0.3938 depth=0.0038 time=297.7s
  Val epoch 25: loss=0.0012

=== Phase2 Epoch 26/49 ===
  Epoch 26 [10/337] loss=0.0000 mask=0.4203 depth=0.0028
  Epoch 26 [20/337] loss=0.0000 mask=0.3874 depth=0.0026
  Epoch 26 [30/337] loss=0.0000 mask=0.4089 depth=0.0024
  Epoch 26 [40/337] loss=0.0000 mask=0.3898 depth=0.0026
  Epoch 26 [50/337] loss=0.0000 mask=0.3977 depth=0.0027
  Epoch 26 [60/337] loss=0.0000 mask=0.3992 depth=0.0028
  Epoch 26 [70/337] loss=0.0000 mask=0.3947 depth=0.0028
  Epoch 26 [80/337] loss=0.0000 mask=0.3946 depth=0.0028
  Epoch 26 [90/337] loss=0.0000 mask=0.3917 depth=0.0028
  Epoch 26 [100/337] loss=0.0000 mask=0.3829 depth=0.0028
  Epoch 26 [110/337] loss=0.0000 mask=0.3814 depth=0.0028
  Epoch 26 [120/337] loss=0.0000 mask=0.3840 depth=0.0028
  Epoch 26 [130/337] loss=0.0000 mask=0.3872 depth=0.0028
  Epoch 26 [140/337] loss=0.0000 mask=0.3864 depth=0.0028
  Epoch 26 [150/337] loss=0.0000 mask=0.3835 depth=0.0027
  Epoch 26 [160/337] loss=0.0000 mask=0.3860 depth=0.0028
  Epoch 26 [170/337] loss=0.0000 mask=0.3866 depth=0.0028
  Epoch 26 [180/337] loss=0.0000 mask=0.3858 depth=0.0028
  Epoch 26 [190/337] loss=0.0000 mask=0.3853 depth=0.0028
  Epoch 26 [200/337] loss=0.0000 mask=0.3891 depth=0.0028
  Epoch 26 [210/337] loss=0.0000 mask=0.3889 depth=0.0027
  Epoch 26 [220/337] loss=0.0000 mask=0.3885 depth=0.0028
  Epoch 26 [230/337] loss=0.0000 mask=0.3894 depth=0.0028
  Epoch 26 [240/337] loss=0.0000 mask=0.3914 depth=0.0028
  Epoch 26 [250/337] loss=0.0000 mask=0.3914 depth=0.0029
  Epoch 26 [260/337] loss=0.0000 mask=0.3932 depth=0.0029
  Epoch 26 [270/337] loss=0.0000 mask=0.3906 depth=0.0029
  Epoch 26 [280/337] loss=0.0000 mask=0.3914 depth=0.0029
  Epoch 26 [290/337] loss=0.0000 mask=0.3914 depth=0.0029
  Epoch 26 [300/337] loss=0.0000 mask=0.3925 depth=0.0028
  Epoch 26 [310/337] loss=0.0000 mask=0.3898 depth=0.0028
  Epoch 26 [320/337] loss=0.0000 mask=0.3904 depth=0.0028
  Epoch 26 [330/337] loss=0.0000 mask=0.3923 depth=0.0028
  Train: loss=0.0000 mask=0.3931 depth=0.0043 time=298.7s
  Val epoch 26: loss=0.0012

=== Phase2 Epoch 27/49 ===
  Epoch 27 [10/337] loss=0.0001 mask=0.3361 depth=0.0064
  Epoch 27 [20/337] loss=0.0000 mask=0.3354 depth=0.0048
  Epoch 27 [30/337] loss=0.0000 mask=0.3411 depth=0.0046
  Epoch 27 [40/337] loss=0.0000 mask=0.3679 depth=0.0044
  Epoch 27 [50/337] loss=0.0000 mask=0.3787 depth=0.0043
  Epoch 27 [60/337] loss=0.0000 mask=0.3677 depth=0.0042
  Epoch 27 [70/337] loss=0.0000 mask=0.3686 depth=0.0040
  Epoch 27 [80/337] loss=0.0000 mask=0.3670 depth=0.0038
  Epoch 27 [90/337] loss=0.0000 mask=0.3670 depth=0.0037
  Epoch 27 [100/337] loss=0.0000 mask=0.3745 depth=0.0037
  Epoch 27 [110/337] loss=0.0000 mask=0.3734 depth=0.0037
  Epoch 27 [120/337] loss=0.0000 mask=0.3763 depth=0.0037
  Epoch 27 [130/337] loss=0.0000 mask=0.3771 depth=0.0036
  Epoch 27 [140/337] loss=0.0000 mask=0.3737 depth=0.0035
  Epoch 27 [150/337] loss=0.0000 mask=0.3761 depth=0.0036
  Epoch 27 [160/337] loss=0.0000 mask=0.3678 depth=0.0035
  Epoch 27 [170/337] loss=0.0000 mask=0.3686 depth=0.0035
  Epoch 27 [180/337] loss=0.0000 mask=0.3703 depth=0.0034
  Epoch 27 [190/337] loss=0.0000 mask=0.3706 depth=0.0034
  Epoch 27 [200/337] loss=0.0000 mask=0.3700 depth=0.0034
  Epoch 27 [210/337] loss=0.0000 mask=0.3705 depth=0.0034
  Epoch 27 [220/337] loss=0.0000 mask=0.3684 depth=0.0034
  Epoch 27 [230/337] loss=0.0000 mask=0.3689 depth=0.0033
  Epoch 27 [240/337] loss=0.0000 mask=0.3687 depth=0.0033
  Epoch 27 [250/337] loss=0.0000 mask=0.3697 depth=0.0033
  Epoch 27 [260/337] loss=0.0000 mask=0.3745 depth=0.0033
  Epoch 27 [270/337] loss=0.0000 mask=0.3726 depth=0.0033
  Epoch 27 [280/337] loss=0.0000 mask=0.3739 depth=0.0033
  Epoch 27 [290/337] loss=0.0000 mask=0.3732 depth=0.0032
  Epoch 27 [300/337] loss=0.0000 mask=0.3729 depth=0.0032
  Epoch 27 [310/337] loss=0.0000 mask=0.3736 depth=0.0032
  Epoch 27 [320/337] loss=0.0000 mask=0.3749 depth=0.0032
  Epoch 27 [330/337] loss=0.0000 mask=0.3761 depth=0.0032
  Train: loss=0.0000 mask=0.3764 depth=0.0032 time=311.6s
  Val epoch 27: loss=0.0011
  Saved best phase2 model (val_loss=0.0011)

=== Phase2 Epoch 28/49 ===
  Epoch 28 [10/337] loss=0.0000 mask=0.4509 depth=0.0026
  Epoch 28 [20/337] loss=0.0000 mask=0.3823 depth=0.0023
  Epoch 28 [30/337] loss=0.0000 mask=0.3812 depth=0.0028
  Epoch 28 [40/337] loss=0.0000 mask=0.3809 depth=0.0028
  Epoch 28 [50/337] loss=0.0000 mask=0.3692 depth=0.0027
  Epoch 28 [60/337] loss=0.0000 mask=0.3626 depth=0.0026
  Epoch 28 [70/337] loss=0.0000 mask=0.3699 depth=0.0025
  Epoch 28 [80/337] loss=0.0000 mask=0.3782 depth=0.0025
  Epoch 28 [90/337] loss=0.0000 mask=0.3845 depth=0.0025
  Epoch 28 [100/337] loss=0.0000 mask=0.3939 depth=0.0025
  Epoch 28 [110/337] loss=0.0000 mask=0.3871 depth=0.0026
  Epoch 28 [120/337] loss=0.0000 mask=0.3844 depth=0.0026
  Epoch 28 [130/337] loss=0.0000 mask=0.3856 depth=0.0026
  Epoch 28 [140/337] loss=0.0000 mask=0.3878 depth=0.0026
  Epoch 28 [150/337] loss=0.0000 mask=0.3903 depth=0.0026
  Epoch 28 [160/337] loss=0.0000 mask=0.3882 depth=0.0026
  Epoch 28 [170/337] loss=0.0000 mask=0.3888 depth=0.0026
  Epoch 28 [180/337] loss=0.0000 mask=0.3913 depth=0.0026
  Epoch 28 [190/337] loss=0.0000 mask=0.3941 depth=0.0027
  Epoch 28 [200/337] loss=0.0000 mask=0.3910 depth=0.0026
  Epoch 28 [210/337] loss=0.0000 mask=0.3918 depth=0.0026
  Epoch 28 [220/337] loss=0.0000 mask=0.3893 depth=0.0026
  Epoch 28 [230/337] loss=0.0000 mask=0.3894 depth=0.0026
  Epoch 28 [240/337] loss=0.0000 mask=0.3888 depth=0.0026
  Epoch 28 [250/337] loss=0.0000 mask=0.3874 depth=0.0026
  Epoch 28 [260/337] loss=0.0000 mask=0.3885 depth=0.0025
  Epoch 28 [270/337] loss=0.0000 mask=0.3870 depth=0.0025
  Epoch 28 [280/337] loss=0.0000 mask=0.3862 depth=0.0025
  Epoch 28 [290/337] loss=0.0000 mask=0.3867 depth=0.0025
  Epoch 28 [300/337] loss=0.0000 mask=0.3874 depth=0.0026
  Epoch 28 [310/337] loss=0.0000 mask=0.3851 depth=0.0026
  Epoch 28 [320/337] loss=0.0000 mask=0.3868 depth=0.0026
  Epoch 28 [330/337] loss=0.0000 mask=0.3859 depth=0.0026
  Train: loss=0.0000 mask=0.3839 depth=0.0027 time=296.5s
  Val epoch 28: loss=0.0012

=== Phase2 Epoch 29/49 ===
  Epoch 29 [10/337] loss=0.0000 mask=0.3741 depth=0.0031
  Epoch 29 [20/337] loss=0.0000 mask=0.4458 depth=0.0024
  Epoch 29 [30/337] loss=0.0000 mask=0.4185 depth=0.0023
  Epoch 29 [40/337] loss=0.0000 mask=0.4049 depth=0.0025
  Epoch 29 [50/337] loss=0.0000 mask=0.4006 depth=0.0025
  Epoch 29 [60/337] loss=0.0000 mask=0.4109 depth=0.0025
  Epoch 29 [70/337] loss=0.0000 mask=0.4022 depth=0.0026
  Epoch 29 [80/337] loss=0.0000 mask=0.4019 depth=0.0025
  Epoch 29 [90/337] loss=0.0000 mask=0.3996 depth=0.0025
  Epoch 29 [100/337] loss=0.0000 mask=0.4006 depth=0.0025
  Epoch 29 [110/337] loss=0.0000 mask=0.4010 depth=0.0024
  Epoch 29 [120/337] loss=0.0000 mask=0.3998 depth=0.0024
  Epoch 29 [130/337] loss=0.0000 mask=0.4004 depth=0.0025
  Epoch 29 [140/337] loss=0.0000 mask=0.3976 depth=0.0025
  Epoch 29 [150/337] loss=0.0000 mask=0.3945 depth=0.0024
  Epoch 29 [160/337] loss=0.0000 mask=0.3955 depth=0.0024
  Epoch 29 [170/337] loss=0.0000 mask=0.3949 depth=0.0025
  Epoch 29 [180/337] loss=0.0000 mask=0.3899 depth=0.0025
  Epoch 29 [190/337] loss=0.0000 mask=0.3886 depth=0.0025
  Epoch 29 [200/337] loss=0.0000 mask=0.3886 depth=0.0025
  Epoch 29 [210/337] loss=0.0000 mask=0.3900 depth=0.0024
  Epoch 29 [220/337] loss=0.0000 mask=0.3898 depth=0.0024
  Epoch 29 [230/337] loss=0.0000 mask=0.3897 depth=0.0024
  Epoch 29 [240/337] loss=0.0000 mask=0.3902 depth=0.0025
  Epoch 29 [250/337] loss=0.0000 mask=0.3895 depth=0.0024
  Epoch 29 [260/337] loss=0.0000 mask=0.3866 depth=0.0025
  Epoch 29 [270/337] loss=0.0000 mask=0.3871 depth=0.0025
  Epoch 29 [280/337] loss=0.0000 mask=0.3866 depth=0.0025
  Epoch 29 [290/337] loss=0.0000 mask=0.3878 depth=0.0025
  Epoch 29 [300/337] loss=0.0000 mask=0.3859 depth=0.0025
  Epoch 29 [310/337] loss=0.0000 mask=0.3875 depth=0.0025
  Epoch 29 [320/337] loss=0.0000 mask=0.3881 depth=0.0025
  Epoch 29 [330/337] loss=0.0000 mask=0.3860 depth=0.0025
  Train: loss=0.0000 mask=0.3859 depth=0.0025 time=290.5s
  Val epoch 29: loss=0.0011

=== Phase2 Epoch 30/49 ===
  Epoch 30 [10/337] loss=0.0000 mask=0.3196 depth=0.0025
  Epoch 30 [20/337] loss=0.0000 mask=0.3276 depth=0.0024
  Epoch 30 [30/337] loss=0.0000 mask=0.3557 depth=0.0023
  Epoch 30 [40/337] loss=0.0000 mask=0.3629 depth=0.0022
  Epoch 30 [50/337] loss=0.0000 mask=0.3715 depth=0.0022
  Epoch 30 [60/337] loss=0.0000 mask=0.3655 depth=0.0022
  Epoch 30 [70/337] loss=0.0000 mask=0.3718 depth=0.0022
  Epoch 30 [80/337] loss=0.0000 mask=0.3714 depth=0.0022
  Epoch 30 [90/337] loss=0.0000 mask=0.3746 depth=0.0022
  Epoch 30 [100/337] loss=0.0000 mask=0.3750 depth=0.0022
  Epoch 30 [110/337] loss=0.0000 mask=0.3780 depth=0.0022
  Epoch 30 [120/337] loss=0.0000 mask=0.3816 depth=0.0021
  Epoch 30 [130/337] loss=0.0000 mask=0.3871 depth=0.0022
  Epoch 30 [140/337] loss=0.0000 mask=0.3842 depth=0.0023
  Epoch 30 [150/337] loss=0.0000 mask=0.3874 depth=0.0022
  Epoch 30 [160/337] loss=0.0000 mask=0.3893 depth=0.0022
  Epoch 30 [170/337] loss=0.0000 mask=0.3872 depth=0.0023
  Epoch 30 [180/337] loss=0.0000 mask=0.3895 depth=0.0023
  Epoch 30 [190/337] loss=0.0000 mask=0.3916 depth=0.0023
  Epoch 30 [200/337] loss=0.0000 mask=0.3885 depth=0.0023
  Epoch 30 [210/337] loss=0.0000 mask=0.3870 depth=0.0023
  Epoch 30 [220/337] loss=0.0000 mask=0.3857 depth=0.0023
  Epoch 30 [230/337] loss=0.0000 mask=0.3869 depth=0.0023
  Epoch 30 [240/337] loss=0.0000 mask=0.3867 depth=0.0023
  Epoch 30 [250/337] loss=0.0000 mask=0.3845 depth=0.0023
  Epoch 30 [260/337] loss=0.0000 mask=0.3857 depth=0.0023
  Epoch 30 [270/337] loss=0.0000 mask=0.3863 depth=0.0023
  Epoch 30 [280/337] loss=0.0000 mask=0.3873 depth=0.0023
  Epoch 30 [290/337] loss=0.0000 mask=0.3843 depth=0.0023
  Epoch 30 [300/337] loss=0.0000 mask=0.3839 depth=0.0023
  Epoch 30 [310/337] loss=0.0000 mask=0.3851 depth=0.0023
  Epoch 30 [320/337] loss=0.0000 mask=0.3859 depth=0.0023
  Epoch 30 [330/337] loss=0.0000 mask=0.3866 depth=0.0023
  Train: loss=0.0000 mask=0.3872 depth=0.0024 time=306.8s
  Val epoch 30: loss=0.0012

=== Phase2 Epoch 31/49 ===
  Epoch 31 [10/337] loss=0.0000 mask=0.4159 depth=0.0017
  Epoch 31 [20/337] loss=0.0000 mask=0.4051 depth=0.0018
  Epoch 31 [30/337] loss=0.0000 mask=0.4417 depth=0.0020
  Epoch 31 [40/337] loss=0.0000 mask=0.4191 depth=0.0022
  Epoch 31 [50/337] loss=0.0000 mask=0.4048 depth=0.0021
  Epoch 31 [60/337] loss=0.0000 mask=0.4108 depth=0.0022
  Epoch 31 [70/337] loss=0.0000 mask=0.4051 depth=0.0021
  Epoch 31 [80/337] loss=0.0000 mask=0.4053 depth=0.0022
  Epoch 31 [90/337] loss=0.0000 mask=0.3998 depth=0.0021
  Epoch 31 [100/337] loss=0.0000 mask=0.3880 depth=0.0021
  Epoch 31 [110/337] loss=0.0000 mask=0.3858 depth=0.0022
  Epoch 31 [120/337] loss=0.0000 mask=0.3850 depth=0.0022
  Epoch 31 [130/337] loss=0.0000 mask=0.3852 depth=0.0022
  Epoch 31 [140/337] loss=0.0000 mask=0.3864 depth=0.0022
  Epoch 31 [150/337] loss=0.0000 mask=0.3790 depth=0.0021
  Epoch 31 [160/337] loss=0.0000 mask=0.3775 depth=0.0021
  Epoch 31 [170/337] loss=0.0000 mask=0.3825 depth=0.0021
  Epoch 31 [180/337] loss=0.0000 mask=0.3808 depth=0.0021
  Epoch 31 [190/337] loss=0.0000 mask=0.3790 depth=0.0021
  Epoch 31 [200/337] loss=0.0000 mask=0.3779 depth=0.0021
  Epoch 31 [210/337] loss=0.0000 mask=0.3802 depth=0.0021
  Epoch 31 [220/337] loss=0.0000 mask=0.3816 depth=0.0021
  Epoch 31 [230/337] loss=0.0000 mask=0.3845 depth=0.0021
  Epoch 31 [240/337] loss=0.0000 mask=0.3850 depth=0.0021
  Epoch 31 [250/337] loss=0.0000 mask=0.3839 depth=0.0021
  Epoch 31 [260/337] loss=0.0000 mask=0.3835 depth=0.0021
  Epoch 31 [270/337] loss=0.0000 mask=0.3830 depth=0.0021
  Epoch 31 [280/337] loss=0.0000 mask=0.3831 depth=0.0021
  Epoch 31 [290/337] loss=0.0000 mask=0.3830 depth=0.0021
  Epoch 31 [300/337] loss=0.0000 mask=0.3850 depth=0.0022
  Epoch 31 [310/337] loss=0.0000 mask=0.3857 depth=0.0022
  Epoch 31 [320/337] loss=0.0000 mask=0.3874 depth=0.0022
  Epoch 31 [330/337] loss=0.0000 mask=0.3888 depth=0.0022
  Train: loss=0.0000 mask=0.3882 depth=0.0025 time=305.1s
  Val epoch 31: loss=0.0012

=== Phase2 Epoch 32/49 ===
  Epoch 32 [10/337] loss=0.0000 mask=0.3872 depth=0.0029
  Epoch 32 [20/337] loss=0.0000 mask=0.3762 depth=0.0028
  Epoch 32 [30/337] loss=0.0000 mask=0.3710 depth=0.0026
  Epoch 32 [40/337] loss=0.0000 mask=0.3752 depth=0.0024
  Epoch 32 [50/337] loss=0.0000 mask=0.3792 depth=0.0023
  Epoch 32 [60/337] loss=0.0000 mask=0.3944 depth=0.0023
  Epoch 32 [70/337] loss=0.0000 mask=0.3798 depth=0.0023
  Epoch 32 [80/337] loss=0.0000 mask=0.3775 depth=0.0023
  Epoch 32 [90/337] loss=0.0000 mask=0.3783 depth=0.0023
  Epoch 32 [100/337] loss=0.0000 mask=0.3771 depth=0.0023
  Epoch 32 [110/337] loss=0.0000 mask=0.3794 depth=0.0024
  Epoch 32 [120/337] loss=0.0000 mask=0.3780 depth=0.0024
  Epoch 32 [130/337] loss=0.0000 mask=0.3768 depth=0.0023
  Epoch 32 [140/337] loss=0.0000 mask=0.3778 depth=0.0024
  Epoch 32 [150/337] loss=0.0000 mask=0.3831 depth=0.0023
  Epoch 32 [160/337] loss=0.0000 mask=0.3802 depth=0.0023
  Epoch 32 [170/337] loss=0.0000 mask=0.3814 depth=0.0023
  Epoch 32 [180/337] loss=0.0000 mask=0.3879 depth=0.0023
  Epoch 32 [190/337] loss=0.0000 mask=0.3859 depth=0.0023
  Epoch 32 [200/337] loss=0.0000 mask=0.3878 depth=0.0023
  Epoch 32 [210/337] loss=0.0000 mask=0.3856 depth=0.0023
  Epoch 32 [220/337] loss=0.0000 mask=0.3812 depth=0.0022
  Epoch 32 [230/337] loss=0.0000 mask=0.3799 depth=0.0022
  Epoch 32 [240/337] loss=0.0000 mask=0.3811 depth=0.0022
  Epoch 32 [250/337] loss=0.0000 mask=0.3821 depth=0.0023
  Epoch 32 [260/337] loss=0.0000 mask=0.3844 depth=0.0022
  Epoch 32 [270/337] loss=0.0000 mask=0.3839 depth=0.0023
  Epoch 32 [280/337] loss=0.0000 mask=0.3848 depth=0.0022
  Epoch 32 [290/337] loss=0.0000 mask=0.3862 depth=0.0022
  Epoch 32 [300/337] loss=0.0000 mask=0.3853 depth=0.0022
  Epoch 32 [310/337] loss=0.0000 mask=0.3856 depth=0.0022
  Epoch 32 [320/337] loss=0.0000 mask=0.3879 depth=0.0022
  Epoch 32 [330/337] loss=0.0000 mask=0.3868 depth=0.0022
  Train: loss=0.0000 mask=0.3873 depth=0.0023 time=300.4s
  Val epoch 32: loss=0.0012

=== Phase2 Epoch 33/49 ===
  Epoch 33 [10/337] loss=0.0000 mask=0.3944 depth=0.0019
  Epoch 33 [20/337] loss=0.0000 mask=0.3498 depth=0.0023
  Epoch 33 [30/337] loss=0.0000 mask=0.3402 depth=0.0026
  Epoch 33 [40/337] loss=0.0000 mask=0.3446 depth=0.0024
  Epoch 33 [50/337] loss=0.0000 mask=0.3666 depth=0.0023
  Epoch 33 [60/337] loss=0.0000 mask=0.3699 depth=0.0022
  Epoch 33 [70/337] loss=0.0000 mask=0.3703 depth=0.0023
  Epoch 33 [80/337] loss=0.0000 mask=0.3783 depth=0.0022
  Epoch 33 [90/337] loss=0.0000 mask=0.3847 depth=0.0022
  Epoch 33 [100/337] loss=0.0000 mask=0.3854 depth=0.0022
  Epoch 33 [110/337] loss=0.0000 mask=0.3855 depth=0.0023
  Epoch 33 [120/337] loss=0.0000 mask=0.3909 depth=0.0023
  Epoch 33 [130/337] loss=0.0000 mask=0.3877 depth=0.0023
  Epoch 33 [140/337] loss=0.0000 mask=0.3921 depth=0.0023
  Epoch 33 [150/337] loss=0.0000 mask=0.3957 depth=0.0023
  Epoch 33 [160/337] loss=0.0000 mask=0.3886 depth=0.0023
  Epoch 33 [170/337] loss=0.0000 mask=0.3874 depth=0.0023
  Epoch 33 [180/337] loss=0.0000 mask=0.3855 depth=0.0022
  Epoch 33 [190/337] loss=0.0000 mask=0.3847 depth=0.0022
  Epoch 33 [200/337] loss=0.0000 mask=0.3875 depth=0.0022
  Epoch 33 [210/337] loss=0.0000 mask=0.3861 depth=0.0022
  Epoch 33 [220/337] loss=0.0000 mask=0.3887 depth=0.0022
  Epoch 33 [230/337] loss=0.0000 mask=0.3921 depth=0.0022
  Epoch 33 [240/337] loss=0.0000 mask=0.3912 depth=0.0022
  Epoch 33 [250/337] loss=0.0000 mask=0.3940 depth=0.0022
  Epoch 33 [260/337] loss=0.0000 mask=0.3918 depth=0.0022
  Epoch 33 [270/337] loss=0.0000 mask=0.3909 depth=0.0022
  Epoch 33 [280/337] loss=0.0000 mask=0.3911 depth=0.0022
  Epoch 33 [290/337] loss=0.0000 mask=0.3895 depth=0.0022
  Epoch 33 [300/337] loss=0.0000 mask=0.3930 depth=0.0022
  Epoch 33 [310/337] loss=0.0000 mask=0.3913 depth=0.0022
  Epoch 33 [320/337] loss=0.0000 mask=0.3917 depth=0.0022
  Epoch 33 [330/337] loss=0.0000 mask=0.3911 depth=0.0022
  Train: loss=0.0000 mask=0.3900 depth=0.0022 time=296.0s
  Val epoch 33: loss=0.0011
  Saved best phase2 model (val_loss=0.0011)

=== Phase2 Epoch 34/49 ===
  Epoch 34 [10/337] loss=0.0000 mask=0.4060 depth=0.0021
  Epoch 34 [20/337] loss=0.0000 mask=0.4049 depth=0.0021
  Epoch 34 [30/337] loss=0.0000 mask=0.3845 depth=0.0021
  Epoch 34 [40/337] loss=0.0000 mask=0.3872 depth=0.0020
  Epoch 34 [50/337] loss=0.0000 mask=0.3854 depth=0.0020
  Epoch 34 [60/337] loss=0.0000 mask=0.3838 depth=0.0019
  Epoch 34 [70/337] loss=0.0000 mask=0.3904 depth=0.0021
  Epoch 34 [80/337] loss=0.0000 mask=0.3902 depth=0.0021
  Epoch 34 [90/337] loss=0.0000 mask=0.3958 depth=0.0021
  Epoch 34 [100/337] loss=0.0000 mask=0.3903 depth=0.0021
  Epoch 34 [110/337] loss=0.0000 mask=0.3956 depth=0.0021
  Epoch 34 [120/337] loss=0.0000 mask=0.3968 depth=0.0021
  Epoch 34 [130/337] loss=0.0000 mask=0.3956 depth=0.0021
  Epoch 34 [140/337] loss=0.0000 mask=0.3965 depth=0.0021
  Epoch 34 [150/337] loss=0.0000 mask=0.3968 depth=0.0021
  Epoch 34 [160/337] loss=0.0000 mask=0.3954 depth=0.0020
  Epoch 34 [170/337] loss=0.0000 mask=0.3980 depth=0.0021
  Epoch 34 [180/337] loss=0.0000 mask=0.3961 depth=0.0021
  Epoch 34 [190/337] loss=0.0000 mask=0.3961 depth=0.0021
  Epoch 34 [200/337] loss=0.0000 mask=0.3926 depth=0.0021
  Epoch 34 [210/337] loss=0.0000 mask=0.3906 depth=0.0021
  Epoch 34 [220/337] loss=0.0000 mask=0.3889 depth=0.0021
  Epoch 34 [230/337] loss=0.0000 mask=0.3869 depth=0.0021
  Epoch 34 [240/337] loss=0.0000 mask=0.3867 depth=0.0021
  Epoch 34 [250/337] loss=0.0000 mask=0.3839 depth=0.0021
  Epoch 34 [260/337] loss=0.0000 mask=0.3857 depth=0.0021
  Epoch 34 [270/337] loss=0.0000 mask=0.3882 depth=0.0021
  Epoch 34 [280/337] loss=0.0000 mask=0.3903 depth=0.0021
  Epoch 34 [290/337] loss=0.0000 mask=0.3907 depth=0.0021
  Epoch 34 [300/337] loss=0.0000 mask=0.3894 depth=0.0021
  Epoch 34 [310/337] loss=0.0000 mask=0.3868 depth=0.0021
  Epoch 34 [320/337] loss=0.0000 mask=0.3879 depth=0.0021
  Epoch 34 [330/337] loss=0.0000 mask=0.3897 depth=0.0021
  Train: loss=0.0000 mask=0.3885 depth=0.0022 time=297.0s
  Val epoch 34: loss=0.0012

=== Phase2 Epoch 35/49 ===
  Epoch 35 [10/337] loss=0.0000 mask=0.4020 depth=0.0018
  Epoch 35 [20/337] loss=0.0000 mask=0.4333 depth=0.0018
  Epoch 35 [30/337] loss=0.0000 mask=0.4408 depth=0.0018
  Epoch 35 [40/337] loss=0.0000 mask=0.4276 depth=0.0020
  Epoch 35 [50/337] loss=0.0000 mask=0.4375 depth=0.0019
  Epoch 35 [60/337] loss=0.0000 mask=0.4287 depth=0.0019
  Epoch 35 [70/337] loss=0.0000 mask=0.4172 depth=0.0018
  Epoch 35 [80/337] loss=0.0000 mask=0.4031 depth=0.0018
  Epoch 35 [90/337] loss=0.0000 mask=0.3966 depth=0.0019
  Epoch 35 [100/337] loss=0.0000 mask=0.3940 depth=0.0018
  Epoch 35 [110/337] loss=0.0000 mask=0.3946 depth=0.0019
  Epoch 35 [120/337] loss=0.0000 mask=0.3925 depth=0.0019
  Epoch 35 [130/337] loss=0.0000 mask=0.3919 depth=0.0020
  Epoch 35 [140/337] loss=0.0000 mask=0.3952 depth=0.0020
  Epoch 35 [150/337] loss=0.0000 mask=0.3972 depth=0.0021
  Epoch 35 [160/337] loss=0.0000 mask=0.3958 depth=0.0020
  Epoch 35 [170/337] loss=0.0000 mask=0.3935 depth=0.0020
  Epoch 35 [180/337] loss=0.0000 mask=0.3893 depth=0.0020
  Epoch 35 [190/337] loss=0.0000 mask=0.3879 depth=0.0020
  Epoch 35 [200/337] loss=0.0000 mask=0.3897 depth=0.0020
  Epoch 35 [210/337] loss=0.0000 mask=0.3864 depth=0.0020
  Epoch 35 [220/337] loss=0.0000 mask=0.3882 depth=0.0020
  Epoch 35 [230/337] loss=0.0000 mask=0.3922 depth=0.0020
  Epoch 35 [240/337] loss=0.0000 mask=0.3902 depth=0.0020
  Epoch 35 [250/337] loss=0.0000 mask=0.3876 depth=0.0020
  Epoch 35 [260/337] loss=0.0000 mask=0.3877 depth=0.0020
  Epoch 35 [270/337] loss=0.0000 mask=0.3880 depth=0.0020
  Epoch 35 [280/337] loss=0.0000 mask=0.3891 depth=0.0020
  Epoch 35 [290/337] loss=0.0000 mask=0.3856 depth=0.0020
  Epoch 35 [300/337] loss=0.0000 mask=0.3847 depth=0.0020
  Epoch 35 [310/337] loss=0.0000 mask=0.3853 depth=0.0020
  Epoch 35 [320/337] loss=0.0000 mask=0.3865 depth=0.0020
  Epoch 35 [330/337] loss=0.0000 mask=0.3875 depth=0.0021
  Train: loss=0.0000 mask=0.3886 depth=0.0025 time=302.5s
  Val epoch 35: loss=0.0011

=== Phase2 Epoch 36/49 ===
  Epoch 36 [10/337] loss=0.0000 mask=0.4692 depth=0.0024
  Epoch 36 [20/337] loss=0.0000 mask=0.4234 depth=0.0021
  Epoch 36 [30/337] loss=0.0000 mask=0.4200 depth=0.0020
  Epoch 36 [40/337] loss=0.0000 mask=0.3996 depth=0.0019
  Epoch 36 [50/337] loss=0.0000 mask=0.4073 depth=0.0019
  Epoch 36 [60/337] loss=0.0000 mask=0.4114 depth=0.0020
  Epoch 36 [70/337] loss=0.0000 mask=0.4054 depth=0.0020
  Epoch 36 [80/337] loss=0.0000 mask=0.4053 depth=0.0021
  Epoch 36 [90/337] loss=0.0000 mask=0.4051 depth=0.0021
  Epoch 36 [100/337] loss=0.0000 mask=0.4015 depth=0.0021
  Epoch 36 [110/337] loss=0.0000 mask=0.4043 depth=0.0021
  Epoch 36 [120/337] loss=0.0000 mask=0.4035 depth=0.0021
  Epoch 36 [130/337] loss=0.0000 mask=0.3991 depth=0.0021
  Epoch 36 [140/337] loss=0.0000 mask=0.4048 depth=0.0021
  Epoch 36 [150/337] loss=0.0000 mask=0.4049 depth=0.0021
  Epoch 36 [160/337] loss=0.0000 mask=0.4032 depth=0.0021
  Epoch 36 [170/337] loss=0.0000 mask=0.3998 depth=0.0021
  Epoch 36 [180/337] loss=0.0000 mask=0.3970 depth=0.0021
  Epoch 36 [190/337] loss=0.0000 mask=0.3981 depth=0.0020
  Epoch 36 [200/337] loss=0.0000 mask=0.3984 depth=0.0020
  Epoch 36 [210/337] loss=0.0000 mask=0.3978 depth=0.0020
  Epoch 36 [220/337] loss=0.0000 mask=0.3924 depth=0.0020
  Epoch 36 [230/337] loss=0.0000 mask=0.3917 depth=0.0020
  Epoch 36 [240/337] loss=0.0000 mask=0.3908 depth=0.0020
  Epoch 36 [250/337] loss=0.0000 mask=0.3937 depth=0.0020
  Epoch 36 [260/337] loss=0.0000 mask=0.3920 depth=0.0020
  Epoch 36 [270/337] loss=0.0000 mask=0.3907 depth=0.0020
  Epoch 36 [280/337] loss=0.0000 mask=0.3895 depth=0.0020
  Epoch 36 [290/337] loss=0.0000 mask=0.3891 depth=0.0020
  Epoch 36 [300/337] loss=0.0000 mask=0.3902 depth=0.0021
  Epoch 36 [310/337] loss=0.0000 mask=0.3895 depth=0.0021
  Epoch 36 [320/337] loss=0.0000 mask=0.3904 depth=0.0021
  Epoch 36 [330/337] loss=0.0000 mask=0.3916 depth=0.0021
  Train: loss=0.0000 mask=0.3895 depth=0.0021 time=290.7s
  Val epoch 36: loss=0.0011

=== Phase2 Epoch 37/49 ===
  Epoch 37 [10/337] loss=0.0000 mask=0.3814 depth=0.0016
  Epoch 37 [20/337] loss=0.0000 mask=0.3745 depth=0.0016
  Epoch 37 [30/337] loss=0.0000 mask=0.3923 depth=0.0016
  Epoch 37 [40/337] loss=0.0000 mask=0.3758 depth=0.0016
  Epoch 37 [50/337] loss=0.0000 mask=0.3713 depth=0.0017
  Epoch 37 [60/337] loss=0.0000 mask=0.3780 depth=0.0016
  Epoch 37 [70/337] loss=0.0000 mask=0.3689 depth=0.0016
  Epoch 37 [80/337] loss=0.0000 mask=0.3705 depth=0.0017
  Epoch 37 [90/337] loss=0.0000 mask=0.3725 depth=0.0018
  Epoch 37 [100/337] loss=0.0000 mask=0.3771 depth=0.0018
  Epoch 37 [110/337] loss=0.0000 mask=0.3736 depth=0.0018
  Epoch 37 [120/337] loss=0.0000 mask=0.3734 depth=0.0018
  Epoch 37 [130/337] loss=0.0000 mask=0.3740 depth=0.0018
  Epoch 37 [140/337] loss=0.0000 mask=0.3752 depth=0.0018
  Epoch 37 [150/337] loss=0.0000 mask=0.3726 depth=0.0018
  Epoch 37 [160/337] loss=0.0000 mask=0.3752 depth=0.0019
  Epoch 37 [170/337] loss=0.0000 mask=0.3779 depth=0.0019
  Epoch 37 [180/337] loss=0.0000 mask=0.3791 depth=0.0019
  Epoch 37 [190/337] loss=0.0000 mask=0.3787 depth=0.0019
  Epoch 37 [200/337] loss=0.0000 mask=0.3783 depth=0.0019
  Epoch 37 [210/337] loss=0.0000 mask=0.3847 depth=0.0019
  Epoch 37 [220/337] loss=0.0000 mask=0.3845 depth=0.0019
  Epoch 37 [230/337] loss=0.0000 mask=0.3879 depth=0.0019
  Epoch 37 [240/337] loss=0.0000 mask=0.3857 depth=0.0019
  Epoch 37 [250/337] loss=0.0000 mask=0.3855 depth=0.0020
  Epoch 37 [260/337] loss=0.0000 mask=0.3899 depth=0.0020
  Epoch 37 [270/337] loss=0.0000 mask=0.3874 depth=0.0020
  Epoch 37 [280/337] loss=0.0000 mask=0.3869 depth=0.0020
  Epoch 37 [290/337] loss=0.0000 mask=0.3888 depth=0.0020
  Epoch 37 [300/337] loss=0.0000 mask=0.3893 depth=0.0020
  Epoch 37 [310/337] loss=0.0000 mask=0.3885 depth=0.0020
  Epoch 37 [320/337] loss=0.0000 mask=0.3892 depth=0.0020
  Epoch 37 [330/337] loss=0.0000 mask=0.3895 depth=0.0020
  Train: loss=0.0000 mask=0.3892 depth=0.0038 time=308.0s
  Val epoch 37: loss=0.0011

=== Phase2 Epoch 38/49 ===
  Epoch 38 [10/337] loss=0.0000 mask=0.4061 depth=0.0027
  Epoch 38 [20/337] loss=0.0000 mask=0.4016 depth=0.0035
  Epoch 38 [30/337] loss=0.0000 mask=0.4138 depth=0.0032
  Epoch 38 [40/337] loss=0.0000 mask=0.3877 depth=0.0035
  Epoch 38 [50/337] loss=0.0000 mask=0.3795 depth=0.0034
  Epoch 38 [60/337] loss=0.0000 mask=0.3784 depth=0.0033
  Epoch 38 [70/337] loss=0.0000 mask=0.3811 depth=0.0031
  Epoch 38 [80/337] loss=0.0000 mask=0.3785 depth=0.0030
  Epoch 38 [90/337] loss=0.0000 mask=0.3787 depth=0.0030
  Epoch 38 [100/337] loss=0.0000 mask=0.3829 depth=0.0028
  Epoch 38 [110/337] loss=0.0000 mask=0.3805 depth=0.0028
  Epoch 38 [120/337] loss=0.0000 mask=0.3778 depth=0.0027
  Epoch 38 [130/337] loss=0.0000 mask=0.3779 depth=0.0027
  Epoch 38 [140/337] loss=0.0000 mask=0.3789 depth=0.0026
  Epoch 38 [150/337] loss=0.0000 mask=0.3751 depth=0.0025
  Epoch 38 [160/337] loss=0.0000 mask=0.3773 depth=0.0025
  Epoch 38 [170/337] loss=0.0000 mask=0.3809 depth=0.0025
  Epoch 38 [180/337] loss=0.0000 mask=0.3841 depth=0.0025
  Epoch 38 [190/337] loss=0.0000 mask=0.3829 depth=0.0024
  Epoch 38 [200/337] loss=0.0000 mask=0.3796 depth=0.0024
  Epoch 38 [210/337] loss=0.0000 mask=0.3792 depth=0.0024
  Epoch 38 [220/337] loss=0.0000 mask=0.3788 depth=0.0024
  Epoch 38 [230/337] loss=0.0000 mask=0.3774 depth=0.0024
  Epoch 38 [240/337] loss=0.0000 mask=0.3773 depth=0.0024
  Epoch 38 [250/337] loss=0.0000 mask=0.3770 depth=0.0024
  Epoch 38 [260/337] loss=0.0000 mask=0.3745 depth=0.0023
  Epoch 38 [270/337] loss=0.0000 mask=0.3742 depth=0.0023
  Epoch 38 [280/337] loss=0.0000 mask=0.3753 depth=0.0023
  Epoch 38 [290/337] loss=0.0000 mask=0.3774 depth=0.0023
  Epoch 38 [300/337] loss=0.0000 mask=0.3760 depth=0.0023
  Epoch 38 [310/337] loss=0.0000 mask=0.3775 depth=0.0023
  Epoch 38 [320/337] loss=0.0000 mask=0.3784 depth=0.0023
  Epoch 38 [330/337] loss=0.0000 mask=0.3822 depth=0.0023
  Train: loss=0.0000 mask=0.3837 depth=0.0023 time=303.5s
  Val epoch 38: loss=0.0011

=== Phase2 Epoch 39/49 ===
  Epoch 39 [10/337] loss=0.0000 mask=0.4195 depth=0.0017
  Epoch 39 [20/337] loss=0.0000 mask=0.4158 depth=0.0022
  Epoch 39 [30/337] loss=0.0000 mask=0.3998 depth=0.0020
  Epoch 39 [40/337] loss=0.0000 mask=0.4058 depth=0.0019
  Epoch 39 [50/337] loss=0.0000 mask=0.3996 depth=0.0019
  Epoch 39 [60/337] loss=0.0000 mask=0.3931 depth=0.0019
  Epoch 39 [70/337] loss=0.0000 mask=0.3942 depth=0.0018
  Epoch 39 [80/337] loss=0.0000 mask=0.3829 depth=0.0018
  Epoch 39 [90/337] loss=0.0000 mask=0.3875 depth=0.0018
  Epoch 39 [100/337] loss=0.0000 mask=0.3858 depth=0.0018
  Epoch 39 [110/337] loss=0.0000 mask=0.3856 depth=0.0019
  Epoch 39 [120/337] loss=0.0000 mask=0.3883 depth=0.0019
  Epoch 39 [130/337] loss=0.0000 mask=0.3854 depth=0.0018
  Epoch 39 [140/337] loss=0.0000 mask=0.3837 depth=0.0018
  Epoch 39 [150/337] loss=0.0000 mask=0.3829 depth=0.0018
  Epoch 39 [160/337] loss=0.0000 mask=0.3850 depth=0.0018
  Epoch 39 [170/337] loss=0.0000 mask=0.3864 depth=0.0018
  Epoch 39 [180/337] loss=0.0000 mask=0.3858 depth=0.0018
  Epoch 39 [190/337] loss=0.0000 mask=0.3875 depth=0.0018
  Epoch 39 [200/337] loss=0.0000 mask=0.3860 depth=0.0018
  Epoch 39 [210/337] loss=0.0000 mask=0.3854 depth=0.0018
  Epoch 39 [220/337] loss=0.0000 mask=0.3831 depth=0.0018
  Epoch 39 [230/337] loss=0.0000 mask=0.3801 depth=0.0018
  Epoch 39 [240/337] loss=0.0000 mask=0.3831 depth=0.0018
  Epoch 39 [250/337] loss=0.0000 mask=0.3817 depth=0.0018
  Epoch 39 [260/337] loss=0.0000 mask=0.3791 depth=0.0018
  Epoch 39 [270/337] loss=0.0000 mask=0.3826 depth=0.0018
  Epoch 39 [280/337] loss=0.0000 mask=0.3820 depth=0.0018
  Epoch 39 [290/337] loss=0.0000 mask=0.3816 depth=0.0019
  Epoch 39 [300/337] loss=0.0000 mask=0.3825 depth=0.0019
  Epoch 39 [310/337] loss=0.0000 mask=0.3830 depth=0.0019
  Epoch 39 [320/337] loss=0.0000 mask=0.3837 depth=0.0019
  Epoch 39 [330/337] loss=0.0000 mask=0.3860 depth=0.0019
  Train: loss=0.0000 mask=0.3870 depth=0.0020 time=290.4s
  Val epoch 39: loss=0.0011

=== Phase2 Epoch 40/49 ===
  Epoch 40 [10/337] loss=0.0000 mask=0.3685 depth=0.0024
  Epoch 40 [20/337] loss=0.0000 mask=0.3566 depth=0.0020
  Epoch 40 [30/337] loss=0.0000 mask=0.3978 depth=0.0020
  Epoch 40 [40/337] loss=0.0000 mask=0.3982 depth=0.0018
  Epoch 40 [50/337] loss=0.0000 mask=0.3968 depth=0.0017
  Epoch 40 [60/337] loss=0.0000 mask=0.3885 depth=0.0017
  Epoch 40 [70/337] loss=0.0000 mask=0.3965 depth=0.0017
  Epoch 40 [80/337] loss=0.0000 mask=0.3935 depth=0.0017
  Epoch 40 [90/337] loss=0.0000 mask=0.3914 depth=0.0017
  Epoch 40 [100/337] loss=0.0000 mask=0.3879 depth=0.0017
  Epoch 40 [110/337] loss=0.0000 mask=0.3845 depth=0.0017
  Epoch 40 [120/337] loss=0.0000 mask=0.3854 depth=0.0018
  Epoch 40 [130/337] loss=0.0000 mask=0.3891 depth=0.0018
  Epoch 40 [140/337] loss=0.0000 mask=0.3891 depth=0.0018
  Epoch 40 [150/337] loss=0.0000 mask=0.3936 depth=0.0018
  Epoch 40 [160/337] loss=0.0000 mask=0.3919 depth=0.0018
  Epoch 40 [170/337] loss=0.0000 mask=0.3898 depth=0.0018
  Epoch 40 [180/337] loss=0.0000 mask=0.3880 depth=0.0018
  Epoch 40 [190/337] loss=0.0000 mask=0.3868 depth=0.0017
  Epoch 40 [200/337] loss=0.0000 mask=0.3842 depth=0.0018
  Epoch 40 [210/337] loss=0.0000 mask=0.3861 depth=0.0018
  Epoch 40 [220/337] loss=0.0000 mask=0.3910 depth=0.0018
  Epoch 40 [230/337] loss=0.0000 mask=0.3899 depth=0.0018
  Epoch 40 [240/337] loss=0.0000 mask=0.3885 depth=0.0018
  Epoch 40 [250/337] loss=0.0000 mask=0.3871 depth=0.0018
  Epoch 40 [260/337] loss=0.0000 mask=0.3864 depth=0.0018
  Epoch 40 [270/337] loss=0.0000 mask=0.3864 depth=0.0018
  Epoch 40 [280/337] loss=0.0000 mask=0.3877 depth=0.0018
  Epoch 40 [290/337] loss=0.0000 mask=0.3863 depth=0.0018
  Epoch 40 [300/337] loss=0.0000 mask=0.3874 depth=0.0018
  Epoch 40 [310/337] loss=0.0000 mask=0.3877 depth=0.0018
  Epoch 40 [320/337] loss=0.0000 mask=0.3864 depth=0.0018
  Epoch 40 [330/337] loss=0.0000 mask=0.3884 depth=0.0018
  Train: loss=0.0000 mask=0.3884 depth=0.0019 time=308.5s
  Val epoch 40: loss=0.0012

=== Phase2 Epoch 41/49 ===
  Epoch 41 [10/337] loss=0.0000 mask=0.4083 depth=0.0017
  Epoch 41 [20/337] loss=0.0000 mask=0.3926 depth=0.0020
  Epoch 41 [30/337] loss=0.0000 mask=0.4068 depth=0.0020
  Epoch 41 [40/337] loss=0.0000 mask=0.4185 depth=0.0020
  Epoch 41 [50/337] loss=0.0000 mask=0.4206 depth=0.0020
  Epoch 41 [60/337] loss=0.0000 mask=0.4181 depth=0.0020
  Epoch 41 [70/337] loss=0.0000 mask=0.4195 depth=0.0021
  Epoch 41 [80/337] loss=0.0000 mask=0.4119 depth=0.0021
  Epoch 41 [90/337] loss=0.0000 mask=0.4134 depth=0.0021
  Epoch 41 [100/337] loss=0.0000 mask=0.4008 depth=0.0020
  Epoch 41 [110/337] loss=0.0000 mask=0.4047 depth=0.0020
  Epoch 41 [120/337] loss=0.0000 mask=0.3982 depth=0.0019
  Epoch 41 [130/337] loss=0.0000 mask=0.3955 depth=0.0019
  Epoch 41 [140/337] loss=0.0000 mask=0.3924 depth=0.0018
  Epoch 41 [150/337] loss=0.0000 mask=0.3884 depth=0.0018
  Epoch 41 [160/337] loss=0.0000 mask=0.3881 depth=0.0018
  Epoch 41 [170/337] loss=0.0000 mask=0.3891 depth=0.0018
  Epoch 41 [180/337] loss=0.0000 mask=0.3908 depth=0.0018
  Epoch 41 [190/337] loss=0.0000 mask=0.3889 depth=0.0018
  Epoch 41 [200/337] loss=0.0000 mask=0.3884 depth=0.0018
  Epoch 41 [210/337] loss=0.0000 mask=0.3903 depth=0.0018
  Epoch 41 [220/337] loss=0.0000 mask=0.3902 depth=0.0017
  Epoch 41 [230/337] loss=0.0000 mask=0.3934 depth=0.0018
  Epoch 41 [240/337] loss=0.0000 mask=0.3913 depth=0.0017
  Epoch 41 [250/337] loss=0.0000 mask=0.3915 depth=0.0017
  Epoch 41 [260/337] loss=0.0000 mask=0.3897 depth=0.0017
  Epoch 41 [270/337] loss=0.0000 mask=0.3888 depth=0.0017
  Epoch 41 [280/337] loss=0.0000 mask=0.3887 depth=0.0017
  Epoch 41 [290/337] loss=0.0000 mask=0.3870 depth=0.0017
  Epoch 41 [300/337] loss=0.0000 mask=0.3874 depth=0.0017
  Epoch 41 [310/337] loss=0.0000 mask=0.3874 depth=0.0017
  Epoch 41 [320/337] loss=0.0000 mask=0.3859 depth=0.0017
  Epoch 41 [330/337] loss=0.0000 mask=0.3853 depth=0.0017
  Train: loss=0.0000 mask=0.3867 depth=0.0035 time=310.4s
  Val epoch 41: loss=0.0012

=== Phase2 Epoch 42/49 ===
  Epoch 42 [10/337] loss=0.0000 mask=0.3477 depth=0.0018
  Epoch 42 [20/337] loss=0.0000 mask=0.3929 depth=0.0017
  Epoch 42 [30/337] loss=0.0000 mask=0.4140 depth=0.0018
  Epoch 42 [40/337] loss=0.0000 mask=0.3950 depth=0.0019
  Epoch 42 [50/337] loss=0.0000 mask=0.3982 depth=0.0019
  Epoch 42 [60/337] loss=0.0000 mask=0.4082 depth=0.0018
  Epoch 42 [70/337] loss=0.0000 mask=0.3970 depth=0.0018
  Epoch 42 [80/337] loss=0.0000 mask=0.4000 depth=0.0018
  Epoch 42 [90/337] loss=0.0000 mask=0.3994 depth=0.0018
  Epoch 42 [100/337] loss=0.0000 mask=0.3945 depth=0.0018
  Epoch 42 [110/337] loss=0.0000 mask=0.3935 depth=0.0017
  Epoch 42 [120/337] loss=0.0000 mask=0.3985 depth=0.0018
  Epoch 42 [130/337] loss=0.0000 mask=0.3933 depth=0.0017
  Epoch 42 [140/337] loss=0.0000 mask=0.3924 depth=0.0017
  Epoch 42 [150/337] loss=0.0000 mask=0.3939 depth=0.0018
  Epoch 42 [160/337] loss=0.0000 mask=0.3949 depth=0.0018
  Epoch 42 [170/337] loss=0.0000 mask=0.3926 depth=0.0018
  Epoch 42 [180/337] loss=0.0000 mask=0.3893 depth=0.0018
  Epoch 42 [190/337] loss=0.0000 mask=0.3900 depth=0.0018
  Epoch 42 [200/337] loss=0.0000 mask=0.3869 depth=0.0018
  Epoch 42 [210/337] loss=0.0000 mask=0.3905 depth=0.0018
  Epoch 42 [220/337] loss=0.0000 mask=0.3909 depth=0.0018
  Epoch 42 [230/337] loss=0.0000 mask=0.3947 depth=0.0018
  Epoch 42 [240/337] loss=0.0000 mask=0.3946 depth=0.0018
  Epoch 42 [250/337] loss=0.0000 mask=0.3927 depth=0.0018
  Epoch 42 [260/337] loss=0.0000 mask=0.3934 depth=0.0018
  Epoch 42 [270/337] loss=0.0000 mask=0.3928 depth=0.0018
  Epoch 42 [280/337] loss=0.0000 mask=0.3903 depth=0.0018
  Epoch 42 [290/337] loss=0.0000 mask=0.3925 depth=0.0018
  Epoch 42 [300/337] loss=0.0000 mask=0.3913 depth=0.0018
  Epoch 42 [310/337] loss=0.0000 mask=0.3894 depth=0.0018
  Epoch 42 [320/337] loss=0.0000 mask=0.3883 depth=0.0018
  Epoch 42 [330/337] loss=0.0000 mask=0.3905 depth=0.0018
  Train: loss=0.0000 mask=0.3910 depth=0.0021 time=298.2s
  Val epoch 42: loss=0.0012

=== Phase2 Epoch 43/49 ===
  Epoch 43 [10/337] loss=0.0000 mask=0.4093 depth=0.0018
  Epoch 43 [20/337] loss=0.0000 mask=0.4267 depth=0.0019
  Epoch 43 [30/337] loss=0.0000 mask=0.4154 depth=0.0019
  Epoch 43 [40/337] loss=0.0000 mask=0.4049 depth=0.0018
  Epoch 43 [50/337] loss=0.0000 mask=0.4015 depth=0.0017
  Epoch 43 [60/337] loss=0.0000 mask=0.4073 depth=0.0016
  Epoch 43 [70/337] loss=0.0000 mask=0.4056 depth=0.0017
  Epoch 43 [80/337] loss=0.0000 mask=0.4046 depth=0.0017
  Epoch 43 [90/337] loss=0.0000 mask=0.3979 depth=0.0017
  Epoch 43 [100/337] loss=0.0000 mask=0.3960 depth=0.0017
  Epoch 43 [110/337] loss=0.0000 mask=0.4036 depth=0.0017
  Epoch 43 [120/337] loss=0.0000 mask=0.4003 depth=0.0017
  Epoch 43 [130/337] loss=0.0000 mask=0.4006 depth=0.0017
  Epoch 43 [140/337] loss=0.0000 mask=0.3967 depth=0.0017
  Epoch 43 [150/337] loss=0.0000 mask=0.3996 depth=0.0017
  Epoch 43 [160/337] loss=0.0000 mask=0.3981 depth=0.0017
  Epoch 43 [170/337] loss=0.0000 mask=0.3987 depth=0.0017
  Epoch 43 [180/337] loss=0.0000 mask=0.3999 depth=0.0017
  Epoch 43 [190/337] loss=0.0000 mask=0.3977 depth=0.0017
  Epoch 43 [200/337] loss=0.0000 mask=0.3963 depth=0.0017
  Epoch 43 [210/337] loss=0.0000 mask=0.3967 depth=0.0017
  Epoch 43 [220/337] loss=0.0000 mask=0.3969 depth=0.0017
  Epoch 43 [230/337] loss=0.0000 mask=0.3949 depth=0.0017
  Epoch 43 [240/337] loss=0.0000 mask=0.3944 depth=0.0017
  Epoch 43 [250/337] loss=0.0000 mask=0.3949 depth=0.0017
  Epoch 43 [260/337] loss=0.0000 mask=0.3939 depth=0.0017
  Epoch 43 [270/337] loss=0.0000 mask=0.3952 depth=0.0017
  Epoch 43 [280/337] loss=0.0000 mask=0.3953 depth=0.0017
  Epoch 43 [290/337] loss=0.0000 mask=0.3951 depth=0.0017
  Epoch 43 [300/337] loss=0.0000 mask=0.3935 depth=0.0018
  Epoch 43 [310/337] loss=0.0000 mask=0.3929 depth=0.0018
  Epoch 43 [320/337] loss=0.0000 mask=0.3919 depth=0.0018
  Epoch 43 [330/337] loss=0.0000 mask=0.3894 depth=0.0017
  Train: loss=0.0000 mask=0.3891 depth=0.0018 time=289.2s
  Val epoch 43: loss=0.0012

=== Phase2 Epoch 44/49 ===
  Epoch 44 [10/337] loss=0.0000 mask=0.3994 depth=0.0014
  Epoch 44 [20/337] loss=0.0000 mask=0.3934 depth=0.0015
  Epoch 44 [30/337] loss=0.0000 mask=0.3752 depth=0.0014
  Epoch 44 [40/337] loss=0.0000 mask=0.3838 depth=0.0014
  Epoch 44 [50/337] loss=0.0000 mask=0.3823 depth=0.0014
  Epoch 44 [60/337] loss=0.0000 mask=0.3839 depth=0.0014
  Epoch 44 [70/337] loss=0.0000 mask=0.3838 depth=0.0015
  Epoch 44 [80/337] loss=0.0000 mask=0.3754 depth=0.0015
  Epoch 44 [90/337] loss=0.0000 mask=0.3761 depth=0.0016
  Epoch 44 [100/337] loss=0.0000 mask=0.3717 depth=0.0016
  Epoch 44 [110/337] loss=0.0000 mask=0.3693 depth=0.0016
  Epoch 44 [120/337] loss=0.0000 mask=0.3675 depth=0.0016
  Epoch 44 [130/337] loss=0.0000 mask=0.3729 depth=0.0017
  Epoch 44 [140/337] loss=0.0000 mask=0.3786 depth=0.0017
  Epoch 44 [150/337] loss=0.0000 mask=0.3816 depth=0.0017
  Epoch 44 [160/337] loss=0.0000 mask=0.3813 depth=0.0018
  Epoch 44 [170/337] loss=0.0000 mask=0.3808 depth=0.0018
  Epoch 44 [180/337] loss=0.0000 mask=0.3814 depth=0.0017
  Epoch 44 [190/337] loss=0.0000 mask=0.3819 depth=0.0018
  Epoch 44 [200/337] loss=0.0000 mask=0.3815 depth=0.0018
  Epoch 44 [210/337] loss=0.0000 mask=0.3823 depth=0.0017
  Epoch 44 [220/337] loss=0.0000 mask=0.3845 depth=0.0018
  Epoch 44 [230/337] loss=0.0000 mask=0.3844 depth=0.0018
  Epoch 44 [240/337] loss=0.0000 mask=0.3848 depth=0.0018
  Epoch 44 [250/337] loss=0.0000 mask=0.3853 depth=0.0017
  Epoch 44 [260/337] loss=0.0000 mask=0.3854 depth=0.0017
  Epoch 44 [270/337] loss=0.0000 mask=0.3865 depth=0.0017
  Epoch 44 [280/337] loss=0.0000 mask=0.3853 depth=0.0017
  Epoch 44 [290/337] loss=0.0000 mask=0.3873 depth=0.0017
  Epoch 44 [300/337] loss=0.0000 mask=0.3886 depth=0.0017
  Epoch 44 [310/337] loss=0.0000 mask=0.3886 depth=0.0017
  Epoch 44 [320/337] loss=0.0000 mask=0.3870 depth=0.0017
  Epoch 44 [330/337] loss=0.0000 mask=0.3874 depth=0.0017
  Train: loss=0.0000 mask=0.3875 depth=0.0018 time=289.5s
  Val epoch 44: loss=0.0012

=== Phase2 Epoch 45/49 ===
  Epoch 45 [10/337] loss=0.0000 mask=0.3649 depth=0.0020
  Epoch 45 [20/337] loss=0.0000 mask=0.3653 depth=0.0017
  Epoch 45 [30/337] loss=0.0000 mask=0.3779 depth=0.0016
  Epoch 45 [40/337] loss=0.0000 mask=0.3802 depth=0.0015
  Epoch 45 [50/337] loss=0.0000 mask=0.3726 depth=0.0015
  Epoch 45 [60/337] loss=0.0000 mask=0.3847 depth=0.0016
  Epoch 45 [70/337] loss=0.0000 mask=0.3796 depth=0.0016
  Epoch 45 [80/337] loss=0.0000 mask=0.3792 depth=0.0016
  Epoch 45 [90/337] loss=0.0000 mask=0.3896 depth=0.0017
  Epoch 45 [100/337] loss=0.0000 mask=0.3881 depth=0.0017
  Epoch 45 [110/337] loss=0.0000 mask=0.3919 depth=0.0017
  Epoch 45 [120/337] loss=0.0000 mask=0.3941 depth=0.0016
  Epoch 45 [130/337] loss=0.0000 mask=0.3984 depth=0.0016
  Epoch 45 [140/337] loss=0.0000 mask=0.3984 depth=0.0016
  Epoch 45 [150/337] loss=0.0000 mask=0.3948 depth=0.0016
  Epoch 45 [160/337] loss=0.0000 mask=0.3926 depth=0.0016
  Epoch 45 [170/337] loss=0.0000 mask=0.3933 depth=0.0016
  Epoch 45 [180/337] loss=0.0000 mask=0.3906 depth=0.0016
  Epoch 45 [190/337] loss=0.0000 mask=0.3905 depth=0.0016
  Epoch 45 [200/337] loss=0.0000 mask=0.3917 depth=0.0016
  Epoch 45 [210/337] loss=0.0000 mask=0.3917 depth=0.0016
  Epoch 45 [220/337] loss=0.0000 mask=0.3887 depth=0.0016
  Epoch 45 [230/337] loss=0.0000 mask=0.3932 depth=0.0016
  Epoch 45 [240/337] loss=0.0000 mask=0.3931 depth=0.0016
  Epoch 45 [250/337] loss=0.0000 mask=0.3927 depth=0.0016
  Epoch 45 [260/337] loss=0.0000 mask=0.3952 depth=0.0017
  Epoch 45 [270/337] loss=0.0000 mask=0.3954 depth=0.0017
  Epoch 45 [280/337] loss=0.0000 mask=0.3959 depth=0.0017
  Epoch 45 [290/337] loss=0.0000 mask=0.3950 depth=0.0017
  Epoch 45 [300/337] loss=0.0000 mask=0.3943 depth=0.0017
  Epoch 45 [310/337] loss=0.0000 mask=0.3932 depth=0.0017
  Epoch 45 [320/337] loss=0.0000 mask=0.3922 depth=0.0017
  Epoch 45 [330/337] loss=0.0000 mask=0.3919 depth=0.0017
  Train: loss=0.0000 mask=0.3915 depth=0.0018 time=305.2s
  Val epoch 45: loss=0.0012

=== Phase2 Epoch 46/49 ===
  Epoch 46 [10/337] loss=0.0000 mask=0.3528 depth=0.0015
  Epoch 46 [20/337] loss=0.0000 mask=0.4311 depth=0.0019
  Epoch 46 [30/337] loss=0.0000 mask=0.4269 depth=0.0016
  Epoch 46 [40/337] loss=0.0000 mask=0.4172 depth=0.0016
  Epoch 46 [50/337] loss=0.0000 mask=0.4199 depth=0.0016
  Epoch 46 [60/337] loss=0.0000 mask=0.4092 depth=0.0016
  Epoch 46 [70/337] loss=0.0000 mask=0.4016 depth=0.0015
  Epoch 46 [80/337] loss=0.0000 mask=0.4041 depth=0.0015
  Epoch 46 [90/337] loss=0.0000 mask=0.4023 depth=0.0016
  Epoch 46 [100/337] loss=0.0000 mask=0.3996 depth=0.0016
  Epoch 46 [110/337] loss=0.0000 mask=0.4035 depth=0.0016
  Epoch 46 [120/337] loss=0.0000 mask=0.4053 depth=0.0017
  Epoch 46 [130/337] loss=0.0000 mask=0.3967 depth=0.0017
  Epoch 46 [140/337] loss=0.0000 mask=0.3946 depth=0.0016
  Epoch 46 [150/337] loss=0.0000 mask=0.3924 depth=0.0017
  Epoch 46 [160/337] loss=0.0000 mask=0.3939 depth=0.0017
  Epoch 46 [170/337] loss=0.0000 mask=0.3922 depth=0.0017
  Epoch 46 [180/337] loss=0.0000 mask=0.3910 depth=0.0016
  Epoch 46 [190/337] loss=0.0000 mask=0.3879 depth=0.0016
  Epoch 46 [200/337] loss=0.0000 mask=0.3911 depth=0.0016
  Epoch 46 [210/337] loss=0.0000 mask=0.3930 depth=0.0016
  Epoch 46 [220/337] loss=0.0000 mask=0.3922 depth=0.0016
  Epoch 46 [230/337] loss=0.0000 mask=0.3926 depth=0.0016
  Epoch 46 [240/337] loss=0.0000 mask=0.3931 depth=0.0017
  Epoch 46 [250/337] loss=0.0000 mask=0.3915 depth=0.0017
  Epoch 46 [260/337] loss=0.0000 mask=0.3889 depth=0.0017
  Epoch 46 [270/337] loss=0.0000 mask=0.3897 depth=0.0017
  Epoch 46 [280/337] loss=0.0000 mask=0.3885 depth=0.0017
  Epoch 46 [290/337] loss=0.0000 mask=0.3894 depth=0.0017
  Epoch 46 [300/337] loss=0.0000 mask=0.3882 depth=0.0017
  Epoch 46 [310/337] loss=0.0000 mask=0.3893 depth=0.0017
  Epoch 46 [320/337] loss=0.0000 mask=0.3897 depth=0.0017
  Epoch 46 [330/337] loss=0.0000 mask=0.3889 depth=0.0017
  Train: loss=0.0000 mask=0.3924 depth=0.0018 time=297.6s
  Val epoch 46: loss=0.0012

=== Phase2 Epoch 47/49 ===
  Epoch 47 [10/337] loss=0.0000 mask=0.3608 depth=0.0014
  Epoch 47 [20/337] loss=0.0000 mask=0.3808 depth=0.0016
  Epoch 47 [30/337] loss=0.0000 mask=0.3709 depth=0.0017
  Epoch 47 [40/337] loss=0.0000 mask=0.3795 depth=0.0016
  Epoch 47 [50/337] loss=0.0000 mask=0.3901 depth=0.0016
  Epoch 47 [60/337] loss=0.0000 mask=0.3994 depth=0.0016
  Epoch 47 [70/337] loss=0.0000 mask=0.3966 depth=0.0015
  Epoch 47 [80/337] loss=0.0000 mask=0.3915 depth=0.0016
  Epoch 47 [90/337] loss=0.0000 mask=0.3855 depth=0.0016
  Epoch 47 [100/337] loss=0.0000 mask=0.3825 depth=0.0016
  Epoch 47 [110/337] loss=0.0000 mask=0.3820 depth=0.0016
  Epoch 47 [120/337] loss=0.0000 mask=0.3916 depth=0.0016
  Epoch 47 [130/337] loss=0.0000 mask=0.3923 depth=0.0016
  Epoch 47 [140/337] loss=0.0000 mask=0.3891 depth=0.0016
  Epoch 47 [150/337] loss=0.0000 mask=0.3931 depth=0.0016
  Epoch 47 [160/337] loss=0.0000 mask=0.3965 depth=0.0016
  Epoch 47 [170/337] loss=0.0000 mask=0.3959 depth=0.0017
  Epoch 47 [180/337] loss=0.0000 mask=0.3991 depth=0.0017
  Epoch 47 [190/337] loss=0.0000 mask=0.3971 depth=0.0017
  Epoch 47 [200/337] loss=0.0000 mask=0.3948 depth=0.0018
  Epoch 47 [210/337] loss=0.0000 mask=0.3953 depth=0.0017
  Epoch 47 [220/337] loss=0.0000 mask=0.3972 depth=0.0017
  Epoch 47 [230/337] loss=0.0000 mask=0.3932 depth=0.0017
  Epoch 47 [240/337] loss=0.0000 mask=0.3922 depth=0.0017
  Epoch 47 [250/337] loss=0.0000 mask=0.3947 depth=0.0017
  Epoch 47 [260/337] loss=0.0000 mask=0.3941 depth=0.0017
  Epoch 47 [270/337] loss=0.0000 mask=0.3912 depth=0.0017
  Epoch 47 [280/337] loss=0.0000 mask=0.3902 depth=0.0017
  Epoch 47 [290/337] loss=0.0000 mask=0.3911 depth=0.0017
  Epoch 47 [300/337] loss=0.0000 mask=0.3908 depth=0.0017
  Epoch 47 [310/337] loss=0.0000 mask=0.3894 depth=0.0017
  Epoch 47 [320/337] loss=0.0000 mask=0.3879 depth=0.0017
  Epoch 47 [330/337] loss=0.0000 mask=0.3880 depth=0.0017
  Train: loss=0.0000 mask=0.3878 depth=0.0043 time=318.8s
  Val epoch 47: loss=0.0012

=== Phase2 Epoch 48/49 ===
  Epoch 48 [10/337] loss=0.0000 mask=0.4442 depth=0.0022
  Epoch 48 [20/337] loss=0.0000 mask=0.4110 depth=0.0021
  Epoch 48 [30/337] loss=0.0000 mask=0.3879 depth=0.0021
  Epoch 48 [40/337] loss=0.0000 mask=0.3897 depth=0.0022
  Epoch 48 [50/337] loss=0.0000 mask=0.4079 depth=0.0021
  Epoch 48 [60/337] loss=0.0000 mask=0.4069 depth=0.0021
  Epoch 48 [70/337] loss=0.0000 mask=0.4062 depth=0.0020
  Epoch 48 [80/337] loss=0.0000 mask=0.4153 depth=0.0020
  Epoch 48 [90/337] loss=0.0000 mask=0.4148 depth=0.0020
  Epoch 48 [100/337] loss=0.0000 mask=0.4093 depth=0.0019
  Epoch 48 [110/337] loss=0.0000 mask=0.4063 depth=0.0019
  Epoch 48 [120/337] loss=0.0000 mask=0.4052 depth=0.0018
  Epoch 48 [130/337] loss=0.0000 mask=0.4039 depth=0.0018
  Epoch 48 [140/337] loss=0.0000 mask=0.4062 depth=0.0018
  Epoch 48 [150/337] loss=0.0000 mask=0.4043 depth=0.0018
  Epoch 48 [160/337] loss=0.0000 mask=0.4034 depth=0.0018
  Epoch 48 [170/337] loss=0.0000 mask=0.4044 depth=0.0018
  Epoch 48 [180/337] loss=0.0000 mask=0.4015 depth=0.0018
  Epoch 48 [190/337] loss=0.0000 mask=0.4001 depth=0.0018
  Epoch 48 [200/337] loss=0.0000 mask=0.4043 depth=0.0018
  Epoch 48 [210/337] loss=0.0000 mask=0.4014 depth=0.0018
  Epoch 48 [220/337] loss=0.0000 mask=0.4026 depth=0.0018
  Epoch 48 [230/337] loss=0.0000 mask=0.3996 depth=0.0018
  Epoch 48 [240/337] loss=0.0000 mask=0.3970 depth=0.0018
  Epoch 48 [250/337] loss=0.0000 mask=0.3978 depth=0.0018
  Epoch 48 [260/337] loss=0.0000 mask=0.3974 depth=0.0017
  Epoch 48 [270/337] loss=0.0000 mask=0.3990 depth=0.0018
  Epoch 48 [280/337] loss=0.0000 mask=0.3981 depth=0.0017
  Epoch 48 [290/337] loss=0.0000 mask=0.3974 depth=0.0017
  Epoch 48 [300/337] loss=0.0000 mask=0.3975 depth=0.0017
  Epoch 48 [310/337] loss=0.0000 mask=0.3982 depth=0.0017
  Epoch 48 [320/337] loss=0.0000 mask=0.3966 depth=0.0017
  Epoch 48 [330/337] loss=0.0000 mask=0.3951 depth=0.0017
  Train: loss=0.0000 mask=0.3935 depth=0.0017 time=283.5s
  Val epoch 48: loss=0.0012

=== Phase2 Epoch 49/49 ===
  Epoch 49 [10/337] loss=0.0000 mask=0.5066 depth=0.0017
  Epoch 49 [20/337] loss=0.0000 mask=0.4068 depth=0.0016
  Epoch 49 [30/337] loss=0.0000 mask=0.4063 depth=0.0015
  Epoch 49 [40/337] loss=0.0000 mask=0.4159 depth=0.0016
  Epoch 49 [50/337] loss=0.0000 mask=0.4212 depth=0.0016
  Epoch 49 [60/337] loss=0.0000 mask=0.4141 depth=0.0016
  Epoch 49 [70/337] loss=0.0000 mask=0.4126 depth=0.0015
  Epoch 49 [80/337] loss=0.0000 mask=0.4130 depth=0.0016
  Epoch 49 [90/337] loss=0.0000 mask=0.4153 depth=0.0016
  Epoch 49 [100/337] loss=0.0000 mask=0.4084 depth=0.0016
  Epoch 49 [110/337] loss=0.0000 mask=0.4079 depth=0.0016
  Epoch 49 [120/337] loss=0.0000 mask=0.4033 depth=0.0016
  Epoch 49 [130/337] loss=0.0000 mask=0.4023 depth=0.0015
  Epoch 49 [140/337] loss=0.0000 mask=0.3997 depth=0.0015
  Epoch 49 [150/337] loss=0.0000 mask=0.3983 depth=0.0016
  Epoch 49 [160/337] loss=0.0000 mask=0.3981 depth=0.0016
  Epoch 49 [170/337] loss=0.0000 mask=0.3972 depth=0.0016
  Epoch 49 [180/337] loss=0.0000 mask=0.3924 depth=0.0016
  Epoch 49 [190/337] loss=0.0000 mask=0.3933 depth=0.0016
  Epoch 49 [200/337] loss=0.0000 mask=0.3933 depth=0.0016
  Epoch 49 [210/337] loss=0.0000 mask=0.3903 depth=0.0016
  Epoch 49 [220/337] loss=0.0000 mask=0.3929 depth=0.0016
  Epoch 49 [230/337] loss=0.0000 mask=0.3914 depth=0.0016
  Epoch 49 [240/337] loss=0.0000 mask=0.3952 depth=0.0016
  Epoch 49 [250/337] loss=0.0000 mask=0.3935 depth=0.0016
  Epoch 49 [260/337] loss=0.0000 mask=0.3928 depth=0.0017
  Epoch 49 [270/337] loss=0.0000 mask=0.3929 depth=0.0017
  Epoch 49 [280/337] loss=0.0000 mask=0.3905 depth=0.0016
  Epoch 49 [290/337] loss=0.0000 mask=0.3899 depth=0.0016
  Epoch 49 [300/337] loss=0.0000 mask=0.3890 depth=0.0017
  Epoch 49 [310/337] loss=0.0000 mask=0.3881 depth=0.0016
  Epoch 49 [320/337] loss=0.0000 mask=0.3885 depth=0.0016
  Epoch 49 [330/337] loss=0.0000 mask=0.3909 depth=0.0016
  Train: loss=0.0000 mask=0.3925 depth=0.0019 time=300.5s
  Val epoch 49: loss=0.0012

Phase 2 complete. Best val loss: 0.0011
cd /home/LXT/lxt/DINOSAM && CUDA_VISIBLE_DEVICES=1 python -m dinosam.evaluate --sam_checkpoint /data3/LXT/data/checkpoint/sam_vit_b_01ec64.pth --encoder sam --phase1_checkpoint /data3/LXT/DINOv3-SAM/model_sam/0_sam/phase1_best.pt --phase2_checkpoint /data3/LXT/DINOv3-SAM/model_sam/0_sam/phase2_best.pt --n_sub_iterations 8 --save_masks_dir /data3/LXT/DINOv3-SAM/model_sam/0_sam/eval_test

使用sam_0数据集
(dinov3-sam) LXT@ubuntu:~/lxt/DINOSAM$ cd /home/LXT/lxt/DINOSAM && CUDA_VISIBLE_DEVICES=1 python -m dinosam.evaluate --sam_checkpoint /data3/LXT/data/checkpoint/sam_vit_b_01ec64.pth --encoder sam --phase1_checkpoint /data3/LXT/DINOv3-SAM/model_sam/0_sam/phase1_best.pt --phase2_checkpoint /data3/LXT/DINOv3-SAM/model_sam/0_sam/phase2_best.pt --n_sub_iterations 8 --save_masks_dir /data3/LXT/DINOv3-SAM/model_sam/0_sam/eval_test
Test dataset: /data3/LXT/DINOv3-SAM/1724_test
Test samples: 220
Iterative eval: n_sub=8, mask_prob=0.0

Loading Phase 1 model: /data3/LXT/DINOv3-SAM/model_sam/0_sam/phase1_best.pt

============================================================
  Phase 1 Model (mask-only trained)
============================================================
  Segmentation Dice:  0.8293  (median: 0.9213)
  Segmentation IoU:   0.7578  (median: 0.8541)
  IoU Prediction:     0.8445
  IoU Pred MAE:       0.1372
  Depth MSE:          4263.9550
  Depth MAE:          55.6161
  Depth RMSE:         65.2990
  Depth R²:           -0.2183
  Depth Pred:         mean=25.60  std=5.97
  Depth GT:           mean=0.00  std=59.16
  Samples:            220

  Depth MAE by class (original scale):
       Depth       MAE      RMSE   Pred Mean     N
    --------  --------  --------  ----------  ----
        -100    127.84    128.05       27.84    10
         -90    115.21    115.44       25.21    10
         -80    104.92    105.08       24.92    10
         -70     91.88     92.03       21.88    10
         -60     81.09     81.14       21.09    10
         -50     73.77     73.84       23.77    10
         -40     67.16     67.23       27.16    10
         -30     60.83     61.05       30.83    10
         -20     47.22     47.33       27.22    10
         -10     41.21     41.34       31.21    10
          +0     27.42     27.63       27.42    20
         +10     20.65     21.29       30.65    10
         +20      6.46      7.14       26.46    10
         +30      5.12      6.48       25.52    10
         +40     15.61     16.16       24.39    10
         +50     24.99     25.43       25.01    10
         +60     37.01     37.21       22.99    10
         +70     49.84     49.95       20.16    10
         +80     53.26     53.94       26.74    10
         +90     70.55     70.81       19.45    10
        +100     74.10     74.55       25.90    10
  Saved: /data3/LXT/DINOv3-SAM/model_sam/0_sam/eval_test/phase1/phase1_depth_pred_vs_gt.png
  Saved: /data3/LXT/DINOv3-SAM/model_sam/0_sam/eval_test/phase1/phase1_depth_residual_vs_gt.png

  Masks + plots saved to: /data3/LXT/DINOv3-SAM/model_sam/0_sam/eval_test/phase1

Loading Phase 2 model: /data3/LXT/DINOv3-SAM/model_sam/0_sam/phase2_best.pt

============================================================
  Phase 2 Model (depth trained)
============================================================
  Segmentation Dice:  0.8148  (median: 0.9202)
  Segmentation IoU:   0.7416  (median: 0.8523)
  IoU Prediction:     0.8451
  IoU Pred MAE:       0.1514
  Depth MSE:          5019.5118
  Depth MAE:          49.8634
  Depth RMSE:         70.8485
  Depth R²:           -0.4341
  Depth Pred:         mean=29.35  std=38.25
  Depth GT:           mean=0.00  std=59.16
  Samples:            220

  Depth MAE by class (original scale):
       Depth       MAE      RMSE   Pred Mean     N
    --------  --------  --------  ----------  ----
        -100    162.70    166.17       62.70    10
         -90    129.92    137.67       39.92    10
         -80    124.69    129.72       44.69    10
         -70    114.88    119.20       44.88    10
         -60     62.57     82.25       -2.13    10
         -50     41.64     51.44       -8.36    10
         -40     29.94     44.29      -13.57    10
         -30     35.39     43.34       -6.35    10
         -20     35.32     48.48       13.99    10
         -10     28.32     33.26       16.18    10
          +0     37.00     40.52       37.00    20
         +10     20.36     25.41       30.36    10
         +20     13.74     16.12       20.84    10
         +30     23.24     26.48        6.76    10
         +40     19.40     21.82       26.49    10
         +50     22.04     24.97       35.07    10
         +60     26.15     36.07       34.92    10
         +70     19.29     23.54       55.97    10
         +80     17.17     22.99       74.12    10
         +90     29.68     37.12       60.84    10
        +100     66.54     79.81       34.47    10
  Saved: /data3/LXT/DINOv3-SAM/model_sam/0_sam/eval_test/phase2/phase2_depth_pred_vs_gt.png
  Saved: /data3/LXT/DINOv3-SAM/model_sam/0_sam/eval_test/phase2/phase2_depth_residual_vs_gt.png

  Masks + plots saved to: /data3/LXT/DINOv3-SAM/model_sam/0_sam/eval_test/phase2

============================================================
  Phase 1 vs Phase 2 Comparison
============================================================
  Dice:       0.8293 -> 0.8148  (-0.0145)
  IoU:        0.7578 -> 0.7416  (-0.0162)
  Depth MAE:  55.6161 -> 49.8634  (-5.7526)


使用1724数据集
(dinov3-sam) LXT@ubuntu:~/lxt/DINOSAM$ cd /home/LXT/lxt/DINOSAM && CUDA_VISIBLE_DEVICES=1 python -m dinosam.evaluate --sam_checkpoint  /data3/LXT/data/checkpoint/sam_vit_b_01ec64.pth --encoder sam --phase1_checkpoint /data3/LXT/DINOv3-SAM/model_sam/SAM_0_sam/phase1_best.pt  --phase2_checkpoint /data3/LXT/DINOv3-SAM/model_sam/SAM_0_sam/phase2_best.pt --n_sub_iterations 8 --test_dir /data3/LXT/DINOv3-SAM/1724_test  --save_masks_dir /data3/LXT/DINOv3-SAM/model_sam/SAM_data/eval_1724_test
Test dataset: /data3/LXT/DINOv3-SAM/1724_test
Test samples: 220
Iterative eval: n_sub=8, mask_prob=0.0

Loading Phase 1 model: /data3/LXT/DINOv3-SAM/model_sam/SAM_0_sam/phase1_best.pt

============================================================
  Phase 1 Model (mask-only trained)
============================================================
  Segmentation Dice:  0.8102  (median: 0.9249)
  Segmentation IoU:   0.7381  (median: 0.8603)
  IoU Prediction:     0.8340
  IoU Pred MAE:       0.1569
  Depth MSE:          5185.8777
  Depth MAE:          57.2682
  Depth RMSE:         72.0130
  Depth R²:           -0.4817
  Depth Pred:         mean=-40.46  std=6.59
  Depth GT:           mean=0.00  std=59.16
  Samples:            220

  Depth MAE by class (original scale):
       Depth       MAE      RMSE   Pred Mean     N
    --------  --------  --------  ----------  ----
        -100     56.20     56.51      -43.80    10
         -90     44.66     44.80      -45.34    10
         -80     36.72     36.88      -43.28    10
         -70     23.03     23.53      -46.97    10
         -60     14.51     14.82      -45.49    10
         -50      7.51      8.28      -42.49    10
         -40      2.62      3.23      -37.99    10
         -30      5.71      6.32      -35.71    10
         -20     15.76     16.77      -35.76    10
         -10     21.31     21.43      -31.31    10
          +0     32.87     33.26      -32.87    20
         +10     42.01     42.19      -32.01    10
         +20     54.70     54.82      -34.70    10
         +30     69.11     69.19      -39.11    10
         +40     84.82     84.96      -44.82    10
         +50     95.83     95.94      -45.83    10
         +60    105.18    105.24      -45.18    10
         +70    116.14    116.18      -46.14    10
         +80    123.77    123.84      -43.77    10
         +90    132.47    132.54      -42.47    10
        +100    142.11    142.17      -42.11    10
  Saved: /data3/LXT/DINOv3-SAM/model_sam/SAM_data/eval_1724_test/phase1/phase1_depth_pred_vs_gt.png
  Saved: /data3/LXT/DINOv3-SAM/model_sam/SAM_data/eval_1724_test/phase1/phase1_depth_residual_vs_gt.png

  Masks + plots saved to: /data3/LXT/DINOv3-SAM/model_sam/SAM_data/eval_1724_test/phase1

Loading Phase 2 model: /data3/LXT/DINOv3-SAM/model_sam/SAM_0_sam/phase2_best.pt

============================================================
  Phase 2 Model (depth trained)
============================================================
  Segmentation Dice:  0.8145  (median: 0.9299)
  Segmentation IoU:   0.7426  (median: 0.8690)
  IoU Prediction:     0.8325
  IoU Pred MAE:       0.1551
  Depth MSE:          5525.3040
  Depth MAE:          51.9210
  Depth RMSE:         74.3324
  Depth R²:           -0.5787
  Depth Pred:         mean=30.31  std=39.68
  Depth GT:           mean=0.00  std=59.16
  Samples:            220

  Depth MAE by class (original scale):
       Depth       MAE      RMSE   Pred Mean     N
    --------  --------  --------  ----------  ----
        -100    168.49    170.92       68.49    10
         -90    137.48    143.26       47.48    10
         -80    128.48    133.04       48.48    10
         -70    117.60    119.59       47.60    10
         -60     57.96     76.16       -4.23    10
         -50     50.31     62.01        0.31    10
         -40     30.99     48.78      -15.04    10
         -30     35.63     48.80       -7.76    10
         -20     50.97     62.91       28.21    10
         -10     25.74     35.28       15.67    10
          +0     38.46     46.94       38.40    20
         +10     24.68     28.83       26.31    10
         +20     18.10     20.11        1.90    10
         +30     22.35     25.48        9.10    10
         +40      9.35     10.77       40.86    10
         +50      8.81     11.29       47.90    10
         +60     18.76     32.31       47.72    10
         +70     24.31     32.66       46.33    10
         +80     18.41     23.07       67.64    10
         +90     59.28     70.78       30.81    10
        +100     57.64     77.61       42.36    10
  Saved: /data3/LXT/DINOv3-SAM/model_sam/SAM_data/eval_1724_test/phase2/phase2_depth_pred_vs_gt.png
  Saved: /data3/LXT/DINOv3-SAM/model_sam/SAM_data/eval_1724_test/phase2/phase2_depth_residual_vs_gt.png

  Masks + plots saved to: /data3/LXT/DINOv3-SAM/model_sam/SAM_data/eval_1724_test/phase2

============================================================
  Phase 1 vs Phase 2 Comparison
============================================================
  Dice:       0.8102 -> 0.8145  (+0.0043)
  IoU:        0.7381 -> 0.7426  (+0.0045)
  Depth MAE:  57.2682 -> 51.9210  (-5.3472)