nohup: ignoring input
/home/LXT/.conda/envs/dinov3-sam/lib/python3.10/runpy.py:126: RuntimeWarning: 'dinosam.train.trainer' found in sys.modules after import of package 'dinosam.train', but prior to execution of 'dinosam.train.trainer'; this may result in unpredictable behaviour
  warn(RuntimeWarning(msg))
Initialized depth branch from SAM inner weights (depth_prediction_head random)
Train samples: 2145  Val samples: 543

============================================================
PHASE 1: Mask-only training (dice + iou loss)
============================================================
Phase 1: Total params: 97,379,069  Trainable: 4,064,560

=== Phase1 Epoch 0/49 ===
  Epoch 0 [10/537] loss=1.3573 mask=0.8672 iou=0.4900
  Epoch 0 [20/537] loss=1.2073 mask=0.8537 iou=0.3536
  Epoch 0 [30/537] loss=1.1035 mask=0.8430 iou=0.2605
  Epoch 0 [40/537] loss=1.0387 mask=0.8248 iou=0.2138
  Epoch 0 [50/537] loss=0.9775 mask=0.7823 iou=0.1952
  Epoch 0 [60/537] loss=0.9007 mask=0.7180 iou=0.1827
  Epoch 0 [70/537] loss=0.8325 mask=0.6597 iou=0.1727
  Epoch 0 [80/537] loss=0.7696 mask=0.6068 iou=0.1628
  Epoch 0 [90/537] loss=0.7271 mask=0.5706 iou=0.1565
  Epoch 0 [100/537] loss=0.6820 mask=0.5348 iou=0.1471
  Epoch 0 [110/537] loss=0.6457 mask=0.5065 iou=0.1392
  Epoch 0 [120/537] loss=0.6161 mask=0.4833 iou=0.1327
  Epoch 0 [130/537] loss=0.5881 mask=0.4621 iou=0.1260
  Epoch 0 [140/537] loss=0.5656 mask=0.4447 iou=0.1209
  Epoch 0 [150/537] loss=0.5432 mask=0.4273 iou=0.1159
  Epoch 0 [160/537] loss=0.5285 mask=0.4146 iou=0.1139
  Epoch 0 [170/537] loss=0.5126 mask=0.4020 iou=0.1106
  Epoch 0 [180/537] loss=0.4986 mask=0.3908 iou=0.1078
  Epoch 0 [190/537] loss=0.4893 mask=0.3829 iou=0.1063
  Epoch 0 [200/537] loss=0.4784 mask=0.3737 iou=0.1047
  Epoch 0 [210/537] loss=0.4649 mask=0.3632 iou=0.1017
  Epoch 0 [220/537] loss=0.4537 mask=0.3544 iou=0.0993
  Epoch 0 [230/537] loss=0.4453 mask=0.3481 iou=0.0972
  Epoch 0 [240/537] loss=0.4357 mask=0.3405 iou=0.0952
  Epoch 0 [250/537] loss=0.4313 mask=0.3368 iou=0.0944
  Epoch 0 [260/537] loss=0.4255 mask=0.3320 iou=0.0935
  Epoch 0 [270/537] loss=0.4196 mask=0.3276 iou=0.0921
  Epoch 0 [280/537] loss=0.4124 mask=0.3217 iou=0.0906
  Epoch 0 [290/537] loss=0.4033 mask=0.3146 iou=0.0888
  Epoch 0 [300/537] loss=0.3973 mask=0.3099 iou=0.0873
  Epoch 0 [310/537] loss=0.3904 mask=0.3047 iou=0.0857
  Epoch 0 [320/537] loss=0.3890 mask=0.3034 iou=0.0856
  Epoch 0 [330/537] loss=0.3822 mask=0.2987 iou=0.0835
  Epoch 0 [340/537] loss=0.3774 mask=0.2951 iou=0.0823
  Epoch 0 [350/537] loss=0.3729 mask=0.2918 iou=0.0811
  Epoch 0 [360/537] loss=0.3709 mask=0.2903 iou=0.0806
  Epoch 0 [370/537] loss=0.3668 mask=0.2874 iou=0.0795
  Epoch 0 [380/537] loss=0.3640 mask=0.2856 iou=0.0784
  Epoch 0 [390/537] loss=0.3596 mask=0.2825 iou=0.0772
  Epoch 0 [400/537] loss=0.3578 mask=0.2811 iou=0.0767
  Epoch 0 [410/537] loss=0.3564 mask=0.2801 iou=0.0764
  Epoch 0 [420/537] loss=0.3522 mask=0.2763 iou=0.0759
  Epoch 0 [430/537] loss=0.3499 mask=0.2744 iou=0.0755
  Epoch 0 [440/537] loss=0.3475 mask=0.2720 iou=0.0755
  Epoch 0 [450/537] loss=0.3480 mask=0.2719 iou=0.0761
  Epoch 0 [460/537] loss=0.3464 mask=0.2706 iou=0.0758
  Epoch 0 [470/537] loss=0.3436 mask=0.2684 iou=0.0752
  Epoch 0 [480/537] loss=0.3423 mask=0.2674 iou=0.0749
  Epoch 0 [490/537] loss=0.3406 mask=0.2661 iou=0.0746
  Epoch 0 [500/537] loss=0.3368 mask=0.2631 iou=0.0737
  Epoch 0 [510/537] loss=0.3360 mask=0.2624 iou=0.0736
  Epoch 0 [520/537] loss=0.3337 mask=0.2607 iou=0.0731
  Epoch 0 [530/537] loss=0.3305 mask=0.2583 iou=0.0722
  Train: loss=0.3317 mask=0.2593 iou=0.0725 time=275.8s
  Val epoch 0: loss=0.2280
  Saved best phase1 model (val_loss=0.2280)

=== Phase1 Epoch 1/49 ===
  Epoch 1 [10/537] loss=0.1408 mask=0.1085 iou=0.0323
  Epoch 1 [20/537] loss=0.2033 mask=0.1612 iou=0.0422
  Epoch 1 [30/537] loss=0.1867 mask=0.1460 iou=0.0407
  Epoch 1 [40/537] loss=0.2020 mask=0.1583 iou=0.0437
  Epoch 1 [50/537] loss=0.2186 mask=0.1725 iou=0.0461
  Epoch 1 [60/537] loss=0.2196 mask=0.1741 iou=0.0454
  Epoch 1 [70/537] loss=0.2164 mask=0.1715 iou=0.0449
  Epoch 1 [80/537] loss=0.2180 mask=0.1717 iou=0.0463
  Epoch 1 [90/537] loss=0.2143 mask=0.1683 iou=0.0460
  Epoch 1 [100/537] loss=0.2172 mask=0.1703 iou=0.0470
  Epoch 1 [110/537] loss=0.2133 mask=0.1679 iou=0.0454
  Epoch 1 [120/537] loss=0.2147 mask=0.1688 iou=0.0459
  Epoch 1 [130/537] loss=0.2139 mask=0.1688 iou=0.0451
  Epoch 1 [140/537] loss=0.2138 mask=0.1683 iou=0.0455
  Epoch 1 [150/537] loss=0.2138 mask=0.1685 iou=0.0453
  Epoch 1 [160/537] loss=0.2113 mask=0.1666 iou=0.0448
  Epoch 1 [170/537] loss=0.2128 mask=0.1676 iou=0.0453
  Epoch 1 [180/537] loss=0.2094 mask=0.1651 iou=0.0444
  Epoch 1 [190/537] loss=0.2111 mask=0.1665 iou=0.0446
  Epoch 1 [200/537] loss=0.2153 mask=0.1700 iou=0.0453
  Epoch 1 [210/537] loss=0.2149 mask=0.1698 iou=0.0451
  Epoch 1 [220/537] loss=0.2169 mask=0.1717 iou=0.0452
  Epoch 1 [230/537] loss=0.2177 mask=0.1723 iou=0.0454
  Epoch 1 [240/537] loss=0.2197 mask=0.1739 iou=0.0458
  Epoch 1 [250/537] loss=0.2204 mask=0.1744 iou=0.0460
  Epoch 1 [260/537] loss=0.2204 mask=0.1743 iou=0.0461
  Epoch 1 [270/537] loss=0.2197 mask=0.1736 iou=0.0462
  Epoch 1 [280/537] loss=0.2179 mask=0.1723 iou=0.0456
  Epoch 1 [290/537] loss=0.2162 mask=0.1713 iou=0.0449
  Epoch 1 [300/537] loss=0.2150 mask=0.1705 iou=0.0445
  Epoch 1 [310/537] loss=0.2162 mask=0.1712 iou=0.0450
  Epoch 1 [320/537] loss=0.2139 mask=0.1690 iou=0.0449
  Epoch 1 [330/537] loss=0.2147 mask=0.1695 iou=0.0452
  Epoch 1 [340/537] loss=0.2158 mask=0.1702 iou=0.0455
  Epoch 1 [350/537] loss=0.2172 mask=0.1713 iou=0.0458
  Epoch 1 [360/537] loss=0.2174 mask=0.1717 iou=0.0457
  Epoch 1 [370/537] loss=0.2185 mask=0.1725 iou=0.0459
  Epoch 1 [380/537] loss=0.2156 mask=0.1702 iou=0.0454
  Epoch 1 [390/537] loss=0.2136 mask=0.1685 iou=0.0452
  Epoch 1 [400/537] loss=0.2153 mask=0.1695 iou=0.0457
  Epoch 1 [410/537] loss=0.2148 mask=0.1692 iou=0.0457
  Epoch 1 [420/537] loss=0.2150 mask=0.1693 iou=0.0457
  Epoch 1 [430/537] loss=0.2129 mask=0.1676 iou=0.0453
  Epoch 1 [440/537] loss=0.2147 mask=0.1688 iou=0.0459
  Epoch 1 [450/537] loss=0.2131 mask=0.1675 iou=0.0456
  Epoch 1 [460/537] loss=0.2119 mask=0.1668 iou=0.0451
  Epoch 1 [470/537] loss=0.2105 mask=0.1656 iou=0.0449
  Epoch 1 [480/537] loss=0.2096 mask=0.1650 iou=0.0446
  Epoch 1 [490/537] loss=0.2100 mask=0.1656 iou=0.0445
  Epoch 1 [500/537] loss=0.2106 mask=0.1663 iou=0.0443
  Epoch 1 [510/537] loss=0.2113 mask=0.1668 iou=0.0445
  Epoch 1 [520/537] loss=0.2117 mask=0.1671 iou=0.0446
  Epoch 1 [530/537] loss=0.2112 mask=0.1669 iou=0.0443
  Train: loss=0.2122 mask=0.1680 iou=0.0443 time=280.3s
  Val epoch 1: loss=0.2049
  Saved best phase1 model (val_loss=0.2049)

=== Phase1 Epoch 2/49 ===
  Epoch 2 [10/537] loss=0.1994 mask=0.1732 iou=0.0262
  Epoch 2 [20/537] loss=0.1885 mask=0.1566 iou=0.0318
  Epoch 2 [30/537] loss=0.1829 mask=0.1531 iou=0.0298
  Epoch 2 [40/537] loss=0.2041 mask=0.1668 iou=0.0373
  Epoch 2 [50/537] loss=0.2099 mask=0.1707 iou=0.0392
  Epoch 2 [60/537] loss=0.2099 mask=0.1703 iou=0.0396
  Epoch 2 [70/537] loss=0.1976 mask=0.1604 iou=0.0372
  Epoch 2 [80/537] loss=0.1962 mask=0.1596 iou=0.0367
  Epoch 2 [90/537] loss=0.1984 mask=0.1619 iou=0.0365
  Epoch 2 [100/537] loss=0.1930 mask=0.1574 iou=0.0356
  Epoch 2 [110/537] loss=0.1926 mask=0.1571 iou=0.0355
  Epoch 2 [120/537] loss=0.1956 mask=0.1597 iou=0.0359
  Epoch 2 [130/537] loss=0.1959 mask=0.1597 iou=0.0363
  Epoch 2 [140/537] loss=0.2000 mask=0.1631 iou=0.0370
  Epoch 2 [150/537] loss=0.1963 mask=0.1603 iou=0.0360
  Epoch 2 [160/537] loss=0.1961 mask=0.1605 iou=0.0356
  Epoch 2 [170/537] loss=0.1938 mask=0.1583 iou=0.0356
  Epoch 2 [180/537] loss=0.1954 mask=0.1592 iou=0.0363
  Epoch 2 [190/537] loss=0.1920 mask=0.1557 iou=0.0364
  Epoch 2 [200/537] loss=0.1954 mask=0.1582 iou=0.0372
  Epoch 2 [210/537] loss=0.1978 mask=0.1601 iou=0.0377
  Epoch 2 [220/537] loss=0.1990 mask=0.1615 iou=0.0375
  Epoch 2 [230/537] loss=0.2002 mask=0.1624 iou=0.0378
  Epoch 2 [240/537] loss=0.1995 mask=0.1619 iou=0.0377
  Epoch 2 [250/537] loss=0.1975 mask=0.1604 iou=0.0370
  Epoch 2 [260/537] loss=0.1976 mask=0.1608 iou=0.0368
  Epoch 2 [270/537] loss=0.1976 mask=0.1606 iou=0.0370
  Epoch 2 [280/537] loss=0.1956 mask=0.1591 iou=0.0365
  Epoch 2 [290/537] loss=0.1958 mask=0.1593 iou=0.0365
  Epoch 2 [300/537] loss=0.1949 mask=0.1586 iou=0.0364
  Epoch 2 [310/537] loss=0.1933 mask=0.1575 iou=0.0358
  Epoch 2 [320/537] loss=0.1932 mask=0.1573 iou=0.0358
  Epoch 2 [330/537] loss=0.1935 mask=0.1574 iou=0.0361
  Epoch 2 [340/537] loss=0.1939 mask=0.1574 iou=0.0364
  Epoch 2 [350/537] loss=0.1940 mask=0.1575 iou=0.0365
  Epoch 2 [360/537] loss=0.1942 mask=0.1576 iou=0.0366
  Epoch 2 [370/537] loss=0.1914 mask=0.1553 iou=0.0361
  Epoch 2 [380/537] loss=0.1900 mask=0.1540 iou=0.0360
  Epoch 2 [390/537] loss=0.1922 mask=0.1553 iou=0.0370
  Epoch 2 [400/537] loss=0.1912 mask=0.1542 iou=0.0370
  Epoch 2 [410/537] loss=0.1903 mask=0.1535 iou=0.0369
  Epoch 2 [420/537] loss=0.1929 mask=0.1553 iou=0.0376
  Epoch 2 [430/537] loss=0.1927 mask=0.1550 iou=0.0378
  Epoch 2 [440/537] loss=0.1930 mask=0.1551 iou=0.0379
  Epoch 2 [450/537] loss=0.1941 mask=0.1558 iou=0.0384
  Epoch 2 [460/537] loss=0.1945 mask=0.1559 iou=0.0386
  Epoch 2 [470/537] loss=0.1940 mask=0.1555 iou=0.0385
  Epoch 2 [480/537] loss=0.1950 mask=0.1561 iou=0.0389
  Epoch 2 [490/537] loss=0.1946 mask=0.1555 iou=0.0391
  Epoch 2 [500/537] loss=0.1946 mask=0.1556 iou=0.0390
  Epoch 2 [510/537] loss=0.1940 mask=0.1549 iou=0.0391
  Epoch 2 [520/537] loss=0.1945 mask=0.1554 iou=0.0391
  Epoch 2 [530/537] loss=0.1946 mask=0.1555 iou=0.0391
  Train: loss=0.1968 mask=0.1574 iou=0.0394 time=286.0s
  Val epoch 2: loss=0.2121

=== Phase1 Epoch 3/49 ===
  Epoch 3 [10/537] loss=0.1346 mask=0.1114 iou=0.0232
  Epoch 3 [20/537] loss=0.1881 mask=0.1434 iou=0.0447
  Epoch 3 [30/537] loss=0.1747 mask=0.1318 iou=0.0430
  Epoch 3 [40/537] loss=0.1575 mask=0.1203 iou=0.0372
  Epoch 3 [50/537] loss=0.1660 mask=0.1277 iou=0.0383
  Epoch 3 [60/537] loss=0.1703 mask=0.1311 iou=0.0392
  Epoch 3 [70/537] loss=0.1786 mask=0.1380 iou=0.0406
  Epoch 3 [80/537] loss=0.1764 mask=0.1364 iou=0.0400
  Epoch 3 [90/537] loss=0.1745 mask=0.1364 iou=0.0381
  Epoch 3 [100/537] loss=0.1813 mask=0.1408 iou=0.0405
  Epoch 3 [110/537] loss=0.1814 mask=0.1401 iou=0.0413
  Epoch 3 [120/537] loss=0.1827 mask=0.1415 iou=0.0412
  Epoch 3 [130/537] loss=0.1811 mask=0.1407 iou=0.0404
  Epoch 3 [140/537] loss=0.1761 mask=0.1370 iou=0.0391
  Epoch 3 [150/537] loss=0.1738 mask=0.1360 iou=0.0378
  Epoch 3 [160/537] loss=0.1770 mask=0.1383 iou=0.0387
  Epoch 3 [170/537] loss=0.1754 mask=0.1371 iou=0.0383
  Epoch 3 [180/537] loss=0.1736 mask=0.1359 iou=0.0377
  Epoch 3 [190/537] loss=0.1751 mask=0.1373 iou=0.0378
  Epoch 3 [200/537] loss=0.1759 mask=0.1377 iou=0.0382
  Epoch 3 [210/537] loss=0.1742 mask=0.1364 iou=0.0378
  Epoch 3 [220/537] loss=0.1757 mask=0.1375 iou=0.0381
  Epoch 3 [230/537] loss=0.1747 mask=0.1369 iou=0.0378
  Epoch 3 [240/537] loss=0.1780 mask=0.1390 iou=0.0390
  Epoch 3 [250/537] loss=0.1794 mask=0.1397 iou=0.0396
  Epoch 3 [260/537] loss=0.1794 mask=0.1398 iou=0.0396
  Epoch 3 [270/537] loss=0.1799 mask=0.1398 iou=0.0401
  Epoch 3 [280/537] loss=0.1783 mask=0.1391 iou=0.0392
  Epoch 3 [290/537] loss=0.1792 mask=0.1399 iou=0.0393
  Epoch 3 [300/537] loss=0.1791 mask=0.1396 iou=0.0396
  Epoch 3 [310/537] loss=0.1797 mask=0.1399 iou=0.0398
  Epoch 3 [320/537] loss=0.1799 mask=0.1403 iou=0.0396
  Epoch 3 [330/537] loss=0.1808 mask=0.1410 iou=0.0398
  Epoch 3 [340/537] loss=0.1794 mask=0.1401 iou=0.0393
  Epoch 3 [350/537] loss=0.1791 mask=0.1398 iou=0.0393
  Epoch 3 [360/537] loss=0.1807 mask=0.1408 iou=0.0399
  Epoch 3 [370/537] loss=0.1806 mask=0.1406 iou=0.0400
  Epoch 3 [380/537] loss=0.1825 mask=0.1423 iou=0.0402
  Epoch 3 [390/537] loss=0.1809 mask=0.1408 iou=0.0401
  Epoch 3 [400/537] loss=0.1816 mask=0.1416 iou=0.0400
  Epoch 3 [410/537] loss=0.1798 mask=0.1403 iou=0.0396
  Epoch 3 [420/537] loss=0.1798 mask=0.1403 iou=0.0395
  Epoch 3 [430/537] loss=0.1792 mask=0.1399 iou=0.0393
  Epoch 3 [440/537] loss=0.1799 mask=0.1405 iou=0.0394
  Epoch 3 [450/537] loss=0.1783 mask=0.1394 iou=0.0389
  Epoch 3 [460/537] loss=0.1791 mask=0.1400 iou=0.0391
  Epoch 3 [470/537] loss=0.1797 mask=0.1403 iou=0.0393
  Epoch 3 [480/537] loss=0.1790 mask=0.1396 iou=0.0394
  Epoch 3 [490/537] loss=0.1779 mask=0.1389 iou=0.0390
  Epoch 3 [500/537] loss=0.1792 mask=0.1399 iou=0.0393
  Epoch 3 [510/537] loss=0.1796 mask=0.1401 iou=0.0395
  Epoch 3 [520/537] loss=0.1795 mask=0.1398 iou=0.0397
  Epoch 3 [530/537] loss=0.1792 mask=0.1396 iou=0.0396
  Train: loss=0.1814 mask=0.1415 iou=0.0399 time=289.3s
  Val epoch 3: loss=0.2091

=== Phase1 Epoch 4/49 ===
  Epoch 4 [10/537] loss=0.1988 mask=0.1719 iou=0.0269
  Epoch 4 [20/537] loss=0.1703 mask=0.1391 iou=0.0312
  Epoch 4 [30/537] loss=0.1701 mask=0.1378 iou=0.0324
  Epoch 4 [40/537] loss=0.1599 mask=0.1286 iou=0.0313
  Epoch 4 [50/537] loss=0.1623 mask=0.1298 iou=0.0325
  Epoch 4 [60/537] loss=0.1667 mask=0.1321 iou=0.0345
  Epoch 4 [70/537] loss=0.1702 mask=0.1344 iou=0.0357
  Epoch 4 [80/537] loss=0.1743 mask=0.1384 iou=0.0358
  Epoch 4 [90/537] loss=0.1707 mask=0.1347 iou=0.0360
  Epoch 4 [100/537] loss=0.1663 mask=0.1314 iou=0.0349
  Epoch 4 [110/537] loss=0.1637 mask=0.1289 iou=0.0348
  Epoch 4 [120/537] loss=0.1667 mask=0.1306 iou=0.0361
  Epoch 4 [130/537] loss=0.1635 mask=0.1282 iou=0.0353
  Epoch 4 [140/537] loss=0.1614 mask=0.1269 iou=0.0345
  Epoch 4 [150/537] loss=0.1628 mask=0.1274 iou=0.0353
  Epoch 4 [160/537] loss=0.1626 mask=0.1279 iou=0.0347
  Epoch 4 [170/537] loss=0.1624 mask=0.1272 iou=0.0352
  Epoch 4 [180/537] loss=0.1577 mask=0.1231 iou=0.0346
  Epoch 4 [190/537] loss=0.1601 mask=0.1250 iou=0.0351
  Epoch 4 [200/537] loss=0.1599 mask=0.1254 iou=0.0345
  Epoch 4 [210/537] loss=0.1614 mask=0.1266 iou=0.0349
  Epoch 4 [220/537] loss=0.1621 mask=0.1272 iou=0.0350
  Epoch 4 [230/537] loss=0.1630 mask=0.1274 iou=0.0356
  Epoch 4 [240/537] loss=0.1634 mask=0.1282 iou=0.0353
  Epoch 4 [250/537] loss=0.1643 mask=0.1289 iou=0.0354
  Epoch 4 [260/537] loss=0.1650 mask=0.1296 iou=0.0353
  Epoch 4 [270/537] loss=0.1670 mask=0.1307 iou=0.0364
  Epoch 4 [280/537] loss=0.1660 mask=0.1299 iou=0.0361
  Epoch 4 [290/537] loss=0.1675 mask=0.1310 iou=0.0365
  Epoch 4 [300/537] loss=0.1696 mask=0.1327 iou=0.0369
  Epoch 4 [310/537] loss=0.1682 mask=0.1318 iou=0.0364
  Epoch 4 [320/537] loss=0.1681 mask=0.1318 iou=0.0363
  Epoch 4 [330/537] loss=0.1687 mask=0.1321 iou=0.0365
  Epoch 4 [340/537] loss=0.1681 mask=0.1319 iou=0.0362
  Epoch 4 [350/537] loss=0.1673 mask=0.1313 iou=0.0361
  Epoch 4 [360/537] loss=0.1685 mask=0.1320 iou=0.0365
  Epoch 4 [370/537] loss=0.1689 mask=0.1323 iou=0.0366
  Epoch 4 [380/537] loss=0.1685 mask=0.1323 iou=0.0362
  Epoch 4 [390/537] loss=0.1714 mask=0.1344 iou=0.0369
  Epoch 4 [400/537] loss=0.1723 mask=0.1352 iou=0.0371
  Epoch 4 [410/537] loss=0.1727 mask=0.1356 iou=0.0371
  Epoch 4 [420/537] loss=0.1755 mask=0.1373 iou=0.0382
  Epoch 4 [430/537] loss=0.1747 mask=0.1367 iou=0.0380
  Epoch 4 [440/537] loss=0.1747 mask=0.1367 iou=0.0380
  Epoch 4 [450/537] loss=0.1748 mask=0.1368 iou=0.0379
  Epoch 4 [460/537] loss=0.1742 mask=0.1365 iou=0.0377
  Epoch 4 [470/537] loss=0.1736 mask=0.1362 iou=0.0374
  Epoch 4 [480/537] loss=0.1720 mask=0.1352 iou=0.0369
  Epoch 4 [490/537] loss=0.1722 mask=0.1352 iou=0.0370
  Epoch 4 [500/537] loss=0.1720 mask=0.1351 iou=0.0369
  Epoch 4 [510/537] loss=0.1714 mask=0.1346 iou=0.0368
  Epoch 4 [520/537] loss=0.1703 mask=0.1338 iou=0.0365
  Epoch 4 [530/537] loss=0.1699 mask=0.1336 iou=0.0363
  Train: loss=0.1716 mask=0.1354 iou=0.0362 time=286.7s
  Val epoch 4: loss=0.1921
  Saved best phase1 model (val_loss=0.1921)

=== Phase1 Epoch 5/49 ===
  Epoch 5 [10/537] loss=0.0912 mask=0.0740 iou=0.0172
  Epoch 5 [20/537] loss=0.1391 mask=0.1113 iou=0.0278
  Epoch 5 [30/537] loss=0.1613 mask=0.1242 iou=0.0370
  Epoch 5 [40/537] loss=0.1658 mask=0.1281 iou=0.0377
  Epoch 5 [50/537] loss=0.1776 mask=0.1380 iou=0.0396
  Epoch 5 [60/537] loss=0.1817 mask=0.1417 iou=0.0400
  Epoch 5 [70/537] loss=0.1752 mask=0.1349 iou=0.0403
  Epoch 5 [80/537] loss=0.1735 mask=0.1333 iou=0.0402
  Epoch 5 [90/537] loss=0.1708 mask=0.1325 iou=0.0383
  Epoch 5 [100/537] loss=0.1635 mask=0.1269 iou=0.0366
  Epoch 5 [110/537] loss=0.1657 mask=0.1285 iou=0.0372
  Epoch 5 [120/537] loss=0.1611 mask=0.1256 iou=0.0355
  Epoch 5 [130/537] loss=0.1567 mask=0.1220 iou=0.0347
  Epoch 5 [140/537] loss=0.1581 mask=0.1222 iou=0.0359
  Epoch 5 [150/537] loss=0.1593 mask=0.1229 iou=0.0364
  Epoch 5 [160/537] loss=0.1607 mask=0.1241 iou=0.0366
  Epoch 5 [170/537] loss=0.1579 mask=0.1220 iou=0.0359
  Epoch 5 [180/537] loss=0.1583 mask=0.1224 iou=0.0359
  Epoch 5 [190/537] loss=0.1572 mask=0.1216 iou=0.0355
  Epoch 5 [200/537] loss=0.1589 mask=0.1230 iou=0.0359
  Epoch 5 [210/537] loss=0.1570 mask=0.1217 iou=0.0353
  Epoch 5 [220/537] loss=0.1552 mask=0.1204 iou=0.0348
  Epoch 5 [230/537] loss=0.1551 mask=0.1206 iou=0.0345
  Epoch 5 [240/537] loss=0.1553 mask=0.1209 iou=0.0343
  Epoch 5 [250/537] loss=0.1550 mask=0.1208 iou=0.0342
  Epoch 5 [260/537] loss=0.1591 mask=0.1238 iou=0.0354
  Epoch 5 [270/537] loss=0.1568 mask=0.1222 iou=0.0346
  Epoch 5 [280/537] loss=0.1579 mask=0.1229 iou=0.0350
  Epoch 5 [290/537] loss=0.1601 mask=0.1247 iou=0.0354
  Epoch 5 [300/537] loss=0.1595 mask=0.1242 iou=0.0352
  Epoch 5 [310/537] loss=0.1606 mask=0.1249 iou=0.0357
  Epoch 5 [320/537] loss=0.1607 mask=0.1250 iou=0.0357
  Epoch 5 [330/537] loss=0.1621 mask=0.1258 iou=0.0362
  Epoch 5 [340/537] loss=0.1630 mask=0.1265 iou=0.0365
  Epoch 5 [350/537] loss=0.1636 mask=0.1271 iou=0.0365
  Epoch 5 [360/537] loss=0.1635 mask=0.1270 iou=0.0364
  Epoch 5 [370/537] loss=0.1622 mask=0.1261 iou=0.0362
  Epoch 5 [380/537] loss=0.1627 mask=0.1267 iou=0.0360
  Epoch 5 [390/537] loss=0.1626 mask=0.1265 iou=0.0360
  Epoch 5 [400/537] loss=0.1611 mask=0.1255 iou=0.0356
  Epoch 5 [410/537] loss=0.1612 mask=0.1259 iou=0.0353
  Epoch 5 [420/537] loss=0.1614 mask=0.1262 iou=0.0352
  Epoch 5 [430/537] loss=0.1624 mask=0.1267 iou=0.0357
  Epoch 5 [440/537] loss=0.1616 mask=0.1261 iou=0.0355
  Epoch 5 [450/537] loss=0.1635 mask=0.1276 iou=0.0359
  Epoch 5 [460/537] loss=0.1658 mask=0.1292 iou=0.0365
  Epoch 5 [470/537] loss=0.1657 mask=0.1291 iou=0.0366
  Epoch 5 [480/537] loss=0.1662 mask=0.1296 iou=0.0367
  Epoch 5 [490/537] loss=0.1653 mask=0.1289 iou=0.0364
  Epoch 5 [500/537] loss=0.1654 mask=0.1288 iou=0.0366
  Epoch 5 [510/537] loss=0.1654 mask=0.1288 iou=0.0365
  Epoch 5 [520/537] loss=0.1649 mask=0.1287 iou=0.0362
  Epoch 5 [530/537] loss=0.1649 mask=0.1288 iou=0.0362
  Train: loss=0.1660 mask=0.1301 iou=0.0359 time=281.6s
  Val epoch 5: loss=0.1921
  Saved best phase1 model (val_loss=0.1921)

=== Phase1 Epoch 6/49 ===
  Epoch 6 [10/537] loss=0.2243 mask=0.1744 iou=0.0499
  Epoch 6 [20/537] loss=0.1695 mask=0.1350 iou=0.0345
  Epoch 6 [30/537] loss=0.1625 mask=0.1263 iou=0.0361
  Epoch 6 [40/537] loss=0.1597 mask=0.1249 iou=0.0348
  Epoch 6 [50/537] loss=0.1641 mask=0.1286 iou=0.0355
  Epoch 6 [60/537] loss=0.1622 mask=0.1275 iou=0.0346
  Epoch 6 [70/537] loss=0.1580 mask=0.1240 iou=0.0341
  Epoch 6 [80/537] loss=0.1565 mask=0.1234 iou=0.0330
  Epoch 6 [90/537] loss=0.1543 mask=0.1220 iou=0.0322
  Epoch 6 [100/537] loss=0.1591 mask=0.1253 iou=0.0338
  Epoch 6 [110/537] loss=0.1598 mask=0.1253 iou=0.0344
  Epoch 6 [120/537] loss=0.1625 mask=0.1268 iou=0.0357
  Epoch 6 [130/537] loss=0.1633 mask=0.1276 iou=0.0356
  Epoch 6 [140/537] loss=0.1644 mask=0.1281 iou=0.0363
  Epoch 6 [150/537] loss=0.1605 mask=0.1258 iou=0.0347
  Epoch 6 [160/537] loss=0.1596 mask=0.1250 iou=0.0346
  Epoch 6 [170/537] loss=0.1600 mask=0.1256 iou=0.0344
  Epoch 6 [180/537] loss=0.1592 mask=0.1256 iou=0.0337
  Epoch 6 [190/537] loss=0.1581 mask=0.1247 iou=0.0334
  Epoch 6 [200/537] loss=0.1607 mask=0.1265 iou=0.0342
  Epoch 6 [210/537] loss=0.1597 mask=0.1258 iou=0.0339
  Epoch 6 [220/537] loss=0.1623 mask=0.1280 iou=0.0343
  Epoch 6 [230/537] loss=0.1618 mask=0.1281 iou=0.0337
  Epoch 6 [240/537] loss=0.1614 mask=0.1276 iou=0.0338
  Epoch 6 [250/537] loss=0.1612 mask=0.1275 iou=0.0337
  Epoch 6 [260/537] loss=0.1607 mask=0.1273 iou=0.0334
  Epoch 6 [270/537] loss=0.1636 mask=0.1295 iou=0.0341
  Epoch 6 [280/537] loss=0.1620 mask=0.1283 iou=0.0337
  Epoch 6 [290/537] loss=0.1623 mask=0.1285 iou=0.0338
  Epoch 6 [300/537] loss=0.1618 mask=0.1282 iou=0.0337
  Epoch 6 [310/537] loss=0.1616 mask=0.1277 iou=0.0339
  Epoch 6 [320/537] loss=0.1612 mask=0.1274 iou=0.0339
  Epoch 6 [330/537] loss=0.1633 mask=0.1288 iou=0.0345
  Epoch 6 [340/537] loss=0.1641 mask=0.1291 iou=0.0349
  Epoch 6 [350/537] loss=0.1654 mask=0.1304 iou=0.0350
  Epoch 6 [360/537] loss=0.1663 mask=0.1306 iou=0.0357
  Epoch 6 [370/537] loss=0.1674 mask=0.1313 iou=0.0361
  Epoch 6 [380/537] loss=0.1666 mask=0.1305 iou=0.0361
  Epoch 6 [390/537] loss=0.1672 mask=0.1311 iou=0.0361
  Epoch 6 [400/537] loss=0.1656 mask=0.1298 iou=0.0358
  Epoch 6 [410/537] loss=0.1646 mask=0.1291 iou=0.0355
  Epoch 6 [420/537] loss=0.1633 mask=0.1281 iou=0.0352
  Epoch 6 [430/537] loss=0.1647 mask=0.1291 iou=0.0356
  Epoch 6 [440/537] loss=0.1645 mask=0.1289 iou=0.0356
  Epoch 6 [450/537] loss=0.1646 mask=0.1292 iou=0.0354
  Epoch 6 [460/537] loss=0.1658 mask=0.1300 iou=0.0358
  Epoch 6 [470/537] loss=0.1657 mask=0.1298 iou=0.0359
  Epoch 6 [480/537] loss=0.1658 mask=0.1299 iou=0.0359
  Epoch 6 [490/537] loss=0.1653 mask=0.1295 iou=0.0358
  Epoch 6 [500/537] loss=0.1643 mask=0.1285 iou=0.0358
  Epoch 6 [510/537] loss=0.1648 mask=0.1289 iou=0.0359
  Epoch 6 [520/537] loss=0.1643 mask=0.1286 iou=0.0358
  Epoch 6 [530/537] loss=0.1643 mask=0.1283 iou=0.0360
  Train: loss=0.1663 mask=0.1303 iou=0.0359 time=282.3s
  Val epoch 6: loss=0.1949

=== Phase1 Epoch 7/49 ===
  Epoch 7 [10/537] loss=0.0903 mask=0.0720 iou=0.0183
  Epoch 7 [20/537] loss=0.1102 mask=0.0891 iou=0.0211
  Epoch 7 [30/537] loss=0.1324 mask=0.1043 iou=0.0281
  Epoch 7 [40/537] loss=0.1357 mask=0.1074 iou=0.0283
  Epoch 7 [50/537] loss=0.1400 mask=0.1118 iou=0.0282
  Epoch 7 [60/537] loss=0.1514 mask=0.1179 iou=0.0336
  Epoch 7 [70/537] loss=0.1601 mask=0.1241 iou=0.0360
  Epoch 7 [80/537] loss=0.1589 mask=0.1239 iou=0.0349
  Epoch 7 [90/537] loss=0.1591 mask=0.1237 iou=0.0354
  Epoch 7 [100/537] loss=0.1578 mask=0.1226 iou=0.0352
  Epoch 7 [110/537] loss=0.1517 mask=0.1184 iou=0.0334
  Epoch 7 [120/537] loss=0.1509 mask=0.1176 iou=0.0333
  Epoch 7 [130/537] loss=0.1606 mask=0.1250 iou=0.0356
  Epoch 7 [140/537] loss=0.1577 mask=0.1227 iou=0.0351
  Epoch 7 [150/537] loss=0.1569 mask=0.1219 iou=0.0350
  Epoch 7 [160/537] loss=0.1562 mask=0.1216 iou=0.0346
  Epoch 7 [170/537] loss=0.1565 mask=0.1218 iou=0.0348
  Epoch 7 [180/537] loss=0.1571 mask=0.1222 iou=0.0350
  Epoch 7 [190/537] loss=0.1582 mask=0.1229 iou=0.0353
  Epoch 7 [200/537] loss=0.1575 mask=0.1220 iou=0.0355
  Epoch 7 [210/537] loss=0.1561 mask=0.1210 iou=0.0351
  Epoch 7 [220/537] loss=0.1584 mask=0.1226 iou=0.0358
  Epoch 7 [230/537] loss=0.1583 mask=0.1225 iou=0.0358
  Epoch 7 [240/537] loss=0.1587 mask=0.1224 iou=0.0363
  Epoch 7 [250/537] loss=0.1587 mask=0.1228 iou=0.0359
  Epoch 7 [260/537] loss=0.1574 mask=0.1219 iou=0.0355
  Epoch 7 [270/537] loss=0.1562 mask=0.1214 iou=0.0349
  Epoch 7 [280/537] loss=0.1584 mask=0.1230 iou=0.0353
  Epoch 7 [290/537] loss=0.1594 mask=0.1239 iou=0.0355
  Epoch 7 [300/537] loss=0.1583 mask=0.1232 iou=0.0352
  Epoch 7 [310/537] loss=0.1595 mask=0.1241 iou=0.0354
  Epoch 7 [320/537] loss=0.1610 mask=0.1251 iou=0.0358
  Epoch 7 [330/537] loss=0.1603 mask=0.1244 iou=0.0359
  Epoch 7 [340/537] loss=0.1618 mask=0.1257 iou=0.0360
  Epoch 7 [350/537] loss=0.1600 mask=0.1244 iou=0.0356
  Epoch 7 [360/537] loss=0.1592 mask=0.1235 iou=0.0357
  Epoch 7 [370/537] loss=0.1607 mask=0.1248 iou=0.0358
  Epoch 7 [380/537] loss=0.1601 mask=0.1244 iou=0.0358
  Epoch 7 [390/537] loss=0.1589 mask=0.1234 iou=0.0355
  Epoch 7 [400/537] loss=0.1583 mask=0.1231 iou=0.0352
  Epoch 7 [410/537] loss=0.1587 mask=0.1231 iou=0.0356
  Epoch 7 [420/537] loss=0.1582 mask=0.1230 iou=0.0353
  Epoch 7 [430/537] loss=0.1579 mask=0.1226 iou=0.0353
  Epoch 7 [440/537] loss=0.1581 mask=0.1228 iou=0.0353
  Epoch 7 [450/537] loss=0.1580 mask=0.1227 iou=0.0353
  Epoch 7 [460/537] loss=0.1587 mask=0.1233 iou=0.0354
  Epoch 7 [470/537] loss=0.1582 mask=0.1230 iou=0.0353
  Epoch 7 [480/537] loss=0.1577 mask=0.1228 iou=0.0348
  Epoch 7 [490/537] loss=0.1576 mask=0.1230 iou=0.0345
  Epoch 7 [500/537] loss=0.1568 mask=0.1225 iou=0.0342
  Epoch 7 [510/537] loss=0.1563 mask=0.1224 iou=0.0340
  Epoch 7 [520/537] loss=0.1571 mask=0.1225 iou=0.0345
  Epoch 7 [530/537] loss=0.1580 mask=0.1232 iou=0.0349
  Train: loss=0.1589 mask=0.1241 iou=0.0348 time=283.3s
  Val epoch 7: loss=0.1988

=== Phase1 Epoch 8/49 ===
  Epoch 8 [10/537] loss=0.1268 mask=0.1030 iou=0.0238
  Epoch 8 [20/537] loss=0.1517 mask=0.1216 iou=0.0301
  Epoch 8 [30/537] loss=0.1550 mask=0.1231 iou=0.0320
  Epoch 8 [40/537] loss=0.1486 mask=0.1181 iou=0.0305
  Epoch 8 [50/537] loss=0.1404 mask=0.1104 iou=0.0301
  Epoch 8 [60/537] loss=0.1337 mask=0.1055 iou=0.0282
  Epoch 8 [70/537] loss=0.1347 mask=0.1069 iou=0.0278
  Epoch 8 [80/537] loss=0.1487 mask=0.1165 iou=0.0322
  Epoch 8 [90/537] loss=0.1507 mask=0.1177 iou=0.0330
  Epoch 8 [100/537] loss=0.1476 mask=0.1159 iou=0.0317
  Epoch 8 [110/537] loss=0.1450 mask=0.1131 iou=0.0319
  Epoch 8 [120/537] loss=0.1417 mask=0.1104 iou=0.0314
  Epoch 8 [130/537] loss=0.1419 mask=0.1104 iou=0.0316
  Epoch 8 [140/537] loss=0.1429 mask=0.1109 iou=0.0320
  Epoch 8 [150/537] loss=0.1418 mask=0.1101 iou=0.0317
  Epoch 8 [160/537] loss=0.1439 mask=0.1115 iou=0.0324
  Epoch 8 [170/537] loss=0.1420 mask=0.1104 iou=0.0316
  Epoch 8 [180/537] loss=0.1403 mask=0.1093 iou=0.0311
  Epoch 8 [190/537] loss=0.1405 mask=0.1089 iou=0.0316
  Epoch 8 [200/537] loss=0.1423 mask=0.1104 iou=0.0319
  Epoch 8 [210/537] loss=0.1450 mask=0.1122 iou=0.0328
  Epoch 8 [220/537] loss=0.1471 mask=0.1140 iou=0.0332
  Epoch 8 [230/537] loss=0.1465 mask=0.1133 iou=0.0332
  Epoch 8 [240/537] loss=0.1456 mask=0.1127 iou=0.0329
  Epoch 8 [250/537] loss=0.1475 mask=0.1145 iou=0.0329
  Epoch 8 [260/537] loss=0.1469 mask=0.1138 iou=0.0330
  Epoch 8 [270/537] loss=0.1463 mask=0.1133 iou=0.0329
  Epoch 8 [280/537] loss=0.1464 mask=0.1136 iou=0.0328
  Epoch 8 [290/537] loss=0.1471 mask=0.1144 iou=0.0327
  Epoch 8 [300/537] loss=0.1482 mask=0.1151 iou=0.0331
  Epoch 8 [310/537] loss=0.1487 mask=0.1157 iou=0.0331
  Epoch 8 [320/537] loss=0.1523 mask=0.1181 iou=0.0342
  Epoch 8 [330/537] loss=0.1518 mask=0.1176 iou=0.0342
  Epoch 8 [340/537] loss=0.1504 mask=0.1163 iou=0.0340
  Epoch 8 [350/537] loss=0.1495 mask=0.1158 iou=0.0337
  Epoch 8 [360/537] loss=0.1488 mask=0.1155 iou=0.0333
  Epoch 8 [370/537] loss=0.1504 mask=0.1166 iou=0.0337
  Epoch 8 [380/537] loss=0.1507 mask=0.1167 iou=0.0340
  Epoch 8 [390/537] loss=0.1495 mask=0.1159 iou=0.0337
  Epoch 8 [400/537] loss=0.1495 mask=0.1158 iou=0.0337
  Epoch 8 [410/537] loss=0.1497 mask=0.1161 iou=0.0335
  Epoch 8 [420/537] loss=0.1483 mask=0.1150 iou=0.0333
  Epoch 8 [430/537] loss=0.1484 mask=0.1150 iou=0.0334
  Epoch 8 [440/537] loss=0.1492 mask=0.1158 iou=0.0334
  Epoch 8 [450/537] loss=0.1496 mask=0.1162 iou=0.0334
  Epoch 8 [460/537] loss=0.1502 mask=0.1165 iou=0.0337
  Epoch 8 [470/537] loss=0.1522 mask=0.1181 iou=0.0341
  Epoch 8 [480/537] loss=0.1516 mask=0.1178 iou=0.0338
  Epoch 8 [490/537] loss=0.1513 mask=0.1175 iou=0.0338
  Epoch 8 [500/537] loss=0.1511 mask=0.1176 iou=0.0335
  Epoch 8 [510/537] loss=0.1514 mask=0.1178 iou=0.0336
  Epoch 8 [520/537] loss=0.1513 mask=0.1176 iou=0.0337
  Epoch 8 [530/537] loss=0.1530 mask=0.1186 iou=0.0343
  Train: loss=0.1543 mask=0.1202 iou=0.0341 time=284.8s
  Val epoch 8: loss=0.1702
  Saved best phase1 model (val_loss=0.1702)

=== Phase1 Epoch 9/49 ===
  Epoch 9 [10/537] loss=0.1531 mask=0.1183 iou=0.0348
  Epoch 9 [20/537] loss=0.1556 mask=0.1200 iou=0.0356
  Epoch 9 [30/537] loss=0.1467 mask=0.1126 iou=0.0341
  Epoch 9 [40/537] loss=0.1376 mask=0.1063 iou=0.0313
  Epoch 9 [50/537] loss=0.1413 mask=0.1087 iou=0.0326
  Epoch 9 [60/537] loss=0.1435 mask=0.1109 iou=0.0326
  Epoch 9 [70/537] loss=0.1422 mask=0.1095 iou=0.0326
  Epoch 9 [80/537] loss=0.1419 mask=0.1088 iou=0.0331
  Epoch 9 [90/537] loss=0.1450 mask=0.1108 iou=0.0342
  Epoch 9 [100/537] loss=0.1487 mask=0.1133 iou=0.0355
  Epoch 9 [110/537] loss=0.1489 mask=0.1130 iou=0.0359
  Epoch 9 [120/537] loss=0.1499 mask=0.1140 iou=0.0359
  Epoch 9 [130/537] loss=0.1465 mask=0.1120 iou=0.0345
  Epoch 9 [140/537] loss=0.1509 mask=0.1153 iou=0.0356
  Epoch 9 [150/537] loss=0.1503 mask=0.1150 iou=0.0353
  Epoch 9 [160/537] loss=0.1505 mask=0.1156 iou=0.0349
  Epoch 9 [170/537] loss=0.1532 mask=0.1179 iou=0.0353
  Epoch 9 [180/537] loss=0.1528 mask=0.1173 iou=0.0355
  Epoch 9 [190/537] loss=0.1514 mask=0.1166 iou=0.0348
  Epoch 9 [200/537] loss=0.1511 mask=0.1171 iou=0.0340
  Epoch 9 [210/537] loss=0.1508 mask=0.1169 iou=0.0339
  Epoch 9 [220/537] loss=0.1520 mask=0.1187 iou=0.0333
  Epoch 9 [230/537] loss=0.1510 mask=0.1178 iou=0.0332
  Epoch 9 [240/537] loss=0.1496 mask=0.1166 iou=0.0330
  Epoch 9 [250/537] loss=0.1511 mask=0.1182 iou=0.0329
  Epoch 9 [260/537] loss=0.1506 mask=0.1181 iou=0.0325
  Epoch 9 [270/537] loss=0.1492 mask=0.1171 iou=0.0321
  Epoch 9 [280/537] loss=0.1485 mask=0.1168 iou=0.0317
  Epoch 9 [290/537] loss=0.1480 mask=0.1163 iou=0.0316
  Epoch 9 [300/537] loss=0.1487 mask=0.1168 iou=0.0319
  Epoch 9 [310/537] loss=0.1506 mask=0.1176 iou=0.0330
  Epoch 9 [320/537] loss=0.1500 mask=0.1173 iou=0.0327
  Epoch 9 [330/537] loss=0.1505 mask=0.1179 iou=0.0325
  Epoch 9 [340/537] loss=0.1497 mask=0.1175 iou=0.0322
  Epoch 9 [350/537] loss=0.1489 mask=0.1168 iou=0.0321
  Epoch 9 [360/537] loss=0.1482 mask=0.1163 iou=0.0320
  Epoch 9 [370/537] loss=0.1477 mask=0.1159 iou=0.0318
  Epoch 9 [380/537] loss=0.1478 mask=0.1160 iou=0.0318
  Epoch 9 [390/537] loss=0.1495 mask=0.1173 iou=0.0323
  Epoch 9 [400/537] loss=0.1496 mask=0.1171 iou=0.0326
  Epoch 9 [410/537] loss=0.1516 mask=0.1186 iou=0.0331
  Epoch 9 [420/537] loss=0.1521 mask=0.1193 iou=0.0329
  Epoch 9 [430/537] loss=0.1512 mask=0.1184 iou=0.0328
  Epoch 9 [440/537] loss=0.1533 mask=0.1196 iou=0.0337
  Epoch 9 [450/537] loss=0.1539 mask=0.1201 iou=0.0339
  Epoch 9 [460/537] loss=0.1546 mask=0.1205 iou=0.0341
  Epoch 9 [470/537] loss=0.1542 mask=0.1203 iou=0.0338
  Epoch 9 [480/537] loss=0.1534 mask=0.1196 iou=0.0338
  Epoch 9 [490/537] loss=0.1529 mask=0.1193 iou=0.0335
  Epoch 9 [500/537] loss=0.1532 mask=0.1197 iou=0.0335
  Epoch 9 [510/537] loss=0.1530 mask=0.1197 iou=0.0333
  Epoch 9 [520/537] loss=0.1526 mask=0.1194 iou=0.0332
  Epoch 9 [530/537] loss=0.1525 mask=0.1191 iou=0.0333
  Train: loss=0.1540 mask=0.1208 iou=0.0332 time=282.1s
  Val epoch 9: loss=0.1829

=== Phase1 Epoch 10/49 ===
  Epoch 10 [10/537] loss=0.1407 mask=0.1136 iou=0.0271
  Epoch 10 [20/537] loss=0.1229 mask=0.0988 iou=0.0240
  Epoch 10 [30/537] loss=0.1342 mask=0.1090 iou=0.0252
  Epoch 10 [40/537] loss=0.1409 mask=0.1133 iou=0.0275
  Epoch 10 [50/537] loss=0.1409 mask=0.1141 iou=0.0268
  Epoch 10 [60/537] loss=0.1415 mask=0.1155 iou=0.0260
  Epoch 10 [70/537] loss=0.1367 mask=0.1102 iou=0.0265
  Epoch 10 [80/537] loss=0.1330 mask=0.1077 iou=0.0253
  Epoch 10 [90/537] loss=0.1322 mask=0.1059 iou=0.0262
  Epoch 10 [100/537] loss=0.1320 mask=0.1065 iou=0.0255
  Epoch 10 [110/537] loss=0.1281 mask=0.1037 iou=0.0244
  Epoch 10 [120/537] loss=0.1313 mask=0.1048 iou=0.0265
  Epoch 10 [130/537] loss=0.1360 mask=0.1074 iou=0.0286
  Epoch 10 [140/537] loss=0.1395 mask=0.1103 iou=0.0293
  Epoch 10 [150/537] loss=0.1408 mask=0.1104 iou=0.0304
  Epoch 10 [160/537] loss=0.1463 mask=0.1150 iou=0.0313
  Epoch 10 [170/537] loss=0.1453 mask=0.1139 iou=0.0314
  Epoch 10 [180/537] loss=0.1458 mask=0.1145 iou=0.0314
  Epoch 10 [190/537] loss=0.1454 mask=0.1139 iou=0.0315
  Epoch 10 [200/537] loss=0.1491 mask=0.1162 iou=0.0328
  Epoch 10 [210/537] loss=0.1508 mask=0.1176 iou=0.0333
  Epoch 10 [220/537] loss=0.1492 mask=0.1165 iou=0.0327
  Epoch 10 [230/537] loss=0.1499 mask=0.1173 iou=0.0327
  Epoch 10 [240/537] loss=0.1490 mask=0.1164 iou=0.0326
  Epoch 10 [250/537] loss=0.1479 mask=0.1153 iou=0.0326
  Epoch 10 [260/537] loss=0.1466 mask=0.1143 iou=0.0323
  Epoch 10 [270/537] loss=0.1470 mask=0.1145 iou=0.0325
  Epoch 10 [280/537] loss=0.1453 mask=0.1133 iou=0.0321
  Epoch 10 [290/537] loss=0.1475 mask=0.1148 iou=0.0327
  Epoch 10 [300/537] loss=0.1461 mask=0.1137 iou=0.0324
  Epoch 10 [310/537] loss=0.1460 mask=0.1137 iou=0.0323
  Epoch 10 [320/537] loss=0.1455 mask=0.1133 iou=0.0321
  Epoch 10 [330/537] loss=0.1448 mask=0.1128 iou=0.0320
  Epoch 10 [340/537] loss=0.1444 mask=0.1123 iou=0.0320
  Epoch 10 [350/537] loss=0.1456 mask=0.1132 iou=0.0324
  Epoch 10 [360/537] loss=0.1456 mask=0.1132 iou=0.0324
  Epoch 10 [370/537] loss=0.1466 mask=0.1139 iou=0.0327
  Epoch 10 [380/537] loss=0.1461 mask=0.1135 iou=0.0327
  Epoch 10 [390/537] loss=0.1455 mask=0.1130 iou=0.0326
  Epoch 10 [400/537] loss=0.1448 mask=0.1126 iou=0.0322
  Epoch 10 [410/537] loss=0.1438 mask=0.1119 iou=0.0319
  Epoch 10 [420/537] loss=0.1447 mask=0.1125 iou=0.0322
  Epoch 10 [430/537] loss=0.1437 mask=0.1118 iou=0.0319
  Epoch 10 [440/537] loss=0.1442 mask=0.1123 iou=0.0319
  Epoch 10 [450/537] loss=0.1445 mask=0.1126 iou=0.0318
  Epoch 10 [460/537] loss=0.1451 mask=0.1132 iou=0.0319
  Epoch 10 [470/537] loss=0.1446 mask=0.1129 iou=0.0317
  Epoch 10 [480/537] loss=0.1440 mask=0.1123 iou=0.0316
  Epoch 10 [490/537] loss=0.1441 mask=0.1125 iou=0.0316
  Epoch 10 [500/537] loss=0.1436 mask=0.1122 iou=0.0314
  Epoch 10 [510/537] loss=0.1420 mask=0.1110 iou=0.0310
  Epoch 10 [520/537] loss=0.1430 mask=0.1117 iou=0.0313
  Epoch 10 [530/537] loss=0.1427 mask=0.1117 iou=0.0310
  Train: loss=0.1437 mask=0.1130 iou=0.0307 time=275.0s
  Val epoch 10: loss=0.1772

=== Phase1 Epoch 11/49 ===
  Epoch 11 [10/537] loss=0.1730 mask=0.1361 iou=0.0369
  Epoch 11 [20/537] loss=0.1413 mask=0.1111 iou=0.0301
  Epoch 11 [30/537] loss=0.1406 mask=0.1115 iou=0.0292
  Epoch 11 [40/537] loss=0.1370 mask=0.1088 iou=0.0283
  Epoch 11 [50/537] loss=0.1519 mask=0.1216 iou=0.0304
  Epoch 11 [60/537] loss=0.1521 mask=0.1225 iou=0.0296
  Epoch 11 [70/537] loss=0.1515 mask=0.1222 iou=0.0294
  Epoch 11 [80/537] loss=0.1454 mask=0.1178 iou=0.0276
  Epoch 11 [90/537] loss=0.1451 mask=0.1182 iou=0.0269
  Epoch 11 [100/537] loss=0.1463 mask=0.1182 iou=0.0280
  Epoch 11 [110/537] loss=0.1400 mask=0.1134 iou=0.0267
  Epoch 11 [120/537] loss=0.1404 mask=0.1135 iou=0.0268
  Epoch 11 [130/537] loss=0.1381 mask=0.1121 iou=0.0261
  Epoch 11 [140/537] loss=0.1363 mask=0.1104 iou=0.0258
  Epoch 11 [150/537] loss=0.1391 mask=0.1120 iou=0.0271
  Epoch 11 [160/537] loss=0.1375 mask=0.1109 iou=0.0266
  Epoch 11 [170/537] loss=0.1389 mask=0.1118 iou=0.0271
  Epoch 11 [180/537] loss=0.1371 mask=0.1104 iou=0.0267
  Epoch 11 [190/537] loss=0.1360 mask=0.1098 iou=0.0262
  Epoch 11 [200/537] loss=0.1379 mask=0.1112 iou=0.0267
  Epoch 11 [210/537] loss=0.1352 mask=0.1089 iou=0.0263
  Epoch 11 [220/537] loss=0.1335 mask=0.1076 iou=0.0259
  Epoch 11 [230/537] loss=0.1336 mask=0.1077 iou=0.0259
  Epoch 11 [240/537] loss=0.1350 mask=0.1082 iou=0.0269
  Epoch 11 [250/537] loss=0.1357 mask=0.1084 iou=0.0272
  Epoch 11 [260/537] loss=0.1339 mask=0.1068 iou=0.0270
  Epoch 11 [270/537] loss=0.1325 mask=0.1058 iou=0.0267
  Epoch 11 [280/537] loss=0.1342 mask=0.1070 iou=0.0273
  Epoch 11 [290/537] loss=0.1334 mask=0.1063 iou=0.0271
  Epoch 11 [300/537] loss=0.1327 mask=0.1056 iou=0.0271
  Epoch 11 [310/537] loss=0.1322 mask=0.1052 iou=0.0270
  Epoch 11 [320/537] loss=0.1331 mask=0.1058 iou=0.0273
  Epoch 11 [330/537] loss=0.1334 mask=0.1061 iou=0.0273
  Epoch 11 [340/537] loss=0.1336 mask=0.1064 iou=0.0272
  Epoch 11 [350/537] loss=0.1319 mask=0.1053 iou=0.0266
  Epoch 11 [360/537] loss=0.1322 mask=0.1056 iou=0.0266
  Epoch 11 [370/537] loss=0.1345 mask=0.1070 iou=0.0274
  Epoch 11 [380/537] loss=0.1341 mask=0.1067 iou=0.0274
  Epoch 11 [390/537] loss=0.1337 mask=0.1063 iou=0.0274
  Epoch 11 [400/537] loss=0.1321 mask=0.1051 iou=0.0270
  Epoch 11 [410/537] loss=0.1309 mask=0.1041 iou=0.0268
  Epoch 11 [420/537] loss=0.1307 mask=0.1039 iou=0.0268
  Epoch 11 [430/537] loss=0.1309 mask=0.1040 iou=0.0268
  Epoch 11 [440/537] loss=0.1306 mask=0.1038 iou=0.0268
  Epoch 11 [450/537] loss=0.1304 mask=0.1038 iou=0.0266
  Epoch 11 [460/537] loss=0.1308 mask=0.1039 iou=0.0269
  Epoch 11 [470/537] loss=0.1297 mask=0.1030 iou=0.0267
  Epoch 11 [480/537] loss=0.1303 mask=0.1034 iou=0.0269
  Epoch 11 [490/537] loss=0.1300 mask=0.1031 iou=0.0269
  Epoch 11 [500/537] loss=0.1292 mask=0.1024 iou=0.0268
  Epoch 11 [510/537] loss=0.1302 mask=0.1032 iou=0.0271
  Epoch 11 [520/537] loss=0.1295 mask=0.1026 iou=0.0269
  Epoch 11 [530/537] loss=0.1302 mask=0.1030 iou=0.0272
  Train: loss=0.1318 mask=0.1047 iou=0.0271 time=275.2s
  Val epoch 11: loss=0.1711

=== Phase1 Epoch 12/49 ===
  Epoch 12 [10/537] loss=0.1359 mask=0.1047 iou=0.0312
  Epoch 12 [20/537] loss=0.1248 mask=0.0989 iou=0.0259
  Epoch 12 [30/537] loss=0.1038 mask=0.0843 iou=0.0195
  Epoch 12 [40/537] loss=0.1016 mask=0.0822 iou=0.0195
  Epoch 12 [50/537] loss=0.1050 mask=0.0849 iou=0.0201
  Epoch 12 [60/537] loss=0.1162 mask=0.0908 iou=0.0254
  Epoch 12 [70/537] loss=0.1141 mask=0.0899 iou=0.0242
  Epoch 12 [80/537] loss=0.1194 mask=0.0930 iou=0.0264
  Epoch 12 [90/537] loss=0.1251 mask=0.0971 iou=0.0280
  Epoch 12 [100/537] loss=0.1244 mask=0.0963 iou=0.0281
  Epoch 12 [110/537] loss=0.1247 mask=0.0969 iou=0.0277
  Epoch 12 [120/537] loss=0.1230 mask=0.0954 iou=0.0276
  Epoch 12 [130/537] loss=0.1203 mask=0.0937 iou=0.0266
  Epoch 12 [140/537] loss=0.1222 mask=0.0951 iou=0.0271
  Epoch 12 [150/537] loss=0.1262 mask=0.0978 iou=0.0285
  Epoch 12 [160/537] loss=0.1271 mask=0.0980 iou=0.0291
  Epoch 12 [170/537] loss=0.1261 mask=0.0971 iou=0.0289
  Epoch 12 [180/537] loss=0.1263 mask=0.0975 iou=0.0288
  Epoch 12 [190/537] loss=0.1290 mask=0.0994 iou=0.0296
  Epoch 12 [200/537] loss=0.1318 mask=0.1013 iou=0.0306
  Epoch 12 [210/537] loss=0.1355 mask=0.1037 iou=0.0318
  Epoch 12 [220/537] loss=0.1344 mask=0.1030 iou=0.0314
  Epoch 12 [230/537] loss=0.1357 mask=0.1042 iou=0.0315
  Epoch 12 [240/537] loss=0.1369 mask=0.1058 iou=0.0312
  Epoch 12 [250/537] loss=0.1382 mask=0.1067 iou=0.0315
  Epoch 12 [260/537] loss=0.1366 mask=0.1054 iou=0.0312
  Epoch 12 [270/537] loss=0.1380 mask=0.1065 iou=0.0315
  Epoch 12 [280/537] loss=0.1364 mask=0.1055 iou=0.0309
  Epoch 12 [290/537] loss=0.1349 mask=0.1046 iou=0.0303
  Epoch 12 [300/537] loss=0.1342 mask=0.1043 iou=0.0299
  Epoch 12 [310/537] loss=0.1329 mask=0.1037 iou=0.0293
  Epoch 12 [320/537] loss=0.1325 mask=0.1033 iou=0.0292
  Epoch 12 [330/537] loss=0.1328 mask=0.1035 iou=0.0294
  Epoch 12 [340/537] loss=0.1327 mask=0.1034 iou=0.0293
  Epoch 12 [350/537] loss=0.1331 mask=0.1038 iou=0.0293
  Epoch 12 [360/537] loss=0.1342 mask=0.1045 iou=0.0297
  Epoch 12 [370/537] loss=0.1352 mask=0.1052 iou=0.0300
  Epoch 12 [380/537] loss=0.1359 mask=0.1057 iou=0.0302
  Epoch 12 [390/537] loss=0.1359 mask=0.1058 iou=0.0302
  Epoch 12 [400/537] loss=0.1356 mask=0.1056 iou=0.0300
  Epoch 12 [410/537] loss=0.1363 mask=0.1062 iou=0.0300
  Epoch 12 [420/537] loss=0.1368 mask=0.1067 iou=0.0302
  Epoch 12 [430/537] loss=0.1361 mask=0.1062 iou=0.0299
  Epoch 12 [440/537] loss=0.1350 mask=0.1054 iou=0.0296
  Epoch 12 [450/537] loss=0.1352 mask=0.1057 iou=0.0295
  Epoch 12 [460/537] loss=0.1348 mask=0.1055 iou=0.0293
  Epoch 12 [470/537] loss=0.1340 mask=0.1048 iou=0.0292
  Epoch 12 [480/537] loss=0.1336 mask=0.1045 iou=0.0291
  Epoch 12 [490/537] loss=0.1340 mask=0.1048 iou=0.0292
  Epoch 12 [500/537] loss=0.1336 mask=0.1043 iou=0.0294
  Epoch 12 [510/537] loss=0.1334 mask=0.1041 iou=0.0292
  Epoch 12 [520/537] loss=0.1326 mask=0.1037 iou=0.0289
  Epoch 12 [530/537] loss=0.1332 mask=0.1041 iou=0.0291
  Train: loss=0.1357 mask=0.1064 iou=0.0293 time=276.8s
  Val epoch 12: loss=0.1724

=== Phase1 Epoch 13/49 ===
  Epoch 13 [10/537] loss=0.1009 mask=0.0780 iou=0.0229
  Epoch 13 [20/537] loss=0.1112 mask=0.0841 iou=0.0271
  Epoch 13 [30/537] loss=0.1016 mask=0.0781 iou=0.0235
  Epoch 13 [40/537] loss=0.1048 mask=0.0813 iou=0.0235
  Epoch 13 [50/537] loss=0.1101 mask=0.0861 iou=0.0240
  Epoch 13 [60/537] loss=0.1079 mask=0.0850 iou=0.0229
  Epoch 13 [70/537] loss=0.1146 mask=0.0900 iou=0.0245
  Epoch 13 [80/537] loss=0.1130 mask=0.0889 iou=0.0241
  Epoch 13 [90/537] loss=0.1124 mask=0.0884 iou=0.0241
  Epoch 13 [100/537] loss=0.1200 mask=0.0945 iou=0.0255
  Epoch 13 [110/537] loss=0.1173 mask=0.0926 iou=0.0247
  Epoch 13 [120/537] loss=0.1161 mask=0.0917 iou=0.0244
  Epoch 13 [130/537] loss=0.1159 mask=0.0915 iou=0.0244
  Epoch 13 [140/537] loss=0.1140 mask=0.0897 iou=0.0243
  Epoch 13 [150/537] loss=0.1239 mask=0.0961 iou=0.0278
  Epoch 13 [160/537] loss=0.1228 mask=0.0955 iou=0.0273
  Epoch 13 [170/537] loss=0.1202 mask=0.0941 iou=0.0262
  Epoch 13 [180/537] loss=0.1216 mask=0.0952 iou=0.0265
  Epoch 13 [190/537] loss=0.1209 mask=0.0947 iou=0.0262
  Epoch 13 [200/537] loss=0.1225 mask=0.0955 iou=0.0270
  Epoch 13 [210/537] loss=0.1249 mask=0.0979 iou=0.0270
  Epoch 13 [220/537] loss=0.1234 mask=0.0971 iou=0.0264
  Epoch 13 [230/537] loss=0.1208 mask=0.0950 iou=0.0259
  Epoch 13 [240/537] loss=0.1203 mask=0.0949 iou=0.0254
  Epoch 13 [250/537] loss=0.1220 mask=0.0961 iou=0.0260
  Epoch 13 [260/537] loss=0.1220 mask=0.0963 iou=0.0257
  Epoch 13 [270/537] loss=0.1227 mask=0.0967 iou=0.0260
  Epoch 13 [280/537] loss=0.1225 mask=0.0965 iou=0.0260
  Epoch 13 [290/537] loss=0.1229 mask=0.0966 iou=0.0262
  Epoch 13 [300/537] loss=0.1248 mask=0.0978 iou=0.0270
  Epoch 13 [310/537] loss=0.1244 mask=0.0979 iou=0.0265
  Epoch 13 [320/537] loss=0.1236 mask=0.0973 iou=0.0263
  Epoch 13 [330/537] loss=0.1236 mask=0.0975 iou=0.0260
  Epoch 13 [340/537] loss=0.1231 mask=0.0971 iou=0.0259
  Epoch 13 [350/537] loss=0.1214 mask=0.0958 iou=0.0256
  Epoch 13 [360/537] loss=0.1211 mask=0.0956 iou=0.0255
  Epoch 13 [370/537] loss=0.1203 mask=0.0951 iou=0.0252
  Epoch 13 [380/537] loss=0.1208 mask=0.0953 iou=0.0256
  Epoch 13 [390/537] loss=0.1206 mask=0.0951 iou=0.0255
  Epoch 13 [400/537] loss=0.1209 mask=0.0951 iou=0.0258
  Epoch 13 [410/537] loss=0.1214 mask=0.0956 iou=0.0259
  Epoch 13 [420/537] loss=0.1207 mask=0.0951 iou=0.0257
  Epoch 13 [430/537] loss=0.1205 mask=0.0950 iou=0.0256
  Epoch 13 [440/537] loss=0.1209 mask=0.0952 iou=0.0257
  Epoch 13 [450/537] loss=0.1201 mask=0.0947 iou=0.0255
  Epoch 13 [460/537] loss=0.1197 mask=0.0944 iou=0.0253
  Epoch 13 [470/537] loss=0.1200 mask=0.0946 iou=0.0254
  Epoch 13 [480/537] loss=0.1213 mask=0.0955 iou=0.0258
  Epoch 13 [490/537] loss=0.1214 mask=0.0957 iou=0.0258
  Epoch 13 [500/537] loss=0.1227 mask=0.0965 iou=0.0262
  Epoch 13 [510/537] loss=0.1215 mask=0.0957 iou=0.0258
  Epoch 13 [520/537] loss=0.1240 mask=0.0974 iou=0.0265
  Epoch 13 [530/537] loss=0.1235 mask=0.0971 iou=0.0264
  Train: loss=0.1248 mask=0.0976 iou=0.0271 time=280.7s
  Val epoch 13: loss=0.1685
  Saved best phase1 model (val_loss=0.1685)

=== Phase1 Epoch 14/49 ===
  Epoch 14 [10/537] loss=0.1737 mask=0.1317 iou=0.0421
  Epoch 14 [20/537] loss=0.1281 mask=0.1012 iou=0.0268
  Epoch 14 [30/537] loss=0.1342 mask=0.1048 iou=0.0294
  Epoch 14 [40/537] loss=0.1237 mask=0.0958 iou=0.0278
  Epoch 14 [50/537] loss=0.1226 mask=0.0953 iou=0.0273
  Epoch 14 [60/537] loss=0.1173 mask=0.0929 iou=0.0245
  Epoch 14 [70/537] loss=0.1170 mask=0.0926 iou=0.0245
  Epoch 14 [80/537] loss=0.1171 mask=0.0936 iou=0.0235
  Epoch 14 [90/537] loss=0.1257 mask=0.0990 iou=0.0267
  Epoch 14 [100/537] loss=0.1259 mask=0.0999 iou=0.0260
  Epoch 14 [110/537] loss=0.1269 mask=0.1007 iou=0.0262
  Epoch 14 [120/537] loss=0.1220 mask=0.0970 iou=0.0250
  Epoch 14 [130/537] loss=0.1218 mask=0.0974 iou=0.0244
  Epoch 14 [140/537] loss=0.1182 mask=0.0945 iou=0.0237
  Epoch 14 [150/537] loss=0.1227 mask=0.0975 iou=0.0253
  Epoch 14 [160/537] loss=0.1224 mask=0.0973 iou=0.0251
  Epoch 14 [170/537] loss=0.1234 mask=0.0977 iou=0.0257
  Epoch 14 [180/537] loss=0.1222 mask=0.0970 iou=0.0252
  Epoch 14 [190/537] loss=0.1229 mask=0.0976 iou=0.0254
  Epoch 14 [200/537] loss=0.1215 mask=0.0965 iou=0.0250
  Epoch 14 [210/537] loss=0.1236 mask=0.0981 iou=0.0256
  Epoch 14 [220/537] loss=0.1237 mask=0.0978 iou=0.0258
  Epoch 14 [230/537] loss=0.1229 mask=0.0975 iou=0.0254
  Epoch 14 [240/537] loss=0.1214 mask=0.0966 iou=0.0248
  Epoch 14 [250/537] loss=0.1193 mask=0.0950 iou=0.0243
  Epoch 14 [260/537] loss=0.1198 mask=0.0955 iou=0.0243
  Epoch 14 [270/537] loss=0.1228 mask=0.0973 iou=0.0254
  Epoch 14 [280/537] loss=0.1228 mask=0.0976 iou=0.0252
  Epoch 14 [290/537] loss=0.1232 mask=0.0979 iou=0.0253
  Epoch 14 [300/537] loss=0.1230 mask=0.0975 iou=0.0255
  Epoch 14 [310/537] loss=0.1240 mask=0.0981 iou=0.0259
  Epoch 14 [320/537] loss=0.1238 mask=0.0979 iou=0.0259
  Epoch 14 [330/537] loss=0.1224 mask=0.0970 iou=0.0254
  Epoch 14 [340/537] loss=0.1231 mask=0.0975 iou=0.0256
  Epoch 14 [350/537] loss=0.1225 mask=0.0971 iou=0.0254
  Epoch 14 [360/537] loss=0.1228 mask=0.0974 iou=0.0255
  Epoch 14 [370/537] loss=0.1220 mask=0.0967 iou=0.0253
  Epoch 14 [380/537] loss=0.1218 mask=0.0965 iou=0.0252
  Epoch 14 [390/537] loss=0.1214 mask=0.0961 iou=0.0252
  Epoch 14 [400/537] loss=0.1223 mask=0.0968 iou=0.0255
  Epoch 14 [410/537] loss=0.1230 mask=0.0973 iou=0.0257
  Epoch 14 [420/537] loss=0.1215 mask=0.0963 iou=0.0252
  Epoch 14 [430/537] loss=0.1212 mask=0.0962 iou=0.0251
  Epoch 14 [440/537] loss=0.1213 mask=0.0964 iou=0.0249
  Epoch 14 [450/537] loss=0.1208 mask=0.0960 iou=0.0248
  Epoch 14 [460/537] loss=0.1205 mask=0.0957 iou=0.0248
  Epoch 14 [470/537] loss=0.1214 mask=0.0963 iou=0.0251
  Epoch 14 [480/537] loss=0.1215 mask=0.0964 iou=0.0251
  Epoch 14 [490/537] loss=0.1213 mask=0.0962 iou=0.0251
  Epoch 14 [500/537] loss=0.1212 mask=0.0962 iou=0.0250
  Epoch 14 [510/537] loss=0.1206 mask=0.0958 iou=0.0247
  Epoch 14 [520/537] loss=0.1221 mask=0.0968 iou=0.0253
  Epoch 14 [530/537] loss=0.1219 mask=0.0967 iou=0.0252
  Train: loss=0.1229 mask=0.0977 iou=0.0252 time=280.0s
  Val epoch 14: loss=0.1681
  Saved best phase1 model (val_loss=0.1681)

=== Phase1 Epoch 15/49 ===
  Epoch 15 [10/537] loss=0.0663 mask=0.0581 iou=0.0082
  Epoch 15 [20/537] loss=0.0678 mask=0.0592 iou=0.0086
  Epoch 15 [30/537] loss=0.0771 mask=0.0692 iou=0.0080
  Epoch 15 [40/537] loss=0.0985 mask=0.0831 iou=0.0155
  Epoch 15 [50/537] loss=0.0960 mask=0.0809 iou=0.0151
  Epoch 15 [60/537] loss=0.1064 mask=0.0875 iou=0.0189
  Epoch 15 [70/537] loss=0.1026 mask=0.0849 iou=0.0177
  Epoch 15 [80/537] loss=0.1061 mask=0.0867 iou=0.0194
  Epoch 15 [90/537] loss=0.1006 mask=0.0820 iou=0.0186
  Epoch 15 [100/537] loss=0.1025 mask=0.0829 iou=0.0196
  Epoch 15 [110/537] loss=0.1062 mask=0.0854 iou=0.0208
  Epoch 15 [120/537] loss=0.1034 mask=0.0831 iou=0.0202
  Epoch 15 [130/537] loss=0.1037 mask=0.0833 iou=0.0205
  Epoch 15 [140/537] loss=0.1040 mask=0.0832 iou=0.0208
  Epoch 15 [150/537] loss=0.1073 mask=0.0852 iou=0.0222
  Epoch 15 [160/537] loss=0.1078 mask=0.0854 iou=0.0223
  Epoch 15 [170/537] loss=0.1094 mask=0.0872 iou=0.0222
  Epoch 15 [180/537] loss=0.1069 mask=0.0852 iou=0.0217
  Epoch 15 [190/537] loss=0.1064 mask=0.0848 iou=0.0216
  Epoch 15 [200/537] loss=0.1064 mask=0.0849 iou=0.0216
  Epoch 15 [210/537] loss=0.1048 mask=0.0836 iou=0.0212
  Epoch 15 [220/537] loss=0.1074 mask=0.0858 iou=0.0216
  Epoch 15 [230/537] loss=0.1085 mask=0.0864 iou=0.0221
  Epoch 15 [240/537] loss=0.1097 mask=0.0871 iou=0.0226
  Epoch 15 [250/537] loss=0.1087 mask=0.0865 iou=0.0222
  Epoch 15 [260/537] loss=0.1074 mask=0.0857 iou=0.0217
  Epoch 15 [270/537] loss=0.1086 mask=0.0866 iou=0.0220
  Epoch 15 [280/537] loss=0.1094 mask=0.0874 iou=0.0220
  Epoch 15 [290/537] loss=0.1102 mask=0.0880 iou=0.0222
  Epoch 15 [300/537] loss=0.1086 mask=0.0868 iou=0.0217
  Epoch 15 [310/537] loss=0.1095 mask=0.0878 iou=0.0216
  Epoch 15 [320/537] loss=0.1104 mask=0.0883 iou=0.0221
  Epoch 15 [330/537] loss=0.1096 mask=0.0875 iou=0.0220
  Epoch 15 [340/537] loss=0.1092 mask=0.0871 iou=0.0221
  Epoch 15 [350/537] loss=0.1096 mask=0.0876 iou=0.0220
  Epoch 15 [360/537] loss=0.1104 mask=0.0881 iou=0.0223
  Epoch 15 [370/537] loss=0.1103 mask=0.0882 iou=0.0221
  Epoch 15 [380/537] loss=0.1123 mask=0.0896 iou=0.0227
  Epoch 15 [390/537] loss=0.1124 mask=0.0898 iou=0.0226
  Epoch 15 [400/537] loss=0.1124 mask=0.0897 iou=0.0227
  Epoch 15 [410/537] loss=0.1123 mask=0.0898 iou=0.0225
  Epoch 15 [420/537] loss=0.1112 mask=0.0890 iou=0.0222
  Epoch 15 [430/537] loss=0.1128 mask=0.0900 iou=0.0228
  Epoch 15 [440/537] loss=0.1135 mask=0.0904 iou=0.0231
  Epoch 15 [450/537] loss=0.1133 mask=0.0903 iou=0.0230
  Epoch 15 [460/537] loss=0.1137 mask=0.0906 iou=0.0231
  Epoch 15 [470/537] loss=0.1143 mask=0.0910 iou=0.0233
  Epoch 15 [480/537] loss=0.1144 mask=0.0910 iou=0.0235
  Epoch 15 [490/537] loss=0.1142 mask=0.0908 iou=0.0234
  Epoch 15 [500/537] loss=0.1143 mask=0.0908 iou=0.0235
  Epoch 15 [510/537] loss=0.1151 mask=0.0912 iou=0.0238
  Epoch 15 [520/537] loss=0.1152 mask=0.0914 iou=0.0237
  Epoch 15 [530/537] loss=0.1154 mask=0.0916 iou=0.0237
  Train: loss=0.1160 mask=0.0919 iou=0.0240 time=286.2s
  Val epoch 15: loss=0.1704

=== Phase1 Epoch 16/49 ===
  Epoch 16 [10/537] loss=0.0817 mask=0.0660 iou=0.0157
  Epoch 16 [20/537] loss=0.0893 mask=0.0724 iou=0.0169
  Epoch 16 [30/537] loss=0.0936 mask=0.0759 iou=0.0177
  Epoch 16 [40/537] loss=0.0880 mask=0.0720 iou=0.0160
  Epoch 16 [50/537] loss=0.0865 mask=0.0718 iou=0.0148
  Epoch 16 [60/537] loss=0.0924 mask=0.0767 iou=0.0157
  Epoch 16 [70/537] loss=0.1020 mask=0.0823 iou=0.0197
  Epoch 16 [80/537] loss=0.1064 mask=0.0858 iou=0.0206
  Epoch 16 [90/537] loss=0.1095 mask=0.0873 iou=0.0222
  Epoch 16 [100/537] loss=0.1082 mask=0.0857 iou=0.0225
  Epoch 16 [110/537] loss=0.1089 mask=0.0862 iou=0.0228
  Epoch 16 [120/537] loss=0.1113 mask=0.0886 iou=0.0227
  Epoch 16 [130/537] loss=0.1085 mask=0.0865 iou=0.0220
  Epoch 16 [140/537] loss=0.1103 mask=0.0877 iou=0.0226
  Epoch 16 [150/537] loss=0.1124 mask=0.0894 iou=0.0230
  Epoch 16 [160/537] loss=0.1127 mask=0.0896 iou=0.0230
  Epoch 16 [170/537] loss=0.1172 mask=0.0933 iou=0.0239
  Epoch 16 [180/537] loss=0.1170 mask=0.0930 iou=0.0241
  Epoch 16 [190/537] loss=0.1162 mask=0.0922 iou=0.0240
  Epoch 16 [200/537] loss=0.1175 mask=0.0933 iou=0.0242
  Epoch 16 [210/537] loss=0.1176 mask=0.0937 iou=0.0239
  Epoch 16 [220/537] loss=0.1197 mask=0.0951 iou=0.0247
  Epoch 16 [230/537] loss=0.1202 mask=0.0952 iou=0.0250
  Epoch 16 [240/537] loss=0.1185 mask=0.0939 iou=0.0246
  Epoch 16 [250/537] loss=0.1173 mask=0.0933 iou=0.0240
  Epoch 16 [260/537] loss=0.1175 mask=0.0934 iou=0.0241
  Epoch 16 [270/537] loss=0.1198 mask=0.0950 iou=0.0248
  Epoch 16 [280/537] loss=0.1184 mask=0.0941 iou=0.0244
  Epoch 16 [290/537] loss=0.1196 mask=0.0945 iou=0.0251
  Epoch 16 [300/537] loss=0.1188 mask=0.0941 iou=0.0247
  Epoch 16 [310/537] loss=0.1187 mask=0.0940 iou=0.0247
  Epoch 16 [320/537] loss=0.1177 mask=0.0932 iou=0.0245
  Epoch 16 [330/537] loss=0.1167 mask=0.0925 iou=0.0241
  Epoch 16 [340/537] loss=0.1158 mask=0.0919 iou=0.0239
  Epoch 16 [350/537] loss=0.1164 mask=0.0925 iou=0.0239
  Epoch 16 [360/537] loss=0.1147 mask=0.0912 iou=0.0235
  Epoch 16 [370/537] loss=0.1161 mask=0.0919 iou=0.0242
  Epoch 16 [380/537] loss=0.1150 mask=0.0911 iou=0.0239
  Epoch 16 [390/537] loss=0.1153 mask=0.0913 iou=0.0240
  Epoch 16 [400/537] loss=0.1148 mask=0.0909 iou=0.0239
  Epoch 16 [410/537] loss=0.1143 mask=0.0905 iou=0.0237
  Epoch 16 [420/537] loss=0.1133 mask=0.0899 iou=0.0234
  Epoch 16 [430/537] loss=0.1139 mask=0.0904 iou=0.0235
  Epoch 16 [440/537] loss=0.1140 mask=0.0906 iou=0.0234
  Epoch 16 [450/537] loss=0.1147 mask=0.0911 iou=0.0236
  Epoch 16 [460/537] loss=0.1143 mask=0.0907 iou=0.0236
  Epoch 16 [470/537] loss=0.1136 mask=0.0903 iou=0.0232
  Epoch 16 [480/537] loss=0.1127 mask=0.0898 iou=0.0229
  Epoch 16 [490/537] loss=0.1137 mask=0.0906 iou=0.0231
  Epoch 16 [500/537] loss=0.1136 mask=0.0907 iou=0.0229
  Epoch 16 [510/537] loss=0.1137 mask=0.0908 iou=0.0230
  Epoch 16 [520/537] loss=0.1140 mask=0.0909 iou=0.0231
  Epoch 16 [530/537] loss=0.1141 mask=0.0910 iou=0.0231
  Train: loss=0.1159 mask=0.0928 iou=0.0231 time=284.1s
  Val epoch 16: loss=0.1736

=== Phase1 Epoch 17/49 ===
  Epoch 17 [10/537] loss=0.1139 mask=0.0867 iou=0.0273
  Epoch 17 [20/537] loss=0.0815 mask=0.0644 iou=0.0171
  Epoch 17 [30/537] loss=0.0957 mask=0.0746 iou=0.0211
  Epoch 17 [40/537] loss=0.1106 mask=0.0870 iou=0.0236
  Epoch 17 [50/537] loss=0.1190 mask=0.0922 iou=0.0269
  Epoch 17 [60/537] loss=0.1184 mask=0.0927 iou=0.0258
  Epoch 17 [70/537] loss=0.1137 mask=0.0903 iou=0.0234
  Epoch 17 [80/537] loss=0.1150 mask=0.0907 iou=0.0243
  Epoch 17 [90/537] loss=0.1151 mask=0.0917 iou=0.0234
  Epoch 17 [100/537] loss=0.1130 mask=0.0911 iou=0.0219
  Epoch 17 [110/537] loss=0.1137 mask=0.0911 iou=0.0226
  Epoch 17 [120/537] loss=0.1149 mask=0.0917 iou=0.0231
  Epoch 17 [130/537] loss=0.1140 mask=0.0910 iou=0.0230
  Epoch 17 [140/537] loss=0.1156 mask=0.0923 iou=0.0234
  Epoch 17 [150/537] loss=0.1150 mask=0.0912 iou=0.0237
  Epoch 17 [160/537] loss=0.1123 mask=0.0894 iou=0.0229
  Epoch 17 [170/537] loss=0.1138 mask=0.0904 iou=0.0234
  Epoch 17 [180/537] loss=0.1143 mask=0.0907 iou=0.0236
  Epoch 17 [190/537] loss=0.1153 mask=0.0913 iou=0.0241
  Epoch 17 [200/537] loss=0.1143 mask=0.0905 iou=0.0237
  Epoch 17 [210/537] loss=0.1161 mask=0.0919 iou=0.0242
  Epoch 17 [220/537] loss=0.1146 mask=0.0908 iou=0.0238
  Epoch 17 [230/537] loss=0.1130 mask=0.0895 iou=0.0235
  Epoch 17 [240/537] loss=0.1136 mask=0.0899 iou=0.0237
  Epoch 17 [250/537] loss=0.1126 mask=0.0893 iou=0.0234
  Epoch 17 [260/537] loss=0.1131 mask=0.0896 iou=0.0235
  Epoch 17 [270/537] loss=0.1155 mask=0.0915 iou=0.0240
  Epoch 17 [280/537] loss=0.1139 mask=0.0905 iou=0.0234
  Epoch 17 [290/537] loss=0.1144 mask=0.0907 iou=0.0237
  Epoch 17 [300/537] loss=0.1135 mask=0.0902 iou=0.0233
  Epoch 17 [310/537] loss=0.1129 mask=0.0900 iou=0.0230
  Epoch 17 [320/537] loss=0.1128 mask=0.0897 iou=0.0231
  Epoch 17 [330/537] loss=0.1120 mask=0.0891 iou=0.0229
  Epoch 17 [340/537] loss=0.1110 mask=0.0884 iou=0.0226
  Epoch 17 [350/537] loss=0.1109 mask=0.0884 iou=0.0225
  Epoch 17 [360/537] loss=0.1105 mask=0.0881 iou=0.0224
  Epoch 17 [370/537] loss=0.1096 mask=0.0877 iou=0.0220
  Epoch 17 [380/537] loss=0.1095 mask=0.0874 iou=0.0220
  Epoch 17 [390/537] loss=0.1116 mask=0.0889 iou=0.0227
  Epoch 17 [400/537] loss=0.1110 mask=0.0885 iou=0.0226
  Epoch 17 [410/537] loss=0.1108 mask=0.0883 iou=0.0226
  Epoch 17 [420/537] loss=0.1105 mask=0.0880 iou=0.0225
  Epoch 17 [430/537] loss=0.1094 mask=0.0873 iou=0.0222
  Epoch 17 [440/537] loss=0.1093 mask=0.0871 iou=0.0222
  Epoch 17 [450/537] loss=0.1092 mask=0.0870 iou=0.0222
  Epoch 17 [460/537] loss=0.1102 mask=0.0878 iou=0.0224
  Epoch 17 [470/537] loss=0.1122 mask=0.0891 iou=0.0230
  Epoch 17 [480/537] loss=0.1119 mask=0.0891 iou=0.0228
  Epoch 17 [490/537] loss=0.1107 mask=0.0882 iou=0.0225
  Epoch 17 [500/537] loss=0.1107 mask=0.0884 iou=0.0223
  Epoch 17 [510/537] loss=0.1097 mask=0.0876 iou=0.0221
  Epoch 17 [520/537] loss=0.1094 mask=0.0874 iou=0.0220
  Epoch 17 [530/537] loss=0.1091 mask=0.0871 iou=0.0220
  Train: loss=0.1105 mask=0.0886 iou=0.0219 time=287.3s
  Val epoch 17: loss=0.1723

=== Phase1 Epoch 18/49 ===
  Epoch 18 [10/537] loss=0.0841 mask=0.0711 iou=0.0129
  Epoch 18 [20/537] loss=0.1026 mask=0.0798 iou=0.0228
  Epoch 18 [30/537] loss=0.1009 mask=0.0804 iou=0.0204
  Epoch 18 [40/537] loss=0.0998 mask=0.0817 iou=0.0181
  Epoch 18 [50/537] loss=0.0977 mask=0.0800 iou=0.0177
  Epoch 18 [60/537] loss=0.1036 mask=0.0833 iou=0.0203
  Epoch 18 [70/537] loss=0.1023 mask=0.0819 iou=0.0205
  Epoch 18 [80/537] loss=0.1025 mask=0.0811 iou=0.0214
  Epoch 18 [90/537] loss=0.0989 mask=0.0791 iou=0.0198
  Epoch 18 [100/537] loss=0.1002 mask=0.0805 iou=0.0196
  Epoch 18 [110/537] loss=0.1028 mask=0.0819 iou=0.0210
  Epoch 18 [120/537] loss=0.1023 mask=0.0813 iou=0.0210
  Epoch 18 [130/537] loss=0.1030 mask=0.0818 iou=0.0212
  Epoch 18 [140/537] loss=0.1016 mask=0.0808 iou=0.0208
  Epoch 18 [150/537] loss=0.1059 mask=0.0838 iou=0.0221
  Epoch 18 [160/537] loss=0.1058 mask=0.0842 iou=0.0216
  Epoch 18 [170/537] loss=0.1091 mask=0.0868 iou=0.0224
  Epoch 18 [180/537] loss=0.1105 mask=0.0880 iou=0.0225
  Epoch 18 [190/537] loss=0.1097 mask=0.0872 iou=0.0225
  Epoch 18 [200/537] loss=0.1079 mask=0.0861 iou=0.0218
  Epoch 18 [210/537] loss=0.1111 mask=0.0882 iou=0.0229
  Epoch 18 [220/537] loss=0.1104 mask=0.0880 iou=0.0224
  Epoch 18 [230/537] loss=0.1094 mask=0.0871 iou=0.0223
  Epoch 18 [240/537] loss=0.1076 mask=0.0859 iou=0.0217
  Epoch 18 [250/537] loss=0.1098 mask=0.0872 iou=0.0226
  Epoch 18 [260/537] loss=0.1105 mask=0.0876 iou=0.0229
  Epoch 18 [270/537] loss=0.1091 mask=0.0867 iou=0.0224
  Epoch 18 [280/537] loss=0.1116 mask=0.0886 iou=0.0230
  Epoch 18 [290/537] loss=0.1120 mask=0.0891 iou=0.0229
  Epoch 18 [300/537] loss=0.1119 mask=0.0889 iou=0.0230
  Epoch 18 [310/537] loss=0.1106 mask=0.0882 iou=0.0225
  Epoch 18 [320/537] loss=0.1107 mask=0.0885 iou=0.0222
  Epoch 18 [330/537] loss=0.1104 mask=0.0881 iou=0.0223
  Epoch 18 [340/537] loss=0.1120 mask=0.0889 iou=0.0231
  Epoch 18 [350/537] loss=0.1103 mask=0.0877 iou=0.0226
  Epoch 18 [360/537] loss=0.1093 mask=0.0869 iou=0.0224
  Epoch 18 [370/537] loss=0.1082 mask=0.0862 iou=0.0220
  Epoch 18 [380/537] loss=0.1079 mask=0.0861 iou=0.0218
  Epoch 18 [390/537] loss=0.1078 mask=0.0859 iou=0.0219
  Epoch 18 [400/537] loss=0.1070 mask=0.0854 iou=0.0216
  Epoch 18 [410/537] loss=0.1058 mask=0.0846 iou=0.0212
  Epoch 18 [420/537] loss=0.1055 mask=0.0843 iou=0.0212
  Epoch 18 [430/537] loss=0.1054 mask=0.0843 iou=0.0211
  Epoch 18 [440/537] loss=0.1054 mask=0.0842 iou=0.0212
  Epoch 18 [450/537] loss=0.1056 mask=0.0844 iou=0.0212
  Epoch 18 [460/537] loss=0.1048 mask=0.0838 iou=0.0210
  Epoch 18 [470/537] loss=0.1048 mask=0.0836 iou=0.0211
  Epoch 18 [480/537] loss=0.1046 mask=0.0836 iou=0.0211
  Epoch 18 [490/537] loss=0.1054 mask=0.0841 iou=0.0213
  Epoch 18 [500/537] loss=0.1047 mask=0.0836 iou=0.0211
  Epoch 18 [510/537] loss=0.1039 mask=0.0831 iou=0.0208
  Epoch 18 [520/537] loss=0.1045 mask=0.0835 iou=0.0210
  Epoch 18 [530/537] loss=0.1053 mask=0.0841 iou=0.0212
  Train: loss=0.1071 mask=0.0858 iou=0.0213 time=286.7s
  Val epoch 18: loss=0.1819

=== Phase1 Epoch 19/49 ===
  Epoch 19 [10/537] loss=0.1015 mask=0.0833 iou=0.0182
  Epoch 19 [20/537] loss=0.1128 mask=0.0854 iou=0.0274
  Epoch 19 [30/537] loss=0.1136 mask=0.0860 iou=0.0276
  Epoch 19 [40/537] loss=0.1166 mask=0.0921 iou=0.0245
  Epoch 19 [50/537] loss=0.1163 mask=0.0924 iou=0.0239
  Epoch 19 [60/537] loss=0.1106 mask=0.0879 iou=0.0228
  Epoch 19 [70/537] loss=0.1029 mask=0.0826 iou=0.0203
  Epoch 19 [80/537] loss=0.1018 mask=0.0815 iou=0.0203
  Epoch 19 [90/537] loss=0.1040 mask=0.0824 iou=0.0216
  Epoch 19 [100/537] loss=0.1052 mask=0.0835 iou=0.0217
  Epoch 19 [110/537] loss=0.1071 mask=0.0843 iou=0.0228
  Epoch 19 [120/537] loss=0.1116 mask=0.0877 iou=0.0239
  Epoch 19 [130/537] loss=0.1125 mask=0.0882 iou=0.0243
  Epoch 19 [140/537] loss=0.1101 mask=0.0869 iou=0.0232
  Epoch 19 [150/537] loss=0.1068 mask=0.0846 iou=0.0222
  Epoch 19 [160/537] loss=0.1066 mask=0.0845 iou=0.0222
  Epoch 19 [170/537] loss=0.1055 mask=0.0839 iou=0.0216
  Epoch 19 [180/537] loss=0.1040 mask=0.0827 iou=0.0213
  Epoch 19 [190/537] loss=0.1050 mask=0.0833 iou=0.0217
  Epoch 19 [200/537] loss=0.1038 mask=0.0822 iou=0.0215
  Epoch 19 [210/537] loss=0.1030 mask=0.0815 iou=0.0215
  Epoch 19 [220/537] loss=0.1048 mask=0.0832 iou=0.0216
  Epoch 19 [230/537] loss=0.1046 mask=0.0832 iou=0.0214
  Epoch 19 [240/537] loss=0.1029 mask=0.0822 iou=0.0208
  Epoch 19 [250/537] loss=0.1024 mask=0.0820 iou=0.0204
  Epoch 19 [260/537] loss=0.1021 mask=0.0817 iou=0.0204
  Epoch 19 [270/537] loss=0.1031 mask=0.0824 iou=0.0207
  Epoch 19 [280/537] loss=0.1045 mask=0.0836 iou=0.0208
  Epoch 19 [290/537] loss=0.1034 mask=0.0830 iou=0.0204
  Epoch 19 [300/537] loss=0.1028 mask=0.0824 iou=0.0204
  Epoch 19 [310/537] loss=0.1018 mask=0.0817 iou=0.0201
  Epoch 19 [320/537] loss=0.1020 mask=0.0819 iou=0.0202
  Epoch 19 [330/537] loss=0.1028 mask=0.0821 iou=0.0207
  Epoch 19 [340/537] loss=0.1025 mask=0.0817 iou=0.0208
  Epoch 19 [350/537] loss=0.1023 mask=0.0815 iou=0.0208
  Epoch 19 [360/537] loss=0.1026 mask=0.0819 iou=0.0207
  Epoch 19 [370/537] loss=0.1027 mask=0.0819 iou=0.0208
  Epoch 19 [380/537] loss=0.1027 mask=0.0820 iou=0.0207
  Epoch 19 [390/537] loss=0.1023 mask=0.0817 iou=0.0205
  Epoch 19 [400/537] loss=0.1020 mask=0.0816 iou=0.0204
  Epoch 19 [410/537] loss=0.1026 mask=0.0820 iou=0.0206
  Epoch 19 [420/537] loss=0.1033 mask=0.0825 iou=0.0208
  Epoch 19 [430/537] loss=0.1032 mask=0.0824 iou=0.0208
  Epoch 19 [440/537] loss=0.1029 mask=0.0822 iou=0.0207
  Epoch 19 [450/537] loss=0.1035 mask=0.0826 iou=0.0209
  Epoch 19 [460/537] loss=0.1034 mask=0.0826 iou=0.0208
  Epoch 19 [470/537] loss=0.1044 mask=0.0832 iou=0.0212
  Epoch 19 [480/537] loss=0.1054 mask=0.0840 iou=0.0215
  Epoch 19 [490/537] loss=0.1060 mask=0.0842 iou=0.0218
  Epoch 19 [500/537] loss=0.1064 mask=0.0847 iou=0.0217
  Epoch 19 [510/537] loss=0.1066 mask=0.0847 iou=0.0219
  Epoch 19 [520/537] loss=0.1080 mask=0.0856 iou=0.0224
  Epoch 19 [530/537] loss=0.1080 mask=0.0857 iou=0.0223
  Train: loss=0.1099 mask=0.0875 iou=0.0224 time=287.0s
  Val epoch 19: loss=0.1704

=== Phase1 Epoch 20/49 ===
  Epoch 20 [10/537] loss=0.0848 mask=0.0712 iou=0.0136
  Epoch 20 [20/537] loss=0.0995 mask=0.0841 iou=0.0154
  Epoch 20 [30/537] loss=0.0880 mask=0.0760 iou=0.0121
  Epoch 20 [40/537] loss=0.0906 mask=0.0791 iou=0.0114
  Epoch 20 [50/537] loss=0.0900 mask=0.0769 iou=0.0130
  Epoch 20 [60/537] loss=0.0839 mask=0.0718 iou=0.0121
  Epoch 20 [70/537] loss=0.0911 mask=0.0757 iou=0.0154
  Epoch 20 [80/537] loss=0.0964 mask=0.0790 iou=0.0174
  Epoch 20 [90/537] loss=0.0975 mask=0.0796 iou=0.0179
  Epoch 20 [100/537] loss=0.0981 mask=0.0798 iou=0.0183
  Epoch 20 [110/537] loss=0.0961 mask=0.0781 iou=0.0180
  Epoch 20 [120/537] loss=0.0983 mask=0.0791 iou=0.0192
  Epoch 20 [130/537] loss=0.1020 mask=0.0810 iou=0.0210
  Epoch 20 [140/537] loss=0.1006 mask=0.0798 iou=0.0208
  Epoch 20 [150/537] loss=0.1001 mask=0.0796 iou=0.0205
  Epoch 20 [160/537] loss=0.0978 mask=0.0781 iou=0.0196
  Epoch 20 [170/537] loss=0.0968 mask=0.0779 iou=0.0188
  Epoch 20 [180/537] loss=0.0964 mask=0.0775 iou=0.0189
  Epoch 20 [190/537] loss=0.0957 mask=0.0772 iou=0.0185
  Epoch 20 [200/537] loss=0.0946 mask=0.0762 iou=0.0185
  Epoch 20 [210/537] loss=0.0948 mask=0.0767 iou=0.0182
  Epoch 20 [220/537] loss=0.0974 mask=0.0786 iou=0.0188
  Epoch 20 [230/537] loss=0.0968 mask=0.0780 iou=0.0187
  Epoch 20 [240/537] loss=0.0956 mask=0.0771 iou=0.0186
  Epoch 20 [250/537] loss=0.0955 mask=0.0771 iou=0.0185
  Epoch 20 [260/537] loss=0.0955 mask=0.0772 iou=0.0182
  Epoch 20 [270/537] loss=0.0951 mask=0.0768 iou=0.0183
  Epoch 20 [280/537] loss=0.0958 mask=0.0775 iou=0.0183
  Epoch 20 [290/537] loss=0.0960 mask=0.0777 iou=0.0183
  Epoch 20 [300/537] loss=0.0963 mask=0.0778 iou=0.0184
  Epoch 20 [310/537] loss=0.0966 mask=0.0781 iou=0.0185
  Epoch 20 [320/537] loss=0.0977 mask=0.0789 iou=0.0187
  Epoch 20 [330/537] loss=0.0967 mask=0.0781 iou=0.0186
  Epoch 20 [340/537] loss=0.0982 mask=0.0793 iou=0.0189
  Epoch 20 [350/537] loss=0.0983 mask=0.0793 iou=0.0189
  Epoch 20 [360/537] loss=0.0978 mask=0.0791 iou=0.0187
  Epoch 20 [370/537] loss=0.0975 mask=0.0788 iou=0.0186
  Epoch 20 [380/537] loss=0.0972 mask=0.0786 iou=0.0185
  Epoch 20 [390/537] loss=0.0964 mask=0.0782 iou=0.0182
  Epoch 20 [400/537] loss=0.0959 mask=0.0778 iou=0.0181
  Epoch 20 [410/537] loss=0.0967 mask=0.0785 iou=0.0182
  Epoch 20 [420/537] loss=0.0970 mask=0.0787 iou=0.0183
  Epoch 20 [430/537] loss=0.0975 mask=0.0789 iou=0.0186
  Epoch 20 [440/537] loss=0.0967 mask=0.0783 iou=0.0184
  Epoch 20 [450/537] loss=0.0974 mask=0.0789 iou=0.0185
  Epoch 20 [460/537] loss=0.0988 mask=0.0797 iou=0.0191
  Epoch 20 [470/537] loss=0.1002 mask=0.0804 iou=0.0198
  Epoch 20 [480/537] loss=0.0993 mask=0.0798 iou=0.0195
  Epoch 20 [490/537] loss=0.0992 mask=0.0797 iou=0.0196
  Epoch 20 [500/537] loss=0.0996 mask=0.0800 iou=0.0197
  Epoch 20 [510/537] loss=0.1003 mask=0.0806 iou=0.0197
  Epoch 20 [520/537] loss=0.1001 mask=0.0805 iou=0.0196
  Epoch 20 [530/537] loss=0.1004 mask=0.0808 iou=0.0196
  Train: loss=0.1026 mask=0.0827 iou=0.0198 time=282.9s
  Val epoch 20: loss=0.1685

=== Phase1 Epoch 21/49 ===
  Epoch 21 [10/537] loss=0.0523 mask=0.0451 iou=0.0073
  Epoch 21 [20/537] loss=0.1292 mask=0.1008 iou=0.0285
  Epoch 21 [30/537] loss=0.1125 mask=0.0900 iou=0.0225
  Epoch 21 [40/537] loss=0.1123 mask=0.0906 iou=0.0217
  Epoch 21 [50/537] loss=0.1068 mask=0.0868 iou=0.0200
  Epoch 21 [60/537] loss=0.1104 mask=0.0908 iou=0.0196
  Epoch 21 [70/537] loss=0.1003 mask=0.0824 iou=0.0179
  Epoch 21 [80/537] loss=0.0980 mask=0.0804 iou=0.0177
  Epoch 21 [90/537] loss=0.0942 mask=0.0775 iou=0.0167
  Epoch 21 [100/537] loss=0.0952 mask=0.0779 iou=0.0173
  Epoch 21 [110/537] loss=0.0959 mask=0.0781 iou=0.0178
  Epoch 21 [120/537] loss=0.0937 mask=0.0765 iou=0.0173
  Epoch 21 [130/537] loss=0.0972 mask=0.0787 iou=0.0184
  Epoch 21 [140/537] loss=0.0992 mask=0.0800 iou=0.0191
  Epoch 21 [150/537] loss=0.0969 mask=0.0784 iou=0.0185
  Epoch 21 [160/537] loss=0.0955 mask=0.0775 iou=0.0180
  Epoch 21 [170/537] loss=0.0946 mask=0.0767 iou=0.0179
  Epoch 21 [180/537] loss=0.1009 mask=0.0810 iou=0.0200
  Epoch 21 [190/537] loss=0.1000 mask=0.0800 iou=0.0199
  Epoch 21 [200/537] loss=0.1007 mask=0.0807 iou=0.0200
  Epoch 21 [210/537] loss=0.1010 mask=0.0809 iou=0.0201
  Epoch 21 [220/537] loss=0.0992 mask=0.0797 iou=0.0195
  Epoch 21 [230/537] loss=0.1003 mask=0.0808 iou=0.0196
  Epoch 21 [240/537] loss=0.0986 mask=0.0797 iou=0.0189
  Epoch 21 [250/537] loss=0.0992 mask=0.0801 iou=0.0191
  Epoch 21 [260/537] loss=0.1005 mask=0.0811 iou=0.0194
  Epoch 21 [270/537] loss=0.0995 mask=0.0804 iou=0.0191
  Epoch 21 [280/537] loss=0.0981 mask=0.0795 iou=0.0186
  Epoch 21 [290/537] loss=0.0965 mask=0.0783 iou=0.0182
  Epoch 21 [300/537] loss=0.0977 mask=0.0794 iou=0.0183
  Epoch 21 [310/537] loss=0.0985 mask=0.0798 iou=0.0187
  Epoch 21 [320/537] loss=0.0980 mask=0.0795 iou=0.0185
  Epoch 21 [330/537] loss=0.0972 mask=0.0789 iou=0.0183
  Epoch 21 [340/537] loss=0.0961 mask=0.0782 iou=0.0179
  Epoch 21 [350/537] loss=0.0973 mask=0.0788 iou=0.0184
  Epoch 21 [360/537] loss=0.0965 mask=0.0782 iou=0.0182
  Epoch 21 [370/537] loss=0.0972 mask=0.0786 iou=0.0186
  Epoch 21 [380/537] loss=0.0985 mask=0.0794 iou=0.0191
  Epoch 21 [390/537] loss=0.0972 mask=0.0784 iou=0.0188
  Epoch 21 [400/537] loss=0.0962 mask=0.0776 iou=0.0185
  Epoch 21 [410/537] loss=0.0966 mask=0.0779 iou=0.0186
  Epoch 21 [420/537] loss=0.0964 mask=0.0778 iou=0.0185
  Epoch 21 [430/537] loss=0.0972 mask=0.0786 iou=0.0186
  Epoch 21 [440/537] loss=0.0967 mask=0.0782 iou=0.0185
  Epoch 21 [450/537] loss=0.0962 mask=0.0779 iou=0.0183
  Epoch 21 [460/537] loss=0.0970 mask=0.0786 iou=0.0184
  Epoch 21 [470/537] loss=0.0963 mask=0.0782 iou=0.0182
  Epoch 21 [480/537] loss=0.0961 mask=0.0782 iou=0.0179
  Epoch 21 [490/537] loss=0.0972 mask=0.0789 iou=0.0183
  Epoch 21 [500/537] loss=0.0968 mask=0.0788 iou=0.0181
  Epoch 21 [510/537] loss=0.0963 mask=0.0784 iou=0.0179
  Epoch 21 [520/537] loss=0.0971 mask=0.0789 iou=0.0182
  Epoch 21 [530/537] loss=0.0971 mask=0.0789 iou=0.0182
  Train: loss=0.0988 mask=0.0804 iou=0.0183 time=284.1s
  Val epoch 21: loss=0.1671
  Saved best phase1 model (val_loss=0.1671)

=== Phase1 Epoch 22/49 ===
  Epoch 22 [10/537] loss=0.1185 mask=0.0889 iou=0.0296
  Epoch 22 [20/537] loss=0.1084 mask=0.0858 iou=0.0226
  Epoch 22 [30/537] loss=0.1241 mask=0.0971 iou=0.0270
  Epoch 22 [40/537] loss=0.1171 mask=0.0933 iou=0.0238
  Epoch 22 [50/537] loss=0.1093 mask=0.0874 iou=0.0219
  Epoch 22 [60/537] loss=0.1009 mask=0.0819 iou=0.0190
  Epoch 22 [70/537] loss=0.1024 mask=0.0830 iou=0.0194
  Epoch 22 [80/537] loss=0.0996 mask=0.0816 iou=0.0180
  Epoch 22 [90/537] loss=0.0974 mask=0.0806 iou=0.0168
  Epoch 22 [100/537] loss=0.0990 mask=0.0814 iou=0.0176
  Epoch 22 [110/537] loss=0.1013 mask=0.0831 iou=0.0181
  Epoch 22 [120/537] loss=0.1018 mask=0.0833 iou=0.0185
  Epoch 22 [130/537] loss=0.1012 mask=0.0832 iou=0.0179
  Epoch 22 [140/537] loss=0.1016 mask=0.0836 iou=0.0180
  Epoch 22 [150/537] loss=0.0993 mask=0.0818 iou=0.0175
  Epoch 22 [160/537] loss=0.0994 mask=0.0815 iou=0.0179
  Epoch 22 [170/537] loss=0.0996 mask=0.0817 iou=0.0178
  Epoch 22 [180/537] loss=0.1011 mask=0.0828 iou=0.0184
  Epoch 22 [190/537] loss=0.1006 mask=0.0825 iou=0.0181
  Epoch 22 [200/537] loss=0.0981 mask=0.0806 iou=0.0175
  Epoch 22 [210/537] loss=0.1001 mask=0.0819 iou=0.0181
  Epoch 22 [220/537] loss=0.1000 mask=0.0817 iou=0.0182
  Epoch 22 [230/537] loss=0.0996 mask=0.0815 iou=0.0181
  Epoch 22 [240/537] loss=0.1005 mask=0.0821 iou=0.0184
  Epoch 22 [250/537] loss=0.1009 mask=0.0821 iou=0.0188
  Epoch 22 [260/537] loss=0.1001 mask=0.0816 iou=0.0185
  Epoch 22 [270/537] loss=0.1004 mask=0.0820 iou=0.0184
  Epoch 22 [280/537] loss=0.0989 mask=0.0808 iou=0.0181
  Epoch 22 [290/537] loss=0.0995 mask=0.0812 iou=0.0183
  Epoch 22 [300/537] loss=0.1007 mask=0.0821 iou=0.0187
  Epoch 22 [310/537] loss=0.0996 mask=0.0813 iou=0.0183
  Epoch 22 [320/537] loss=0.0995 mask=0.0810 iou=0.0185
  Epoch 22 [330/537] loss=0.0978 mask=0.0797 iou=0.0182
  Epoch 22 [340/537] loss=0.0983 mask=0.0798 iou=0.0185
  Epoch 22 [350/537] loss=0.0976 mask=0.0793 iou=0.0183
  Epoch 22 [360/537] loss=0.0972 mask=0.0790 iou=0.0182
  Epoch 22 [370/537] loss=0.0968 mask=0.0788 iou=0.0180
  Epoch 22 [380/537] loss=0.0972 mask=0.0792 iou=0.0180
  Epoch 22 [390/537] loss=0.0959 mask=0.0782 iou=0.0177
  Epoch 22 [400/537] loss=0.0954 mask=0.0777 iou=0.0177
  Epoch 22 [410/537] loss=0.0943 mask=0.0769 iou=0.0174
  Epoch 22 [420/537] loss=0.0956 mask=0.0780 iou=0.0176
  Epoch 22 [430/537] loss=0.0944 mask=0.0771 iou=0.0173
  Epoch 22 [440/537] loss=0.0944 mask=0.0772 iou=0.0172
  Epoch 22 [450/537] loss=0.0934 mask=0.0765 iou=0.0169
  Epoch 22 [460/537] loss=0.0931 mask=0.0762 iou=0.0169
  Epoch 22 [470/537] loss=0.0941 mask=0.0768 iou=0.0172
  Epoch 22 [480/537] loss=0.0941 mask=0.0767 iou=0.0174
  Epoch 22 [490/537] loss=0.0951 mask=0.0774 iou=0.0176
  Epoch 22 [500/537] loss=0.0947 mask=0.0772 iou=0.0175
  Epoch 22 [510/537] loss=0.0952 mask=0.0774 iou=0.0177
  Epoch 22 [520/537] loss=0.0944 mask=0.0768 iou=0.0175
  Epoch 22 [530/537] loss=0.0948 mask=0.0770 iou=0.0178
  Train: loss=0.0970 mask=0.0790 iou=0.0180 time=287.1s
  Val epoch 22: loss=0.1733

=== Phase1 Epoch 23/49 ===
  Epoch 23 [10/537] loss=0.1083 mask=0.0833 iou=0.0250
  Epoch 23 [20/537] loss=0.1050 mask=0.0825 iou=0.0225
  Epoch 23 [30/537] loss=0.0914 mask=0.0746 iou=0.0167
  Epoch 23 [40/537] loss=0.1064 mask=0.0868 iou=0.0196
  Epoch 23 [50/537] loss=0.1076 mask=0.0878 iou=0.0199
  Epoch 23 [60/537] loss=0.1028 mask=0.0841 iou=0.0187
  Epoch 23 [70/537] loss=0.1119 mask=0.0906 iou=0.0213
  Epoch 23 [80/537] loss=0.1091 mask=0.0884 iou=0.0207
  Epoch 23 [90/537] loss=0.1042 mask=0.0849 iou=0.0193
  Epoch 23 [100/537] loss=0.1023 mask=0.0833 iou=0.0190
  Epoch 23 [110/537] loss=0.1014 mask=0.0825 iou=0.0189
  Epoch 23 [120/537] loss=0.0968 mask=0.0791 iou=0.0177
  Epoch 23 [130/537] loss=0.0987 mask=0.0802 iou=0.0185
  Epoch 23 [140/537] loss=0.0996 mask=0.0806 iou=0.0190
  Epoch 23 [150/537] loss=0.0975 mask=0.0792 iou=0.0183
  Epoch 23 [160/537] loss=0.0955 mask=0.0780 iou=0.0175
  Epoch 23 [170/537] loss=0.0955 mask=0.0781 iou=0.0174
  Epoch 23 [180/537] loss=0.0972 mask=0.0793 iou=0.0179
  Epoch 23 [190/537] loss=0.0963 mask=0.0788 iou=0.0175
  Epoch 23 [200/537] loss=0.0971 mask=0.0792 iou=0.0179
  Epoch 23 [210/537] loss=0.0962 mask=0.0787 iou=0.0175
  Epoch 23 [220/537] loss=0.0937 mask=0.0767 iou=0.0170
  Epoch 23 [230/537] loss=0.0938 mask=0.0767 iou=0.0171
  Epoch 23 [240/537] loss=0.0947 mask=0.0774 iou=0.0174
  Epoch 23 [250/537] loss=0.0951 mask=0.0776 iou=0.0175
  Epoch 23 [260/537] loss=0.0939 mask=0.0767 iou=0.0172
  Epoch 23 [270/537] loss=0.0940 mask=0.0766 iou=0.0174
  Epoch 23 [280/537] loss=0.0927 mask=0.0758 iou=0.0169
  Epoch 23 [290/537] loss=0.0930 mask=0.0759 iou=0.0172
  Epoch 23 [300/537] loss=0.0926 mask=0.0755 iou=0.0171
  Epoch 23 [310/537] loss=0.0929 mask=0.0756 iou=0.0173
  Epoch 23 [320/537] loss=0.0939 mask=0.0761 iou=0.0178
  Epoch 23 [330/537] loss=0.0933 mask=0.0756 iou=0.0176
  Epoch 23 [340/537] loss=0.0921 mask=0.0747 iou=0.0173
  Epoch 23 [350/537] loss=0.0935 mask=0.0757 iou=0.0179
  Epoch 23 [360/537] loss=0.0947 mask=0.0766 iou=0.0181
  Epoch 23 [370/537] loss=0.0954 mask=0.0770 iou=0.0184
  Epoch 23 [380/537] loss=0.0951 mask=0.0768 iou=0.0183
  Epoch 23 [390/537] loss=0.0944 mask=0.0762 iou=0.0181
  Epoch 23 [400/537] loss=0.0938 mask=0.0758 iou=0.0180
  Epoch 23 [410/537] loss=0.0932 mask=0.0756 iou=0.0177
  Epoch 23 [420/537] loss=0.0925 mask=0.0751 iou=0.0174
  Epoch 23 [430/537] loss=0.0918 mask=0.0747 iou=0.0171
  Epoch 23 [440/537] loss=0.0918 mask=0.0747 iou=0.0171
  Epoch 23 [450/537] loss=0.0916 mask=0.0746 iou=0.0170
  Epoch 23 [460/537] loss=0.0925 mask=0.0754 iou=0.0172
  Epoch 23 [470/537] loss=0.0925 mask=0.0753 iou=0.0172
  Epoch 23 [480/537] loss=0.0925 mask=0.0753 iou=0.0172
  Epoch 23 [490/537] loss=0.0919 mask=0.0749 iou=0.0170
  Epoch 23 [500/537] loss=0.0924 mask=0.0753 iou=0.0171
  Epoch 23 [510/537] loss=0.0925 mask=0.0754 iou=0.0170
  Epoch 23 [520/537] loss=0.0933 mask=0.0759 iou=0.0173
  Epoch 23 [530/537] loss=0.0927 mask=0.0756 iou=0.0171
  Train: loss=0.0945 mask=0.0774 iou=0.0171 time=292.4s
  Val epoch 23: loss=0.1723

=== Phase1 Epoch 24/49 ===
  Epoch 24 [10/537] loss=0.1056 mask=0.0817 iou=0.0239
  Epoch 24 [20/537] loss=0.0779 mask=0.0641 iou=0.0138
  Epoch 24 [30/537] loss=0.0893 mask=0.0708 iou=0.0186
  Epoch 24 [40/537] loss=0.0921 mask=0.0727 iou=0.0194
  Epoch 24 [50/537] loss=0.1011 mask=0.0817 iou=0.0194
  Epoch 24 [60/537] loss=0.0963 mask=0.0776 iou=0.0186
  Epoch 24 [70/537] loss=0.0946 mask=0.0763 iou=0.0183
  Epoch 24 [80/537] loss=0.0964 mask=0.0780 iou=0.0184
  Epoch 24 [90/537] loss=0.0947 mask=0.0776 iou=0.0171
  Epoch 24 [100/537] loss=0.0951 mask=0.0782 iou=0.0169
  Epoch 24 [110/537] loss=0.0952 mask=0.0781 iou=0.0170
  Epoch 24 [120/537] loss=0.0982 mask=0.0807 iou=0.0175
  Epoch 24 [130/537] loss=0.1026 mask=0.0841 iou=0.0185
  Epoch 24 [140/537] loss=0.1004 mask=0.0826 iou=0.0178
  Epoch 24 [150/537] loss=0.0984 mask=0.0811 iou=0.0173
  Epoch 24 [160/537] loss=0.0960 mask=0.0793 iou=0.0167
  Epoch 24 [170/537] loss=0.0951 mask=0.0783 iou=0.0168
  Epoch 24 [180/537] loss=0.0941 mask=0.0773 iou=0.0168
  Epoch 24 [190/537] loss=0.0939 mask=0.0771 iou=0.0168
  Epoch 24 [200/537] loss=0.0961 mask=0.0788 iou=0.0172
  Epoch 24 [210/537] loss=0.0958 mask=0.0785 iou=0.0173
  Epoch 24 [220/537] loss=0.0965 mask=0.0788 iou=0.0177
  Epoch 24 [230/537] loss=0.0949 mask=0.0778 iou=0.0171
  Epoch 24 [240/537] loss=0.0943 mask=0.0773 iou=0.0170
  Epoch 24 [250/537] loss=0.0946 mask=0.0776 iou=0.0170
  Epoch 24 [260/537] loss=0.0943 mask=0.0773 iou=0.0169
  Epoch 24 [270/537] loss=0.0948 mask=0.0778 iou=0.0170
  Epoch 24 [280/537] loss=0.0944 mask=0.0774 iou=0.0169
  Epoch 24 [290/537] loss=0.0938 mask=0.0771 iou=0.0167
  Epoch 24 [300/537] loss=0.0936 mask=0.0768 iou=0.0167
  Epoch 24 [310/537] loss=0.0926 mask=0.0762 iou=0.0164
  Epoch 24 [320/537] loss=0.0936 mask=0.0769 iou=0.0168
  Epoch 24 [330/537] loss=0.0937 mask=0.0769 iou=0.0168
  Epoch 24 [340/537] loss=0.0928 mask=0.0762 iou=0.0166
  Epoch 24 [350/537] loss=0.0923 mask=0.0759 iou=0.0165
  Epoch 24 [360/537] loss=0.0921 mask=0.0756 iou=0.0165
  Epoch 24 [370/537] loss=0.0919 mask=0.0754 iou=0.0165
  Epoch 24 [380/537] loss=0.0920 mask=0.0753 iou=0.0167
  Epoch 24 [390/537] loss=0.0916 mask=0.0751 iou=0.0165
  Epoch 24 [400/537] loss=0.0924 mask=0.0756 iou=0.0168
  Epoch 24 [410/537] loss=0.0929 mask=0.0760 iou=0.0170
  Epoch 24 [420/537] loss=0.0940 mask=0.0766 iou=0.0173
  Epoch 24 [430/537] loss=0.0932 mask=0.0761 iou=0.0171
  Epoch 24 [440/537] loss=0.0931 mask=0.0759 iou=0.0172
  Epoch 24 [450/537] loss=0.0930 mask=0.0760 iou=0.0170
  Epoch 24 [460/537] loss=0.0927 mask=0.0758 iou=0.0169
  Epoch 24 [470/537] loss=0.0925 mask=0.0756 iou=0.0169
  Epoch 24 [480/537] loss=0.0916 mask=0.0750 iou=0.0166
  Epoch 24 [490/537] loss=0.0912 mask=0.0748 iou=0.0165
  Epoch 24 [500/537] loss=0.0921 mask=0.0754 iou=0.0167
  Epoch 24 [510/537] loss=0.0915 mask=0.0750 iou=0.0165
  Epoch 24 [520/537] loss=0.0914 mask=0.0750 iou=0.0164
  Epoch 24 [530/537] loss=0.0915 mask=0.0750 iou=0.0165
  Train: loss=0.0931 mask=0.0766 iou=0.0165 time=303.0s
  Val epoch 24: loss=0.1714

=== Phase1 Epoch 25/49 ===
  Epoch 25 [10/537] loss=0.0501 mask=0.0451 iou=0.0050
  Epoch 25 [20/537] loss=0.0565 mask=0.0472 iou=0.0093
  Epoch 25 [30/537] loss=0.0641 mask=0.0530 iou=0.0112
  Epoch 25 [40/537] loss=0.0632 mask=0.0536 iou=0.0096
  Epoch 25 [50/537] loss=0.0621 mask=0.0527 iou=0.0094
  Epoch 25 [60/537] loss=0.0636 mask=0.0532 iou=0.0104
  Epoch 25 [70/537] loss=0.0683 mask=0.0564 iou=0.0119
  Epoch 25 [80/537] loss=0.0712 mask=0.0581 iou=0.0131
  Epoch 25 [90/537] loss=0.0788 mask=0.0636 iou=0.0152
  Epoch 25 [100/537] loss=0.0838 mask=0.0671 iou=0.0167
  Epoch 25 [110/537] loss=0.0869 mask=0.0699 iou=0.0170
  Epoch 25 [120/537] loss=0.0898 mask=0.0724 iou=0.0174
  Epoch 25 [130/537] loss=0.0883 mask=0.0718 iou=0.0165
  Epoch 25 [140/537] loss=0.0862 mask=0.0706 iou=0.0157
  Epoch 25 [150/537] loss=0.0875 mask=0.0713 iou=0.0162
  Epoch 25 [160/537] loss=0.0852 mask=0.0697 iou=0.0155
  Epoch 25 [170/537] loss=0.0861 mask=0.0702 iou=0.0159
  Epoch 25 [180/537] loss=0.0866 mask=0.0706 iou=0.0160
  Epoch 25 [190/537] loss=0.0852 mask=0.0697 iou=0.0155
  Epoch 25 [200/537] loss=0.0862 mask=0.0703 iou=0.0159
  Epoch 25 [210/537] loss=0.0875 mask=0.0711 iou=0.0164
  Epoch 25 [220/537] loss=0.0867 mask=0.0705 iou=0.0162
  Epoch 25 [230/537] loss=0.0869 mask=0.0705 iou=0.0164
  Epoch 25 [240/537] loss=0.0854 mask=0.0695 iou=0.0159
  Epoch 25 [250/537] loss=0.0864 mask=0.0702 iou=0.0161
  Epoch 25 [260/537] loss=0.0858 mask=0.0701 iou=0.0158
  Epoch 25 [270/537] loss=0.0852 mask=0.0695 iou=0.0157
  Epoch 25 [280/537] loss=0.0841 mask=0.0687 iou=0.0155
  Epoch 25 [290/537] loss=0.0844 mask=0.0690 iou=0.0153
  Epoch 25 [300/537] loss=0.0836 mask=0.0685 iou=0.0151
  Epoch 25 [310/537] loss=0.0834 mask=0.0684 iou=0.0150
  Epoch 25 [320/537] loss=0.0828 mask=0.0679 iou=0.0149
  Epoch 25 [330/537] loss=0.0843 mask=0.0692 iou=0.0151
  Epoch 25 [340/537] loss=0.0844 mask=0.0694 iou=0.0150
  Epoch 25 [350/537] loss=0.0848 mask=0.0698 iou=0.0151
  Epoch 25 [360/537] loss=0.0845 mask=0.0695 iou=0.0150
  Epoch 25 [370/537] loss=0.0848 mask=0.0698 iou=0.0150
  Epoch 25 [380/537] loss=0.0874 mask=0.0715 iou=0.0159
  Epoch 25 [390/537] loss=0.0882 mask=0.0721 iou=0.0161
  Epoch 25 [400/537] loss=0.0890 mask=0.0725 iou=0.0165
  Epoch 25 [410/537] loss=0.0885 mask=0.0721 iou=0.0164
  Epoch 25 [420/537] loss=0.0880 mask=0.0719 iou=0.0161
  Epoch 25 [430/537] loss=0.0891 mask=0.0728 iou=0.0163
  Epoch 25 [440/537] loss=0.0900 mask=0.0734 iou=0.0167
  Epoch 25 [450/537] loss=0.0891 mask=0.0727 iou=0.0164
  Epoch 25 [460/537] loss=0.0886 mask=0.0724 iou=0.0162
  Epoch 25 [470/537] loss=0.0886 mask=0.0724 iou=0.0161
  Epoch 25 [480/537] loss=0.0885 mask=0.0724 iou=0.0161
  Epoch 25 [490/537] loss=0.0889 mask=0.0726 iou=0.0162
  Epoch 25 [500/537] loss=0.0893 mask=0.0730 iou=0.0162
  Epoch 25 [510/537] loss=0.0892 mask=0.0730 iou=0.0162
  Epoch 25 [520/537] loss=0.0893 mask=0.0732 iou=0.0162
  Epoch 25 [530/537] loss=0.0909 mask=0.0742 iou=0.0167
  Train: loss=0.0927 mask=0.0758 iou=0.0168 time=307.9s
  Val epoch 25: loss=0.1721

=== Phase1 Epoch 26/49 ===
  Epoch 26 [10/537] loss=0.1890 mask=0.1351 iou=0.0540
  Epoch 26 [20/537] loss=0.1244 mask=0.0953 iou=0.0291
  Epoch 26 [30/537] loss=0.1191 mask=0.0944 iou=0.0247
  Epoch 26 [40/537] loss=0.1211 mask=0.0961 iou=0.0250
  Epoch 26 [50/537] loss=0.1192 mask=0.0963 iou=0.0228
  Epoch 26 [60/537] loss=0.1074 mask=0.0877 iou=0.0198
  Epoch 26 [70/537] loss=0.0999 mask=0.0816 iou=0.0182
  Epoch 26 [80/537] loss=0.1046 mask=0.0855 iou=0.0191
  Epoch 26 [90/537] loss=0.1051 mask=0.0858 iou=0.0193
  Epoch 26 [100/537] loss=0.1022 mask=0.0839 iou=0.0183
  Epoch 26 [110/537] loss=0.1011 mask=0.0829 iou=0.0182
  Epoch 26 [120/537] loss=0.0987 mask=0.0805 iou=0.0182
  Epoch 26 [130/537] loss=0.0973 mask=0.0800 iou=0.0173
  Epoch 26 [140/537] loss=0.1014 mask=0.0824 iou=0.0190
  Epoch 26 [150/537] loss=0.1039 mask=0.0835 iou=0.0205
  Epoch 26 [160/537] loss=0.1063 mask=0.0850 iou=0.0213
  Epoch 26 [170/537] loss=0.1026 mask=0.0822 iou=0.0204
  Epoch 26 [180/537] loss=0.1041 mask=0.0837 iou=0.0204
  Epoch 26 [190/537] loss=0.1015 mask=0.0818 iou=0.0197
  Epoch 26 [200/537] loss=0.1000 mask=0.0808 iou=0.0192
  Epoch 26 [210/537] loss=0.0976 mask=0.0791 iou=0.0185
  Epoch 26 [220/537] loss=0.0957 mask=0.0776 iou=0.0181
  Epoch 26 [230/537] loss=0.0939 mask=0.0765 iou=0.0174
  Epoch 26 [240/537] loss=0.0933 mask=0.0760 iou=0.0173
  Epoch 26 [250/537] loss=0.0953 mask=0.0773 iou=0.0179
  Epoch 26 [260/537] loss=0.0957 mask=0.0775 iou=0.0182
  Epoch 26 [270/537] loss=0.0954 mask=0.0775 iou=0.0179
  Epoch 26 [280/537] loss=0.0970 mask=0.0786 iou=0.0184
  Epoch 26 [290/537] loss=0.0985 mask=0.0796 iou=0.0190
  Epoch 26 [300/537] loss=0.0972 mask=0.0786 iou=0.0186
  Epoch 26 [310/537] loss=0.0973 mask=0.0789 iou=0.0184
  Epoch 26 [320/537] loss=0.0977 mask=0.0793 iou=0.0183
  Epoch 26 [330/537] loss=0.0978 mask=0.0794 iou=0.0184
  Epoch 26 [340/537] loss=0.0965 mask=0.0785 iou=0.0180
  Epoch 26 [350/537] loss=0.0955 mask=0.0778 iou=0.0177
  Epoch 26 [360/537] loss=0.0950 mask=0.0776 iou=0.0174
  Epoch 26 [370/537] loss=0.0958 mask=0.0782 iou=0.0175
  Epoch 26 [380/537] loss=0.0955 mask=0.0779 iou=0.0176
  Epoch 26 [390/537] loss=0.0964 mask=0.0784 iou=0.0181
  Epoch 26 [400/537] loss=0.0954 mask=0.0776 iou=0.0178
  Epoch 26 [410/537] loss=0.0950 mask=0.0774 iou=0.0176
  Epoch 26 [420/537] loss=0.0951 mask=0.0774 iou=0.0177
  Epoch 26 [430/537] loss=0.0939 mask=0.0765 iou=0.0174
  Epoch 26 [440/537] loss=0.0931 mask=0.0760 iou=0.0171
  Epoch 26 [450/537] loss=0.0941 mask=0.0767 iou=0.0173
  Epoch 26 [460/537] loss=0.0937 mask=0.0764 iou=0.0172
  Epoch 26 [470/537] loss=0.0927 mask=0.0757 iou=0.0170
  Epoch 26 [480/537] loss=0.0918 mask=0.0750 iou=0.0168
  Epoch 26 [490/537] loss=0.0913 mask=0.0745 iou=0.0168
  Epoch 26 [500/537] loss=0.0904 mask=0.0739 iou=0.0165
  Epoch 26 [510/537] loss=0.0903 mask=0.0739 iou=0.0163
  Epoch 26 [520/537] loss=0.0901 mask=0.0738 iou=0.0163
  Epoch 26 [530/537] loss=0.0897 mask=0.0736 iou=0.0161
  Train: loss=0.0911 mask=0.0752 iou=0.0160 time=306.3s
  Val epoch 26: loss=0.1724

=== Phase1 Epoch 27/49 ===
  Epoch 27 [10/537] loss=0.0823 mask=0.0672 iou=0.0151
  Epoch 27 [20/537] loss=0.0802 mask=0.0686 iou=0.0117
  Epoch 27 [30/537] loss=0.0803 mask=0.0691 iou=0.0112
  Epoch 27 [40/537] loss=0.0748 mask=0.0649 iou=0.0099
  Epoch 27 [50/537] loss=0.0827 mask=0.0700 iou=0.0127
  Epoch 27 [60/537] loss=0.0813 mask=0.0691 iou=0.0122
  Epoch 27 [70/537] loss=0.0769 mask=0.0659 iou=0.0110
  Epoch 27 [80/537] loss=0.0743 mask=0.0642 iou=0.0101
  Epoch 27 [90/537] loss=0.0755 mask=0.0645 iou=0.0110
  Epoch 27 [100/537] loss=0.0722 mask=0.0618 iou=0.0103
  Epoch 27 [110/537] loss=0.0780 mask=0.0657 iou=0.0123
  Epoch 27 [120/537] loss=0.0769 mask=0.0650 iou=0.0119
  Epoch 27 [130/537] loss=0.0787 mask=0.0663 iou=0.0124
  Epoch 27 [140/537] loss=0.0774 mask=0.0652 iou=0.0121
  Epoch 27 [150/537] loss=0.0812 mask=0.0675 iou=0.0137
  Epoch 27 [160/537] loss=0.0813 mask=0.0674 iou=0.0139
  Epoch 27 [170/537] loss=0.0812 mask=0.0672 iou=0.0140
  Epoch 27 [180/537] loss=0.0792 mask=0.0658 iou=0.0134
  Epoch 27 [190/537] loss=0.0806 mask=0.0670 iou=0.0136
  Epoch 27 [200/537] loss=0.0830 mask=0.0687 iou=0.0143
  Epoch 27 [210/537] loss=0.0841 mask=0.0698 iou=0.0142
  Epoch 27 [220/537] loss=0.0870 mask=0.0717 iou=0.0152
  Epoch 27 [230/537] loss=0.0878 mask=0.0722 iou=0.0156
  Epoch 27 [240/537] loss=0.0892 mask=0.0730 iou=0.0162
  Epoch 27 [250/537] loss=0.0886 mask=0.0727 iou=0.0159
  Epoch 27 [260/537] loss=0.0874 mask=0.0718 iou=0.0156
  Epoch 27 [270/537] loss=0.0880 mask=0.0721 iou=0.0159
  Epoch 27 [280/537] loss=0.0881 mask=0.0722 iou=0.0159
  Epoch 27 [290/537] loss=0.0884 mask=0.0722 iou=0.0162
  Epoch 27 [300/537] loss=0.0879 mask=0.0719 iou=0.0160
  Epoch 27 [310/537] loss=0.0872 mask=0.0714 iou=0.0158
  Epoch 27 [320/537] loss=0.0875 mask=0.0716 iou=0.0159
  Epoch 27 [330/537] loss=0.0869 mask=0.0713 iou=0.0156
  Epoch 27 [340/537] loss=0.0875 mask=0.0718 iou=0.0157
  Epoch 27 [350/537] loss=0.0879 mask=0.0721 iou=0.0158
  Epoch 27 [360/537] loss=0.0869 mask=0.0714 iou=0.0155
  Epoch 27 [370/537] loss=0.0865 mask=0.0712 iou=0.0152
  Epoch 27 [380/537] loss=0.0876 mask=0.0719 iou=0.0157
  Epoch 27 [390/537] loss=0.0882 mask=0.0725 iou=0.0157
  Epoch 27 [400/537] loss=0.0879 mask=0.0723 iou=0.0156
  Epoch 27 [410/537] loss=0.0870 mask=0.0716 iou=0.0154
  Epoch 27 [420/537] loss=0.0876 mask=0.0720 iou=0.0157
  Epoch 27 [430/537] loss=0.0876 mask=0.0720 iou=0.0157
  Epoch 27 [440/537] loss=0.0874 mask=0.0719 iou=0.0155
  Epoch 27 [450/537] loss=0.0877 mask=0.0722 iou=0.0155
  Epoch 27 [460/537] loss=0.0875 mask=0.0721 iou=0.0155
  Epoch 27 [470/537] loss=0.0878 mask=0.0723 iou=0.0155
  Epoch 27 [480/537] loss=0.0869 mask=0.0716 iou=0.0153
  Epoch 27 [490/537] loss=0.0864 mask=0.0713 iou=0.0151
  Epoch 27 [500/537] loss=0.0874 mask=0.0720 iou=0.0153
  Epoch 27 [510/537] loss=0.0876 mask=0.0721 iou=0.0154
  Epoch 27 [520/537] loss=0.0880 mask=0.0723 iou=0.0156
  Epoch 27 [530/537] loss=0.0881 mask=0.0724 iou=0.0157
  Train: loss=0.0904 mask=0.0741 iou=0.0162 time=300.4s
  Val epoch 27: loss=0.1715

=== Phase1 Epoch 28/49 ===
  Epoch 28 [10/537] loss=0.0580 mask=0.0496 iou=0.0084
  Epoch 28 [20/537] loss=0.0884 mask=0.0713 iou=0.0171
  Epoch 28 [30/537] loss=0.0989 mask=0.0804 iou=0.0185
  Epoch 28 [40/537] loss=0.0951 mask=0.0768 iou=0.0184
  Epoch 28 [50/537] loss=0.0951 mask=0.0775 iou=0.0175
  Epoch 28 [60/537] loss=0.0963 mask=0.0786 iou=0.0178
  Epoch 28 [70/537] loss=0.0963 mask=0.0780 iou=0.0183
  Epoch 28 [80/537] loss=0.0931 mask=0.0759 iou=0.0172
  Epoch 28 [90/537] loss=0.0932 mask=0.0764 iou=0.0168
  Epoch 28 [100/537] loss=0.0946 mask=0.0770 iou=0.0176
  Epoch 28 [110/537] loss=0.0942 mask=0.0768 iou=0.0174
  Epoch 28 [120/537] loss=0.0912 mask=0.0744 iou=0.0168
  Epoch 28 [130/537] loss=0.0899 mask=0.0738 iou=0.0161
  Epoch 28 [140/537] loss=0.0912 mask=0.0742 iou=0.0171
  Epoch 28 [150/537] loss=0.0957 mask=0.0775 iou=0.0182
  Epoch 28 [160/537] loss=0.0990 mask=0.0801 iou=0.0190
  Epoch 28 [170/537] loss=0.0992 mask=0.0800 iou=0.0192
  Epoch 28 [180/537] loss=0.0987 mask=0.0797 iou=0.0190
  Epoch 28 [190/537] loss=0.0981 mask=0.0794 iou=0.0188
  Epoch 28 [200/537] loss=0.0972 mask=0.0788 iou=0.0184
  Epoch 28 [210/537] loss=0.0966 mask=0.0785 iou=0.0181
  Epoch 28 [220/537] loss=0.0958 mask=0.0782 iou=0.0176
  Epoch 28 [230/537] loss=0.0954 mask=0.0779 iou=0.0175
  Epoch 28 [240/537] loss=0.0939 mask=0.0769 iou=0.0170
  Epoch 28 [250/537] loss=0.0934 mask=0.0766 iou=0.0168
  Epoch 28 [260/537] loss=0.0916 mask=0.0752 iou=0.0164
  Epoch 28 [270/537] loss=0.0919 mask=0.0756 iou=0.0162
  Epoch 28 [280/537] loss=0.0902 mask=0.0744 iou=0.0158
  Epoch 28 [290/537] loss=0.0909 mask=0.0746 iou=0.0162
  Epoch 28 [300/537] loss=0.0893 mask=0.0735 iou=0.0158
  Epoch 28 [310/537] loss=0.0898 mask=0.0740 iou=0.0158
  Epoch 28 [320/537] loss=0.0896 mask=0.0739 iou=0.0157
  Epoch 28 [330/537] loss=0.0907 mask=0.0747 iou=0.0160
  Epoch 28 [340/537] loss=0.0916 mask=0.0753 iou=0.0163
  Epoch 28 [350/537] loss=0.0916 mask=0.0753 iou=0.0164
  Epoch 28 [360/537] loss=0.0920 mask=0.0757 iou=0.0164
  Epoch 28 [370/537] loss=0.0922 mask=0.0758 iou=0.0164
  Epoch 28 [380/537] loss=0.0909 mask=0.0748 iou=0.0161
  Epoch 28 [390/537] loss=0.0902 mask=0.0743 iou=0.0159
  Epoch 28 [400/537] loss=0.0903 mask=0.0743 iou=0.0159
  Epoch 28 [410/537] loss=0.0900 mask=0.0742 iou=0.0158
  Epoch 28 [420/537] loss=0.0898 mask=0.0740 iou=0.0158
  Epoch 28 [430/537] loss=0.0894 mask=0.0738 iou=0.0156
  Epoch 28 [440/537] loss=0.0889 mask=0.0735 iou=0.0154
  Epoch 28 [450/537] loss=0.0893 mask=0.0737 iou=0.0156
  Epoch 28 [460/537] loss=0.0893 mask=0.0737 iou=0.0156
  Epoch 28 [470/537] loss=0.0883 mask=0.0728 iou=0.0155
  Epoch 28 [480/537] loss=0.0877 mask=0.0724 iou=0.0153
  Epoch 28 [490/537] loss=0.0870 mask=0.0719 iou=0.0151
  Epoch 28 [500/537] loss=0.0870 mask=0.0719 iou=0.0151
  Epoch 28 [510/537] loss=0.0867 mask=0.0715 iou=0.0152
  Epoch 28 [520/537] loss=0.0859 mask=0.0710 iou=0.0149
  Epoch 28 [530/537] loss=0.0866 mask=0.0715 iou=0.0151
  Train: loss=0.0884 mask=0.0734 iou=0.0151 time=295.4s
  Val epoch 28: loss=0.1746

=== Phase1 Epoch 29/49 ===
  Epoch 29 [10/537] loss=0.0940 mask=0.0809 iou=0.0131
  Epoch 29 [20/537] loss=0.0854 mask=0.0709 iou=0.0145
  Epoch 29 [30/537] loss=0.0818 mask=0.0680 iou=0.0137
  Epoch 29 [40/537] loss=0.0855 mask=0.0708 iou=0.0147
  Epoch 29 [50/537] loss=0.0891 mask=0.0740 iou=0.0151
  Epoch 29 [60/537] loss=0.0851 mask=0.0716 iou=0.0135
  Epoch 29 [70/537] loss=0.0862 mask=0.0718 iou=0.0144
  Epoch 29 [80/537] loss=0.0935 mask=0.0766 iou=0.0169
  Epoch 29 [90/537] loss=0.0967 mask=0.0787 iou=0.0180
  Epoch 29 [100/537] loss=0.0961 mask=0.0784 iou=0.0177
  Epoch 29 [110/537] loss=0.0926 mask=0.0756 iou=0.0170
  Epoch 29 [120/537] loss=0.0911 mask=0.0746 iou=0.0165
  Epoch 29 [130/537] loss=0.0887 mask=0.0730 iou=0.0157
  Epoch 29 [140/537] loss=0.0931 mask=0.0758 iou=0.0172
  Epoch 29 [150/537] loss=0.0935 mask=0.0764 iou=0.0171
  Epoch 29 [160/537] loss=0.0937 mask=0.0765 iou=0.0172
  Epoch 29 [170/537] loss=0.0941 mask=0.0771 iou=0.0170
  Epoch 29 [180/537] loss=0.0947 mask=0.0776 iou=0.0172
  Epoch 29 [190/537] loss=0.0933 mask=0.0765 iou=0.0168
  Epoch 29 [200/537] loss=0.0922 mask=0.0756 iou=0.0166
  Epoch 29 [210/537] loss=0.0905 mask=0.0745 iou=0.0161
  Epoch 29 [220/537] loss=0.0924 mask=0.0759 iou=0.0165
  Epoch 29 [230/537] loss=0.0932 mask=0.0766 iou=0.0166
  Epoch 29 [240/537] loss=0.0913 mask=0.0751 iou=0.0162
  Epoch 29 [250/537] loss=0.0916 mask=0.0751 iou=0.0165
  Epoch 29 [260/537] loss=0.0923 mask=0.0757 iou=0.0166
  Epoch 29 [270/537] loss=0.0913 mask=0.0749 iou=0.0164
  Epoch 29 [280/537] loss=0.0909 mask=0.0747 iou=0.0162
  Epoch 29 [290/537] loss=0.0899 mask=0.0741 iou=0.0158
  Epoch 29 [300/537] loss=0.0893 mask=0.0736 iou=0.0157
  Epoch 29 [310/537] loss=0.0897 mask=0.0737 iou=0.0160
  Epoch 29 [320/537] loss=0.0888 mask=0.0730 iou=0.0158
  Epoch 29 [330/537] loss=0.0875 mask=0.0720 iou=0.0155
  Epoch 29 [340/537] loss=0.0865 mask=0.0714 iou=0.0151
  Epoch 29 [350/537] loss=0.0857 mask=0.0710 iou=0.0148
  Epoch 29 [360/537] loss=0.0856 mask=0.0708 iou=0.0147
  Epoch 29 [370/537] loss=0.0844 mask=0.0699 iou=0.0145
  Epoch 29 [380/537] loss=0.0849 mask=0.0702 iou=0.0147
  Epoch 29 [390/537] loss=0.0858 mask=0.0707 iou=0.0151
  Epoch 29 [400/537] loss=0.0857 mask=0.0707 iou=0.0150
  Epoch 29 [410/537] loss=0.0872 mask=0.0718 iou=0.0155
  Epoch 29 [420/537] loss=0.0864 mask=0.0712 iou=0.0152
  Epoch 29 [430/537] loss=0.0865 mask=0.0714 iou=0.0151
  Epoch 29 [440/537] loss=0.0866 mask=0.0714 iou=0.0152
  Epoch 29 [450/537] loss=0.0863 mask=0.0714 iou=0.0150
  Epoch 29 [460/537] loss=0.0866 mask=0.0716 iou=0.0150
  Epoch 29 [470/537] loss=0.0861 mask=0.0712 iou=0.0149
  Epoch 29 [480/537] loss=0.0863 mask=0.0714 iou=0.0148
  Epoch 29 [490/537] loss=0.0866 mask=0.0718 iou=0.0148
  Epoch 29 [500/537] loss=0.0867 mask=0.0718 iou=0.0149
  Epoch 29 [510/537] loss=0.0862 mask=0.0714 iou=0.0148
  Epoch 29 [520/537] loss=0.0855 mask=0.0708 iou=0.0146
  Epoch 29 [530/537] loss=0.0849 mask=0.0704 iou=0.0145
  Train: loss=0.0872 mask=0.0723 iou=0.0149 time=301.4s
  Val epoch 29: loss=0.1750

=== Phase1 Epoch 30/49 ===
  Epoch 30 [10/537] loss=0.0704 mask=0.0632 iou=0.0072
  Epoch 30 [20/537] loss=0.0917 mask=0.0745 iou=0.0171
  Epoch 30 [30/537] loss=0.0815 mask=0.0675 iou=0.0140
  Epoch 30 [40/537] loss=0.0746 mask=0.0631 iou=0.0115
  Epoch 30 [50/537] loss=0.0728 mask=0.0619 iou=0.0108
  Epoch 30 [60/537] loss=0.0802 mask=0.0672 iou=0.0129
  Epoch 30 [70/537] loss=0.0782 mask=0.0657 iou=0.0125
  Epoch 30 [80/537] loss=0.0818 mask=0.0674 iou=0.0144
  Epoch 30 [90/537] loss=0.0839 mask=0.0693 iou=0.0147
  Epoch 30 [100/537] loss=0.0798 mask=0.0661 iou=0.0138
  Epoch 30 [110/537] loss=0.0769 mask=0.0639 iou=0.0130
  Epoch 30 [120/537] loss=0.0797 mask=0.0661 iou=0.0136
  Epoch 30 [130/537] loss=0.0767 mask=0.0639 iou=0.0128
  Epoch 30 [140/537] loss=0.0775 mask=0.0643 iou=0.0132
  Epoch 30 [150/537] loss=0.0791 mask=0.0656 iou=0.0135
  Epoch 30 [160/537] loss=0.0817 mask=0.0675 iou=0.0142
  Epoch 30 [170/537] loss=0.0816 mask=0.0674 iou=0.0141
  Epoch 30 [180/537] loss=0.0804 mask=0.0665 iou=0.0139
  Epoch 30 [190/537] loss=0.0814 mask=0.0673 iou=0.0142
  Epoch 30 [200/537] loss=0.0815 mask=0.0675 iou=0.0139
  Epoch 30 [210/537] loss=0.0821 mask=0.0680 iou=0.0140
  Epoch 30 [220/537] loss=0.0820 mask=0.0678 iou=0.0142
  Epoch 30 [230/537] loss=0.0820 mask=0.0679 iou=0.0141
  Epoch 30 [240/537] loss=0.0821 mask=0.0682 iou=0.0139
  Epoch 30 [250/537] loss=0.0836 mask=0.0695 iou=0.0141
  Epoch 30 [260/537] loss=0.0878 mask=0.0726 iou=0.0153
  Epoch 30 [270/537] loss=0.0890 mask=0.0734 iou=0.0156
  Epoch 30 [280/537] loss=0.0885 mask=0.0732 iou=0.0153
  Epoch 30 [290/537] loss=0.0876 mask=0.0726 iou=0.0149
  Epoch 30 [300/537] loss=0.0873 mask=0.0724 iou=0.0149
  Epoch 30 [310/537] loss=0.0871 mask=0.0723 iou=0.0149
  Epoch 30 [320/537] loss=0.0890 mask=0.0733 iou=0.0157
  Epoch 30 [330/537] loss=0.0889 mask=0.0732 iou=0.0157
  Epoch 30 [340/537] loss=0.0902 mask=0.0740 iou=0.0162
  Epoch 30 [350/537] loss=0.0896 mask=0.0737 iou=0.0159
  Epoch 30 [360/537] loss=0.0891 mask=0.0734 iou=0.0157
  Epoch 30 [370/537] loss=0.0883 mask=0.0727 iou=0.0155
  Epoch 30 [380/537] loss=0.0873 mask=0.0721 iou=0.0152
  Epoch 30 [390/537] loss=0.0871 mask=0.0720 iou=0.0151
  Epoch 30 [400/537] loss=0.0867 mask=0.0718 iou=0.0149
  Epoch 30 [410/537] loss=0.0868 mask=0.0718 iou=0.0150
  Epoch 30 [420/537] loss=0.0864 mask=0.0715 iou=0.0149
  Epoch 30 [430/537] loss=0.0862 mask=0.0715 iou=0.0147
  Epoch 30 [440/537] loss=0.0857 mask=0.0712 iou=0.0145
  Epoch 30 [450/537] loss=0.0850 mask=0.0707 iou=0.0143
  Epoch 30 [460/537] loss=0.0846 mask=0.0705 iou=0.0141
  Epoch 30 [470/537] loss=0.0842 mask=0.0702 iou=0.0140
  Epoch 30 [480/537] loss=0.0837 mask=0.0698 iou=0.0139
  Epoch 30 [490/537] loss=0.0836 mask=0.0697 iou=0.0138
  Epoch 30 [500/537] loss=0.0837 mask=0.0698 iou=0.0139
  Epoch 30 [510/537] loss=0.0829 mask=0.0692 iou=0.0137
  Epoch 30 [520/537] loss=0.0823 mask=0.0687 iou=0.0135
  Epoch 30 [530/537] loss=0.0826 mask=0.0689 iou=0.0137
  Train: loss=0.0841 mask=0.0705 iou=0.0136 time=300.0s
  Val epoch 30: loss=0.1767

=== Phase1 Epoch 31/49 ===
  Epoch 31 [10/537] loss=0.0711 mask=0.0606 iou=0.0105
  Epoch 31 [20/537] loss=0.0685 mask=0.0585 iou=0.0100
  Epoch 31 [30/537] loss=0.0690 mask=0.0592 iou=0.0098
  Epoch 31 [40/537] loss=0.0710 mask=0.0609 iou=0.0101
  Epoch 31 [50/537] loss=0.0767 mask=0.0650 iou=0.0117
  Epoch 31 [60/537] loss=0.0749 mask=0.0643 iou=0.0106
  Epoch 31 [70/537] loss=0.0731 mask=0.0630 iou=0.0100
  Epoch 31 [80/537] loss=0.0715 mask=0.0623 iou=0.0093
  Epoch 31 [90/537] loss=0.0810 mask=0.0684 iou=0.0126
  Epoch 31 [100/537] loss=0.0760 mask=0.0644 iou=0.0116
  Epoch 31 [110/537] loss=0.0759 mask=0.0641 iou=0.0117
  Epoch 31 [120/537] loss=0.0787 mask=0.0662 iou=0.0125
  Epoch 31 [130/537] loss=0.0785 mask=0.0659 iou=0.0126
  Epoch 31 [140/537] loss=0.0762 mask=0.0643 iou=0.0119
  Epoch 31 [150/537] loss=0.0740 mask=0.0626 iou=0.0114
  Epoch 31 [160/537] loss=0.0765 mask=0.0642 iou=0.0123
  Epoch 31 [170/537] loss=0.0751 mask=0.0631 iou=0.0120
  Epoch 31 [180/537] loss=0.0752 mask=0.0631 iou=0.0121
  Epoch 31 [190/537] loss=0.0738 mask=0.0620 iou=0.0118
  Epoch 31 [200/537] loss=0.0729 mask=0.0613 iou=0.0116
  Epoch 31 [210/537] loss=0.0736 mask=0.0615 iou=0.0121
  Epoch 31 [220/537] loss=0.0749 mask=0.0627 iou=0.0123
  Epoch 31 [230/537] loss=0.0748 mask=0.0630 iou=0.0118
  Epoch 31 [240/537] loss=0.0757 mask=0.0636 iou=0.0121
  Epoch 31 [250/537] loss=0.0763 mask=0.0642 iou=0.0121
  Epoch 31 [260/537] loss=0.0770 mask=0.0645 iou=0.0125
  Epoch 31 [270/537] loss=0.0786 mask=0.0658 iou=0.0128
  Epoch 31 [280/537] loss=0.0792 mask=0.0664 iou=0.0128
  Epoch 31 [290/537] loss=0.0789 mask=0.0661 iou=0.0128
  Epoch 31 [300/537] loss=0.0799 mask=0.0668 iou=0.0132
  Epoch 31 [310/537] loss=0.0790 mask=0.0662 iou=0.0129
  Epoch 31 [320/537] loss=0.0809 mask=0.0675 iou=0.0134
  Epoch 31 [330/537] loss=0.0810 mask=0.0676 iou=0.0135
  Epoch 31 [340/537] loss=0.0803 mask=0.0671 iou=0.0132
  Epoch 31 [350/537] loss=0.0806 mask=0.0674 iou=0.0132
  Epoch 31 [360/537] loss=0.0798 mask=0.0668 iou=0.0129
  Epoch 31 [370/537] loss=0.0805 mask=0.0674 iou=0.0131
  Epoch 31 [380/537] loss=0.0812 mask=0.0681 iou=0.0131
  Epoch 31 [390/537] loss=0.0815 mask=0.0683 iou=0.0131
  Epoch 31 [400/537] loss=0.0827 mask=0.0691 iou=0.0137
  Epoch 31 [410/537] loss=0.0825 mask=0.0689 iou=0.0136
  Epoch 31 [420/537] loss=0.0822 mask=0.0686 iou=0.0136
  Epoch 31 [430/537] loss=0.0818 mask=0.0684 iou=0.0134
  Epoch 31 [440/537] loss=0.0829 mask=0.0691 iou=0.0137
  Epoch 31 [450/537] loss=0.0830 mask=0.0693 iou=0.0138
  Epoch 31 [460/537] loss=0.0830 mask=0.0692 iou=0.0138
  Epoch 31 [470/537] loss=0.0835 mask=0.0696 iou=0.0139
  Epoch 31 [480/537] loss=0.0829 mask=0.0692 iou=0.0136
  Epoch 31 [490/537] loss=0.0825 mask=0.0690 iou=0.0135
  Epoch 31 [500/537] loss=0.0816 mask=0.0682 iou=0.0134
  Epoch 31 [510/537] loss=0.0820 mask=0.0685 iou=0.0136
  Epoch 31 [520/537] loss=0.0819 mask=0.0683 iou=0.0136
  Epoch 31 [530/537] loss=0.0819 mask=0.0683 iou=0.0136
  Train: loss=0.0829 mask=0.0694 iou=0.0135 time=303.9s
  Val epoch 31: loss=0.1735

=== Phase1 Epoch 32/49 ===
  Epoch 32 [10/537] loss=0.0507 mask=0.0478 iou=0.0029
  Epoch 32 [20/537] loss=0.0556 mask=0.0485 iou=0.0072
  Epoch 32 [30/537] loss=0.0660 mask=0.0570 iou=0.0089
  Epoch 32 [40/537] loss=0.0742 mask=0.0631 iou=0.0111
  Epoch 32 [50/537] loss=0.0704 mask=0.0603 iou=0.0102
  Epoch 32 [60/537] loss=0.0705 mask=0.0594 iou=0.0111
  Epoch 32 [70/537] loss=0.0745 mask=0.0624 iou=0.0121
  Epoch 32 [80/537] loss=0.0764 mask=0.0641 iou=0.0123
  Epoch 32 [90/537] loss=0.0775 mask=0.0648 iou=0.0127
  Epoch 32 [100/537] loss=0.0751 mask=0.0632 iou=0.0119
  Epoch 32 [110/537] loss=0.0727 mask=0.0616 iou=0.0111
  Epoch 32 [120/537] loss=0.0727 mask=0.0612 iou=0.0114
  Epoch 32 [130/537] loss=0.0720 mask=0.0608 iou=0.0111
  Epoch 32 [140/537] loss=0.0726 mask=0.0615 iou=0.0111
  Epoch 32 [150/537] loss=0.0714 mask=0.0608 iou=0.0107
  Epoch 32 [160/537] loss=0.0716 mask=0.0608 iou=0.0108
  Epoch 32 [170/537] loss=0.0719 mask=0.0611 iou=0.0108
  Epoch 32 [180/537] loss=0.0765 mask=0.0646 iou=0.0119
  Epoch 32 [190/537] loss=0.0755 mask=0.0640 iou=0.0114
  Epoch 32 [200/537] loss=0.0762 mask=0.0647 iou=0.0115
  Epoch 32 [210/537] loss=0.0766 mask=0.0650 iou=0.0116
  Epoch 32 [220/537] loss=0.0782 mask=0.0664 iou=0.0119
  Epoch 32 [230/537] loss=0.0773 mask=0.0658 iou=0.0115
  Epoch 32 [240/537] loss=0.0798 mask=0.0673 iou=0.0125
  Epoch 32 [250/537] loss=0.0788 mask=0.0666 iou=0.0122
  Epoch 32 [260/537] loss=0.0788 mask=0.0666 iou=0.0122
  Epoch 32 [270/537] loss=0.0778 mask=0.0658 iou=0.0119
  Epoch 32 [280/537] loss=0.0769 mask=0.0652 iou=0.0117
  Epoch 32 [290/537] loss=0.0777 mask=0.0658 iou=0.0119
  Epoch 32 [300/537] loss=0.0776 mask=0.0656 iou=0.0120
  Epoch 32 [310/537] loss=0.0771 mask=0.0651 iou=0.0119
  Epoch 32 [320/537] loss=0.0773 mask=0.0651 iou=0.0121
  Epoch 32 [330/537] loss=0.0788 mask=0.0662 iou=0.0126
  Epoch 32 [340/537] loss=0.0793 mask=0.0666 iou=0.0128
  Epoch 32 [350/537] loss=0.0783 mask=0.0658 iou=0.0125
  Epoch 32 [360/537] loss=0.0774 mask=0.0652 iou=0.0122
  Epoch 32 [370/537] loss=0.0778 mask=0.0655 iou=0.0124
  Epoch 32 [380/537] loss=0.0774 mask=0.0651 iou=0.0123
  Epoch 32 [390/537] loss=0.0774 mask=0.0649 iou=0.0124
  Epoch 32 [400/537] loss=0.0773 mask=0.0649 iou=0.0124
  Epoch 32 [410/537] loss=0.0774 mask=0.0650 iou=0.0124
  Epoch 32 [420/537] loss=0.0773 mask=0.0649 iou=0.0124
  Epoch 32 [430/537] loss=0.0780 mask=0.0653 iou=0.0127
  Epoch 32 [440/537] loss=0.0775 mask=0.0649 iou=0.0126
  Epoch 32 [450/537] loss=0.0777 mask=0.0652 iou=0.0125
  Epoch 32 [460/537] loss=0.0773 mask=0.0649 iou=0.0123
  Epoch 32 [470/537] loss=0.0784 mask=0.0657 iou=0.0127
  Epoch 32 [480/537] loss=0.0783 mask=0.0655 iou=0.0128
  Epoch 32 [490/537] loss=0.0785 mask=0.0657 iou=0.0128
  Epoch 32 [500/537] loss=0.0794 mask=0.0664 iou=0.0130
  Epoch 32 [510/537] loss=0.0796 mask=0.0666 iou=0.0129
  Epoch 32 [520/537] loss=0.0802 mask=0.0669 iou=0.0133
  Epoch 32 [530/537] loss=0.0811 mask=0.0678 iou=0.0134
  Train: loss=0.0826 mask=0.0693 iou=0.0133 time=306.3s
  Val epoch 32: loss=0.1772

=== Phase1 Epoch 33/49 ===
  Epoch 33 [10/537] loss=0.0699 mask=0.0618 iou=0.0081
  Epoch 33 [20/537] loss=0.0761 mask=0.0634 iou=0.0127
  Epoch 33 [30/537] loss=0.0763 mask=0.0653 iou=0.0110
  Epoch 33 [40/537] loss=0.0719 mask=0.0626 iou=0.0093
  Epoch 33 [50/537] loss=0.0704 mask=0.0609 iou=0.0095
  Epoch 33 [60/537] loss=0.0733 mask=0.0632 iou=0.0101
  Epoch 33 [70/537] loss=0.0717 mask=0.0617 iou=0.0100
  Epoch 33 [80/537] loss=0.0682 mask=0.0584 iou=0.0098
  Epoch 33 [90/537] loss=0.0722 mask=0.0616 iou=0.0106
  Epoch 33 [100/537] loss=0.0765 mask=0.0648 iou=0.0118
  Epoch 33 [110/537] loss=0.0770 mask=0.0660 iou=0.0110
  Epoch 33 [120/537] loss=0.0795 mask=0.0674 iou=0.0121
  Epoch 33 [130/537] loss=0.0797 mask=0.0676 iou=0.0121
  Epoch 33 [140/537] loss=0.0830 mask=0.0700 iou=0.0129
  Epoch 33 [150/537] loss=0.0818 mask=0.0691 iou=0.0127
  Epoch 33 [160/537] loss=0.0826 mask=0.0693 iou=0.0133
  Epoch 33 [170/537] loss=0.0858 mask=0.0715 iou=0.0143
  Epoch 33 [180/537] loss=0.0854 mask=0.0710 iou=0.0144
  Epoch 33 [190/537] loss=0.0870 mask=0.0722 iou=0.0148
  Epoch 33 [200/537] loss=0.0862 mask=0.0715 iou=0.0147
  Epoch 33 [210/537] loss=0.0869 mask=0.0718 iou=0.0151
  Epoch 33 [220/537] loss=0.0870 mask=0.0719 iou=0.0152
  Epoch 33 [230/537] loss=0.0874 mask=0.0722 iou=0.0152
  Epoch 33 [240/537] loss=0.0878 mask=0.0727 iou=0.0150
  Epoch 33 [250/537] loss=0.0866 mask=0.0720 iou=0.0146
  Epoch 33 [260/537] loss=0.0860 mask=0.0716 iou=0.0144
  Epoch 33 [270/537] loss=0.0855 mask=0.0711 iou=0.0144
  Epoch 33 [280/537] loss=0.0843 mask=0.0703 iou=0.0140
  Epoch 33 [290/537] loss=0.0832 mask=0.0695 iou=0.0138
  Epoch 33 [300/537] loss=0.0832 mask=0.0693 iou=0.0139
  Epoch 33 [310/537] loss=0.0844 mask=0.0703 iou=0.0142
  Epoch 33 [320/537] loss=0.0839 mask=0.0699 iou=0.0140
  Epoch 33 [330/537] loss=0.0830 mask=0.0692 iou=0.0138
  Epoch 33 [340/537] loss=0.0820 mask=0.0686 iou=0.0134
  Epoch 33 [350/537] loss=0.0810 mask=0.0679 iou=0.0132
  Epoch 33 [360/537] loss=0.0803 mask=0.0674 iou=0.0129
  Epoch 33 [370/537] loss=0.0802 mask=0.0674 iou=0.0128
  Epoch 33 [380/537] loss=0.0800 mask=0.0672 iou=0.0128
  Epoch 33 [390/537] loss=0.0794 mask=0.0668 iou=0.0126
  Epoch 33 [400/537] loss=0.0792 mask=0.0666 iou=0.0125
  Epoch 33 [410/537] loss=0.0795 mask=0.0669 iou=0.0126
  Epoch 33 [420/537] loss=0.0791 mask=0.0665 iou=0.0126
  Epoch 33 [430/537] loss=0.0787 mask=0.0663 iou=0.0124
  Epoch 33 [440/537] loss=0.0802 mask=0.0675 iou=0.0127
  Epoch 33 [450/537] loss=0.0797 mask=0.0672 iou=0.0125
  Epoch 33 [460/537] loss=0.0788 mask=0.0665 iou=0.0123
  Epoch 33 [470/537] loss=0.0784 mask=0.0662 iou=0.0122
  Epoch 33 [480/537] loss=0.0787 mask=0.0663 iou=0.0124
  Epoch 33 [490/537] loss=0.0782 mask=0.0659 iou=0.0123
  Epoch 33 [500/537] loss=0.0791 mask=0.0666 iou=0.0125
  Epoch 33 [510/537] loss=0.0787 mask=0.0663 iou=0.0124
  Epoch 33 [520/537] loss=0.0791 mask=0.0665 iou=0.0126
  Epoch 33 [530/537] loss=0.0805 mask=0.0675 iou=0.0131
  Train: loss=0.0820 mask=0.0690 iou=0.0130 time=306.0s
  Val epoch 33: loss=0.1773

=== Phase1 Epoch 34/49 ===
  Epoch 34 [10/537] loss=0.1477 mask=0.1140 iou=0.0337
  Epoch 34 [20/537] loss=0.1098 mask=0.0880 iou=0.0217
  Epoch 34 [30/537] loss=0.1032 mask=0.0836 iou=0.0196
  Epoch 34 [40/537] loss=0.1001 mask=0.0816 iou=0.0185
  Epoch 34 [50/537] loss=0.0901 mask=0.0744 iou=0.0157
  Epoch 34 [60/537] loss=0.0868 mask=0.0719 iou=0.0149
  Epoch 34 [70/537] loss=0.0889 mask=0.0730 iou=0.0159
  Epoch 34 [80/537] loss=0.0843 mask=0.0701 iou=0.0143
  Epoch 34 [90/537] loss=0.0825 mask=0.0693 iou=0.0131
  Epoch 34 [100/537] loss=0.0814 mask=0.0690 iou=0.0124
  Epoch 34 [110/537] loss=0.0783 mask=0.0668 iou=0.0115
  Epoch 34 [120/537] loss=0.0759 mask=0.0649 iou=0.0110
  Epoch 34 [130/537] loss=0.0769 mask=0.0652 iou=0.0117
  Epoch 34 [140/537] loss=0.0750 mask=0.0639 iou=0.0112
  Epoch 34 [150/537] loss=0.0741 mask=0.0629 iou=0.0112
  Epoch 34 [160/537] loss=0.0741 mask=0.0630 iou=0.0111
  Epoch 34 [170/537] loss=0.0751 mask=0.0634 iou=0.0117
  Epoch 34 [180/537] loss=0.0737 mask=0.0624 iou=0.0113
  Epoch 34 [190/537] loss=0.0719 mask=0.0611 iou=0.0108
  Epoch 34 [200/537] loss=0.0730 mask=0.0620 iou=0.0110
  Epoch 34 [210/537] loss=0.0719 mask=0.0613 iou=0.0107
  Epoch 34 [220/537] loss=0.0716 mask=0.0610 iou=0.0106
  Epoch 34 [230/537] loss=0.0704 mask=0.0602 iou=0.0102
  Epoch 34 [240/537] loss=0.0721 mask=0.0614 iou=0.0107
  Epoch 34 [250/537] loss=0.0727 mask=0.0618 iou=0.0109
  Epoch 34 [260/537] loss=0.0727 mask=0.0619 iou=0.0108
  Epoch 34 [270/537] loss=0.0732 mask=0.0622 iou=0.0110
  Epoch 34 [280/537] loss=0.0740 mask=0.0627 iou=0.0113
  Epoch 34 [290/537] loss=0.0734 mask=0.0622 iou=0.0112
  Epoch 34 [300/537] loss=0.0743 mask=0.0628 iou=0.0115
  Epoch 34 [310/537] loss=0.0759 mask=0.0638 iou=0.0121
  Epoch 34 [320/537] loss=0.0756 mask=0.0635 iou=0.0120
  Epoch 34 [330/537] loss=0.0773 mask=0.0646 iou=0.0127
  Epoch 34 [340/537] loss=0.0768 mask=0.0643 iou=0.0125
  Epoch 34 [350/537] loss=0.0766 mask=0.0642 iou=0.0124
  Epoch 34 [360/537] loss=0.0767 mask=0.0642 iou=0.0125
  Epoch 34 [370/537] loss=0.0763 mask=0.0639 iou=0.0124
  Epoch 34 [380/537] loss=0.0761 mask=0.0638 iou=0.0123
  Epoch 34 [390/537] loss=0.0754 mask=0.0633 iou=0.0121
  Epoch 34 [400/537] loss=0.0756 mask=0.0636 iou=0.0120
  Epoch 34 [410/537] loss=0.0757 mask=0.0638 iou=0.0118
  Epoch 34 [420/537] loss=0.0751 mask=0.0635 iou=0.0117
  Epoch 34 [430/537] loss=0.0756 mask=0.0638 iou=0.0118
  Epoch 34 [440/537] loss=0.0774 mask=0.0651 iou=0.0124
  Epoch 34 [450/537] loss=0.0775 mask=0.0651 iou=0.0124
  Epoch 34 [460/537] loss=0.0771 mask=0.0649 iou=0.0122
  Epoch 34 [470/537] loss=0.0777 mask=0.0654 iou=0.0124
  Epoch 34 [480/537] loss=0.0787 mask=0.0661 iou=0.0126
  Epoch 34 [490/537] loss=0.0791 mask=0.0663 iou=0.0128
  Epoch 34 [500/537] loss=0.0785 mask=0.0660 iou=0.0126
  Epoch 34 [510/537] loss=0.0787 mask=0.0660 iou=0.0127
  Epoch 34 [520/537] loss=0.0790 mask=0.0663 iou=0.0127
  Epoch 34 [530/537] loss=0.0788 mask=0.0662 iou=0.0126
  Train: loss=0.0807 mask=0.0682 iou=0.0125 time=311.7s
  Val epoch 34: loss=0.1760

=== Phase1 Epoch 35/49 ===
  Epoch 35 [10/537] loss=0.0822 mask=0.0658 iou=0.0163
  Epoch 35 [20/537] loss=0.0659 mask=0.0549 iou=0.0110
  Epoch 35 [30/537] loss=0.0834 mask=0.0673 iou=0.0161
  Epoch 35 [40/537] loss=0.0861 mask=0.0696 iou=0.0165
  Epoch 35 [50/537] loss=0.0879 mask=0.0706 iou=0.0173
  Epoch 35 [60/537] loss=0.0814 mask=0.0663 iou=0.0151
  Epoch 35 [70/537] loss=0.0874 mask=0.0700 iou=0.0174
  Epoch 35 [80/537] loss=0.0842 mask=0.0684 iou=0.0158
  Epoch 35 [90/537] loss=0.0853 mask=0.0698 iou=0.0155
  Epoch 35 [100/537] loss=0.0898 mask=0.0731 iou=0.0166
  Epoch 35 [110/537] loss=0.0889 mask=0.0727 iou=0.0163
  Epoch 35 [120/537] loss=0.0862 mask=0.0710 iou=0.0152
  Epoch 35 [130/537] loss=0.0826 mask=0.0683 iou=0.0143
  Epoch 35 [140/537] loss=0.0844 mask=0.0701 iou=0.0143
  Epoch 35 [150/537] loss=0.0859 mask=0.0711 iou=0.0148
  Epoch 35 [160/537] loss=0.0833 mask=0.0691 iou=0.0141
  Epoch 35 [170/537] loss=0.0810 mask=0.0674 iou=0.0135
  Epoch 35 [180/537] loss=0.0807 mask=0.0671 iou=0.0136
  Epoch 35 [190/537] loss=0.0812 mask=0.0674 iou=0.0138
  Epoch 35 [200/537] loss=0.0811 mask=0.0673 iou=0.0137
  Epoch 35 [210/537] loss=0.0804 mask=0.0669 iou=0.0135
  Epoch 35 [220/537] loss=0.0803 mask=0.0670 iou=0.0132
  Epoch 35 [230/537] loss=0.0799 mask=0.0668 iou=0.0131
  Epoch 35 [240/537] loss=0.0787 mask=0.0660 iou=0.0127
  Epoch 35 [250/537] loss=0.0784 mask=0.0659 iou=0.0125
  Epoch 35 [260/537] loss=0.0776 mask=0.0654 iou=0.0123
  Epoch 35 [270/537] loss=0.0794 mask=0.0667 iou=0.0127
  Epoch 35 [280/537] loss=0.0810 mask=0.0676 iou=0.0134
  Epoch 35 [290/537] loss=0.0800 mask=0.0669 iou=0.0131
  Epoch 35 [300/537] loss=0.0804 mask=0.0673 iou=0.0131
  Epoch 35 [310/537] loss=0.0807 mask=0.0676 iou=0.0132
  Epoch 35 [320/537] loss=0.0798 mask=0.0668 iou=0.0129
  Epoch 35 [330/537] loss=0.0791 mask=0.0664 iou=0.0128
  Epoch 35 [340/537] loss=0.0789 mask=0.0663 iou=0.0125
  Epoch 35 [350/537] loss=0.0784 mask=0.0660 iou=0.0124
  Epoch 35 [360/537] loss=0.0789 mask=0.0664 iou=0.0124
  Epoch 35 [370/537] loss=0.0794 mask=0.0670 iou=0.0124
  Epoch 35 [380/537] loss=0.0800 mask=0.0675 iou=0.0126
  Epoch 35 [390/537] loss=0.0801 mask=0.0675 iou=0.0126
  Epoch 35 [400/537] loss=0.0796 mask=0.0672 iou=0.0124
  Epoch 35 [410/537] loss=0.0797 mask=0.0674 iou=0.0123
  Epoch 35 [420/537] loss=0.0788 mask=0.0666 iou=0.0121
  Epoch 35 [430/537] loss=0.0779 mask=0.0660 iou=0.0119
  Epoch 35 [440/537] loss=0.0786 mask=0.0663 iou=0.0123
  Epoch 35 [450/537] loss=0.0796 mask=0.0670 iou=0.0126
  Epoch 35 [460/537] loss=0.0795 mask=0.0669 iou=0.0127
  Epoch 35 [470/537] loss=0.0803 mask=0.0674 iou=0.0129
  Epoch 35 [480/537] loss=0.0797 mask=0.0669 iou=0.0127
  Epoch 35 [490/537] loss=0.0794 mask=0.0667 iou=0.0127
  Epoch 35 [500/537] loss=0.0787 mask=0.0662 iou=0.0125
  Epoch 35 [510/537] loss=0.0784 mask=0.0661 iou=0.0123
  Epoch 35 [520/537] loss=0.0789 mask=0.0664 iou=0.0125
  Epoch 35 [530/537] loss=0.0788 mask=0.0664 iou=0.0124
  Train: loss=0.0807 mask=0.0683 iou=0.0124 time=318.6s
  Val epoch 35: loss=0.1765

=== Phase1 Epoch 36/49 ===
  Epoch 36 [10/537] loss=0.0401 mask=0.0362 iou=0.0038
  Epoch 36 [20/537] loss=0.0549 mask=0.0481 iou=0.0067
  Epoch 36 [30/537] loss=0.0668 mask=0.0592 iou=0.0076
  Epoch 36 [40/537] loss=0.0706 mask=0.0614 iou=0.0092
  Epoch 36 [50/537] loss=0.0706 mask=0.0617 iou=0.0089
  Epoch 36 [60/537] loss=0.0688 mask=0.0603 iou=0.0085
  Epoch 36 [70/537] loss=0.0667 mask=0.0579 iou=0.0087
  Epoch 36 [80/537] loss=0.0639 mask=0.0557 iou=0.0082
  Epoch 36 [90/537] loss=0.0703 mask=0.0603 iou=0.0100
  Epoch 36 [100/537] loss=0.0736 mask=0.0623 iou=0.0112
  Epoch 36 [110/537] loss=0.0773 mask=0.0650 iou=0.0124
  Epoch 36 [120/537] loss=0.0762 mask=0.0642 iou=0.0120
  Epoch 36 [130/537] loss=0.0768 mask=0.0647 iou=0.0120
  Epoch 36 [140/537] loss=0.0765 mask=0.0645 iou=0.0120
  Epoch 36 [150/537] loss=0.0784 mask=0.0660 iou=0.0123
  Epoch 36 [160/537] loss=0.0767 mask=0.0646 iou=0.0121
  Epoch 36 [170/537] loss=0.0811 mask=0.0679 iou=0.0132
  Epoch 36 [180/537] loss=0.0797 mask=0.0669 iou=0.0127
  Epoch 36 [190/537] loss=0.0780 mask=0.0657 iou=0.0123
  Epoch 36 [200/537] loss=0.0767 mask=0.0648 iou=0.0120
  Epoch 36 [210/537] loss=0.0767 mask=0.0647 iou=0.0119
  Epoch 36 [220/537] loss=0.0755 mask=0.0638 iou=0.0116
  Epoch 36 [230/537] loss=0.0767 mask=0.0645 iou=0.0121
  Epoch 36 [240/537] loss=0.0756 mask=0.0637 iou=0.0119
  Epoch 36 [250/537] loss=0.0760 mask=0.0641 iou=0.0119
  Epoch 36 [260/537] loss=0.0763 mask=0.0642 iou=0.0121
  Epoch 36 [270/537] loss=0.0758 mask=0.0637 iou=0.0120
  Epoch 36 [280/537] loss=0.0765 mask=0.0645 iou=0.0121
  Epoch 36 [290/537] loss=0.0772 mask=0.0650 iou=0.0123
  Epoch 36 [300/537] loss=0.0780 mask=0.0655 iou=0.0125
  Epoch 36 [310/537] loss=0.0774 mask=0.0651 iou=0.0123
  Epoch 36 [320/537] loss=0.0773 mask=0.0651 iou=0.0121
  Epoch 36 [330/537] loss=0.0766 mask=0.0647 iou=0.0119
  Epoch 36 [340/537] loss=0.0768 mask=0.0649 iou=0.0119
  Epoch 36 [350/537] loss=0.0774 mask=0.0653 iou=0.0121
  Epoch 36 [360/537] loss=0.0773 mask=0.0652 iou=0.0121
  Epoch 36 [370/537] loss=0.0779 mask=0.0656 iou=0.0123
  Epoch 36 [380/537] loss=0.0776 mask=0.0654 iou=0.0122
  Epoch 36 [390/537] loss=0.0777 mask=0.0655 iou=0.0122
  Epoch 36 [400/537] loss=0.0781 mask=0.0658 iou=0.0124
  Epoch 36 [410/537] loss=0.0779 mask=0.0656 iou=0.0123
  Epoch 36 [420/537] loss=0.0777 mask=0.0654 iou=0.0123
  Epoch 36 [430/537] loss=0.0781 mask=0.0657 iou=0.0123
  Epoch 36 [440/537] loss=0.0785 mask=0.0662 iou=0.0123
  Epoch 36 [450/537] loss=0.0778 mask=0.0657 iou=0.0121
  Epoch 36 [460/537] loss=0.0772 mask=0.0653 iou=0.0119
  Epoch 36 [470/537] loss=0.0772 mask=0.0653 iou=0.0119
  Epoch 36 [480/537] loss=0.0771 mask=0.0652 iou=0.0119
  Epoch 36 [490/537] loss=0.0765 mask=0.0648 iou=0.0117
  Epoch 36 [500/537] loss=0.0765 mask=0.0648 iou=0.0118
  Epoch 36 [510/537] loss=0.0772 mask=0.0651 iou=0.0121
  Epoch 36 [520/537] loss=0.0768 mask=0.0648 iou=0.0119
  Epoch 36 [530/537] loss=0.0772 mask=0.0652 iou=0.0120
  Train: loss=0.0788 mask=0.0669 iou=0.0119 time=314.8s
  Val epoch 36: loss=0.1777

=== Phase1 Epoch 37/49 ===
  Epoch 37 [10/537] loss=0.0605 mask=0.0582 iou=0.0023
  Epoch 37 [20/537] loss=0.0667 mask=0.0621 iou=0.0046
  Epoch 37 [30/537] loss=0.0825 mask=0.0726 iou=0.0099
  Epoch 37 [40/537] loss=0.0789 mask=0.0698 iou=0.0091
  Epoch 37 [50/537] loss=0.0802 mask=0.0695 iou=0.0106
  Epoch 37 [60/537] loss=0.0813 mask=0.0700 iou=0.0113
  Epoch 37 [70/537] loss=0.0774 mask=0.0667 iou=0.0107
  Epoch 37 [80/537] loss=0.0731 mask=0.0633 iou=0.0098
  Epoch 37 [90/537] loss=0.0707 mask=0.0615 iou=0.0092
  Epoch 37 [100/537] loss=0.0712 mask=0.0615 iou=0.0098
  Epoch 37 [110/537] loss=0.0735 mask=0.0632 iou=0.0103
  Epoch 37 [120/537] loss=0.0702 mask=0.0605 iou=0.0097
  Epoch 37 [130/537] loss=0.0708 mask=0.0607 iou=0.0101
  Epoch 37 [140/537] loss=0.0732 mask=0.0625 iou=0.0107
  Epoch 37 [150/537] loss=0.0720 mask=0.0616 iou=0.0104
  Epoch 37 [160/537] loss=0.0765 mask=0.0644 iou=0.0121
  Epoch 37 [170/537] loss=0.0758 mask=0.0638 iou=0.0121
  Epoch 37 [180/537] loss=0.0751 mask=0.0632 iou=0.0119
  Epoch 37 [190/537] loss=0.0737 mask=0.0622 iou=0.0115
  Epoch 37 [200/537] loss=0.0752 mask=0.0634 iou=0.0119
  Epoch 37 [210/537] loss=0.0748 mask=0.0633 iou=0.0115
  Epoch 37 [220/537] loss=0.0739 mask=0.0628 iou=0.0111
  Epoch 37 [230/537] loss=0.0729 mask=0.0621 iou=0.0108
  Epoch 37 [240/537] loss=0.0724 mask=0.0617 iou=0.0107
  Epoch 37 [250/537] loss=0.0727 mask=0.0618 iou=0.0109
  Epoch 37 [260/537] loss=0.0721 mask=0.0615 iou=0.0106
  Epoch 37 [270/537] loss=0.0714 mask=0.0609 iou=0.0105
  Epoch 37 [280/537] loss=0.0719 mask=0.0613 iou=0.0106
  Epoch 37 [290/537] loss=0.0730 mask=0.0618 iou=0.0111
  Epoch 37 [300/537] loss=0.0729 mask=0.0618 iou=0.0112
  Epoch 37 [310/537] loss=0.0737 mask=0.0623 iou=0.0114
  Epoch 37 [320/537] loss=0.0740 mask=0.0626 iou=0.0114
  Epoch 37 [330/537] loss=0.0734 mask=0.0622 iou=0.0111
  Epoch 37 [340/537] loss=0.0730 mask=0.0620 iou=0.0110
  Epoch 37 [350/537] loss=0.0726 mask=0.0617 iou=0.0109
  Epoch 37 [360/537] loss=0.0737 mask=0.0626 iou=0.0111
  Epoch 37 [370/537] loss=0.0734 mask=0.0623 iou=0.0111
  Epoch 37 [380/537] loss=0.0734 mask=0.0623 iou=0.0111
  Epoch 37 [390/537] loss=0.0740 mask=0.0627 iou=0.0113
  Epoch 37 [400/537] loss=0.0741 mask=0.0628 iou=0.0113
  Epoch 37 [410/537] loss=0.0743 mask=0.0630 iou=0.0113
  Epoch 37 [420/537] loss=0.0752 mask=0.0635 iou=0.0117
  Epoch 37 [430/537] loss=0.0761 mask=0.0642 iou=0.0119
  Epoch 37 [440/537] loss=0.0772 mask=0.0651 iou=0.0121
  Epoch 37 [450/537] loss=0.0764 mask=0.0645 iou=0.0119
  Epoch 37 [460/537] loss=0.0767 mask=0.0647 iou=0.0120
  Epoch 37 [470/537] loss=0.0765 mask=0.0646 iou=0.0119
  Epoch 37 [480/537] loss=0.0763 mask=0.0645 iou=0.0118
  Epoch 37 [490/537] loss=0.0756 mask=0.0640 iou=0.0116
  Epoch 37 [500/537] loss=0.0757 mask=0.0641 iou=0.0116
  Epoch 37 [510/537] loss=0.0756 mask=0.0641 iou=0.0115
  Epoch 37 [520/537] loss=0.0752 mask=0.0638 iou=0.0114
  Epoch 37 [530/537] loss=0.0750 mask=0.0636 iou=0.0114
  Train: loss=0.0769 mask=0.0654 iou=0.0116 time=316.0s
  Val epoch 37: loss=0.1795

=== Phase1 Epoch 38/49 ===
  Epoch 38 [10/537] loss=0.1012 mask=0.0829 iou=0.0183
  Epoch 38 [20/537] loss=0.0821 mask=0.0696 iou=0.0125
  Epoch 38 [30/537] loss=0.0766 mask=0.0664 iou=0.0102
  Epoch 38 [40/537] loss=0.0775 mask=0.0672 iou=0.0103
  Epoch 38 [50/537] loss=0.0778 mask=0.0677 iou=0.0101
  Epoch 38 [60/537] loss=0.0734 mask=0.0641 iou=0.0093
  Epoch 38 [70/537] loss=0.0743 mask=0.0643 iou=0.0100
  Epoch 38 [80/537] loss=0.0782 mask=0.0668 iou=0.0113
  Epoch 38 [90/537] loss=0.0872 mask=0.0731 iou=0.0141
  Epoch 38 [100/537] loss=0.0825 mask=0.0694 iou=0.0132
  Epoch 38 [110/537] loss=0.0805 mask=0.0681 iou=0.0124
  Epoch 38 [120/537] loss=0.0798 mask=0.0676 iou=0.0122
  Epoch 38 [130/537] loss=0.0846 mask=0.0708 iou=0.0138
  Epoch 38 [140/537] loss=0.0842 mask=0.0709 iou=0.0133
  Epoch 38 [150/537] loss=0.0838 mask=0.0709 iou=0.0129
  Epoch 38 [160/537] loss=0.0821 mask=0.0698 iou=0.0123
  Epoch 38 [170/537] loss=0.0814 mask=0.0692 iou=0.0122
  Epoch 38 [180/537] loss=0.0804 mask=0.0685 iou=0.0119
  Epoch 38 [190/537] loss=0.0795 mask=0.0678 iou=0.0117
  Epoch 38 [200/537] loss=0.0796 mask=0.0680 iou=0.0116
  Epoch 38 [210/537] loss=0.0802 mask=0.0684 iou=0.0118
  Epoch 38 [220/537] loss=0.0799 mask=0.0681 iou=0.0118
  Epoch 38 [230/537] loss=0.0801 mask=0.0681 iou=0.0120
  Epoch 38 [240/537] loss=0.0785 mask=0.0668 iou=0.0117
  Epoch 38 [250/537] loss=0.0772 mask=0.0658 iou=0.0113
  Epoch 38 [260/537] loss=0.0767 mask=0.0655 iou=0.0112
  Epoch 38 [270/537] loss=0.0756 mask=0.0648 iou=0.0109
  Epoch 38 [280/537] loss=0.0769 mask=0.0654 iou=0.0114
  Epoch 38 [290/537] loss=0.0757 mask=0.0645 iou=0.0111
  Epoch 38 [300/537] loss=0.0747 mask=0.0638 iou=0.0109
  Epoch 38 [310/537] loss=0.0752 mask=0.0643 iou=0.0109
  Epoch 38 [320/537] loss=0.0759 mask=0.0647 iou=0.0112
  Epoch 38 [330/537] loss=0.0759 mask=0.0646 iou=0.0113
  Epoch 38 [340/537] loss=0.0761 mask=0.0647 iou=0.0114
  Epoch 38 [350/537] loss=0.0764 mask=0.0651 iou=0.0113
  Epoch 38 [360/537] loss=0.0776 mask=0.0660 iou=0.0115
  Epoch 38 [370/537] loss=0.0768 mask=0.0655 iou=0.0113
  Epoch 38 [380/537] loss=0.0767 mask=0.0652 iou=0.0115
  Epoch 38 [390/537] loss=0.0768 mask=0.0653 iou=0.0115
  Epoch 38 [400/537] loss=0.0760 mask=0.0647 iou=0.0113
  Epoch 38 [410/537] loss=0.0755 mask=0.0644 iou=0.0111
  Epoch 38 [420/537] loss=0.0746 mask=0.0637 iou=0.0109
  Epoch 38 [430/537] loss=0.0760 mask=0.0648 iou=0.0112
  Epoch 38 [440/537] loss=0.0758 mask=0.0646 iou=0.0112
  Epoch 38 [450/537] loss=0.0754 mask=0.0643 iou=0.0111
  Epoch 38 [460/537] loss=0.0745 mask=0.0636 iou=0.0109
  Epoch 38 [470/537] loss=0.0744 mask=0.0635 iou=0.0109
  Epoch 38 [480/537] loss=0.0752 mask=0.0640 iou=0.0112
  Epoch 38 [490/537] loss=0.0750 mask=0.0639 iou=0.0111
  Epoch 38 [500/537] loss=0.0758 mask=0.0645 iou=0.0113
  Epoch 38 [510/537] loss=0.0752 mask=0.0641 iou=0.0112
  Epoch 38 [520/537] loss=0.0757 mask=0.0642 iou=0.0115
  Epoch 38 [530/537] loss=0.0754 mask=0.0640 iou=0.0114
  Train: loss=0.0760 mask=0.0638 iou=0.0122 time=307.8s
  Val epoch 38: loss=0.1804

=== Phase1 Epoch 39/49 ===
  Epoch 39 [10/537] loss=0.1210 mask=0.0960 iou=0.0250
  Epoch 39 [20/537] loss=0.0910 mask=0.0749 iou=0.0161
  Epoch 39 [30/537] loss=0.0822 mask=0.0678 iou=0.0144
  Epoch 39 [40/537] loss=0.0799 mask=0.0667 iou=0.0131
  Epoch 39 [50/537] loss=0.0752 mask=0.0640 iou=0.0112
  Epoch 39 [60/537] loss=0.0817 mask=0.0678 iou=0.0139
  Epoch 39 [70/537] loss=0.0771 mask=0.0643 iou=0.0128
  Epoch 39 [80/537] loss=0.0785 mask=0.0658 iou=0.0127
  Epoch 39 [90/537] loss=0.0751 mask=0.0635 iou=0.0116
  Epoch 39 [100/537] loss=0.0789 mask=0.0666 iou=0.0123
  Epoch 39 [110/537] loss=0.0784 mask=0.0666 iou=0.0118
  Epoch 39 [120/537] loss=0.0752 mask=0.0642 iou=0.0110
  Epoch 39 [130/537] loss=0.0762 mask=0.0652 iou=0.0110
  Epoch 39 [140/537] loss=0.0791 mask=0.0671 iou=0.0120
  Epoch 39 [150/537] loss=0.0809 mask=0.0680 iou=0.0129
  Epoch 39 [160/537] loss=0.0797 mask=0.0671 iou=0.0126
  Epoch 39 [170/537] loss=0.0787 mask=0.0667 iou=0.0121
  Epoch 39 [180/537] loss=0.0775 mask=0.0658 iou=0.0117
  Epoch 39 [190/537] loss=0.0792 mask=0.0670 iou=0.0122
  Epoch 39 [200/537] loss=0.0800 mask=0.0675 iou=0.0124
  Epoch 39 [210/537] loss=0.0785 mask=0.0666 iou=0.0119
  Epoch 39 [220/537] loss=0.0776 mask=0.0658 iou=0.0118
  Epoch 39 [230/537] loss=0.0774 mask=0.0659 iou=0.0116
  Epoch 39 [240/537] loss=0.0768 mask=0.0653 iou=0.0115
  Epoch 39 [250/537] loss=0.0765 mask=0.0651 iou=0.0115
  Epoch 39 [260/537] loss=0.0769 mask=0.0652 iou=0.0117
  Epoch 39 [270/537] loss=0.0759 mask=0.0645 iou=0.0114
  Epoch 39 [280/537] loss=0.0750 mask=0.0639 iou=0.0112
  Epoch 39 [290/537] loss=0.0741 mask=0.0632 iou=0.0109
  Epoch 39 [300/537] loss=0.0742 mask=0.0634 iou=0.0108
  Epoch 39 [310/537] loss=0.0747 mask=0.0635 iou=0.0111
  Epoch 39 [320/537] loss=0.0745 mask=0.0636 iou=0.0109
  Epoch 39 [330/537] loss=0.0746 mask=0.0638 iou=0.0109
  Epoch 39 [340/537] loss=0.0746 mask=0.0639 iou=0.0107
  Epoch 39 [350/537] loss=0.0750 mask=0.0641 iou=0.0109
  Epoch 39 [360/537] loss=0.0760 mask=0.0650 iou=0.0111
  Epoch 39 [370/537] loss=0.0766 mask=0.0655 iou=0.0112
  Epoch 39 [380/537] loss=0.0766 mask=0.0653 iou=0.0113
  Epoch 39 [390/537] loss=0.0759 mask=0.0648 iou=0.0111
  Epoch 39 [400/537] loss=0.0756 mask=0.0646 iou=0.0110
  Epoch 39 [410/537] loss=0.0753 mask=0.0644 iou=0.0109
  Epoch 39 [420/537] loss=0.0745 mask=0.0638 iou=0.0107
  Epoch 39 [430/537] loss=0.0742 mask=0.0636 iou=0.0106
  Epoch 39 [440/537] loss=0.0742 mask=0.0637 iou=0.0105
  Epoch 39 [450/537] loss=0.0733 mask=0.0629 iou=0.0103
  Epoch 39 [460/537] loss=0.0747 mask=0.0638 iou=0.0109
  Epoch 39 [470/537] loss=0.0749 mask=0.0640 iou=0.0110
  Epoch 39 [480/537] loss=0.0745 mask=0.0637 iou=0.0108
  Epoch 39 [490/537] loss=0.0741 mask=0.0633 iou=0.0108
  Epoch 39 [500/537] loss=0.0735 mask=0.0629 iou=0.0106
  Epoch 39 [510/537] loss=0.0735 mask=0.0629 iou=0.0106
  Epoch 39 [520/537] loss=0.0744 mask=0.0635 iou=0.0110
  Epoch 39 [530/537] loss=0.0746 mask=0.0636 iou=0.0111
  Train: loss=0.0767 mask=0.0655 iou=0.0112 time=305.9s
  Val epoch 39: loss=0.1809

=== Phase1 Epoch 40/49 ===
  Epoch 40 [10/537] loss=0.0609 mask=0.0513 iou=0.0096
  Epoch 40 [20/537] loss=0.0531 mask=0.0471 iou=0.0059
  Epoch 40 [30/537] loss=0.0730 mask=0.0593 iou=0.0137
  Epoch 40 [40/537] loss=0.0688 mask=0.0571 iou=0.0117
  Epoch 40 [50/537] loss=0.0715 mask=0.0595 iou=0.0120
  Epoch 40 [60/537] loss=0.0702 mask=0.0583 iou=0.0119
  Epoch 40 [70/537] loss=0.0673 mask=0.0566 iou=0.0108
  Epoch 40 [80/537] loss=0.0746 mask=0.0624 iou=0.0122
  Epoch 40 [90/537] loss=0.0744 mask=0.0627 iou=0.0116
  Epoch 40 [100/537] loss=0.0775 mask=0.0648 iou=0.0127
  Epoch 40 [110/537] loss=0.0783 mask=0.0650 iou=0.0133
  Epoch 40 [120/537] loss=0.0780 mask=0.0645 iou=0.0135
  Epoch 40 [130/537] loss=0.0748 mask=0.0621 iou=0.0127
  Epoch 40 [140/537] loss=0.0750 mask=0.0623 iou=0.0127
  Epoch 40 [150/537] loss=0.0772 mask=0.0638 iou=0.0134
  Epoch 40 [160/537] loss=0.0772 mask=0.0642 iou=0.0130
  Epoch 40 [170/537] loss=0.0761 mask=0.0637 iou=0.0125
  Epoch 40 [180/537] loss=0.0761 mask=0.0636 iou=0.0125
  Epoch 40 [190/537] loss=0.0765 mask=0.0639 iou=0.0126
  Epoch 40 [200/537] loss=0.0758 mask=0.0631 iou=0.0126
  Epoch 40 [210/537] loss=0.0748 mask=0.0624 iou=0.0124
  Epoch 40 [220/537] loss=0.0754 mask=0.0629 iou=0.0125
  Epoch 40 [230/537] loss=0.0764 mask=0.0638 iou=0.0126
  Epoch 40 [240/537] loss=0.0754 mask=0.0631 iou=0.0123
  Epoch 40 [250/537] loss=0.0755 mask=0.0633 iou=0.0122
  Epoch 40 [260/537] loss=0.0749 mask=0.0630 iou=0.0119
  Epoch 40 [270/537] loss=0.0754 mask=0.0635 iou=0.0119
  Epoch 40 [280/537] loss=0.0741 mask=0.0625 iou=0.0115
  Epoch 40 [290/537] loss=0.0729 mask=0.0616 iou=0.0113
  Epoch 40 [300/537] loss=0.0719 mask=0.0609 iou=0.0110
  Epoch 40 [310/537] loss=0.0716 mask=0.0607 iou=0.0108
  Epoch 40 [320/537] loss=0.0720 mask=0.0610 iou=0.0110
  Epoch 40 [330/537] loss=0.0735 mask=0.0620 iou=0.0115
  Epoch 40 [340/537] loss=0.0737 mask=0.0621 iou=0.0116
  Epoch 40 [350/537] loss=0.0734 mask=0.0620 iou=0.0114
  Epoch 40 [360/537] loss=0.0748 mask=0.0630 iou=0.0118
  Epoch 40 [370/537] loss=0.0740 mask=0.0624 iou=0.0116
  Epoch 40 [380/537] loss=0.0737 mask=0.0622 iou=0.0115
  Epoch 40 [390/537] loss=0.0740 mask=0.0624 iou=0.0116
  Epoch 40 [400/537] loss=0.0742 mask=0.0625 iou=0.0118
  Epoch 40 [410/537] loss=0.0743 mask=0.0626 iou=0.0117
  Epoch 40 [420/537] loss=0.0736 mask=0.0620 iou=0.0115
  Epoch 40 [430/537] loss=0.0740 mask=0.0625 iou=0.0114
  Epoch 40 [440/537] loss=0.0736 mask=0.0622 iou=0.0114
  Epoch 40 [450/537] loss=0.0736 mask=0.0622 iou=0.0114
  Epoch 40 [460/537] loss=0.0738 mask=0.0625 iou=0.0114
  Epoch 40 [470/537] loss=0.0732 mask=0.0620 iou=0.0112
  Epoch 40 [480/537] loss=0.0737 mask=0.0625 iou=0.0113
  Epoch 40 [490/537] loss=0.0739 mask=0.0626 iou=0.0113
  Epoch 40 [500/537] loss=0.0739 mask=0.0626 iou=0.0112
  Epoch 40 [510/537] loss=0.0745 mask=0.0632 iou=0.0112
  Epoch 40 [520/537] loss=0.0739 mask=0.0628 iou=0.0111
  Epoch 40 [530/537] loss=0.0736 mask=0.0627 iou=0.0109
  Train: loss=0.0744 mask=0.0636 iou=0.0108 time=305.8s
  Val epoch 40: loss=0.1775

=== Phase1 Epoch 41/49 ===
  Epoch 41 [10/537] loss=0.0518 mask=0.0481 iou=0.0038
  Epoch 41 [20/537] loss=0.0557 mask=0.0477 iou=0.0081
  Epoch 41 [30/537] loss=0.0503 mask=0.0442 iou=0.0061
  Epoch 41 [40/537] loss=0.0636 mask=0.0549 iou=0.0087
  Epoch 41 [50/537] loss=0.0686 mask=0.0581 iou=0.0105
  Epoch 41 [60/537] loss=0.0751 mask=0.0635 iou=0.0116
  Epoch 41 [70/537] loss=0.0800 mask=0.0661 iou=0.0140
  Epoch 41 [80/537] loss=0.0789 mask=0.0658 iou=0.0131
  Epoch 41 [90/537] loss=0.0753 mask=0.0632 iou=0.0122
  Epoch 41 [100/537] loss=0.0730 mask=0.0618 iou=0.0112
  Epoch 41 [110/537] loss=0.0741 mask=0.0627 iou=0.0114
  Epoch 41 [120/537] loss=0.0765 mask=0.0647 iou=0.0118
  Epoch 41 [130/537] loss=0.0790 mask=0.0665 iou=0.0125
  Epoch 41 [140/537] loss=0.0759 mask=0.0641 iou=0.0119
  Epoch 41 [150/537] loss=0.0778 mask=0.0653 iou=0.0125
  Epoch 41 [160/537] loss=0.0765 mask=0.0646 iou=0.0119
  Epoch 41 [170/537] loss=0.0763 mask=0.0645 iou=0.0118
  Epoch 41 [180/537] loss=0.0760 mask=0.0642 iou=0.0117
  Epoch 41 [190/537] loss=0.0747 mask=0.0635 iou=0.0112
  Epoch 41 [200/537] loss=0.0749 mask=0.0635 iou=0.0115
  Epoch 41 [210/537] loss=0.0741 mask=0.0629 iou=0.0112
  Epoch 41 [220/537] loss=0.0752 mask=0.0637 iou=0.0115
  Epoch 41 [230/537] loss=0.0743 mask=0.0630 iou=0.0113
  Epoch 41 [240/537] loss=0.0750 mask=0.0635 iou=0.0115
  Epoch 41 [250/537] loss=0.0741 mask=0.0628 iou=0.0113
  Epoch 41 [260/537] loss=0.0742 mask=0.0629 iou=0.0113
  Epoch 41 [270/537] loss=0.0746 mask=0.0635 iou=0.0112
  Epoch 41 [280/537] loss=0.0750 mask=0.0637 iou=0.0114
  Epoch 41 [290/537] loss=0.0769 mask=0.0648 iou=0.0121
  Epoch 41 [300/537] loss=0.0768 mask=0.0647 iou=0.0121
  Epoch 41 [310/537] loss=0.0758 mask=0.0639 iou=0.0119
  Epoch 41 [320/537] loss=0.0747 mask=0.0631 iou=0.0117
  Epoch 41 [330/537] loss=0.0762 mask=0.0643 iou=0.0119
  Epoch 41 [340/537] loss=0.0758 mask=0.0640 iou=0.0118
  Epoch 41 [350/537] loss=0.0751 mask=0.0635 iou=0.0116
  Epoch 41 [360/537] loss=0.0755 mask=0.0638 iou=0.0116
  Epoch 41 [370/537] loss=0.0747 mask=0.0632 iou=0.0115
  Epoch 41 [380/537] loss=0.0740 mask=0.0628 iou=0.0112
  Epoch 41 [390/537] loss=0.0734 mask=0.0624 iou=0.0110
  Epoch 41 [400/537] loss=0.0728 mask=0.0620 iou=0.0108
  Epoch 41 [410/537] loss=0.0728 mask=0.0622 iou=0.0107
  Epoch 41 [420/537] loss=0.0724 mask=0.0619 iou=0.0106
  Epoch 41 [430/537] loss=0.0726 mask=0.0621 iou=0.0105
  Epoch 41 [440/537] loss=0.0724 mask=0.0620 iou=0.0105
  Epoch 41 [450/537] loss=0.0736 mask=0.0628 iou=0.0108
  Epoch 41 [460/537] loss=0.0731 mask=0.0624 iou=0.0107
  Epoch 41 [470/537] loss=0.0723 mask=0.0618 iou=0.0105
  Epoch 41 [480/537] loss=0.0718 mask=0.0615 iou=0.0104
  Epoch 41 [490/537] loss=0.0725 mask=0.0618 iou=0.0106
  Epoch 41 [500/537] loss=0.0724 mask=0.0618 iou=0.0107
  Epoch 41 [510/537] loss=0.0725 mask=0.0619 iou=0.0106
  Epoch 41 [520/537] loss=0.0730 mask=0.0621 iou=0.0108
  Epoch 41 [530/537] loss=0.0729 mask=0.0621 iou=0.0108
  Train: loss=0.0734 mask=0.0622 iou=0.0112 time=319.4s
  Val epoch 41: loss=0.1817

=== Phase1 Epoch 42/49 ===
  Epoch 42 [10/537] loss=0.0912 mask=0.0772 iou=0.0140
  Epoch 42 [20/537] loss=0.0769 mask=0.0664 iou=0.0105
  Epoch 42 [30/537] loss=0.0645 mask=0.0566 iou=0.0079
  Epoch 42 [40/537] loss=0.0645 mask=0.0573 iou=0.0072
  Epoch 42 [50/537] loss=0.0625 mask=0.0558 iou=0.0067
  Epoch 42 [60/537] loss=0.0593 mask=0.0533 iou=0.0060
  Epoch 42 [70/537] loss=0.0570 mask=0.0516 iou=0.0054
  Epoch 42 [80/537] loss=0.0548 mask=0.0498 iou=0.0050
  Epoch 42 [90/537] loss=0.0533 mask=0.0483 iou=0.0050
  Epoch 42 [100/537] loss=0.0594 mask=0.0524 iou=0.0070
  Epoch 42 [110/537] loss=0.0577 mask=0.0510 iou=0.0067
  Epoch 42 [120/537] loss=0.0606 mask=0.0529 iou=0.0077
  Epoch 42 [130/537] loss=0.0622 mask=0.0542 iou=0.0080
  Epoch 42 [140/537] loss=0.0632 mask=0.0549 iou=0.0083
  Epoch 42 [150/537] loss=0.0621 mask=0.0541 iou=0.0080
  Epoch 42 [160/537] loss=0.0619 mask=0.0539 iou=0.0080
  Epoch 42 [170/537] loss=0.0627 mask=0.0545 iou=0.0082
  Epoch 42 [180/537] loss=0.0632 mask=0.0550 iou=0.0082
  Epoch 42 [190/537] loss=0.0641 mask=0.0557 iou=0.0084
  Epoch 42 [200/537] loss=0.0657 mask=0.0568 iou=0.0090
  Epoch 42 [210/537] loss=0.0686 mask=0.0589 iou=0.0097
  Epoch 42 [220/537] loss=0.0673 mask=0.0579 iou=0.0094
  Epoch 42 [230/537] loss=0.0666 mask=0.0575 iou=0.0091
  Epoch 42 [240/537] loss=0.0667 mask=0.0575 iou=0.0092
  Epoch 42 [250/537] loss=0.0680 mask=0.0586 iou=0.0094
  Epoch 42 [260/537] loss=0.0679 mask=0.0587 iou=0.0092
  Epoch 42 [270/537] loss=0.0675 mask=0.0584 iou=0.0091
  Epoch 42 [280/537] loss=0.0675 mask=0.0583 iou=0.0092
  Epoch 42 [290/537] loss=0.0669 mask=0.0578 iou=0.0091
  Epoch 42 [300/537] loss=0.0678 mask=0.0584 iou=0.0093
  Epoch 42 [310/537] loss=0.0684 mask=0.0588 iou=0.0096
  Epoch 42 [320/537] loss=0.0688 mask=0.0592 iou=0.0096
  Epoch 42 [330/537] loss=0.0691 mask=0.0594 iou=0.0098
  Epoch 42 [340/537] loss=0.0714 mask=0.0609 iou=0.0105
  Epoch 42 [350/537] loss=0.0723 mask=0.0615 iou=0.0108
  Epoch 42 [360/537] loss=0.0721 mask=0.0614 iou=0.0107
  Epoch 42 [370/537] loss=0.0716 mask=0.0610 iou=0.0106
  Epoch 42 [380/537] loss=0.0718 mask=0.0612 iou=0.0106
  Epoch 42 [390/537] loss=0.0719 mask=0.0614 iou=0.0105
  Epoch 42 [400/537] loss=0.0720 mask=0.0616 iou=0.0105
  Epoch 42 [410/537] loss=0.0729 mask=0.0621 iou=0.0108
  Epoch 42 [420/537] loss=0.0721 mask=0.0615 iou=0.0106
  Epoch 42 [430/537] loss=0.0722 mask=0.0616 iou=0.0106
  Epoch 42 [440/537] loss=0.0715 mask=0.0611 iou=0.0104
  Epoch 42 [450/537] loss=0.0715 mask=0.0611 iou=0.0104
  Epoch 42 [460/537] loss=0.0712 mask=0.0610 iou=0.0103
  Epoch 42 [470/537] loss=0.0712 mask=0.0610 iou=0.0102
  Epoch 42 [480/537] loss=0.0707 mask=0.0606 iou=0.0101
  Epoch 42 [490/537] loss=0.0706 mask=0.0606 iou=0.0100
  Epoch 42 [500/537] loss=0.0717 mask=0.0614 iou=0.0103
  Epoch 42 [510/537] loss=0.0715 mask=0.0612 iou=0.0103
  Epoch 42 [520/537] loss=0.0713 mask=0.0612 iou=0.0101
  Epoch 42 [530/537] loss=0.0713 mask=0.0613 iou=0.0101
  Train: loss=0.0729 mask=0.0623 iou=0.0106 time=319.3s
  Val epoch 42: loss=0.1801

=== Phase1 Epoch 43/49 ===
  Epoch 43 [10/537] loss=0.0597 mask=0.0525 iou=0.0072
  Epoch 43 [20/537] loss=0.0750 mask=0.0659 iou=0.0091
  Epoch 43 [30/537] loss=0.0636 mask=0.0565 iou=0.0071
  Epoch 43 [40/537] loss=0.0648 mask=0.0572 iou=0.0075
  Epoch 43 [50/537] loss=0.0707 mask=0.0609 iou=0.0098
  Epoch 43 [60/537] loss=0.0680 mask=0.0593 iou=0.0087
  Epoch 43 [70/537] loss=0.0672 mask=0.0590 iou=0.0082
  Epoch 43 [80/537] loss=0.0640 mask=0.0563 iou=0.0077
  Epoch 43 [90/537] loss=0.0681 mask=0.0589 iou=0.0091
  Epoch 43 [100/537] loss=0.0717 mask=0.0614 iou=0.0103
  Epoch 43 [110/537] loss=0.0720 mask=0.0622 iou=0.0098
  Epoch 43 [120/537] loss=0.0742 mask=0.0638 iou=0.0104
  Epoch 43 [130/537] loss=0.0737 mask=0.0634 iou=0.0103
  Epoch 43 [140/537] loss=0.0739 mask=0.0636 iou=0.0103
  Epoch 43 [150/537] loss=0.0719 mask=0.0620 iou=0.0099
  Epoch 43 [160/537] loss=0.0713 mask=0.0613 iou=0.0100
  Epoch 43 [170/537] loss=0.0714 mask=0.0614 iou=0.0099
  Epoch 43 [180/537] loss=0.0709 mask=0.0613 iou=0.0096
  Epoch 43 [190/537] loss=0.0700 mask=0.0606 iou=0.0094
  Epoch 43 [200/537] loss=0.0692 mask=0.0600 iou=0.0092
  Epoch 43 [210/537] loss=0.0683 mask=0.0594 iou=0.0090
  Epoch 43 [220/537] loss=0.0677 mask=0.0589 iou=0.0088
  Epoch 43 [230/537] loss=0.0679 mask=0.0590 iou=0.0089
  Epoch 43 [240/537] loss=0.0682 mask=0.0593 iou=0.0089
  Epoch 43 [250/537] loss=0.0686 mask=0.0596 iou=0.0090
  Epoch 43 [260/537] loss=0.0673 mask=0.0586 iou=0.0087
  Epoch 43 [270/537] loss=0.0672 mask=0.0585 iou=0.0087
  Epoch 43 [280/537] loss=0.0682 mask=0.0591 iou=0.0091
  Epoch 43 [290/537] loss=0.0682 mask=0.0593 iou=0.0089
  Epoch 43 [300/537] loss=0.0688 mask=0.0596 iou=0.0092
  Epoch 43 [310/537] loss=0.0696 mask=0.0603 iou=0.0093
  Epoch 43 [320/537] loss=0.0697 mask=0.0604 iou=0.0094
  Epoch 43 [330/537] loss=0.0691 mask=0.0599 iou=0.0092
  Epoch 43 [340/537] loss=0.0686 mask=0.0596 iou=0.0091
  Epoch 43 [350/537] loss=0.0690 mask=0.0598 iou=0.0092
  Epoch 43 [360/537] loss=0.0691 mask=0.0598 iou=0.0093
  Epoch 43 [370/537] loss=0.0705 mask=0.0606 iou=0.0099
  Epoch 43 [380/537] loss=0.0708 mask=0.0608 iou=0.0100
  Epoch 43 [390/537] loss=0.0714 mask=0.0613 iou=0.0101
  Epoch 43 [400/537] loss=0.0719 mask=0.0616 iou=0.0103
  Epoch 43 [410/537] loss=0.0717 mask=0.0614 iou=0.0103
  Epoch 43 [420/537] loss=0.0718 mask=0.0615 iou=0.0103
  Epoch 43 [430/537] loss=0.0720 mask=0.0616 iou=0.0104
  Epoch 43 [440/537] loss=0.0718 mask=0.0616 iou=0.0102
  Epoch 43 [450/537] loss=0.0714 mask=0.0613 iou=0.0102
  Epoch 43 [460/537] loss=0.0719 mask=0.0616 iou=0.0104
  Epoch 43 [470/537] loss=0.0717 mask=0.0613 iou=0.0104
  Epoch 43 [480/537] loss=0.0719 mask=0.0614 iou=0.0105
  Epoch 43 [490/537] loss=0.0714 mask=0.0610 iou=0.0104
  Epoch 43 [500/537] loss=0.0721 mask=0.0615 iou=0.0106
  Epoch 43 [510/537] loss=0.0723 mask=0.0618 iou=0.0105
  Epoch 43 [520/537] loss=0.0724 mask=0.0619 iou=0.0105
  Epoch 43 [530/537] loss=0.0721 mask=0.0617 iou=0.0104
  Train: loss=0.0729 mask=0.0619 iou=0.0110 time=307.7s
  Val epoch 43: loss=0.1793

=== Phase1 Epoch 44/49 ===
  Epoch 44 [10/537] loss=0.0883 mask=0.0767 iou=0.0116
  Epoch 44 [20/537] loss=0.0764 mask=0.0661 iou=0.0103
  Epoch 44 [30/537] loss=0.0730 mask=0.0626 iou=0.0104
  Epoch 44 [40/537] loss=0.0722 mask=0.0628 iou=0.0094
  Epoch 44 [50/537] loss=0.0753 mask=0.0660 iou=0.0093
  Epoch 44 [60/537] loss=0.0724 mask=0.0631 iou=0.0093
  Epoch 44 [70/537] loss=0.0737 mask=0.0637 iou=0.0100
  Epoch 44 [80/537] loss=0.0765 mask=0.0655 iou=0.0110
  Epoch 44 [90/537] loss=0.0775 mask=0.0664 iou=0.0111
  Epoch 44 [100/537] loss=0.0760 mask=0.0656 iou=0.0105
  Epoch 44 [110/537] loss=0.0824 mask=0.0700 iou=0.0125
  Epoch 44 [120/537] loss=0.0802 mask=0.0682 iou=0.0120
  Epoch 44 [130/537] loss=0.0778 mask=0.0666 iou=0.0112
  Epoch 44 [140/537] loss=0.0770 mask=0.0657 iou=0.0113
  Epoch 44 [150/537] loss=0.0752 mask=0.0644 iou=0.0109
  Epoch 44 [160/537] loss=0.0737 mask=0.0632 iou=0.0105
  Epoch 44 [170/537] loss=0.0732 mask=0.0629 iou=0.0103
  Epoch 44 [180/537] loss=0.0739 mask=0.0636 iou=0.0102
  Epoch 44 [190/537] loss=0.0722 mask=0.0624 iou=0.0098
  Epoch 44 [200/537] loss=0.0716 mask=0.0621 iou=0.0095
  Epoch 44 [210/537] loss=0.0704 mask=0.0612 iou=0.0092
  Epoch 44 [220/537] loss=0.0706 mask=0.0613 iou=0.0094
  Epoch 44 [230/537] loss=0.0694 mask=0.0603 iou=0.0092
  Epoch 44 [240/537] loss=0.0691 mask=0.0599 iou=0.0092
  Epoch 44 [250/537] loss=0.0684 mask=0.0594 iou=0.0089
  Epoch 44 [260/537] loss=0.0683 mask=0.0593 iou=0.0090
  Epoch 44 [270/537] loss=0.0685 mask=0.0595 iou=0.0090
  Epoch 44 [280/537] loss=0.0687 mask=0.0595 iou=0.0091
  Epoch 44 [290/537] loss=0.0680 mask=0.0590 iou=0.0089
  Epoch 44 [300/537] loss=0.0678 mask=0.0589 iou=0.0089
  Epoch 44 [310/537] loss=0.0675 mask=0.0587 iou=0.0088
  Epoch 44 [320/537] loss=0.0673 mask=0.0587 iou=0.0086
  Epoch 44 [330/537] loss=0.0675 mask=0.0588 iou=0.0087
  Epoch 44 [340/537] loss=0.0675 mask=0.0587 iou=0.0088
  Epoch 44 [350/537] loss=0.0689 mask=0.0598 iou=0.0091
  Epoch 44 [360/537] loss=0.0692 mask=0.0599 iou=0.0093
  Epoch 44 [370/537] loss=0.0682 mask=0.0591 iou=0.0091
  Epoch 44 [380/537] loss=0.0698 mask=0.0603 iou=0.0094
  Epoch 44 [390/537] loss=0.0702 mask=0.0607 iou=0.0095
  Epoch 44 [400/537] loss=0.0712 mask=0.0614 iou=0.0098
  Epoch 44 [410/537] loss=0.0704 mask=0.0608 iou=0.0096
  Epoch 44 [420/537] loss=0.0704 mask=0.0608 iou=0.0096
  Epoch 44 [430/537] loss=0.0708 mask=0.0611 iou=0.0097
  Epoch 44 [440/537] loss=0.0703 mask=0.0608 iou=0.0096
  Epoch 44 [450/537] loss=0.0710 mask=0.0613 iou=0.0097
  Epoch 44 [460/537] loss=0.0709 mask=0.0612 iou=0.0097
  Epoch 44 [470/537] loss=0.0714 mask=0.0615 iou=0.0099
  Epoch 44 [480/537] loss=0.0713 mask=0.0614 iou=0.0099
  Epoch 44 [490/537] loss=0.0717 mask=0.0616 iou=0.0100
  Epoch 44 [500/537] loss=0.0719 mask=0.0618 iou=0.0102
  Epoch 44 [510/537] loss=0.0717 mask=0.0617 iou=0.0101
  Epoch 44 [520/537] loss=0.0725 mask=0.0621 iou=0.0104
  Epoch 44 [530/537] loss=0.0717 mask=0.0615 iou=0.0103
  Train: loss=0.0740 mask=0.0628 iou=0.0111 time=306.6s
  Val epoch 44: loss=0.1810

=== Phase1 Epoch 45/49 ===
  Epoch 45 [10/537] loss=0.0764 mask=0.0619 iou=0.0144
  Epoch 45 [20/537] loss=0.0676 mask=0.0587 iou=0.0089
  Epoch 45 [30/537] loss=0.0740 mask=0.0628 iou=0.0111
  Epoch 45 [40/537] loss=0.0751 mask=0.0635 iou=0.0116
  Epoch 45 [50/537] loss=0.0760 mask=0.0657 iou=0.0104
  Epoch 45 [60/537] loss=0.0751 mask=0.0654 iou=0.0097
  Epoch 45 [70/537] loss=0.0795 mask=0.0683 iou=0.0112
  Epoch 45 [80/537] loss=0.0768 mask=0.0661 iou=0.0107
  Epoch 45 [90/537] loss=0.0780 mask=0.0667 iou=0.0113
  Epoch 45 [100/537] loss=0.0818 mask=0.0693 iou=0.0125
  Epoch 45 [110/537] loss=0.0817 mask=0.0690 iou=0.0128
  Epoch 45 [120/537] loss=0.0786 mask=0.0666 iou=0.0121
  Epoch 45 [130/537] loss=0.0789 mask=0.0665 iou=0.0123
  Epoch 45 [140/537] loss=0.0756 mask=0.0640 iou=0.0116
  Epoch 45 [150/537] loss=0.0771 mask=0.0658 iou=0.0113
  Epoch 45 [160/537] loss=0.0778 mask=0.0665 iou=0.0113
  Epoch 45 [170/537] loss=0.0772 mask=0.0662 iou=0.0110
  Epoch 45 [180/537] loss=0.0764 mask=0.0655 iou=0.0109
  Epoch 45 [190/537] loss=0.0756 mask=0.0649 iou=0.0106
  Epoch 45 [200/537] loss=0.0748 mask=0.0644 iou=0.0103
  Epoch 45 [210/537] loss=0.0743 mask=0.0642 iou=0.0100
  Epoch 45 [220/537] loss=0.0739 mask=0.0637 iou=0.0102
  Epoch 45 [230/537] loss=0.0721 mask=0.0623 iou=0.0098
  Epoch 45 [240/537] loss=0.0721 mask=0.0623 iou=0.0098
  Epoch 45 [250/537] loss=0.0714 mask=0.0618 iou=0.0096
  Epoch 45 [260/537] loss=0.0720 mask=0.0625 iou=0.0095
  Epoch 45 [270/537] loss=0.0717 mask=0.0622 iou=0.0094
  Epoch 45 [280/537] loss=0.0716 mask=0.0621 iou=0.0096
  Epoch 45 [290/537] loss=0.0713 mask=0.0617 iou=0.0096
  Epoch 45 [300/537] loss=0.0705 mask=0.0612 iou=0.0094
  Epoch 45 [310/537] loss=0.0701 mask=0.0607 iou=0.0094
  Epoch 45 [320/537] loss=0.0700 mask=0.0606 iou=0.0095
  Epoch 45 [330/537] loss=0.0695 mask=0.0601 iou=0.0094
  Epoch 45 [340/537] loss=0.0693 mask=0.0600 iou=0.0094
  Epoch 45 [350/537] loss=0.0703 mask=0.0606 iou=0.0098
  Epoch 45 [360/537] loss=0.0697 mask=0.0601 iou=0.0096
  Epoch 45 [370/537] loss=0.0696 mask=0.0601 iou=0.0096
  Epoch 45 [380/537] loss=0.0693 mask=0.0598 iou=0.0094
  Epoch 45 [390/537] loss=0.0686 mask=0.0593 iou=0.0092
  Epoch 45 [400/537] loss=0.0680 mask=0.0589 iou=0.0091
  Epoch 45 [410/537] loss=0.0686 mask=0.0594 iou=0.0093
  Epoch 45 [420/537] loss=0.0688 mask=0.0595 iou=0.0093
  Epoch 45 [430/537] loss=0.0690 mask=0.0596 iou=0.0093
  Epoch 45 [440/537] loss=0.0688 mask=0.0595 iou=0.0093
  Epoch 45 [450/537] loss=0.0688 mask=0.0594 iou=0.0094
  Epoch 45 [460/537] loss=0.0691 mask=0.0596 iou=0.0095
  Epoch 45 [470/537] loss=0.0699 mask=0.0601 iou=0.0098
  Epoch 45 [480/537] loss=0.0701 mask=0.0602 iou=0.0099
  Epoch 45 [490/537] loss=0.0701 mask=0.0603 iou=0.0098
  Epoch 45 [500/537] loss=0.0701 mask=0.0603 iou=0.0097
  Epoch 45 [510/537] loss=0.0704 mask=0.0607 iou=0.0098
  Epoch 45 [520/537] loss=0.0709 mask=0.0609 iou=0.0100
  Epoch 45 [530/537] loss=0.0713 mask=0.0611 iou=0.0102
  Train: loss=0.0729 mask=0.0627 iou=0.0102 time=308.9s
  Val epoch 45: loss=0.1820

=== Phase1 Epoch 46/49 ===
  Epoch 46 [10/537] loss=0.1055 mask=0.0822 iou=0.0233
  Epoch 46 [20/537] loss=0.0878 mask=0.0736 iou=0.0143
  Epoch 46 [30/537] loss=0.0778 mask=0.0658 iou=0.0120
  Epoch 46 [40/537] loss=0.0739 mask=0.0624 iou=0.0115
  Epoch 46 [50/537] loss=0.0738 mask=0.0624 iou=0.0114
  Epoch 46 [60/537] loss=0.0854 mask=0.0701 iou=0.0153
  Epoch 46 [70/537] loss=0.0825 mask=0.0688 iou=0.0138
  Epoch 46 [80/537] loss=0.0780 mask=0.0655 iou=0.0125
  Epoch 46 [90/537] loss=0.0777 mask=0.0648 iou=0.0128
  Epoch 46 [100/537] loss=0.0760 mask=0.0641 iou=0.0119
  Epoch 46 [110/537] loss=0.0813 mask=0.0675 iou=0.0137
  Epoch 46 [120/537] loss=0.0803 mask=0.0668 iou=0.0135
  Epoch 46 [130/537] loss=0.0781 mask=0.0655 iou=0.0126
  Epoch 46 [140/537] loss=0.0754 mask=0.0635 iou=0.0119
  Epoch 46 [150/537] loss=0.0737 mask=0.0624 iou=0.0112
  Epoch 46 [160/537] loss=0.0741 mask=0.0629 iou=0.0112
  Epoch 46 [170/537] loss=0.0736 mask=0.0626 iou=0.0110
  Epoch 46 [180/537] loss=0.0732 mask=0.0622 iou=0.0110
  Epoch 46 [190/537] loss=0.0732 mask=0.0622 iou=0.0110
  Epoch 46 [200/537] loss=0.0727 mask=0.0618 iou=0.0109
  Epoch 46 [210/537] loss=0.0716 mask=0.0611 iou=0.0105
  Epoch 46 [220/537] loss=0.0718 mask=0.0612 iou=0.0106
  Epoch 46 [230/537] loss=0.0718 mask=0.0614 iou=0.0105
  Epoch 46 [240/537] loss=0.0717 mask=0.0611 iou=0.0106
  Epoch 46 [250/537] loss=0.0712 mask=0.0609 iou=0.0103
  Epoch 46 [260/537] loss=0.0708 mask=0.0604 iou=0.0104
  Epoch 46 [270/537] loss=0.0711 mask=0.0609 iou=0.0102
  Epoch 46 [280/537] loss=0.0711 mask=0.0611 iou=0.0101
  Epoch 46 [290/537] loss=0.0720 mask=0.0615 iou=0.0104
  Epoch 46 [300/537] loss=0.0717 mask=0.0613 iou=0.0105
  Epoch 46 [310/537] loss=0.0707 mask=0.0605 iou=0.0102
  Epoch 46 [320/537] loss=0.0706 mask=0.0603 iou=0.0102
  Epoch 46 [330/537] loss=0.0708 mask=0.0605 iou=0.0103
  Epoch 46 [340/537] loss=0.0706 mask=0.0604 iou=0.0102
  Epoch 46 [350/537] loss=0.0706 mask=0.0603 iou=0.0103
  Epoch 46 [360/537] loss=0.0710 mask=0.0604 iou=0.0105
  Epoch 46 [370/537] loss=0.0706 mask=0.0602 iou=0.0104
  Epoch 46 [380/537] loss=0.0712 mask=0.0607 iou=0.0105
  Epoch 46 [390/537] loss=0.0708 mask=0.0605 iou=0.0103
  Epoch 46 [400/537] loss=0.0712 mask=0.0607 iou=0.0105
  Epoch 46 [410/537] loss=0.0718 mask=0.0610 iou=0.0108
  Epoch 46 [420/537] loss=0.0717 mask=0.0610 iou=0.0107
  Epoch 46 [430/537] loss=0.0721 mask=0.0613 iou=0.0108
  Epoch 46 [440/537] loss=0.0722 mask=0.0615 iou=0.0107
  Epoch 46 [450/537] loss=0.0719 mask=0.0613 iou=0.0106
  Epoch 46 [460/537] loss=0.0714 mask=0.0610 iou=0.0104
  Epoch 46 [470/537] loss=0.0710 mask=0.0608 iou=0.0103
  Epoch 46 [480/537] loss=0.0706 mask=0.0604 iou=0.0101
  Epoch 46 [490/537] loss=0.0710 mask=0.0609 iou=0.0101
  Epoch 46 [500/537] loss=0.0705 mask=0.0605 iou=0.0100
  Epoch 46 [510/537] loss=0.0699 mask=0.0601 iou=0.0099
  Epoch 46 [520/537] loss=0.0698 mask=0.0600 iou=0.0098
  Epoch 46 [530/537] loss=0.0710 mask=0.0609 iou=0.0100
  Train: loss=0.0719 mask=0.0619 iou=0.0100 time=312.8s
  Val epoch 46: loss=0.1829

=== Phase1 Epoch 47/49 ===
  Epoch 47 [10/537] loss=0.1152 mask=0.0919 iou=0.0233
  Epoch 47 [20/537] loss=0.0804 mask=0.0666 iou=0.0137
  Epoch 47 [30/537] loss=0.0942 mask=0.0765 iou=0.0176
  Epoch 47 [40/537] loss=0.0891 mask=0.0742 iou=0.0149
  Epoch 47 [50/537] loss=0.0913 mask=0.0759 iou=0.0153
  Epoch 47 [60/537] loss=0.0830 mask=0.0697 iou=0.0133
  Epoch 47 [70/537] loss=0.0777 mask=0.0659 iou=0.0118
  Epoch 47 [80/537] loss=0.0753 mask=0.0648 iou=0.0105
  Epoch 47 [90/537] loss=0.0783 mask=0.0670 iou=0.0113
  Epoch 47 [100/537] loss=0.0764 mask=0.0653 iou=0.0111
  Epoch 47 [110/537] loss=0.0735 mask=0.0631 iou=0.0104
  Epoch 47 [120/537] loss=0.0782 mask=0.0660 iou=0.0122
  Epoch 47 [130/537] loss=0.0758 mask=0.0643 iou=0.0115
  Epoch 47 [140/537] loss=0.0752 mask=0.0640 iou=0.0112
  Epoch 47 [150/537] loss=0.0743 mask=0.0635 iou=0.0107
  Epoch 47 [160/537] loss=0.0725 mask=0.0622 iou=0.0104
  Epoch 47 [170/537] loss=0.0712 mask=0.0614 iou=0.0099
  Epoch 47 [180/537] loss=0.0691 mask=0.0597 iou=0.0094
  Epoch 47 [190/537] loss=0.0691 mask=0.0596 iou=0.0095
  Epoch 47 [200/537] loss=0.0695 mask=0.0600 iou=0.0095
  Epoch 47 [210/537] loss=0.0682 mask=0.0591 iou=0.0092
  Epoch 47 [220/537] loss=0.0673 mask=0.0583 iou=0.0089
  Epoch 47 [230/537] loss=0.0666 mask=0.0579 iou=0.0087
  Epoch 47 [240/537] loss=0.0672 mask=0.0583 iou=0.0089
  Epoch 47 [250/537] loss=0.0675 mask=0.0587 iou=0.0088
  Epoch 47 [260/537] loss=0.0675 mask=0.0588 iou=0.0087
  Epoch 47 [270/537] loss=0.0673 mask=0.0587 iou=0.0086
  Epoch 47 [280/537] loss=0.0674 mask=0.0588 iou=0.0087
  Epoch 47 [290/537] loss=0.0678 mask=0.0592 iou=0.0086
  Epoch 47 [300/537] loss=0.0678 mask=0.0590 iou=0.0087
  Epoch 47 [310/537] loss=0.0670 mask=0.0584 iou=0.0086
  Epoch 47 [320/537] loss=0.0683 mask=0.0592 iou=0.0091
  Epoch 47 [330/537] loss=0.0684 mask=0.0593 iou=0.0091
  Epoch 47 [340/537] loss=0.0677 mask=0.0588 iou=0.0089
  Epoch 47 [350/537] loss=0.0670 mask=0.0583 iou=0.0087
  Epoch 47 [360/537] loss=0.0671 mask=0.0584 iou=0.0087
  Epoch 47 [370/537] loss=0.0676 mask=0.0588 iou=0.0089
  Epoch 47 [380/537] loss=0.0674 mask=0.0586 iou=0.0088
  Epoch 47 [390/537] loss=0.0679 mask=0.0591 iou=0.0088
  Epoch 47 [400/537] loss=0.0677 mask=0.0590 iou=0.0087
  Epoch 47 [410/537] loss=0.0680 mask=0.0591 iou=0.0089
  Epoch 47 [420/537] loss=0.0689 mask=0.0596 iou=0.0093
  Epoch 47 [430/537] loss=0.0689 mask=0.0595 iou=0.0094
  Epoch 47 [440/537] loss=0.0697 mask=0.0599 iou=0.0098
  Epoch 47 [450/537] loss=0.0699 mask=0.0600 iou=0.0099
  Epoch 47 [460/537] loss=0.0711 mask=0.0610 iou=0.0100
  Epoch 47 [470/537] loss=0.0711 mask=0.0611 iou=0.0101
  Epoch 47 [480/537] loss=0.0717 mask=0.0615 iou=0.0103
  Epoch 47 [490/537] loss=0.0715 mask=0.0614 iou=0.0101
  Epoch 47 [500/537] loss=0.0715 mask=0.0614 iou=0.0102
  Epoch 47 [510/537] loss=0.0708 mask=0.0608 iou=0.0100
  Epoch 47 [520/537] loss=0.0704 mask=0.0605 iou=0.0099
  Epoch 47 [530/537] loss=0.0701 mask=0.0602 iou=0.0099
  Train: loss=0.0713 mask=0.0613 iou=0.0100 time=314.3s
  Val epoch 47: loss=0.1814

=== Phase1 Epoch 48/49 ===
  Epoch 48 [10/537] loss=0.0448 mask=0.0426 iou=0.0023
  Epoch 48 [20/537] loss=0.0875 mask=0.0764 iou=0.0111
  Epoch 48 [30/537] loss=0.0732 mask=0.0650 iou=0.0082
  Epoch 48 [40/537] loss=0.0646 mask=0.0579 iou=0.0067
  Epoch 48 [50/537] loss=0.0693 mask=0.0612 iou=0.0081
  Epoch 48 [60/537] loss=0.0673 mask=0.0598 iou=0.0075
  Epoch 48 [70/537] loss=0.0670 mask=0.0590 iou=0.0080
  Epoch 48 [80/537] loss=0.0695 mask=0.0608 iou=0.0087
  Epoch 48 [90/537] loss=0.0702 mask=0.0607 iou=0.0095
  Epoch 48 [100/537] loss=0.0684 mask=0.0597 iou=0.0087
  Epoch 48 [110/537] loss=0.0684 mask=0.0600 iou=0.0085
  Epoch 48 [120/537] loss=0.0687 mask=0.0602 iou=0.0085
  Epoch 48 [130/537] loss=0.0689 mask=0.0602 iou=0.0086
  Epoch 48 [140/537] loss=0.0706 mask=0.0612 iou=0.0094
  Epoch 48 [150/537] loss=0.0715 mask=0.0619 iou=0.0097
  Epoch 48 [160/537] loss=0.0730 mask=0.0633 iou=0.0097
  Epoch 48 [170/537] loss=0.0728 mask=0.0633 iou=0.0095
  Epoch 48 [180/537] loss=0.0737 mask=0.0639 iou=0.0098
  Epoch 48 [190/537] loss=0.0722 mask=0.0627 iou=0.0095
  Epoch 48 [200/537] loss=0.0721 mask=0.0626 iou=0.0094
  Epoch 48 [210/537] loss=0.0736 mask=0.0636 iou=0.0100
  Epoch 48 [220/537] loss=0.0722 mask=0.0626 iou=0.0096
  Epoch 48 [230/537] loss=0.0720 mask=0.0625 iou=0.0095
  Epoch 48 [240/537] loss=0.0713 mask=0.0620 iou=0.0093
  Epoch 48 [250/537] loss=0.0704 mask=0.0613 iou=0.0091
  Epoch 48 [260/537] loss=0.0692 mask=0.0604 iou=0.0089
  Epoch 48 [270/537] loss=0.0694 mask=0.0603 iou=0.0091
  Epoch 48 [280/537] loss=0.0694 mask=0.0603 iou=0.0091
  Epoch 48 [290/537] loss=0.0686 mask=0.0597 iou=0.0089
  Epoch 48 [300/537] loss=0.0695 mask=0.0605 iou=0.0090
  Epoch 48 [310/537] loss=0.0694 mask=0.0603 iou=0.0091
  Epoch 48 [320/537] loss=0.0693 mask=0.0603 iou=0.0090
  Epoch 48 [330/537] loss=0.0715 mask=0.0618 iou=0.0096
  Epoch 48 [340/537] loss=0.0714 mask=0.0616 iou=0.0098
  Epoch 48 [350/537] loss=0.0715 mask=0.0615 iou=0.0100
  Epoch 48 [360/537] loss=0.0713 mask=0.0613 iou=0.0101
  Epoch 48 [370/537] loss=0.0710 mask=0.0611 iou=0.0099
  Epoch 48 [380/537] loss=0.0710 mask=0.0610 iou=0.0100
  Epoch 48 [390/537] loss=0.0714 mask=0.0613 iou=0.0101
  Epoch 48 [400/537] loss=0.0722 mask=0.0618 iou=0.0103
  Epoch 48 [410/537] loss=0.0717 mask=0.0615 iou=0.0102
  Epoch 48 [420/537] loss=0.0716 mask=0.0616 iou=0.0100
  Epoch 48 [430/537] loss=0.0711 mask=0.0612 iou=0.0099
  Epoch 48 [440/537] loss=0.0712 mask=0.0612 iou=0.0100
  Epoch 48 [450/537] loss=0.0716 mask=0.0615 iou=0.0102
  Epoch 48 [460/537] loss=0.0719 mask=0.0617 iou=0.0103
  Epoch 48 [470/537] loss=0.0714 mask=0.0613 iou=0.0101
  Epoch 48 [480/537] loss=0.0713 mask=0.0612 iou=0.0100
  Epoch 48 [490/537] loss=0.0706 mask=0.0608 iou=0.0099
  Epoch 48 [500/537] loss=0.0706 mask=0.0607 iou=0.0099
  Epoch 48 [510/537] loss=0.0700 mask=0.0602 iou=0.0098
  Epoch 48 [520/537] loss=0.0699 mask=0.0601 iou=0.0098
  Epoch 48 [530/537] loss=0.0707 mask=0.0607 iou=0.0100
  Train: loss=0.0714 mask=0.0615 iou=0.0099 time=303.1s
  Val epoch 48: loss=0.1836

=== Phase1 Epoch 49/49 ===
  Epoch 49 [10/537] loss=0.0350 mask=0.0331 iou=0.0018
  Epoch 49 [20/537] loss=0.0691 mask=0.0597 iou=0.0094
  Epoch 49 [30/537] loss=0.0778 mask=0.0653 iou=0.0125
  Epoch 49 [40/537] loss=0.0749 mask=0.0640 iou=0.0109
  Epoch 49 [50/537] loss=0.0786 mask=0.0658 iou=0.0128
  Epoch 49 [60/537] loss=0.0826 mask=0.0683 iou=0.0142
  Epoch 49 [70/537] loss=0.0848 mask=0.0699 iou=0.0149
  Epoch 49 [80/537] loss=0.0834 mask=0.0685 iou=0.0149
  Epoch 49 [90/537] loss=0.0792 mask=0.0656 iou=0.0136
  Epoch 49 [100/537] loss=0.0757 mask=0.0632 iou=0.0125
  Epoch 49 [110/537] loss=0.0758 mask=0.0636 iou=0.0122
  Epoch 49 [120/537] loss=0.0773 mask=0.0651 iou=0.0122
  Epoch 49 [130/537] loss=0.0755 mask=0.0640 iou=0.0115
  Epoch 49 [140/537] loss=0.0754 mask=0.0640 iou=0.0114
  Epoch 49 [150/537] loss=0.0749 mask=0.0637 iou=0.0112
  Epoch 49 [160/537] loss=0.0737 mask=0.0628 iou=0.0108
  Epoch 49 [170/537] loss=0.0726 mask=0.0622 iou=0.0104
  Epoch 49 [180/537] loss=0.0718 mask=0.0618 iou=0.0100
  Epoch 49 [190/537] loss=0.0728 mask=0.0624 iou=0.0104
  Epoch 49 [200/537] loss=0.0731 mask=0.0627 iou=0.0105
  Epoch 49 [210/537] loss=0.0746 mask=0.0638 iou=0.0108
  Epoch 49 [220/537] loss=0.0730 mask=0.0625 iou=0.0105
  Epoch 49 [230/537] loss=0.0729 mask=0.0624 iou=0.0105
  Epoch 49 [240/537] loss=0.0717 mask=0.0616 iou=0.0102
  Epoch 49 [250/537] loss=0.0719 mask=0.0617 iou=0.0102
  Epoch 49 [260/537] loss=0.0710 mask=0.0612 iou=0.0098
  Epoch 49 [270/537] loss=0.0725 mask=0.0621 iou=0.0103
  Epoch 49 [280/537] loss=0.0733 mask=0.0629 iou=0.0104
  Epoch 49 [290/537] loss=0.0722 mask=0.0620 iou=0.0102
  Epoch 49 [300/537] loss=0.0729 mask=0.0624 iou=0.0105
  Epoch 49 [310/537] loss=0.0722 mask=0.0619 iou=0.0103
  Epoch 49 [320/537] loss=0.0725 mask=0.0624 iou=0.0102
  Epoch 49 [330/537] loss=0.0724 mask=0.0623 iou=0.0101
  Epoch 49 [340/537] loss=0.0715 mask=0.0616 iou=0.0099
  Epoch 49 [350/537] loss=0.0716 mask=0.0616 iou=0.0100
  Epoch 49 [360/537] loss=0.0713 mask=0.0614 iou=0.0099
  Epoch 49 [370/537] loss=0.0706 mask=0.0609 iou=0.0097
  Epoch 49 [380/537] loss=0.0713 mask=0.0614 iou=0.0099
  Epoch 49 [390/537] loss=0.0706 mask=0.0609 iou=0.0097
  Epoch 49 [400/537] loss=0.0701 mask=0.0606 iou=0.0095
  Epoch 49 [410/537] loss=0.0694 mask=0.0601 iou=0.0093
  Epoch 49 [420/537] loss=0.0687 mask=0.0595 iou=0.0092
  Epoch 49 [430/537] loss=0.0688 mask=0.0596 iou=0.0092
  Epoch 49 [440/537] loss=0.0687 mask=0.0595 iou=0.0092
  Epoch 49 [450/537] loss=0.0681 mask=0.0590 iou=0.0091
  Epoch 49 [460/537] loss=0.0682 mask=0.0589 iou=0.0092
  Epoch 49 [470/537] loss=0.0685 mask=0.0590 iou=0.0094
  Epoch 49 [480/537] loss=0.0684 mask=0.0590 iou=0.0094
  Epoch 49 [490/537] loss=0.0691 mask=0.0595 iou=0.0096
  Epoch 49 [500/537] loss=0.0688 mask=0.0594 iou=0.0095
  Epoch 49 [510/537] loss=0.0686 mask=0.0592 iou=0.0095
  Epoch 49 [520/537] loss=0.0698 mask=0.0600 iou=0.0098
  Epoch 49 [530/537] loss=0.0701 mask=0.0603 iou=0.0098
  Train: loss=0.0711 mask=0.0614 iou=0.0098 time=307.3s
  Val epoch 49: loss=0.1812

Phase 1 complete. Best val loss: 0.1671

============================================================
PHASE 2: Depth training (depth loss, only depth branch trainable)
============================================================
Loading phase 1 checkpoint: /data3/LXT/DINOv3-SAM/model_sam/nolit_data/phase1_best.pt
Initialized depth branch from SAM inner weights (depth_prediction_head random)
Phase 2: Total params: 97,379,069  Trainable: 3,643,597

=== Phase2 Epoch 0/49 ===
  Epoch 0 [10/537] loss=0.2863 mask=0.0922 depth=0.2863
  Epoch 0 [20/537] loss=0.4088 mask=0.0816 depth=0.4088
  Epoch 0 [30/537] loss=0.3882 mask=0.0679 depth=0.3882
  Epoch 0 [40/537] loss=0.3651 mask=0.0752 depth=0.3651
  Epoch 0 [50/537] loss=0.3545 mask=0.0707 depth=0.3545
  Epoch 0 [60/537] loss=0.3571 mask=0.0707 depth=0.3571
  Epoch 0 [70/537] loss=0.3790 mask=0.0757 depth=0.3790
  Epoch 0 [80/537] loss=0.3704 mask=0.0718 depth=0.3704
  Epoch 0 [90/537] loss=0.3684 mask=0.0713 depth=0.3684
  Epoch 0 [100/537] loss=0.3625 mask=0.0692 depth=0.3625
  Epoch 0 [110/537] loss=0.3685 mask=0.0691 depth=0.3685
  Epoch 0 [120/537] loss=0.3568 mask=0.0719 depth=0.3568
  Epoch 0 [130/537] loss=0.3582 mask=0.0731 depth=0.3582
  Epoch 0 [140/537] loss=0.3520 mask=0.0757 depth=0.3520
  Epoch 0 [150/537] loss=0.3469 mask=0.0776 depth=0.3469
  Epoch 0 [160/537] loss=0.3459 mask=0.0790 depth=0.3459
  Epoch 0 [170/537] loss=0.3459 mask=0.0774 depth=0.3459
  Epoch 0 [180/537] loss=0.3431 mask=0.0776 depth=0.3431
  Epoch 0 [190/537] loss=0.3387 mask=0.0774 depth=0.3387
  Epoch 0 [200/537] loss=0.3399 mask=0.0777 depth=0.3399
  Epoch 0 [210/537] loss=0.3377 mask=0.0770 depth=0.3377
  Epoch 0 [220/537] loss=0.3386 mask=0.0779 depth=0.3386
  Epoch 0 [230/537] loss=0.3351 mask=0.0774 depth=0.3351
  Epoch 0 [240/537] loss=0.3328 mask=0.0787 depth=0.3328
  Epoch 0 [250/537] loss=0.3256 mask=0.0774 depth=0.3256
  Epoch 0 [260/537] loss=0.3213 mask=0.0765 depth=0.3213
  Epoch 0 [270/537] loss=0.3219 mask=0.0760 depth=0.3219
  Epoch 0 [280/537] loss=0.3218 mask=0.0756 depth=0.3218
  Epoch 0 [290/537] loss=0.3243 mask=0.0755 depth=0.3243
  Epoch 0 [300/537] loss=0.3222 mask=0.0748 depth=0.3222
  Epoch 0 [310/537] loss=0.3200 mask=0.0754 depth=0.3200
  Epoch 0 [320/537] loss=0.3145 mask=0.0760 depth=0.3145
  Epoch 0 [330/537] loss=0.3112 mask=0.0765 depth=0.3112
  Epoch 0 [340/537] loss=0.3069 mask=0.0770 depth=0.3069
  Epoch 0 [350/537] loss=0.3043 mask=0.0757 depth=0.3043
  Epoch 0 [360/537] loss=0.3008 mask=0.0760 depth=0.3008
  Epoch 0 [370/537] loss=0.3003 mask=0.0762 depth=0.3003
  Epoch 0 [380/537] loss=0.2973 mask=0.0756 depth=0.2973
  Epoch 0 [390/537] loss=0.2969 mask=0.0761 depth=0.2969
  Epoch 0 [400/537] loss=0.2961 mask=0.0752 depth=0.2961
  Epoch 0 [410/537] loss=0.2928 mask=0.0743 depth=0.2928
  Epoch 0 [420/537] loss=0.2907 mask=0.0741 depth=0.2907
  Epoch 0 [430/537] loss=0.2894 mask=0.0734 depth=0.2894
  Epoch 0 [440/537] loss=0.2876 mask=0.0731 depth=0.2876
  Epoch 0 [450/537] loss=0.2881 mask=0.0739 depth=0.2881
  Epoch 0 [460/537] loss=0.2861 mask=0.0741 depth=0.2861
  Epoch 0 [470/537] loss=0.2838 mask=0.0742 depth=0.2838
  Epoch 0 [480/537] loss=0.2846 mask=0.0740 depth=0.2846
  Epoch 0 [490/537] loss=0.2806 mask=0.0743 depth=0.2806
  Epoch 0 [500/537] loss=0.2791 mask=0.0749 depth=0.2791
  Epoch 0 [510/537] loss=0.2792 mask=0.0746 depth=0.2792
  Epoch 0 [520/537] loss=0.2778 mask=0.0747 depth=0.2778
  Epoch 0 [530/537] loss=0.2754 mask=0.0747 depth=0.2754
  Train: loss=0.2732 mask=0.0771 depth=0.2732 time=312.5s
  Val epoch 0: loss=0.1764
  Saved best phase2 model (val_loss=0.1764)

=== Phase2 Epoch 1/49 ===
  Epoch 1 [10/537] loss=0.1480 mask=0.0530 depth=0.1480
  Epoch 1 [20/537] loss=0.1650 mask=0.0758 depth=0.1650
  Epoch 1 [30/537] loss=0.1751 mask=0.0859 depth=0.1751
  Epoch 1 [40/537] loss=0.1752 mask=0.0889 depth=0.1752
  Epoch 1 [50/537] loss=0.1809 mask=0.0860 depth=0.1809
  Epoch 1 [60/537] loss=0.1812 mask=0.0850 depth=0.1812
  Epoch 1 [70/537] loss=0.1921 mask=0.0826 depth=0.1921
  Epoch 1 [80/537] loss=0.1810 mask=0.0782 depth=0.1810
  Epoch 1 [90/537] loss=0.1832 mask=0.0760 depth=0.1832
  Epoch 1 [100/537] loss=0.1815 mask=0.0763 depth=0.1815
  Epoch 1 [110/537] loss=0.1819 mask=0.0748 depth=0.1819
  Epoch 1 [120/537] loss=0.1776 mask=0.0770 depth=0.1776
  Epoch 1 [130/537] loss=0.1724 mask=0.0751 depth=0.1724
  Epoch 1 [140/537] loss=0.1703 mask=0.0726 depth=0.1703
  Epoch 1 [150/537] loss=0.1648 mask=0.0711 depth=0.1648
  Epoch 1 [160/537] loss=0.1627 mask=0.0721 depth=0.1627
  Epoch 1 [170/537] loss=0.1626 mask=0.0716 depth=0.1626
  Epoch 1 [180/537] loss=0.1627 mask=0.0720 depth=0.1627
  Epoch 1 [190/537] loss=0.1654 mask=0.0722 depth=0.1654
  Epoch 1 [200/537] loss=0.1647 mask=0.0729 depth=0.1647
  Epoch 1 [210/537] loss=0.1679 mask=0.0717 depth=0.1679
  Epoch 1 [220/537] loss=0.1669 mask=0.0726 depth=0.1669
  Epoch 1 [230/537] loss=0.1640 mask=0.0727 depth=0.1640
  Epoch 1 [240/537] loss=0.1635 mask=0.0735 depth=0.1635
  Epoch 1 [250/537] loss=0.1658 mask=0.0731 depth=0.1658
  Epoch 1 [260/537] loss=0.1673 mask=0.0729 depth=0.1673
  Epoch 1 [270/537] loss=0.1661 mask=0.0725 depth=0.1661
  Epoch 1 [280/537] loss=0.1634 mask=0.0734 depth=0.1634
  Epoch 1 [290/537] loss=0.1631 mask=0.0734 depth=0.1631
  Epoch 1 [300/537] loss=0.1598 mask=0.0726 depth=0.1598
  Epoch 1 [310/537] loss=0.1588 mask=0.0741 depth=0.1588
  Epoch 1 [320/537] loss=0.1575 mask=0.0746 depth=0.1575
  Epoch 1 [330/537] loss=0.1576 mask=0.0744 depth=0.1576
  Epoch 1 [340/537] loss=0.1562 mask=0.0735 depth=0.1562
  Epoch 1 [350/537] loss=0.1561 mask=0.0734 depth=0.1561
  Epoch 1 [360/537] loss=0.1549 mask=0.0733 depth=0.1549
  Epoch 1 [370/537] loss=0.1556 mask=0.0735 depth=0.1556
  Epoch 1 [380/537] loss=0.1562 mask=0.0743 depth=0.1562
  Epoch 1 [390/537] loss=0.1567 mask=0.0742 depth=0.1567
  Epoch 1 [400/537] loss=0.1586 mask=0.0751 depth=0.1586
  Epoch 1 [410/537] loss=0.1578 mask=0.0753 depth=0.1578
  Epoch 1 [420/537] loss=0.1556 mask=0.0748 depth=0.1556
  Epoch 1 [430/537] loss=0.1572 mask=0.0745 depth=0.1572
  Epoch 1 [440/537] loss=0.1560 mask=0.0747 depth=0.1560
  Epoch 1 [450/537] loss=0.1553 mask=0.0745 depth=0.1553
  Epoch 1 [460/537] loss=0.1540 mask=0.0752 depth=0.1540
  Epoch 1 [470/537] loss=0.1528 mask=0.0750 depth=0.1528
  Epoch 1 [480/537] loss=0.1532 mask=0.0752 depth=0.1532
  Epoch 1 [490/537] loss=0.1550 mask=0.0751 depth=0.1550
  Epoch 1 [500/537] loss=0.1551 mask=0.0760 depth=0.1551
  Epoch 1 [510/537] loss=0.1575 mask=0.0762 depth=0.1575
  Epoch 1 [520/537] loss=0.1577 mask=0.0763 depth=0.1577
  Epoch 1 [530/537] loss=0.1569 mask=0.0762 depth=0.1569
  Train: loss=0.1566 mask=0.0778 depth=0.1566 time=331.6s
  Val epoch 1: loss=0.1516
  Saved best phase2 model (val_loss=0.1516)

=== Phase2 Epoch 2/49 ===
  Epoch 2 [10/537] loss=0.1604 mask=0.0764 depth=0.1604
  Epoch 2 [20/537] loss=0.1149 mask=0.0722 depth=0.1149
  Epoch 2 [30/537] loss=0.1420 mask=0.0763 depth=0.1420
  Epoch 2 [40/537] loss=0.1486 mask=0.0780 depth=0.1486
  Epoch 2 [50/537] loss=0.1376 mask=0.0804 depth=0.1376
  Epoch 2 [60/537] loss=0.1316 mask=0.0745 depth=0.1316
  Epoch 2 [70/537] loss=0.1205 mask=0.0742 depth=0.1205
  Epoch 2 [80/537] loss=0.1164 mask=0.0744 depth=0.1164
  Epoch 2 [90/537] loss=0.1108 mask=0.0727 depth=0.1108
  Epoch 2 [100/537] loss=0.1067 mask=0.0739 depth=0.1067
  Epoch 2 [110/537] loss=0.1035 mask=0.0709 depth=0.1035
  Epoch 2 [120/537] loss=0.1047 mask=0.0709 depth=0.1047
  Epoch 2 [130/537] loss=0.1069 mask=0.0723 depth=0.1069
  Epoch 2 [140/537] loss=0.1031 mask=0.0712 depth=0.1031
  Epoch 2 [150/537] loss=0.1025 mask=0.0714 depth=0.1025
  Epoch 2 [160/537] loss=0.1023 mask=0.0714 depth=0.1023
  Epoch 2 [170/537] loss=0.1039 mask=0.0731 depth=0.1039
  Epoch 2 [180/537] loss=0.1028 mask=0.0717 depth=0.1028
  Epoch 2 [190/537] loss=0.1027 mask=0.0732 depth=0.1027
  Epoch 2 [200/537] loss=0.1045 mask=0.0740 depth=0.1045
  Epoch 2 [210/537] loss=0.1048 mask=0.0736 depth=0.1048
  Epoch 2 [220/537] loss=0.1067 mask=0.0724 depth=0.1067
  Epoch 2 [230/537] loss=0.1071 mask=0.0731 depth=0.1071
  Epoch 2 [240/537] loss=0.1056 mask=0.0722 depth=0.1056
  Epoch 2 [250/537] loss=0.1077 mask=0.0727 depth=0.1077
  Epoch 2 [260/537] loss=0.1114 mask=0.0729 depth=0.1114
  Epoch 2 [270/537] loss=0.1138 mask=0.0736 depth=0.1138
  Epoch 2 [280/537] loss=0.1141 mask=0.0740 depth=0.1141
  Epoch 2 [290/537] loss=0.1123 mask=0.0745 depth=0.1123
  Epoch 2 [300/537] loss=0.1113 mask=0.0757 depth=0.1113
  Epoch 2 [310/537] loss=0.1100 mask=0.0754 depth=0.1100
  Epoch 2 [320/537] loss=0.1097 mask=0.0752 depth=0.1097
  Epoch 2 [330/537] loss=0.1116 mask=0.0763 depth=0.1116
  Epoch 2 [340/537] loss=0.1126 mask=0.0754 depth=0.1126
  Epoch 2 [350/537] loss=0.1123 mask=0.0756 depth=0.1123
  Epoch 2 [360/537] loss=0.1135 mask=0.0748 depth=0.1135
  Epoch 2 [370/537] loss=0.1133 mask=0.0759 depth=0.1133
  Epoch 2 [380/537] loss=0.1121 mask=0.0771 depth=0.1121
  Epoch 2 [390/537] loss=0.1129 mask=0.0771 depth=0.1129
  Epoch 2 [400/537] loss=0.1119 mask=0.0776 depth=0.1119
  Epoch 2 [410/537] loss=0.1107 mask=0.0778 depth=0.1107
  Epoch 2 [420/537] loss=0.1094 mask=0.0777 depth=0.1094
  Epoch 2 [430/537] loss=0.1095 mask=0.0779 depth=0.1095
  Epoch 2 [440/537] loss=0.1081 mask=0.0772 depth=0.1081
  Epoch 2 [450/537] loss=0.1089 mask=0.0762 depth=0.1089
  Epoch 2 [460/537] loss=0.1078 mask=0.0770 depth=0.1078
  Epoch 2 [470/537] loss=0.1066 mask=0.0773 depth=0.1066
  Epoch 2 [480/537] loss=0.1059 mask=0.0769 depth=0.1059
  Epoch 2 [490/537] loss=0.1054 mask=0.0767 depth=0.1054
  Epoch 2 [500/537] loss=0.1052 mask=0.0761 depth=0.1052
  Epoch 2 [510/537] loss=0.1040 mask=0.0758 depth=0.1040
  Epoch 2 [520/537] loss=0.1052 mask=0.0758 depth=0.1052
  Epoch 2 [530/537] loss=0.1063 mask=0.0756 depth=0.1063
  Train: loss=0.1059 mask=0.0763 depth=0.1059 time=328.2s
  Val epoch 2: loss=0.1047
  Saved best phase2 model (val_loss=0.1047)

=== Phase2 Epoch 3/49 ===
  Epoch 3 [10/537] loss=0.0909 mask=0.1064 depth=0.0909
  Epoch 3 [20/537] loss=0.0665 mask=0.0757 depth=0.0665
  Epoch 3 [30/537] loss=0.0715 mask=0.0820 depth=0.0715
  Epoch 3 [40/537] loss=0.0611 mask=0.0763 depth=0.0611
  Epoch 3 [50/537] loss=0.0568 mask=0.0809 depth=0.0568
  Epoch 3 [60/537] loss=0.0518 mask=0.0805 depth=0.0518
  Epoch 3 [70/537] loss=0.0507 mask=0.0815 depth=0.0507
  Epoch 3 [80/537] loss=0.0574 mask=0.0778 depth=0.0574
  Epoch 3 [90/537] loss=0.0647 mask=0.0755 depth=0.0647
  Epoch 3 [100/537] loss=0.0639 mask=0.0765 depth=0.0639
  Epoch 3 [110/537] loss=0.0671 mask=0.0766 depth=0.0671
  Epoch 3 [120/537] loss=0.0705 mask=0.0763 depth=0.0705
  Epoch 3 [130/537] loss=0.0734 mask=0.0771 depth=0.0734
  Epoch 3 [140/537] loss=0.0750 mask=0.0744 depth=0.0750
  Epoch 3 [150/537] loss=0.0738 mask=0.0755 depth=0.0738
  Epoch 3 [160/537] loss=0.0736 mask=0.0760 depth=0.0736
  Epoch 3 [170/537] loss=0.0745 mask=0.0761 depth=0.0745
  Epoch 3 [180/537] loss=0.0732 mask=0.0744 depth=0.0732
  Epoch 3 [190/537] loss=0.0721 mask=0.0745 depth=0.0721
  Epoch 3 [200/537] loss=0.0735 mask=0.0749 depth=0.0735
  Epoch 3 [210/537] loss=0.0731 mask=0.0739 depth=0.0731
  Epoch 3 [220/537] loss=0.0715 mask=0.0732 depth=0.0715
  Epoch 3 [230/537] loss=0.0713 mask=0.0726 depth=0.0713
  Epoch 3 [240/537] loss=0.0692 mask=0.0737 depth=0.0692
  Epoch 3 [250/537] loss=0.0673 mask=0.0738 depth=0.0673
  Epoch 3 [260/537] loss=0.0673 mask=0.0731 depth=0.0673
  Epoch 3 [270/537] loss=0.0691 mask=0.0721 depth=0.0691
  Epoch 3 [280/537] loss=0.0688 mask=0.0720 depth=0.0688
  Epoch 3 [290/537] loss=0.0705 mask=0.0735 depth=0.0705
  Epoch 3 [300/537] loss=0.0697 mask=0.0746 depth=0.0697
  Epoch 3 [310/537] loss=0.0694 mask=0.0749 depth=0.0694
  Epoch 3 [320/537] loss=0.0687 mask=0.0740 depth=0.0687
  Epoch 3 [330/537] loss=0.0698 mask=0.0742 depth=0.0698
  Epoch 3 [340/537] loss=0.0711 mask=0.0735 depth=0.0711
  Epoch 3 [350/537] loss=0.0710 mask=0.0747 depth=0.0710
  Epoch 3 [360/537] loss=0.0716 mask=0.0741 depth=0.0716
  Epoch 3 [370/537] loss=0.0722 mask=0.0738 depth=0.0722
  Epoch 3 [380/537] loss=0.0713 mask=0.0731 depth=0.0713
  Epoch 3 [390/537] loss=0.0725 mask=0.0734 depth=0.0725
  Epoch 3 [400/537] loss=0.0722 mask=0.0738 depth=0.0722
  Epoch 3 [410/537] loss=0.0721 mask=0.0742 depth=0.0721
  Epoch 3 [420/537] loss=0.0715 mask=0.0739 depth=0.0715
  Epoch 3 [430/537] loss=0.0707 mask=0.0747 depth=0.0707
  Epoch 3 [440/537] loss=0.0711 mask=0.0745 depth=0.0711
  Epoch 3 [450/537] loss=0.0710 mask=0.0750 depth=0.0710
  Epoch 3 [460/537] loss=0.0723 mask=0.0753 depth=0.0723
  Epoch 3 [470/537] loss=0.0722 mask=0.0760 depth=0.0722
  Epoch 3 [480/537] loss=0.0718 mask=0.0752 depth=0.0718
  Epoch 3 [490/537] loss=0.0717 mask=0.0750 depth=0.0717
  Epoch 3 [500/537] loss=0.0714 mask=0.0757 depth=0.0714
  Epoch 3 [510/537] loss=0.0708 mask=0.0757 depth=0.0708
  Epoch 3 [520/537] loss=0.0704 mask=0.0753 depth=0.0704
  Epoch 3 [530/537] loss=0.0701 mask=0.0758 depth=0.0701
  Train: loss=0.0712 mask=0.0773 depth=0.0712 time=332.2s
  Val epoch 3: loss=0.0806
  Saved best phase2 model (val_loss=0.0806)

=== Phase2 Epoch 4/49 ===
  Epoch 4 [10/537] loss=0.0544 mask=0.0524 depth=0.0544
  Epoch 4 [20/537] loss=0.0371 mask=0.0563 depth=0.0371
  Epoch 4 [30/537] loss=0.0378 mask=0.0593 depth=0.0378
  Epoch 4 [40/537] loss=0.0485 mask=0.0598 depth=0.0485
  Epoch 4 [50/537] loss=0.0443 mask=0.0663 depth=0.0443
  Epoch 4 [60/537] loss=0.0540 mask=0.0634 depth=0.0540
  Epoch 4 [70/537] loss=0.0502 mask=0.0626 depth=0.0502
  Epoch 4 [80/537] loss=0.0494 mask=0.0596 depth=0.0494
  Epoch 4 [90/537] loss=0.0477 mask=0.0609 depth=0.0477
  Epoch 4 [100/537] loss=0.0466 mask=0.0642 depth=0.0466
  Epoch 4 [110/537] loss=0.0454 mask=0.0668 depth=0.0454
  Epoch 4 [120/537] loss=0.0465 mask=0.0666 depth=0.0465
  Epoch 4 [130/537] loss=0.0447 mask=0.0669 depth=0.0447
  Epoch 4 [140/537] loss=0.0433 mask=0.0660 depth=0.0433
  Epoch 4 [150/537] loss=0.0425 mask=0.0670 depth=0.0425
  Epoch 4 [160/537] loss=0.0413 mask=0.0660 depth=0.0413
  Epoch 4 [170/537] loss=0.0418 mask=0.0695 depth=0.0418
  Epoch 4 [180/537] loss=0.0417 mask=0.0715 depth=0.0417
  Epoch 4 [190/537] loss=0.0421 mask=0.0734 depth=0.0421
  Epoch 4 [200/537] loss=0.0431 mask=0.0750 depth=0.0431
  Epoch 4 [210/537] loss=0.0434 mask=0.0745 depth=0.0434
  Epoch 4 [220/537] loss=0.0440 mask=0.0749 depth=0.0440
  Epoch 4 [230/537] loss=0.0471 mask=0.0758 depth=0.0471
  Epoch 4 [240/537] loss=0.0467 mask=0.0760 depth=0.0467
  Epoch 4 [250/537] loss=0.0468 mask=0.0762 depth=0.0468
  Epoch 4 [260/537] loss=0.0472 mask=0.0770 depth=0.0472
  Epoch 4 [270/537] loss=0.0470 mask=0.0776 depth=0.0470
  Epoch 4 [280/537] loss=0.0470 mask=0.0782 depth=0.0470
  Epoch 4 [290/537] loss=0.0467 mask=0.0780 depth=0.0467
  Epoch 4 [300/537] loss=0.0460 mask=0.0779 depth=0.0460
  Epoch 4 [310/537] loss=0.0451 mask=0.0768 depth=0.0451
  Epoch 4 [320/537] loss=0.0441 mask=0.0755 depth=0.0441
  Epoch 4 [330/537] loss=0.0443 mask=0.0759 depth=0.0443
  Epoch 4 [340/537] loss=0.0443 mask=0.0755 depth=0.0443
  Epoch 4 [350/537] loss=0.0444 mask=0.0747 depth=0.0444
  Epoch 4 [360/537] loss=0.0437 mask=0.0756 depth=0.0437
  Epoch 4 [370/537] loss=0.0439 mask=0.0761 depth=0.0439
  Epoch 4 [380/537] loss=0.0432 mask=0.0760 depth=0.0432
  Epoch 4 [390/537] loss=0.0440 mask=0.0760 depth=0.0440
  Epoch 4 [400/537] loss=0.0447 mask=0.0762 depth=0.0447
  Epoch 4 [410/537] loss=0.0448 mask=0.0764 depth=0.0448
  Epoch 4 [420/537] loss=0.0445 mask=0.0762 depth=0.0445
  Epoch 4 [430/537] loss=0.0440 mask=0.0763 depth=0.0440
  Epoch 4 [440/537] loss=0.0440 mask=0.0764 depth=0.0440
  Epoch 4 [450/537] loss=0.0435 mask=0.0761 depth=0.0435
  Epoch 4 [460/537] loss=0.0437 mask=0.0757 depth=0.0437
  Epoch 4 [470/537] loss=0.0444 mask=0.0755 depth=0.0444
  Epoch 4 [480/537] loss=0.0451 mask=0.0749 depth=0.0451
  Epoch 4 [490/537] loss=0.0457 mask=0.0761 depth=0.0457
  Epoch 4 [500/537] loss=0.0454 mask=0.0762 depth=0.0454
  Epoch 4 [510/537] loss=0.0454 mask=0.0758 depth=0.0454
  Epoch 4 [520/537] loss=0.0454 mask=0.0758 depth=0.0454
  Epoch 4 [530/537] loss=0.0455 mask=0.0752 depth=0.0455
  Train: loss=0.0454 mask=0.0774 depth=0.0454 time=310.9s
  Val epoch 4: loss=0.0680
  Saved best phase2 model (val_loss=0.0680)

=== Phase2 Epoch 5/49 ===
  Epoch 5 [10/537] loss=0.0567 mask=0.0743 depth=0.0567
  Epoch 5 [20/537] loss=0.0432 mask=0.0667 depth=0.0432
  Epoch 5 [30/537] loss=0.0407 mask=0.0708 depth=0.0407
  Epoch 5 [40/537] loss=0.0452 mask=0.0651 depth=0.0452
  Epoch 5 [50/537] loss=0.0445 mask=0.0638 depth=0.0445
  Epoch 5 [60/537] loss=0.0408 mask=0.0653 depth=0.0408
  Epoch 5 [70/537] loss=0.0376 mask=0.0647 depth=0.0376
  Epoch 5 [80/537] loss=0.0377 mask=0.0630 depth=0.0377
  Epoch 5 [90/537] loss=0.0372 mask=0.0668 depth=0.0372
  Epoch 5 [100/537] loss=0.0359 mask=0.0665 depth=0.0359
  Epoch 5 [110/537] loss=0.0365 mask=0.0660 depth=0.0365
  Epoch 5 [120/537] loss=0.0375 mask=0.0671 depth=0.0375
  Epoch 5 [130/537] loss=0.0384 mask=0.0660 depth=0.0384
  Epoch 5 [140/537] loss=0.0370 mask=0.0647 depth=0.0370
  Epoch 5 [150/537] loss=0.0365 mask=0.0674 depth=0.0365
  Epoch 5 [160/537] loss=0.0370 mask=0.0703 depth=0.0370
  Epoch 5 [170/537] loss=0.0365 mask=0.0683 depth=0.0365
  Epoch 5 [180/537] loss=0.0360 mask=0.0689 depth=0.0360
  Epoch 5 [190/537] loss=0.0357 mask=0.0689 depth=0.0357
  Epoch 5 [200/537] loss=0.0352 mask=0.0707 depth=0.0352
  Epoch 5 [210/537] loss=0.0348 mask=0.0707 depth=0.0348
  Epoch 5 [220/537] loss=0.0345 mask=0.0712 depth=0.0345
  Epoch 5 [230/537] loss=0.0342 mask=0.0718 depth=0.0342
  Epoch 5 [240/537] loss=0.0344 mask=0.0704 depth=0.0344
  Epoch 5 [250/537] loss=0.0347 mask=0.0704 depth=0.0347
  Epoch 5 [260/537] loss=0.0343 mask=0.0712 depth=0.0343
  Epoch 5 [270/537] loss=0.0338 mask=0.0727 depth=0.0338
  Epoch 5 [280/537] loss=0.0342 mask=0.0738 depth=0.0342
  Epoch 5 [290/537] loss=0.0340 mask=0.0728 depth=0.0340
  Epoch 5 [300/537] loss=0.0339 mask=0.0733 depth=0.0339
  Epoch 5 [310/537] loss=0.0333 mask=0.0729 depth=0.0333
  Epoch 5 [320/537] loss=0.0332 mask=0.0745 depth=0.0332
  Epoch 5 [330/537] loss=0.0331 mask=0.0749 depth=0.0331
  Epoch 5 [340/537] loss=0.0327 mask=0.0755 depth=0.0327
  Epoch 5 [350/537] loss=0.0325 mask=0.0751 depth=0.0325
  Epoch 5 [360/537] loss=0.0323 mask=0.0745 depth=0.0323
  Epoch 5 [370/537] loss=0.0319 mask=0.0744 depth=0.0319
  Epoch 5 [380/537] loss=0.0316 mask=0.0738 depth=0.0316
  Epoch 5 [390/537] loss=0.0314 mask=0.0737 depth=0.0314
  Epoch 5 [400/537] loss=0.0312 mask=0.0746 depth=0.0312
  Epoch 5 [410/537] loss=0.0310 mask=0.0741 depth=0.0310
  Epoch 5 [420/537] loss=0.0311 mask=0.0736 depth=0.0311
  Epoch 5 [430/537] loss=0.0308 mask=0.0746 depth=0.0308
  Epoch 5 [440/537] loss=0.0308 mask=0.0750 depth=0.0308
  Epoch 5 [450/537] loss=0.0313 mask=0.0755 depth=0.0313
  Epoch 5 [460/537] loss=0.0311 mask=0.0753 depth=0.0311
  Epoch 5 [470/537] loss=0.0313 mask=0.0753 depth=0.0313
  Epoch 5 [480/537] loss=0.0310 mask=0.0755 depth=0.0310
  Epoch 5 [490/537] loss=0.0306 mask=0.0758 depth=0.0306
  Epoch 5 [500/537] loss=0.0306 mask=0.0757 depth=0.0306
  Epoch 5 [510/537] loss=0.0308 mask=0.0759 depth=0.0308
  Epoch 5 [520/537] loss=0.0305 mask=0.0757 depth=0.0305
  Epoch 5 [530/537] loss=0.0316 mask=0.0757 depth=0.0316
  Train: loss=0.0321 mask=0.0773 depth=0.0321 time=307.3s
  Val epoch 5: loss=0.0590
  Saved best phase2 model (val_loss=0.0590)

=== Phase2 Epoch 6/49 ===
  Epoch 6 [10/537] loss=0.0103 mask=0.0903 depth=0.0103
  Epoch 6 [20/537] loss=0.0185 mask=0.0790 depth=0.0185
  Epoch 6 [30/537] loss=0.0206 mask=0.0805 depth=0.0206
  Epoch 6 [40/537] loss=0.0194 mask=0.0847 depth=0.0194
  Epoch 6 [50/537] loss=0.0196 mask=0.0759 depth=0.0196
  Epoch 6 [60/537] loss=0.0199 mask=0.0778 depth=0.0199
  Epoch 6 [70/537] loss=0.0192 mask=0.0789 depth=0.0192
  Epoch 6 [80/537] loss=0.0185 mask=0.0803 depth=0.0185
  Epoch 6 [90/537] loss=0.0183 mask=0.0803 depth=0.0183
  Epoch 6 [100/537] loss=0.0196 mask=0.0791 depth=0.0196
  Epoch 6 [110/537] loss=0.0192 mask=0.0790 depth=0.0192
  Epoch 6 [120/537] loss=0.0187 mask=0.0809 depth=0.0187
  Epoch 6 [130/537] loss=0.0193 mask=0.0816 depth=0.0193
  Epoch 6 [140/537] loss=0.0196 mask=0.0811 depth=0.0196
  Epoch 6 [150/537] loss=0.0198 mask=0.0786 depth=0.0198
  Epoch 6 [160/537] loss=0.0193 mask=0.0788 depth=0.0193
  Epoch 6 [170/537] loss=0.0193 mask=0.0778 depth=0.0193
  Epoch 6 [180/537] loss=0.0190 mask=0.0769 depth=0.0190
  Epoch 6 [190/537] loss=0.0194 mask=0.0759 depth=0.0194
  Epoch 6 [200/537] loss=0.0191 mask=0.0763 depth=0.0191
  Epoch 6 [210/537] loss=0.0190 mask=0.0773 depth=0.0190
  Epoch 6 [220/537] loss=0.0187 mask=0.0773 depth=0.0187
  Epoch 6 [230/537] loss=0.0184 mask=0.0763 depth=0.0184
  Epoch 6 [240/537] loss=0.0184 mask=0.0760 depth=0.0184
  Epoch 6 [250/537] loss=0.0182 mask=0.0774 depth=0.0182
  Epoch 6 [260/537] loss=0.0185 mask=0.0773 depth=0.0185
  Epoch 6 [270/537] loss=0.0196 mask=0.0766 depth=0.0196
  Epoch 6 [280/537] loss=0.0196 mask=0.0769 depth=0.0196
  Epoch 6 [290/537] loss=0.0200 mask=0.0766 depth=0.0200
  Epoch 6 [300/537] loss=0.0209 mask=0.0775 depth=0.0209
  Epoch 6 [310/537] loss=0.0208 mask=0.0768 depth=0.0208
  Epoch 6 [320/537] loss=0.0207 mask=0.0774 depth=0.0207
  Epoch 6 [330/537] loss=0.0208 mask=0.0786 depth=0.0208
  Epoch 6 [340/537] loss=0.0207 mask=0.0777 depth=0.0207
  Epoch 6 [350/537] loss=0.0206 mask=0.0777 depth=0.0206
  Epoch 6 [360/537] loss=0.0208 mask=0.0797 depth=0.0208
  Epoch 6 [370/537] loss=0.0207 mask=0.0798 depth=0.0207
  Epoch 6 [380/537] loss=0.0215 mask=0.0789 depth=0.0215
  Epoch 6 [390/537] loss=0.0212 mask=0.0781 depth=0.0212
  Epoch 6 [400/537] loss=0.0214 mask=0.0778 depth=0.0214
  Epoch 6 [410/537] loss=0.0216 mask=0.0778 depth=0.0216
  Epoch 6 [420/537] loss=0.0217 mask=0.0774 depth=0.0217
  Epoch 6 [430/537] loss=0.0220 mask=0.0773 depth=0.0220
  Epoch 6 [440/537] loss=0.0223 mask=0.0771 depth=0.0223
  Epoch 6 [450/537] loss=0.0221 mask=0.0767 depth=0.0221
  Epoch 6 [460/537] loss=0.0220 mask=0.0770 depth=0.0220
  Epoch 6 [470/537] loss=0.0226 mask=0.0767 depth=0.0226
  Epoch 6 [480/537] loss=0.0235 mask=0.0773 depth=0.0235
  Epoch 6 [490/537] loss=0.0235 mask=0.0773 depth=0.0235
  Epoch 6 [500/537] loss=0.0240 mask=0.0772 depth=0.0240
  Epoch 6 [510/537] loss=0.0244 mask=0.0770 depth=0.0244
  Epoch 6 [520/537] loss=0.0245 mask=0.0765 depth=0.0245
  Epoch 6 [530/537] loss=0.0247 mask=0.0762 depth=0.0247
  Train: loss=0.0261 mask=0.0777 depth=0.0261 time=304.5s
  Val epoch 6: loss=0.0748

=== Phase2 Epoch 7/49 ===
  Epoch 7 [10/537] loss=0.0284 mask=0.0660 depth=0.0284
  Epoch 7 [20/537] loss=0.0262 mask=0.0823 depth=0.0262
  Epoch 7 [30/537] loss=0.0294 mask=0.0834 depth=0.0294
  Epoch 7 [40/537] loss=0.0270 mask=0.0795 depth=0.0270
  Epoch 7 [50/537] loss=0.0265 mask=0.0818 depth=0.0265
  Epoch 7 [60/537] loss=0.0287 mask=0.0826 depth=0.0287
  Epoch 7 [70/537] loss=0.0285 mask=0.0831 depth=0.0285
  Epoch 7 [80/537] loss=0.0261 mask=0.0810 depth=0.0261
  Epoch 7 [90/537] loss=0.0267 mask=0.0775 depth=0.0267
  Epoch 7 [100/537] loss=0.0274 mask=0.0781 depth=0.0274
  Epoch 7 [110/537] loss=0.0283 mask=0.0801 depth=0.0283
  Epoch 7 [120/537] loss=0.0270 mask=0.0802 depth=0.0270
  Epoch 7 [130/537] loss=0.0263 mask=0.0787 depth=0.0263
  Epoch 7 [140/537] loss=0.0268 mask=0.0780 depth=0.0268
  Epoch 7 [150/537] loss=0.0292 mask=0.0759 depth=0.0292
  Epoch 7 [160/537] loss=0.0294 mask=0.0754 depth=0.0294
  Epoch 7 [170/537] loss=0.0299 mask=0.0746 depth=0.0299
  Epoch 7 [180/537] loss=0.0338 mask=0.0741 depth=0.0338
  Epoch 7 [190/537] loss=0.0336 mask=0.0742 depth=0.0336
  Epoch 7 [200/537] loss=0.0326 mask=0.0742 depth=0.0326
  Epoch 7 [210/537] loss=0.0320 mask=0.0731 depth=0.0320
  Epoch 7 [220/537] loss=0.0311 mask=0.0728 depth=0.0311
  Epoch 7 [230/537] loss=0.0310 mask=0.0749 depth=0.0310
  Epoch 7 [240/537] loss=0.0312 mask=0.0761 depth=0.0312
  Epoch 7 [250/537] loss=0.0307 mask=0.0759 depth=0.0307
  Epoch 7 [260/537] loss=0.0300 mask=0.0772 depth=0.0300
  Epoch 7 [270/537] loss=0.0293 mask=0.0768 depth=0.0293
  Epoch 7 [280/537] loss=0.0291 mask=0.0765 depth=0.0291
  Epoch 7 [290/537] loss=0.0289 mask=0.0771 depth=0.0289
  Epoch 7 [300/537] loss=0.0283 mask=0.0771 depth=0.0283
  Epoch 7 [310/537] loss=0.0277 mask=0.0764 depth=0.0277
  Epoch 7 [320/537] loss=0.0275 mask=0.0766 depth=0.0275
  Epoch 7 [330/537] loss=0.0273 mask=0.0757 depth=0.0273
  Epoch 7 [340/537] loss=0.0268 mask=0.0762 depth=0.0268
  Epoch 7 [350/537] loss=0.0264 mask=0.0757 depth=0.0264
  Epoch 7 [360/537] loss=0.0265 mask=0.0758 depth=0.0265
  Epoch 7 [370/537] loss=0.0265 mask=0.0767 depth=0.0265
  Epoch 7 [380/537] loss=0.0261 mask=0.0768 depth=0.0261
  Epoch 7 [390/537] loss=0.0260 mask=0.0767 depth=0.0260
  Epoch 7 [400/537] loss=0.0257 mask=0.0765 depth=0.0257
  Epoch 7 [410/537] loss=0.0253 mask=0.0770 depth=0.0253
  Epoch 7 [420/537] loss=0.0249 mask=0.0767 depth=0.0249
  Epoch 7 [430/537] loss=0.0247 mask=0.0767 depth=0.0247
  Epoch 7 [440/537] loss=0.0245 mask=0.0762 depth=0.0245
  Epoch 7 [450/537] loss=0.0242 mask=0.0757 depth=0.0242
  Epoch 7 [460/537] loss=0.0239 mask=0.0756 depth=0.0239
  Epoch 7 [470/537] loss=0.0243 mask=0.0752 depth=0.0243
  Epoch 7 [480/537] loss=0.0242 mask=0.0745 depth=0.0242
  Epoch 7 [490/537] loss=0.0241 mask=0.0744 depth=0.0241
  Epoch 7 [500/537] loss=0.0240 mask=0.0751 depth=0.0240
  Epoch 7 [510/537] loss=0.0238 mask=0.0751 depth=0.0238
  Epoch 7 [520/537] loss=0.0236 mask=0.0757 depth=0.0236
  Epoch 7 [530/537] loss=0.0234 mask=0.0758 depth=0.0234
  Train: loss=0.0233 mask=0.0774 depth=0.0233 time=300.6s
  Val epoch 7: loss=0.0470
  Saved best phase2 model (val_loss=0.0470)

=== Phase2 Epoch 8/49 ===
  Epoch 8 [10/537] loss=0.0149 mask=0.0743 depth=0.0149
  Epoch 8 [20/537] loss=0.0127 mask=0.0631 depth=0.0127
  Epoch 8 [30/537] loss=0.0117 mask=0.0636 depth=0.0117
  Epoch 8 [40/537] loss=0.0120 mask=0.0687 depth=0.0120
  Epoch 8 [50/537] loss=0.0138 mask=0.0701 depth=0.0138
  Epoch 8 [60/537] loss=0.0136 mask=0.0767 depth=0.0136
  Epoch 8 [70/537] loss=0.0134 mask=0.0801 depth=0.0134
  Epoch 8 [80/537] loss=0.0133 mask=0.0770 depth=0.0133
  Epoch 8 [90/537] loss=0.0132 mask=0.0750 depth=0.0132
  Epoch 8 [100/537] loss=0.0131 mask=0.0757 depth=0.0131
  Epoch 8 [110/537] loss=0.0127 mask=0.0740 depth=0.0127
  Epoch 8 [120/537] loss=0.0128 mask=0.0757 depth=0.0128
  Epoch 8 [130/537] loss=0.0129 mask=0.0741 depth=0.0129
  Epoch 8 [140/537] loss=0.0137 mask=0.0778 depth=0.0137
  Epoch 8 [150/537] loss=0.0133 mask=0.0774 depth=0.0133
  Epoch 8 [160/537] loss=0.0131 mask=0.0770 depth=0.0131
  Epoch 8 [170/537] loss=0.0131 mask=0.0794 depth=0.0131
  Epoch 8 [180/537] loss=0.0133 mask=0.0783 depth=0.0133
  Epoch 8 [190/537] loss=0.0131 mask=0.0792 depth=0.0131
  Epoch 8 [200/537] loss=0.0131 mask=0.0792 depth=0.0131
  Epoch 8 [210/537] loss=0.0131 mask=0.0802 depth=0.0131
  Epoch 8 [220/537] loss=0.0137 mask=0.0784 depth=0.0137
  Epoch 8 [230/537] loss=0.0135 mask=0.0766 depth=0.0135
  Epoch 8 [240/537] loss=0.0135 mask=0.0791 depth=0.0135
  Epoch 8 [250/537] loss=0.0133 mask=0.0786 depth=0.0133
  Epoch 8 [260/537] loss=0.0135 mask=0.0782 depth=0.0135
  Epoch 8 [270/537] loss=0.0138 mask=0.0792 depth=0.0138
  Epoch 8 [280/537] loss=0.0136 mask=0.0788 depth=0.0136
  Epoch 8 [290/537] loss=0.0141 mask=0.0779 depth=0.0141
  Epoch 8 [300/537] loss=0.0140 mask=0.0777 depth=0.0140
  Epoch 8 [310/537] loss=0.0140 mask=0.0781 depth=0.0140
  Epoch 8 [320/537] loss=0.0139 mask=0.0784 depth=0.0139
  Epoch 8 [330/537] loss=0.0138 mask=0.0778 depth=0.0138
  Epoch 8 [340/537] loss=0.0138 mask=0.0779 depth=0.0138
  Epoch 8 [350/537] loss=0.0137 mask=0.0782 depth=0.0137
  Epoch 8 [360/537] loss=0.0136 mask=0.0777 depth=0.0136
  Epoch 8 [370/537] loss=0.0134 mask=0.0772 depth=0.0134
  Epoch 8 [380/537] loss=0.0135 mask=0.0775 depth=0.0135
  Epoch 8 [390/537] loss=0.0135 mask=0.0765 depth=0.0135
  Epoch 8 [400/537] loss=0.0134 mask=0.0768 depth=0.0134
  Epoch 8 [410/537] loss=0.0138 mask=0.0768 depth=0.0138
  Epoch 8 [420/537] loss=0.0137 mask=0.0765 depth=0.0137
  Epoch 8 [430/537] loss=0.0136 mask=0.0765 depth=0.0136
  Epoch 8 [440/537] loss=0.0136 mask=0.0763 depth=0.0136
  Epoch 8 [450/537] loss=0.0136 mask=0.0768 depth=0.0136
  Epoch 8 [460/537] loss=0.0137 mask=0.0766 depth=0.0137
  Epoch 8 [470/537] loss=0.0136 mask=0.0765 depth=0.0136
  Epoch 8 [480/537] loss=0.0136 mask=0.0765 depth=0.0136
  Epoch 8 [490/537] loss=0.0135 mask=0.0758 depth=0.0135
  Epoch 8 [500/537] loss=0.0133 mask=0.0761 depth=0.0133
  Epoch 8 [510/537] loss=0.0134 mask=0.0758 depth=0.0134
  Epoch 8 [520/537] loss=0.0134 mask=0.0758 depth=0.0134
  Epoch 8 [530/537] loss=0.0134 mask=0.0758 depth=0.0134
  Train: loss=0.0140 mask=0.0773 depth=0.0140 time=290.6s
  Val epoch 8: loss=0.0480

=== Phase2 Epoch 9/49 ===
  Epoch 9 [10/537] loss=0.0174 mask=0.0789 depth=0.0174
  Epoch 9 [20/537] loss=0.0148 mask=0.0883 depth=0.0148
  Epoch 9 [30/537] loss=0.0146 mask=0.0900 depth=0.0146
  Epoch 9 [40/537] loss=0.0143 mask=0.0901 depth=0.0143
  Epoch 9 [50/537] loss=0.0135 mask=0.0837 depth=0.0135
  Epoch 9 [60/537] loss=0.0136 mask=0.0831 depth=0.0136
  Epoch 9 [70/537] loss=0.0124 mask=0.0826 depth=0.0124
  Epoch 9 [80/537] loss=0.0119 mask=0.0826 depth=0.0119
  Epoch 9 [90/537] loss=0.0122 mask=0.0806 depth=0.0122
  Epoch 9 [100/537] loss=0.0120 mask=0.0791 depth=0.0120
  Epoch 9 [110/537] loss=0.0116 mask=0.0780 depth=0.0116
  Epoch 9 [120/537] loss=0.0114 mask=0.0759 depth=0.0114
  Epoch 9 [130/537] loss=0.0113 mask=0.0775 depth=0.0113
  Epoch 9 [140/537] loss=0.0116 mask=0.0787 depth=0.0116
  Epoch 9 [150/537] loss=0.0121 mask=0.0776 depth=0.0121
  Epoch 9 [160/537] loss=0.0118 mask=0.0769 depth=0.0118
  Epoch 9 [170/537] loss=0.0116 mask=0.0780 depth=0.0116
  Epoch 9 [180/537] loss=0.0115 mask=0.0788 depth=0.0115
  Epoch 9 [190/537] loss=0.0113 mask=0.0778 depth=0.0113
  Epoch 9 [200/537] loss=0.0112 mask=0.0785 depth=0.0112
  Epoch 9 [210/537] loss=0.0110 mask=0.0797 depth=0.0110
  Epoch 9 [220/537] loss=0.0109 mask=0.0795 depth=0.0109
  Epoch 9 [230/537] loss=0.0108 mask=0.0789 depth=0.0108
  Epoch 9 [240/537] loss=0.0106 mask=0.0777 depth=0.0106
  Epoch 9 [250/537] loss=0.0105 mask=0.0768 depth=0.0105
  Epoch 9 [260/537] loss=0.0104 mask=0.0759 depth=0.0104
  Epoch 9 [270/537] loss=0.0106 mask=0.0758 depth=0.0106
  Epoch 9 [280/537] loss=0.0110 mask=0.0755 depth=0.0110
  Epoch 9 [290/537] loss=0.0110 mask=0.0766 depth=0.0110
  Epoch 9 [300/537] loss=0.0108 mask=0.0772 depth=0.0108
  Epoch 9 [310/537] loss=0.0107 mask=0.0776 depth=0.0107
  Epoch 9 [320/537] loss=0.0106 mask=0.0771 depth=0.0106
  Epoch 9 [330/537] loss=0.0105 mask=0.0765 depth=0.0105
  Epoch 9 [340/537] loss=0.0112 mask=0.0769 depth=0.0112
  Epoch 9 [350/537] loss=0.0144 mask=0.0778 depth=0.0144
  Epoch 9 [360/537] loss=0.0188 mask=0.0773 depth=0.0188
  Epoch 9 [370/537] loss=0.0193 mask=0.0768 depth=0.0193
  Epoch 9 [380/537] loss=0.0200 mask=0.0771 depth=0.0200
  Epoch 9 [390/537] loss=0.0204 mask=0.0774 depth=0.0204
  Epoch 9 [400/537] loss=0.0205 mask=0.0765 depth=0.0205
  Epoch 9 [410/537] loss=0.0203 mask=0.0762 depth=0.0203
  Epoch 9 [420/537] loss=0.0205 mask=0.0764 depth=0.0205
  Epoch 9 [430/537] loss=0.0204 mask=0.0765 depth=0.0204
  Epoch 9 [440/537] loss=0.0203 mask=0.0760 depth=0.0203
  Epoch 9 [450/537] loss=0.0202 mask=0.0754 depth=0.0202
  Epoch 9 [460/537] loss=0.0199 mask=0.0763 depth=0.0199
  Epoch 9 [470/537] loss=0.0197 mask=0.0763 depth=0.0197
  Epoch 9 [480/537] loss=0.0199 mask=0.0765 depth=0.0199
  Epoch 9 [490/537] loss=0.0200 mask=0.0767 depth=0.0200
  Epoch 9 [500/537] loss=0.0198 mask=0.0764 depth=0.0198
  Epoch 9 [510/537] loss=0.0199 mask=0.0760 depth=0.0199
  Epoch 9 [520/537] loss=0.0202 mask=0.0763 depth=0.0202
  Epoch 9 [530/537] loss=0.0201 mask=0.0762 depth=0.0201
  Train: loss=0.0200 mask=0.0778 depth=0.0200 time=294.2s
  Val epoch 9: loss=0.0482

=== Phase2 Epoch 10/49 ===
  Epoch 10 [10/537] loss=0.0487 mask=0.0919 depth=0.0487
  Epoch 10 [20/537] loss=0.0353 mask=0.1011 depth=0.0353
  Epoch 10 [30/537] loss=0.0267 mask=0.0975 depth=0.0267
  Epoch 10 [40/537] loss=0.0235 mask=0.0959 depth=0.0235
  Epoch 10 [50/537] loss=0.0237 mask=0.1006 depth=0.0237
  Epoch 10 [60/537] loss=0.0209 mask=0.0912 depth=0.0209
  Epoch 10 [70/537] loss=0.0192 mask=0.0918 depth=0.0192
  Epoch 10 [80/537] loss=0.0183 mask=0.0890 depth=0.0183
  Epoch 10 [90/537] loss=0.0174 mask=0.0889 depth=0.0174
  Epoch 10 [100/537] loss=0.0170 mask=0.0872 depth=0.0170
  Epoch 10 [110/537] loss=0.0164 mask=0.0846 depth=0.0164
  Epoch 10 [120/537] loss=0.0165 mask=0.0861 depth=0.0165
  Epoch 10 [130/537] loss=0.0166 mask=0.0829 depth=0.0166
  Epoch 10 [140/537] loss=0.0166 mask=0.0839 depth=0.0166
  Epoch 10 [150/537] loss=0.0159 mask=0.0821 depth=0.0159
  Epoch 10 [160/537] loss=0.0162 mask=0.0825 depth=0.0162
  Epoch 10 [170/537] loss=0.0161 mask=0.0818 depth=0.0161
  Epoch 10 [180/537] loss=0.0157 mask=0.0810 depth=0.0157
  Epoch 10 [190/537] loss=0.0155 mask=0.0796 depth=0.0155
  Epoch 10 [200/537] loss=0.0152 mask=0.0785 depth=0.0152
  Epoch 10 [210/537] loss=0.0147 mask=0.0778 depth=0.0147
  Epoch 10 [220/537] loss=0.0145 mask=0.0781 depth=0.0145
  Epoch 10 [230/537] loss=0.0144 mask=0.0766 depth=0.0144
  Epoch 10 [240/537] loss=0.0142 mask=0.0753 depth=0.0142
  Epoch 10 [250/537] loss=0.0140 mask=0.0764 depth=0.0140
  Epoch 10 [260/537] loss=0.0138 mask=0.0766 depth=0.0138
  Epoch 10 [270/537] loss=0.0137 mask=0.0768 depth=0.0137
  Epoch 10 [280/537] loss=0.0135 mask=0.0769 depth=0.0135
  Epoch 10 [290/537] loss=0.0132 mask=0.0769 depth=0.0132
  Epoch 10 [300/537] loss=0.0131 mask=0.0758 depth=0.0131
  Epoch 10 [310/537] loss=0.0128 mask=0.0754 depth=0.0128
  Epoch 10 [320/537] loss=0.0129 mask=0.0755 depth=0.0129
  Epoch 10 [330/537] loss=0.0127 mask=0.0757 depth=0.0127
  Epoch 10 [340/537] loss=0.0125 mask=0.0749 depth=0.0125
  Epoch 10 [350/537] loss=0.0124 mask=0.0739 depth=0.0124
  Epoch 10 [360/537] loss=0.0123 mask=0.0742 depth=0.0123
  Epoch 10 [370/537] loss=0.0124 mask=0.0742 depth=0.0124
  Epoch 10 [380/537] loss=0.0124 mask=0.0742 depth=0.0124
  Epoch 10 [390/537] loss=0.0123 mask=0.0740 depth=0.0123
  Epoch 10 [400/537] loss=0.0123 mask=0.0743 depth=0.0123
  Epoch 10 [410/537] loss=0.0121 mask=0.0747 depth=0.0121
  Epoch 10 [420/537] loss=0.0121 mask=0.0748 depth=0.0121
  Epoch 10 [430/537] loss=0.0119 mask=0.0757 depth=0.0119
  Epoch 10 [440/537] loss=0.0122 mask=0.0755 depth=0.0122
  Epoch 10 [450/537] loss=0.0121 mask=0.0752 depth=0.0121
  Epoch 10 [460/537] loss=0.0120 mask=0.0749 depth=0.0120
  Epoch 10 [470/537] loss=0.0119 mask=0.0757 depth=0.0119
  Epoch 10 [480/537] loss=0.0120 mask=0.0752 depth=0.0120
  Epoch 10 [490/537] loss=0.0120 mask=0.0756 depth=0.0120
  Epoch 10 [500/537] loss=0.0120 mask=0.0755 depth=0.0120
  Epoch 10 [510/537] loss=0.0119 mask=0.0754 depth=0.0119
  Epoch 10 [520/537] loss=0.0118 mask=0.0757 depth=0.0118
  Epoch 10 [530/537] loss=0.0117 mask=0.0762 depth=0.0117
  Train: loss=0.0126 mask=0.0781 depth=0.0126 time=297.0s
  Val epoch 10: loss=0.0494

=== Phase2 Epoch 11/49 ===
  Epoch 11 [10/537] loss=0.0100 mask=0.0947 depth=0.0100
  Epoch 11 [20/537] loss=0.0124 mask=0.0825 depth=0.0124
  Epoch 11 [30/537] loss=0.0117 mask=0.0851 depth=0.0117
  Epoch 11 [40/537] loss=0.0109 mask=0.0814 depth=0.0109
  Epoch 11 [50/537] loss=0.0104 mask=0.0760 depth=0.0104
  Epoch 11 [60/537] loss=0.0096 mask=0.0774 depth=0.0096
  Epoch 11 [70/537] loss=0.0098 mask=0.0750 depth=0.0098
  Epoch 11 [80/537] loss=0.0094 mask=0.0757 depth=0.0094
  Epoch 11 [90/537] loss=0.0094 mask=0.0843 depth=0.0094
  Epoch 11 [100/537] loss=0.0090 mask=0.0819 depth=0.0090
  Epoch 11 [110/537] loss=0.0091 mask=0.0798 depth=0.0091
  Epoch 11 [120/537] loss=0.0086 mask=0.0770 depth=0.0086
  Epoch 11 [130/537] loss=0.0086 mask=0.0750 depth=0.0086
  Epoch 11 [140/537] loss=0.0087 mask=0.0727 depth=0.0087
  Epoch 11 [150/537] loss=0.0089 mask=0.0724 depth=0.0089
  Epoch 11 [160/537] loss=0.0089 mask=0.0732 depth=0.0089
  Epoch 11 [170/537] loss=0.0091 mask=0.0750 depth=0.0091
  Epoch 11 [180/537] loss=0.0091 mask=0.0767 depth=0.0091
  Epoch 11 [190/537] loss=0.0092 mask=0.0772 depth=0.0092
  Epoch 11 [200/537] loss=0.0090 mask=0.0786 depth=0.0090
  Epoch 11 [210/537] loss=0.0088 mask=0.0795 depth=0.0088
  Epoch 11 [220/537] loss=0.0087 mask=0.0795 depth=0.0087
  Epoch 11 [230/537] loss=0.0086 mask=0.0798 depth=0.0086
  Epoch 11 [240/537] loss=0.0086 mask=0.0809 depth=0.0086
  Epoch 11 [250/537] loss=0.0086 mask=0.0813 depth=0.0086
  Epoch 11 [260/537] loss=0.0085 mask=0.0821 depth=0.0085
  Epoch 11 [270/537] loss=0.0084 mask=0.0812 depth=0.0084
  Epoch 11 [280/537] loss=0.0082 mask=0.0812 depth=0.0082
  Epoch 11 [290/537] loss=0.0083 mask=0.0809 depth=0.0083
  Epoch 11 [300/537] loss=0.0087 mask=0.0801 depth=0.0087
  Epoch 11 [310/537] loss=0.0087 mask=0.0791 depth=0.0087
  Epoch 11 [320/537] loss=0.0087 mask=0.0790 depth=0.0087
  Epoch 11 [330/537] loss=0.0087 mask=0.0782 depth=0.0087
  Epoch 11 [340/537] loss=0.0087 mask=0.0774 depth=0.0087
  Epoch 11 [350/537] loss=0.0087 mask=0.0782 depth=0.0087
  Epoch 11 [360/537] loss=0.0087 mask=0.0775 depth=0.0087
  Epoch 11 [370/537] loss=0.0086 mask=0.0769 depth=0.0086
  Epoch 11 [380/537] loss=0.0086 mask=0.0774 depth=0.0086
  Epoch 11 [390/537] loss=0.0086 mask=0.0772 depth=0.0086
  Epoch 11 [400/537] loss=0.0086 mask=0.0777 depth=0.0086
  Epoch 11 [410/537] loss=0.0086 mask=0.0775 depth=0.0086
  Epoch 11 [420/537] loss=0.0086 mask=0.0775 depth=0.0086
  Epoch 11 [430/537] loss=0.0086 mask=0.0775 depth=0.0086
  Epoch 11 [440/537] loss=0.0085 mask=0.0778 depth=0.0085
  Epoch 11 [450/537] loss=0.0084 mask=0.0779 depth=0.0084
  Epoch 11 [460/537] loss=0.0084 mask=0.0777 depth=0.0084
  Epoch 11 [470/537] loss=0.0084 mask=0.0775 depth=0.0084
  Epoch 11 [480/537] loss=0.0083 mask=0.0771 depth=0.0083
  Epoch 11 [490/537] loss=0.0084 mask=0.0766 depth=0.0084
  Epoch 11 [500/537] loss=0.0084 mask=0.0760 depth=0.0084
  Epoch 11 [510/537] loss=0.0086 mask=0.0760 depth=0.0086
  Epoch 11 [520/537] loss=0.0089 mask=0.0760 depth=0.0089
  Epoch 11 [530/537] loss=0.0089 mask=0.0756 depth=0.0089
  Train: loss=0.0090 mask=0.0775 depth=0.0090 time=291.5s
  Val epoch 11: loss=0.0478

=== Phase2 Epoch 12/49 ===
  Epoch 12 [10/537] loss=0.0084 mask=0.0934 depth=0.0084
  Epoch 12 [20/537] loss=0.0062 mask=0.0987 depth=0.0062
  Epoch 12 [30/537] loss=0.0052 mask=0.0988 depth=0.0052
  Epoch 12 [40/537] loss=0.0054 mask=0.1019 depth=0.0054
  Epoch 12 [50/537] loss=0.0064 mask=0.0904 depth=0.0064
  Epoch 12 [60/537] loss=0.0067 mask=0.0854 depth=0.0067
  Epoch 12 [70/537] loss=0.0067 mask=0.0830 depth=0.0067
  Epoch 12 [80/537] loss=0.0063 mask=0.0777 depth=0.0063
  Epoch 12 [90/537] loss=0.0069 mask=0.0778 depth=0.0069
  Epoch 12 [100/537] loss=0.0070 mask=0.0786 depth=0.0070
  Epoch 12 [110/537] loss=0.0071 mask=0.0794 depth=0.0071
  Epoch 12 [120/537] loss=0.0068 mask=0.0776 depth=0.0068
  Epoch 12 [130/537] loss=0.0068 mask=0.0792 depth=0.0068
  Epoch 12 [140/537] loss=0.0068 mask=0.0836 depth=0.0068
  Epoch 12 [150/537] loss=0.0067 mask=0.0811 depth=0.0067
  Epoch 12 [160/537] loss=0.0067 mask=0.0795 depth=0.0067
  Epoch 12 [170/537] loss=0.0065 mask=0.0799 depth=0.0065
  Epoch 12 [180/537] loss=0.0066 mask=0.0788 depth=0.0066
  Epoch 12 [190/537] loss=0.0067 mask=0.0819 depth=0.0067
  Epoch 12 [200/537] loss=0.0066 mask=0.0825 depth=0.0066
  Epoch 12 [210/537] loss=0.0067 mask=0.0827 depth=0.0067
  Epoch 12 [220/537] loss=0.0067 mask=0.0814 depth=0.0067
  Epoch 12 [230/537] loss=0.0067 mask=0.0815 depth=0.0067
  Epoch 12 [240/537] loss=0.0066 mask=0.0807 depth=0.0066
  Epoch 12 [250/537] loss=0.0066 mask=0.0817 depth=0.0066
  Epoch 12 [260/537] loss=0.0066 mask=0.0816 depth=0.0066
  Epoch 12 [270/537] loss=0.0068 mask=0.0813 depth=0.0068
  Epoch 12 [280/537] loss=0.0070 mask=0.0823 depth=0.0070
  Epoch 12 [290/537] loss=0.0069 mask=0.0821 depth=0.0069
  Epoch 12 [300/537] loss=0.0069 mask=0.0817 depth=0.0069
  Epoch 12 [310/537] loss=0.0069 mask=0.0821 depth=0.0069
  Epoch 12 [320/537] loss=0.0070 mask=0.0816 depth=0.0070
  Epoch 12 [330/537] loss=0.0070 mask=0.0817 depth=0.0070
  Epoch 12 [340/537] loss=0.0070 mask=0.0810 depth=0.0070
  Epoch 12 [350/537] loss=0.0069 mask=0.0799 depth=0.0069
  Epoch 12 [360/537] loss=0.0071 mask=0.0792 depth=0.0071
  Epoch 12 [370/537] loss=0.0070 mask=0.0788 depth=0.0070
  Epoch 12 [380/537] loss=0.0071 mask=0.0781 depth=0.0071
  Epoch 12 [390/537] loss=0.0072 mask=0.0778 depth=0.0072
  Epoch 12 [400/537] loss=0.0073 mask=0.0774 depth=0.0073
  Epoch 12 [410/537] loss=0.0073 mask=0.0767 depth=0.0073
  Epoch 12 [420/537] loss=0.0073 mask=0.0768 depth=0.0073
  Epoch 12 [430/537] loss=0.0072 mask=0.0764 depth=0.0072
  Epoch 12 [440/537] loss=0.0072 mask=0.0758 depth=0.0072
  Epoch 12 [450/537] loss=0.0072 mask=0.0758 depth=0.0072
  Epoch 12 [460/537] loss=0.0072 mask=0.0753 depth=0.0072
  Epoch 12 [470/537] loss=0.0072 mask=0.0750 depth=0.0072
  Epoch 12 [480/537] loss=0.0072 mask=0.0744 depth=0.0072
  Epoch 12 [490/537] loss=0.0071 mask=0.0743 depth=0.0071
  Epoch 12 [500/537] loss=0.0071 mask=0.0748 depth=0.0071
  Epoch 12 [510/537] loss=0.0072 mask=0.0752 depth=0.0072
  Epoch 12 [520/537] loss=0.0072 mask=0.0753 depth=0.0072
  Epoch 12 [530/537] loss=0.0072 mask=0.0755 depth=0.0072
  Train: loss=0.0079 mask=0.0774 depth=0.0079 time=288.1s
  Val epoch 12: loss=0.0432
  Saved best phase2 model (val_loss=0.0432)

=== Phase2 Epoch 13/49 ===
  Epoch 13 [10/537] loss=0.0044 mask=0.0646 depth=0.0044
  Epoch 13 [20/537] loss=0.0058 mask=0.0745 depth=0.0058
  Epoch 13 [30/537] loss=0.0056 mask=0.0718 depth=0.0056
  Epoch 13 [40/537] loss=0.0069 mask=0.0786 depth=0.0069
  Epoch 13 [50/537] loss=0.0066 mask=0.0711 depth=0.0066
  Epoch 13 [60/537] loss=0.0075 mask=0.0720 depth=0.0075
  Epoch 13 [70/537] loss=0.0073 mask=0.0723 depth=0.0073
  Epoch 13 [80/537] loss=0.0071 mask=0.0713 depth=0.0071
  Epoch 13 [90/537] loss=0.0070 mask=0.0740 depth=0.0070
  Epoch 13 [100/537] loss=0.0069 mask=0.0736 depth=0.0069
  Epoch 13 [110/537] loss=0.0070 mask=0.0722 depth=0.0070
  Epoch 13 [120/537] loss=0.0070 mask=0.0717 depth=0.0070
  Epoch 13 [130/537] loss=0.0070 mask=0.0712 depth=0.0070
  Epoch 13 [140/537] loss=0.0069 mask=0.0727 depth=0.0069
  Epoch 13 [150/537] loss=0.0067 mask=0.0724 depth=0.0067
  Epoch 13 [160/537] loss=0.0067 mask=0.0718 depth=0.0067
  Epoch 13 [170/537] loss=0.0066 mask=0.0708 depth=0.0066
  Epoch 13 [180/537] loss=0.0065 mask=0.0693 depth=0.0065
  Epoch 13 [190/537] loss=0.0063 mask=0.0683 depth=0.0063
  Epoch 13 [200/537] loss=0.0064 mask=0.0680 depth=0.0064
  Epoch 13 [210/537] loss=0.0064 mask=0.0687 depth=0.0064
  Epoch 13 [220/537] loss=0.0064 mask=0.0690 depth=0.0064
  Epoch 13 [230/537] loss=0.0064 mask=0.0690 depth=0.0064
  Epoch 13 [240/537] loss=0.0063 mask=0.0693 depth=0.0063
  Epoch 13 [250/537] loss=0.0063 mask=0.0683 depth=0.0063
  Epoch 13 [260/537] loss=0.0064 mask=0.0693 depth=0.0064
  Epoch 13 [270/537] loss=0.0063 mask=0.0696 depth=0.0063
  Epoch 13 [280/537] loss=0.0063 mask=0.0712 depth=0.0063
  Epoch 13 [290/537] loss=0.0063 mask=0.0719 depth=0.0063
  Epoch 13 [300/537] loss=0.0063 mask=0.0719 depth=0.0063
  Epoch 13 [310/537] loss=0.0063 mask=0.0716 depth=0.0063
  Epoch 13 [320/537] loss=0.0063 mask=0.0719 depth=0.0063
  Epoch 13 [330/537] loss=0.0063 mask=0.0717 depth=0.0063
  Epoch 13 [340/537] loss=0.0064 mask=0.0718 depth=0.0064
  Epoch 13 [350/537] loss=0.0064 mask=0.0722 depth=0.0064
  Epoch 13 [360/537] loss=0.0064 mask=0.0726 depth=0.0064
  Epoch 13 [370/537] loss=0.0064 mask=0.0729 depth=0.0064
  Epoch 13 [380/537] loss=0.0064 mask=0.0743 depth=0.0064
  Epoch 13 [390/537] loss=0.0064 mask=0.0740 depth=0.0064
  Epoch 13 [400/537] loss=0.0064 mask=0.0734 depth=0.0064
  Epoch 13 [410/537] loss=0.0064 mask=0.0737 depth=0.0064
  Epoch 13 [420/537] loss=0.0064 mask=0.0739 depth=0.0064
  Epoch 13 [430/537] loss=0.0064 mask=0.0747 depth=0.0064
  Epoch 13 [440/537] loss=0.0064 mask=0.0749 depth=0.0064
  Epoch 13 [450/537] loss=0.0064 mask=0.0763 depth=0.0064
  Epoch 13 [460/537] loss=0.0063 mask=0.0762 depth=0.0063
  Epoch 13 [470/537] loss=0.0063 mask=0.0761 depth=0.0063
  Epoch 13 [480/537] loss=0.0063 mask=0.0763 depth=0.0063
  Epoch 13 [490/537] loss=0.0062 mask=0.0767 depth=0.0062
  Epoch 13 [500/537] loss=0.0062 mask=0.0762 depth=0.0062
  Epoch 13 [510/537] loss=0.0062 mask=0.0762 depth=0.0062
  Epoch 13 [520/537] loss=0.0062 mask=0.0763 depth=0.0062
  Epoch 13 [530/537] loss=0.0062 mask=0.0760 depth=0.0062
  Train: loss=0.0062 mask=0.0775 depth=0.0062 time=286.0s
  Val epoch 13: loss=0.0392
  Saved best phase2 model (val_loss=0.0392)

=== Phase2 Epoch 14/49 ===
  Epoch 14 [10/537] loss=0.0056 mask=0.0924 depth=0.0056
  Epoch 14 [20/537] loss=0.0044 mask=0.0793 depth=0.0044
  Epoch 14 [30/537] loss=0.0047 mask=0.0757 depth=0.0047
  Epoch 14 [40/537] loss=0.0047 mask=0.0797 depth=0.0047
  Epoch 14 [50/537] loss=0.0048 mask=0.0824 depth=0.0048
  Epoch 14 [60/537] loss=0.0059 mask=0.0855 depth=0.0059
  Epoch 14 [70/537] loss=0.0059 mask=0.0853 depth=0.0059
  Epoch 14 [80/537] loss=0.0058 mask=0.0835 depth=0.0058
  Epoch 14 [90/537] loss=0.0063 mask=0.0816 depth=0.0063
  Epoch 14 [100/537] loss=0.0061 mask=0.0803 depth=0.0061
  Epoch 14 [110/537] loss=0.0061 mask=0.0783 depth=0.0061
  Epoch 14 [120/537] loss=0.0060 mask=0.0785 depth=0.0060
  Epoch 14 [130/537] loss=0.0061 mask=0.0754 depth=0.0061
  Epoch 14 [140/537] loss=0.0059 mask=0.0744 depth=0.0059
  Epoch 14 [150/537] loss=0.0058 mask=0.0756 depth=0.0058
  Epoch 14 [160/537] loss=0.0058 mask=0.0769 depth=0.0058
  Epoch 14 [170/537] loss=0.0057 mask=0.0752 depth=0.0057
  Epoch 14 [180/537] loss=0.0057 mask=0.0746 depth=0.0057
  Epoch 14 [190/537] loss=0.0056 mask=0.0743 depth=0.0056
  Epoch 14 [200/537] loss=0.0056 mask=0.0740 depth=0.0056
  Epoch 14 [210/537] loss=0.0057 mask=0.0766 depth=0.0057
  Epoch 14 [220/537] loss=0.0057 mask=0.0771 depth=0.0057
  Epoch 14 [230/537] loss=0.0056 mask=0.0773 depth=0.0056
  Epoch 14 [240/537] loss=0.0056 mask=0.0783 depth=0.0056
  Epoch 14 [250/537] loss=0.0055 mask=0.0769 depth=0.0055
  Epoch 14 [260/537] loss=0.0055 mask=0.0761 depth=0.0055
  Epoch 14 [270/537] loss=0.0055 mask=0.0761 depth=0.0055
  Epoch 14 [280/537] loss=0.0055 mask=0.0749 depth=0.0055
  Epoch 14 [290/537] loss=0.0055 mask=0.0741 depth=0.0055
  Epoch 14 [300/537] loss=0.0055 mask=0.0745 depth=0.0055
  Epoch 14 [310/537] loss=0.0056 mask=0.0760 depth=0.0056
  Epoch 14 [320/537] loss=0.0055 mask=0.0757 depth=0.0055
  Epoch 14 [330/537] loss=0.0055 mask=0.0758 depth=0.0055
  Epoch 14 [340/537] loss=0.0054 mask=0.0763 depth=0.0054
  Epoch 14 [350/537] loss=0.0054 mask=0.0759 depth=0.0054
  Epoch 14 [360/537] loss=0.0054 mask=0.0762 depth=0.0054
  Epoch 14 [370/537] loss=0.0054 mask=0.0754 depth=0.0054
  Epoch 14 [380/537] loss=0.0054 mask=0.0760 depth=0.0054
  Epoch 14 [390/537] loss=0.0053 mask=0.0759 depth=0.0053
  Epoch 14 [400/537] loss=0.0053 mask=0.0758 depth=0.0053
  Epoch 14 [410/537] loss=0.0053 mask=0.0767 depth=0.0053
  Epoch 14 [420/537] loss=0.0054 mask=0.0765 depth=0.0054
  Epoch 14 [430/537] loss=0.0054 mask=0.0765 depth=0.0054
  Epoch 14 [440/537] loss=0.0054 mask=0.0766 depth=0.0054
  Epoch 14 [450/537] loss=0.0054 mask=0.0761 depth=0.0054
  Epoch 14 [460/537] loss=0.0054 mask=0.0764 depth=0.0054
  Epoch 14 [470/537] loss=0.0054 mask=0.0764 depth=0.0054
  Epoch 14 [480/537] loss=0.0054 mask=0.0767 depth=0.0054
  Epoch 14 [490/537] loss=0.0055 mask=0.0775 depth=0.0055
  Epoch 14 [500/537] loss=0.0054 mask=0.0773 depth=0.0054
  Epoch 14 [510/537] loss=0.0056 mask=0.0768 depth=0.0056
  Epoch 14 [520/537] loss=0.0056 mask=0.0767 depth=0.0056
  Epoch 14 [530/537] loss=0.0055 mask=0.0761 depth=0.0055
  Train: loss=0.0072 mask=0.0775 depth=0.0072 time=283.1s
  Val epoch 14: loss=0.0416

=== Phase2 Epoch 15/49 ===
  Epoch 15 [10/537] loss=0.0091 mask=0.0590 depth=0.0091
  Epoch 15 [20/537] loss=0.0084 mask=0.0671 depth=0.0084
  Epoch 15 [30/537] loss=0.0075 mask=0.0737 depth=0.0075
  Epoch 15 [40/537] loss=0.0065 mask=0.0744 depth=0.0065
  Epoch 15 [50/537] loss=0.0064 mask=0.0785 depth=0.0064
  Epoch 15 [60/537] loss=0.0062 mask=0.0780 depth=0.0062
  Epoch 15 [70/537] loss=0.0060 mask=0.0777 depth=0.0060
  Epoch 15 [80/537] loss=0.0059 mask=0.0765 depth=0.0059
  Epoch 15 [90/537] loss=0.0058 mask=0.0751 depth=0.0058
  Epoch 15 [100/537] loss=0.0057 mask=0.0722 depth=0.0057
  Epoch 15 [110/537] loss=0.0058 mask=0.0722 depth=0.0058
  Epoch 15 [120/537] loss=0.0058 mask=0.0709 depth=0.0058
  Epoch 15 [130/537] loss=0.0059 mask=0.0705 depth=0.0059
  Epoch 15 [140/537] loss=0.0059 mask=0.0720 depth=0.0059
  Epoch 15 [150/537] loss=0.0059 mask=0.0706 depth=0.0059
  Epoch 15 [160/537] loss=0.0059 mask=0.0719 depth=0.0059
  Epoch 15 [170/537] loss=0.0058 mask=0.0716 depth=0.0058
  Epoch 15 [180/537] loss=0.0058 mask=0.0713 depth=0.0058
  Epoch 15 [190/537] loss=0.0058 mask=0.0703 depth=0.0058
  Epoch 15 [200/537] loss=0.0059 mask=0.0703 depth=0.0059
  Epoch 15 [210/537] loss=0.0059 mask=0.0706 depth=0.0059
  Epoch 15 [220/537] loss=0.0058 mask=0.0720 depth=0.0058
  Epoch 15 [230/537] loss=0.0058 mask=0.0712 depth=0.0058
  Epoch 15 [240/537] loss=0.0057 mask=0.0708 depth=0.0057
  Epoch 15 [250/537] loss=0.0058 mask=0.0712 depth=0.0058
  Epoch 15 [260/537] loss=0.0058 mask=0.0718 depth=0.0058
  Epoch 15 [270/537] loss=0.0058 mask=0.0714 depth=0.0058
  Epoch 15 [280/537] loss=0.0058 mask=0.0705 depth=0.0058
  Epoch 15 [290/537] loss=0.0058 mask=0.0717 depth=0.0058
  Epoch 15 [300/537] loss=0.0060 mask=0.0719 depth=0.0060
  Epoch 15 [310/537] loss=0.0059 mask=0.0719 depth=0.0059
  Epoch 15 [320/537] loss=0.0059 mask=0.0719 depth=0.0059
  Epoch 15 [330/537] loss=0.0059 mask=0.0731 depth=0.0059
  Epoch 15 [340/537] loss=0.0059 mask=0.0734 depth=0.0059
  Epoch 15 [350/537] loss=0.0058 mask=0.0738 depth=0.0058
  Epoch 15 [360/537] loss=0.0058 mask=0.0734 depth=0.0058
  Epoch 15 [370/537] loss=0.0058 mask=0.0724 depth=0.0058
  Epoch 15 [380/537] loss=0.0058 mask=0.0725 depth=0.0058
  Epoch 15 [390/537] loss=0.0058 mask=0.0731 depth=0.0058
  Epoch 15 [400/537] loss=0.0058 mask=0.0733 depth=0.0058
  Epoch 15 [410/537] loss=0.0058 mask=0.0731 depth=0.0058
  Epoch 15 [420/537] loss=0.0057 mask=0.0725 depth=0.0057
  Epoch 15 [430/537] loss=0.0058 mask=0.0730 depth=0.0058
  Epoch 15 [440/537] loss=0.0058 mask=0.0728 depth=0.0058
  Epoch 15 [450/537] loss=0.0057 mask=0.0725 depth=0.0057
  Epoch 15 [460/537] loss=0.0057 mask=0.0721 depth=0.0057
  Epoch 15 [470/537] loss=0.0057 mask=0.0724 depth=0.0057
  Epoch 15 [480/537] loss=0.0057 mask=0.0730 depth=0.0057
  Epoch 15 [490/537] loss=0.0057 mask=0.0728 depth=0.0057
  Epoch 15 [500/537] loss=0.0056 mask=0.0736 depth=0.0056
  Epoch 15 [510/537] loss=0.0056 mask=0.0739 depth=0.0056
  Epoch 15 [520/537] loss=0.0057 mask=0.0744 depth=0.0057
  Epoch 15 [530/537] loss=0.0057 mask=0.0749 depth=0.0057
  Train: loss=0.0057 mask=0.0775 depth=0.0057 time=292.3s
  Val epoch 15: loss=0.0423

=== Phase2 Epoch 16/49 ===
  Epoch 16 [10/537] loss=0.0053 mask=0.0975 depth=0.0053
  Epoch 16 [20/537] loss=0.0049 mask=0.0763 depth=0.0049
  Epoch 16 [30/537] loss=0.0055 mask=0.0708 depth=0.0055
  Epoch 16 [40/537] loss=0.0049 mask=0.0722 depth=0.0049
  Epoch 16 [50/537] loss=0.0047 mask=0.0790 depth=0.0047
  Epoch 16 [60/537] loss=0.0050 mask=0.0758 depth=0.0050
  Epoch 16 [70/537] loss=0.0048 mask=0.0758 depth=0.0048
  Epoch 16 [80/537] loss=0.0045 mask=0.0818 depth=0.0045
  Epoch 16 [90/537] loss=0.0045 mask=0.0782 depth=0.0045
  Epoch 16 [100/537] loss=0.0047 mask=0.0766 depth=0.0047
  Epoch 16 [110/537] loss=0.0047 mask=0.0744 depth=0.0047
  Epoch 16 [120/537] loss=0.0045 mask=0.0719 depth=0.0045
  Epoch 16 [130/537] loss=0.0045 mask=0.0717 depth=0.0045
  Epoch 16 [140/537] loss=0.0045 mask=0.0744 depth=0.0045
  Epoch 16 [150/537] loss=0.0045 mask=0.0757 depth=0.0045
  Epoch 16 [160/537] loss=0.0045 mask=0.0783 depth=0.0045
  Epoch 16 [170/537] loss=0.0046 mask=0.0801 depth=0.0046
  Epoch 16 [180/537] loss=0.0046 mask=0.0782 depth=0.0046
  Epoch 16 [190/537] loss=0.0046 mask=0.0796 depth=0.0046
  Epoch 16 [200/537] loss=0.0046 mask=0.0790 depth=0.0046
  Epoch 16 [210/537] loss=0.0046 mask=0.0787 depth=0.0046
  Epoch 16 [220/537] loss=0.0046 mask=0.0771 depth=0.0046
  Epoch 16 [230/537] loss=0.0045 mask=0.0764 depth=0.0045
  Epoch 16 [240/537] loss=0.0047 mask=0.0763 depth=0.0047
  Epoch 16 [250/537] loss=0.0046 mask=0.0752 depth=0.0046
  Epoch 16 [260/537] loss=0.0046 mask=0.0747 depth=0.0046
  Epoch 16 [270/537] loss=0.0047 mask=0.0754 depth=0.0047
  Epoch 16 [280/537] loss=0.0047 mask=0.0755 depth=0.0047
  Epoch 16 [290/537] loss=0.0047 mask=0.0759 depth=0.0047
  Epoch 16 [300/537] loss=0.0047 mask=0.0768 depth=0.0047
  Epoch 16 [310/537] loss=0.0047 mask=0.0772 depth=0.0047
  Epoch 16 [320/537] loss=0.0047 mask=0.0773 depth=0.0047
  Epoch 16 [330/537] loss=0.0048 mask=0.0779 depth=0.0048
  Epoch 16 [340/537] loss=0.0047 mask=0.0779 depth=0.0047
  Epoch 16 [350/537] loss=0.0048 mask=0.0774 depth=0.0048
  Epoch 16 [360/537] loss=0.0048 mask=0.0775 depth=0.0048
  Epoch 16 [370/537] loss=0.0048 mask=0.0768 depth=0.0048
  Epoch 16 [380/537] loss=0.0047 mask=0.0765 depth=0.0047
  Epoch 16 [390/537] loss=0.0047 mask=0.0769 depth=0.0047
  Epoch 16 [400/537] loss=0.0047 mask=0.0768 depth=0.0047
  Epoch 16 [410/537] loss=0.0047 mask=0.0768 depth=0.0047
  Epoch 16 [420/537] loss=0.0047 mask=0.0767 depth=0.0047
  Epoch 16 [430/537] loss=0.0047 mask=0.0765 depth=0.0047
  Epoch 16 [440/537] loss=0.0047 mask=0.0761 depth=0.0047
  Epoch 16 [450/537] loss=0.0046 mask=0.0766 depth=0.0046
  Epoch 16 [460/537] loss=0.0046 mask=0.0760 depth=0.0046
  Epoch 16 [470/537] loss=0.0047 mask=0.0757 depth=0.0047
  Epoch 16 [480/537] loss=0.0046 mask=0.0752 depth=0.0046
  Epoch 16 [490/537] loss=0.0046 mask=0.0765 depth=0.0046
  Epoch 16 [500/537] loss=0.0046 mask=0.0765 depth=0.0046
  Epoch 16 [510/537] loss=0.0046 mask=0.0762 depth=0.0046
  Epoch 16 [520/537] loss=0.0046 mask=0.0762 depth=0.0046
  Epoch 16 [530/537] loss=0.0046 mask=0.0760 depth=0.0046
  Train: loss=0.0048 mask=0.0776 depth=0.0048 time=296.3s
  Val epoch 16: loss=0.0356
  Saved best phase2 model (val_loss=0.0356)

=== Phase2 Epoch 17/49 ===
  Epoch 17 [10/537] loss=0.0101 mask=0.0944 depth=0.0101
  Epoch 17 [20/537] loss=0.0072 mask=0.0716 depth=0.0072
  Epoch 17 [30/537] loss=0.0064 mask=0.0908 depth=0.0064
  Epoch 17 [40/537] loss=0.0057 mask=0.0795 depth=0.0057
  Epoch 17 [50/537] loss=0.0066 mask=0.0864 depth=0.0066
  Epoch 17 [60/537] loss=0.0062 mask=0.0822 depth=0.0062
  Epoch 17 [70/537] loss=0.0059 mask=0.0831 depth=0.0059
  Epoch 17 [80/537] loss=0.0057 mask=0.0821 depth=0.0057
  Epoch 17 [90/537] loss=0.0057 mask=0.0809 depth=0.0057
  Epoch 17 [100/537] loss=0.0059 mask=0.0803 depth=0.0059
  Epoch 17 [110/537] loss=0.0056 mask=0.0826 depth=0.0056
  Epoch 17 [120/537] loss=0.0055 mask=0.0809 depth=0.0055
  Epoch 17 [130/537] loss=0.0056 mask=0.0784 depth=0.0056
  Epoch 17 [140/537] loss=0.0055 mask=0.0783 depth=0.0055
  Epoch 17 [150/537] loss=0.0056 mask=0.0766 depth=0.0056
  Epoch 17 [160/537] loss=0.0055 mask=0.0766 depth=0.0055
  Epoch 17 [170/537] loss=0.0058 mask=0.0776 depth=0.0058
  Epoch 17 [180/537] loss=0.0057 mask=0.0769 depth=0.0057
  Epoch 17 [190/537] loss=0.0059 mask=0.0763 depth=0.0059
  Epoch 17 [200/537] loss=0.0059 mask=0.0759 depth=0.0059
  Epoch 17 [210/537] loss=0.0059 mask=0.0758 depth=0.0059
  Epoch 17 [220/537] loss=0.0059 mask=0.0764 depth=0.0059
  Epoch 17 [230/537] loss=0.0059 mask=0.0766 depth=0.0059
  Epoch 17 [240/537] loss=0.0059 mask=0.0754 depth=0.0059
  Epoch 17 [250/537] loss=0.0058 mask=0.0744 depth=0.0058
  Epoch 17 [260/537] loss=0.0057 mask=0.0738 depth=0.0057
  Epoch 17 [270/537] loss=0.0056 mask=0.0757 depth=0.0056
  Epoch 17 [280/537] loss=0.0055 mask=0.0757 depth=0.0055
  Epoch 17 [290/537] loss=0.0056 mask=0.0756 depth=0.0056
  Epoch 17 [300/537] loss=0.0056 mask=0.0750 depth=0.0056
  Epoch 17 [310/537] loss=0.0056 mask=0.0744 depth=0.0056
  Epoch 17 [320/537] loss=0.0057 mask=0.0751 depth=0.0057
  Epoch 17 [330/537] loss=0.0057 mask=0.0757 depth=0.0057
  Epoch 17 [340/537] loss=0.0056 mask=0.0756 depth=0.0056
  Epoch 17 [350/537] loss=0.0056 mask=0.0758 depth=0.0056
  Epoch 17 [360/537] loss=0.0055 mask=0.0764 depth=0.0055
  Epoch 17 [370/537] loss=0.0054 mask=0.0761 depth=0.0054
  Epoch 17 [380/537] loss=0.0053 mask=0.0767 depth=0.0053
  Epoch 17 [390/537] loss=0.0053 mask=0.0773 depth=0.0053
  Epoch 17 [400/537] loss=0.0053 mask=0.0768 depth=0.0053
  Epoch 17 [410/537] loss=0.0053 mask=0.0766 depth=0.0053
  Epoch 17 [420/537] loss=0.0052 mask=0.0774 depth=0.0052
  Epoch 17 [430/537] loss=0.0052 mask=0.0771 depth=0.0052
  Epoch 17 [440/537] loss=0.0052 mask=0.0766 depth=0.0052
  Epoch 17 [450/537] loss=0.0052 mask=0.0761 depth=0.0052
  Epoch 17 [460/537] loss=0.0052 mask=0.0769 depth=0.0052
  Epoch 17 [470/537] loss=0.0052 mask=0.0772 depth=0.0052
  Epoch 17 [480/537] loss=0.0052 mask=0.0767 depth=0.0052
  Epoch 17 [490/537] loss=0.0052 mask=0.0766 depth=0.0052
  Epoch 17 [500/537] loss=0.0052 mask=0.0766 depth=0.0052
  Epoch 17 [510/537] loss=0.0052 mask=0.0758 depth=0.0052
  Epoch 17 [520/537] loss=0.0051 mask=0.0755 depth=0.0051
  Epoch 17 [530/537] loss=0.0052 mask=0.0753 depth=0.0052
  Train: loss=0.0054 mask=0.0770 depth=0.0054 time=297.6s
  Val epoch 17: loss=0.0376

=== Phase2 Epoch 18/49 ===
  Epoch 18 [10/537] loss=0.0030 mask=0.1023 depth=0.0030
  Epoch 18 [20/537] loss=0.0035 mask=0.1033 depth=0.0035
  Epoch 18 [30/537] loss=0.0036 mask=0.0886 depth=0.0036
  Epoch 18 [40/537] loss=0.0039 mask=0.0842 depth=0.0039
  Epoch 18 [50/537] loss=0.0065 mask=0.0811 depth=0.0065
  Epoch 18 [60/537] loss=0.0075 mask=0.0778 depth=0.0075
  Epoch 18 [70/537] loss=0.0073 mask=0.0755 depth=0.0073
  Epoch 18 [80/537] loss=0.0074 mask=0.0803 depth=0.0074
  Epoch 18 [90/537] loss=0.0071 mask=0.0821 depth=0.0071
  Epoch 18 [100/537] loss=0.0070 mask=0.0812 depth=0.0070
  Epoch 18 [110/537] loss=0.0083 mask=0.0800 depth=0.0083
  Epoch 18 [120/537] loss=0.0080 mask=0.0795 depth=0.0080
  Epoch 18 [130/537] loss=0.0087 mask=0.0777 depth=0.0087
  Epoch 18 [140/537] loss=0.0085 mask=0.0761 depth=0.0085
  Epoch 18 [150/537] loss=0.0092 mask=0.0768 depth=0.0092
  Epoch 18 [160/537] loss=0.0092 mask=0.0755 depth=0.0092
  Epoch 18 [170/537] loss=0.0097 mask=0.0742 depth=0.0097
  Epoch 18 [180/537] loss=0.0100 mask=0.0751 depth=0.0100
  Epoch 18 [190/537] loss=0.0102 mask=0.0743 depth=0.0102
  Epoch 18 [200/537] loss=0.0104 mask=0.0761 depth=0.0104
  Epoch 18 [210/537] loss=0.0104 mask=0.0751 depth=0.0104
  Epoch 18 [220/537] loss=0.0106 mask=0.0758 depth=0.0106
  Epoch 18 [230/537] loss=0.0105 mask=0.0759 depth=0.0105
  Epoch 18 [240/537] loss=0.0104 mask=0.0758 depth=0.0104
  Epoch 18 [250/537] loss=0.0121 mask=0.0757 depth=0.0121
  Epoch 18 [260/537] loss=0.0120 mask=0.0756 depth=0.0120
  Epoch 18 [270/537] loss=0.0134 mask=0.0750 depth=0.0134
  Epoch 18 [280/537] loss=0.0133 mask=0.0743 depth=0.0133
  Epoch 18 [290/537] loss=0.0132 mask=0.0742 depth=0.0132
  Epoch 18 [300/537] loss=0.0129 mask=0.0746 depth=0.0129
  Epoch 18 [310/537] loss=0.0127 mask=0.0751 depth=0.0127
  Epoch 18 [320/537] loss=0.0126 mask=0.0744 depth=0.0126
  Epoch 18 [330/537] loss=0.0128 mask=0.0737 depth=0.0128
  Epoch 18 [340/537] loss=0.0128 mask=0.0731 depth=0.0128
  Epoch 18 [350/537] loss=0.0126 mask=0.0738 depth=0.0126
  Epoch 18 [360/537] loss=0.0131 mask=0.0754 depth=0.0131
  Epoch 18 [370/537] loss=0.0131 mask=0.0755 depth=0.0131
  Epoch 18 [380/537] loss=0.0131 mask=0.0759 depth=0.0131
  Epoch 18 [390/537] loss=0.0131 mask=0.0765 depth=0.0131
  Epoch 18 [400/537] loss=0.0130 mask=0.0761 depth=0.0130
  Epoch 18 [410/537] loss=0.0129 mask=0.0757 depth=0.0129
  Epoch 18 [420/537] loss=0.0127 mask=0.0761 depth=0.0127
  Epoch 18 [430/537] loss=0.0128 mask=0.0759 depth=0.0128
  Epoch 18 [440/537] loss=0.0126 mask=0.0754 depth=0.0126
  Epoch 18 [450/537] loss=0.0125 mask=0.0747 depth=0.0125
  Epoch 18 [460/537] loss=0.0124 mask=0.0746 depth=0.0124
  Epoch 18 [470/537] loss=0.0122 mask=0.0753 depth=0.0122
  Epoch 18 [480/537] loss=0.0123 mask=0.0753 depth=0.0123
  Epoch 18 [490/537] loss=0.0121 mask=0.0752 depth=0.0121
  Epoch 18 [500/537] loss=0.0120 mask=0.0751 depth=0.0120
  Epoch 18 [510/537] loss=0.0119 mask=0.0745 depth=0.0119
  Epoch 18 [520/537] loss=0.0118 mask=0.0748 depth=0.0118
  Epoch 18 [530/537] loss=0.0118 mask=0.0754 depth=0.0118
  Train: loss=0.0122 mask=0.0774 depth=0.0122 time=294.7s
  Val epoch 18: loss=0.0556

=== Phase2 Epoch 19/49 ===
  Epoch 19 [10/537] loss=0.0067 mask=0.0622 depth=0.0067
  Epoch 19 [20/537] loss=0.0053 mask=0.0681 depth=0.0053
  Epoch 19 [30/537] loss=0.0050 mask=0.0682 depth=0.0050
  Epoch 19 [40/537] loss=0.0077 mask=0.0695 depth=0.0077
  Epoch 19 [50/537] loss=0.0074 mask=0.0653 depth=0.0074
  Epoch 19 [60/537] loss=0.0072 mask=0.0621 depth=0.0072
  Epoch 19 [70/537] loss=0.0069 mask=0.0656 depth=0.0069
  Epoch 19 [80/537] loss=0.0070 mask=0.0655 depth=0.0070
  Epoch 19 [90/537] loss=0.0069 mask=0.0632 depth=0.0069
  Epoch 19 [100/537] loss=0.0067 mask=0.0635 depth=0.0067
  Epoch 19 [110/537] loss=0.0067 mask=0.0640 depth=0.0067
  Epoch 19 [120/537] loss=0.0066 mask=0.0647 depth=0.0066
  Epoch 19 [130/537] loss=0.0064 mask=0.0674 depth=0.0064
  Epoch 19 [140/537] loss=0.0062 mask=0.0676 depth=0.0062
  Epoch 19 [150/537] loss=0.0062 mask=0.0677 depth=0.0062
  Epoch 19 [160/537] loss=0.0059 mask=0.0664 depth=0.0059
  Epoch 19 [170/537] loss=0.0058 mask=0.0677 depth=0.0058
  Epoch 19 [180/537] loss=0.0060 mask=0.0685 depth=0.0060
  Epoch 19 [190/537] loss=0.0060 mask=0.0684 depth=0.0060
  Epoch 19 [200/537] loss=0.0060 mask=0.0674 depth=0.0060
  Epoch 19 [210/537] loss=0.0061 mask=0.0690 depth=0.0061
  Epoch 19 [220/537] loss=0.0060 mask=0.0702 depth=0.0060
  Epoch 19 [230/537] loss=0.0060 mask=0.0701 depth=0.0060
  Epoch 19 [240/537] loss=0.0059 mask=0.0700 depth=0.0059
  Epoch 19 [250/537] loss=0.0058 mask=0.0695 depth=0.0058
  Epoch 19 [260/537] loss=0.0057 mask=0.0692 depth=0.0057
  Epoch 19 [270/537] loss=0.0058 mask=0.0714 depth=0.0058
  Epoch 19 [280/537] loss=0.0058 mask=0.0713 depth=0.0058
  Epoch 19 [290/537] loss=0.0059 mask=0.0721 depth=0.0059
  Epoch 19 [300/537] loss=0.0059 mask=0.0714 depth=0.0059
  Epoch 19 [310/537] loss=0.0059 mask=0.0713 depth=0.0059
  Epoch 19 [320/537] loss=0.0058 mask=0.0720 depth=0.0058
  Epoch 19 [330/537] loss=0.0058 mask=0.0726 depth=0.0058
  Epoch 19 [340/537] loss=0.0058 mask=0.0721 depth=0.0058
  Epoch 19 [350/537] loss=0.0058 mask=0.0727 depth=0.0058
  Epoch 19 [360/537] loss=0.0058 mask=0.0737 depth=0.0058
  Epoch 19 [370/537] loss=0.0057 mask=0.0741 depth=0.0057
  Epoch 19 [380/537] loss=0.0057 mask=0.0747 depth=0.0057
  Epoch 19 [390/537] loss=0.0057 mask=0.0745 depth=0.0057
  Epoch 19 [400/537] loss=0.0057 mask=0.0742 depth=0.0057
  Epoch 19 [410/537] loss=0.0056 mask=0.0739 depth=0.0056
  Epoch 19 [420/537] loss=0.0055 mask=0.0743 depth=0.0055
  Epoch 19 [430/537] loss=0.0055 mask=0.0748 depth=0.0055
  Epoch 19 [440/537] loss=0.0055 mask=0.0751 depth=0.0055
  Epoch 19 [450/537] loss=0.0054 mask=0.0744 depth=0.0054
  Epoch 19 [460/537] loss=0.0054 mask=0.0746 depth=0.0054
  Epoch 19 [470/537] loss=0.0054 mask=0.0744 depth=0.0054
  Epoch 19 [480/537] loss=0.0054 mask=0.0744 depth=0.0054
  Epoch 19 [490/537] loss=0.0053 mask=0.0744 depth=0.0053
  Epoch 19 [500/537] loss=0.0053 mask=0.0745 depth=0.0053
  Epoch 19 [510/537] loss=0.0053 mask=0.0751 depth=0.0053
  Epoch 19 [520/537] loss=0.0053 mask=0.0757 depth=0.0053
  Epoch 19 [530/537] loss=0.0053 mask=0.0757 depth=0.0053
  Train: loss=0.0058 mask=0.0774 depth=0.0058 time=288.0s
  Val epoch 19: loss=0.0454

=== Phase2 Epoch 20/49 ===
  Epoch 20 [10/537] loss=0.0036 mask=0.1050 depth=0.0036
  Epoch 20 [20/537] loss=0.0048 mask=0.0827 depth=0.0048
  Epoch 20 [30/537] loss=0.0044 mask=0.0785 depth=0.0044
  Epoch 20 [40/537] loss=0.0047 mask=0.0909 depth=0.0047
  Epoch 20 [50/537] loss=0.0044 mask=0.0877 depth=0.0044
  Epoch 20 [60/537] loss=0.0042 mask=0.0808 depth=0.0042
  Epoch 20 [70/537] loss=0.0042 mask=0.0778 depth=0.0042
  Epoch 20 [80/537] loss=0.0042 mask=0.0766 depth=0.0042
  Epoch 20 [90/537] loss=0.0041 mask=0.0736 depth=0.0041
  Epoch 20 [100/537] loss=0.0039 mask=0.0696 depth=0.0039
  Epoch 20 [110/537] loss=0.0038 mask=0.0693 depth=0.0038
  Epoch 20 [120/537] loss=0.0038 mask=0.0678 depth=0.0038
  Epoch 20 [130/537] loss=0.0039 mask=0.0682 depth=0.0039
  Epoch 20 [140/537] loss=0.0038 mask=0.0677 depth=0.0038
  Epoch 20 [150/537] loss=0.0038 mask=0.0696 depth=0.0038
  Epoch 20 [160/537] loss=0.0037 mask=0.0704 depth=0.0037
  Epoch 20 [170/537] loss=0.0036 mask=0.0716 depth=0.0036
  Epoch 20 [180/537] loss=0.0036 mask=0.0740 depth=0.0036
  Epoch 20 [190/537] loss=0.0036 mask=0.0749 depth=0.0036
  Epoch 20 [200/537] loss=0.0036 mask=0.0747 depth=0.0036
  Epoch 20 [210/537] loss=0.0036 mask=0.0788 depth=0.0036
  Epoch 20 [220/537] loss=0.0037 mask=0.0773 depth=0.0037
  Epoch 20 [230/537] loss=0.0037 mask=0.0779 depth=0.0037
  Epoch 20 [240/537] loss=0.0038 mask=0.0798 depth=0.0038
  Epoch 20 [250/537] loss=0.0038 mask=0.0796 depth=0.0038
  Epoch 20 [260/537] loss=0.0039 mask=0.0807 depth=0.0039
  Epoch 20 [270/537] loss=0.0038 mask=0.0811 depth=0.0038
  Epoch 20 [280/537] loss=0.0038 mask=0.0810 depth=0.0038
  Epoch 20 [290/537] loss=0.0038 mask=0.0810 depth=0.0038
  Epoch 20 [300/537] loss=0.0039 mask=0.0806 depth=0.0039
  Epoch 20 [310/537] loss=0.0039 mask=0.0794 depth=0.0039
  Epoch 20 [320/537] loss=0.0039 mask=0.0783 depth=0.0039
  Epoch 20 [330/537] loss=0.0039 mask=0.0774 depth=0.0039
  Epoch 20 [340/537] loss=0.0039 mask=0.0772 depth=0.0039
  Epoch 20 [350/537] loss=0.0039 mask=0.0768 depth=0.0039
  Epoch 20 [360/537] loss=0.0040 mask=0.0767 depth=0.0040
  Epoch 20 [370/537] loss=0.0039 mask=0.0773 depth=0.0039
  Epoch 20 [380/537] loss=0.0039 mask=0.0773 depth=0.0039
  Epoch 20 [390/537] loss=0.0039 mask=0.0770 depth=0.0039
  Epoch 20 [400/537] loss=0.0039 mask=0.0767 depth=0.0039
  Epoch 20 [410/537] loss=0.0039 mask=0.0761 depth=0.0039
  Epoch 20 [420/537] loss=0.0039 mask=0.0770 depth=0.0039
  Epoch 20 [430/537] loss=0.0039 mask=0.0766 depth=0.0039
  Epoch 20 [440/537] loss=0.0038 mask=0.0767 depth=0.0038
  Epoch 20 [450/537] loss=0.0039 mask=0.0760 depth=0.0039
  Epoch 20 [460/537] loss=0.0038 mask=0.0758 depth=0.0038
  Epoch 20 [470/537] loss=0.0039 mask=0.0756 depth=0.0039
  Epoch 20 [480/537] loss=0.0038 mask=0.0754 depth=0.0038
  Epoch 20 [490/537] loss=0.0038 mask=0.0759 depth=0.0038
  Epoch 20 [500/537] loss=0.0038 mask=0.0761 depth=0.0038
  Epoch 20 [510/537] loss=0.0038 mask=0.0761 depth=0.0038
  Epoch 20 [520/537] loss=0.0038 mask=0.0753 depth=0.0038
  Epoch 20 [530/537] loss=0.0038 mask=0.0757 depth=0.0038
  Train: loss=0.0060 mask=0.0773 depth=0.0060 time=287.8s
  Val epoch 20: loss=0.0454

=== Phase2 Epoch 21/49 ===
  Epoch 21 [10/537] loss=0.0036 mask=0.0593 depth=0.0036
  Epoch 21 [20/537] loss=0.0040 mask=0.0590 depth=0.0040
  Epoch 21 [30/537] loss=0.0040 mask=0.0732 depth=0.0040
  Epoch 21 [40/537] loss=0.0038 mask=0.0720 depth=0.0038
  Epoch 21 [50/537] loss=0.0037 mask=0.0695 depth=0.0037
  Epoch 21 [60/537] loss=0.0035 mask=0.0721 depth=0.0035
  Epoch 21 [70/537] loss=0.0034 mask=0.0724 depth=0.0034
  Epoch 21 [80/537] loss=0.0034 mask=0.0714 depth=0.0034
  Epoch 21 [90/537] loss=0.0034 mask=0.0707 depth=0.0034
  Epoch 21 [100/537] loss=0.0036 mask=0.0709 depth=0.0036
  Epoch 21 [110/537] loss=0.0035 mask=0.0733 depth=0.0035
  Epoch 21 [120/537] loss=0.0035 mask=0.0734 depth=0.0035
  Epoch 21 [130/537] loss=0.0036 mask=0.0728 depth=0.0036
  Epoch 21 [140/537] loss=0.0035 mask=0.0760 depth=0.0035
  Epoch 21 [150/537] loss=0.0036 mask=0.0749 depth=0.0036
  Epoch 21 [160/537] loss=0.0036 mask=0.0750 depth=0.0036
  Epoch 21 [170/537] loss=0.0037 mask=0.0739 depth=0.0037
  Epoch 21 [180/537] loss=0.0037 mask=0.0751 depth=0.0037
  Epoch 21 [190/537] loss=0.0037 mask=0.0763 depth=0.0037
  Epoch 21 [200/537] loss=0.0038 mask=0.0772 depth=0.0038
  Epoch 21 [210/537] loss=0.0038 mask=0.0772 depth=0.0038
  Epoch 21 [220/537] loss=0.0038 mask=0.0775 depth=0.0038
  Epoch 21 [230/537] loss=0.0037 mask=0.0773 depth=0.0037
  Epoch 21 [240/537] loss=0.0037 mask=0.0772 depth=0.0037
  Epoch 21 [250/537] loss=0.0037 mask=0.0761 depth=0.0037
  Epoch 21 [260/537] loss=0.0037 mask=0.0765 depth=0.0037
  Epoch 21 [270/537] loss=0.0037 mask=0.0755 depth=0.0037
  Epoch 21 [280/537] loss=0.0037 mask=0.0757 depth=0.0037
  Epoch 21 [290/537] loss=0.0037 mask=0.0757 depth=0.0037
  Epoch 21 [300/537] loss=0.0037 mask=0.0750 depth=0.0037
  Epoch 21 [310/537] loss=0.0037 mask=0.0755 depth=0.0037
  Epoch 21 [320/537] loss=0.0036 mask=0.0743 depth=0.0036
  Epoch 21 [330/537] loss=0.0037 mask=0.0741 depth=0.0037
  Epoch 21 [340/537] loss=0.0037 mask=0.0739 depth=0.0037
  Epoch 21 [350/537] loss=0.0036 mask=0.0744 depth=0.0036
  Epoch 21 [360/537] loss=0.0036 mask=0.0745 depth=0.0036
  Epoch 21 [370/537] loss=0.0036 mask=0.0748 depth=0.0036
  Epoch 21 [380/537] loss=0.0036 mask=0.0764 depth=0.0036
  Epoch 21 [390/537] loss=0.0036 mask=0.0760 depth=0.0036
  Epoch 21 [400/537] loss=0.0036 mask=0.0766 depth=0.0036
  Epoch 21 [410/537] loss=0.0036 mask=0.0763 depth=0.0036
  Epoch 21 [420/537] loss=0.0036 mask=0.0761 depth=0.0036
  Epoch 21 [430/537] loss=0.0036 mask=0.0762 depth=0.0036
  Epoch 21 [440/537] loss=0.0036 mask=0.0759 depth=0.0036
  Epoch 21 [450/537] loss=0.0036 mask=0.0758 depth=0.0036
  Epoch 21 [460/537] loss=0.0036 mask=0.0755 depth=0.0036
  Epoch 21 [470/537] loss=0.0036 mask=0.0764 depth=0.0036
  Epoch 21 [480/537] loss=0.0037 mask=0.0763 depth=0.0037
  Epoch 21 [490/537] loss=0.0036 mask=0.0759 depth=0.0036
  Epoch 21 [500/537] loss=0.0037 mask=0.0759 depth=0.0037
  Epoch 21 [510/537] loss=0.0037 mask=0.0759 depth=0.0037
  Epoch 21 [520/537] loss=0.0037 mask=0.0760 depth=0.0037
  Epoch 21 [530/537] loss=0.0037 mask=0.0756 depth=0.0037
  Train: loss=0.0039 mask=0.0771 depth=0.0039 time=284.4s
  Val epoch 21: loss=0.0457

=== Phase2 Epoch 22/49 ===
  Epoch 22 [10/537] loss=0.0049 mask=0.0536 depth=0.0049
  Epoch 22 [20/537] loss=0.0042 mask=0.0697 depth=0.0042
  Epoch 22 [30/537] loss=0.0038 mask=0.0703 depth=0.0038
  Epoch 22 [40/537] loss=0.0036 mask=0.0653 depth=0.0036
  Epoch 22 [50/537] loss=0.0036 mask=0.0678 depth=0.0036
  Epoch 22 [60/537] loss=0.0035 mask=0.0678 depth=0.0035
  Epoch 22 [70/537] loss=0.0033 mask=0.0728 depth=0.0033
  Epoch 22 [80/537] loss=0.0034 mask=0.0738 depth=0.0034
  Epoch 22 [90/537] loss=0.0033 mask=0.0740 depth=0.0033
  Epoch 22 [100/537] loss=0.0032 mask=0.0737 depth=0.0032
  Epoch 22 [110/537] loss=0.0032 mask=0.0722 depth=0.0032
  Epoch 22 [120/537] loss=0.0033 mask=0.0735 depth=0.0033
  Epoch 22 [130/537] loss=0.0032 mask=0.0735 depth=0.0032
  Epoch 22 [140/537] loss=0.0032 mask=0.0730 depth=0.0032
  Epoch 22 [150/537] loss=0.0032 mask=0.0731 depth=0.0032
  Epoch 22 [160/537] loss=0.0031 mask=0.0724 depth=0.0031
  Epoch 22 [170/537] loss=0.0032 mask=0.0727 depth=0.0032
  Epoch 22 [180/537] loss=0.0032 mask=0.0757 depth=0.0032
  Epoch 22 [190/537] loss=0.0032 mask=0.0747 depth=0.0032
  Epoch 22 [200/537] loss=0.0033 mask=0.0729 depth=0.0033
  Epoch 22 [210/537] loss=0.0033 mask=0.0741 depth=0.0033
  Epoch 22 [220/537] loss=0.0032 mask=0.0735 depth=0.0032
  Epoch 22 [230/537] loss=0.0032 mask=0.0729 depth=0.0032
  Epoch 22 [240/537] loss=0.0032 mask=0.0728 depth=0.0032
  Epoch 22 [250/537] loss=0.0032 mask=0.0740 depth=0.0032
  Epoch 22 [260/537] loss=0.0033 mask=0.0744 depth=0.0033
  Epoch 22 [270/537] loss=0.0033 mask=0.0743 depth=0.0033
  Epoch 22 [280/537] loss=0.0032 mask=0.0737 depth=0.0032
  Epoch 22 [290/537] loss=0.0032 mask=0.0739 depth=0.0032
  Epoch 22 [300/537] loss=0.0032 mask=0.0740 depth=0.0032
  Epoch 22 [310/537] loss=0.0033 mask=0.0744 depth=0.0033
  Epoch 22 [320/537] loss=0.0033 mask=0.0736 depth=0.0033
  Epoch 22 [330/537] loss=0.0033 mask=0.0733 depth=0.0033
  Epoch 22 [340/537] loss=0.0033 mask=0.0732 depth=0.0033
  Epoch 22 [350/537] loss=0.0033 mask=0.0739 depth=0.0033
  Epoch 22 [360/537] loss=0.0033 mask=0.0740 depth=0.0033
  Epoch 22 [370/537] loss=0.0033 mask=0.0733 depth=0.0033
  Epoch 22 [380/537] loss=0.0033 mask=0.0738 depth=0.0033
  Epoch 22 [390/537] loss=0.0033 mask=0.0743 depth=0.0033
  Epoch 22 [400/537] loss=0.0033 mask=0.0747 depth=0.0033
  Epoch 22 [410/537] loss=0.0032 mask=0.0746 depth=0.0032
  Epoch 22 [420/537] loss=0.0033 mask=0.0746 depth=0.0033
  Epoch 22 [430/537] loss=0.0033 mask=0.0744 depth=0.0033
  Epoch 22 [440/537] loss=0.0033 mask=0.0749 depth=0.0033
  Epoch 22 [450/537] loss=0.0033 mask=0.0747 depth=0.0033
  Epoch 22 [460/537] loss=0.0033 mask=0.0749 depth=0.0033
  Epoch 22 [470/537] loss=0.0033 mask=0.0747 depth=0.0033
  Epoch 22 [480/537] loss=0.0033 mask=0.0742 depth=0.0033
  Epoch 22 [490/537] loss=0.0033 mask=0.0740 depth=0.0033
  Epoch 22 [500/537] loss=0.0033 mask=0.0734 depth=0.0033
  Epoch 22 [510/537] loss=0.0032 mask=0.0743 depth=0.0032
  Epoch 22 [520/537] loss=0.0033 mask=0.0744 depth=0.0033
  Epoch 22 [530/537] loss=0.0033 mask=0.0758 depth=0.0033
  Train: loss=0.0033 mask=0.0772 depth=0.0033 time=293.0s
  Val epoch 22: loss=0.0439

=== Phase2 Epoch 23/49 ===
  Epoch 23 [10/537] loss=0.0019 mask=0.0371 depth=0.0019
  Epoch 23 [20/537] loss=0.0028 mask=0.0460 depth=0.0028
  Epoch 23 [30/537] loss=0.0026 mask=0.0599 depth=0.0026
  Epoch 23 [40/537] loss=0.0025 mask=0.0576 depth=0.0025
  Epoch 23 [50/537] loss=0.0024 mask=0.0634 depth=0.0024
  Epoch 23 [60/537] loss=0.0026 mask=0.0655 depth=0.0026
  Epoch 23 [70/537] loss=0.0026 mask=0.0728 depth=0.0026
  Epoch 23 [80/537] loss=0.0026 mask=0.0783 depth=0.0026
  Epoch 23 [90/537] loss=0.0026 mask=0.0774 depth=0.0026
  Epoch 23 [100/537] loss=0.0027 mask=0.0743 depth=0.0027
  Epoch 23 [110/537] loss=0.0026 mask=0.0733 depth=0.0026
  Epoch 23 [120/537] loss=0.0027 mask=0.0747 depth=0.0027
  Epoch 23 [130/537] loss=0.0028 mask=0.0737 depth=0.0028
  Epoch 23 [140/537] loss=0.0028 mask=0.0732 depth=0.0028
  Epoch 23 [150/537] loss=0.0029 mask=0.0737 depth=0.0029
  Epoch 23 [160/537] loss=0.0029 mask=0.0743 depth=0.0029
  Epoch 23 [170/537] loss=0.0029 mask=0.0740 depth=0.0029
  Epoch 23 [180/537] loss=0.0028 mask=0.0750 depth=0.0028
  Epoch 23 [190/537] loss=0.0027 mask=0.0763 depth=0.0027
  Epoch 23 [200/537] loss=0.0027 mask=0.0757 depth=0.0027
  Epoch 23 [210/537] loss=0.0027 mask=0.0743 depth=0.0027
  Epoch 23 [220/537] loss=0.0027 mask=0.0742 depth=0.0027
  Epoch 23 [230/537] loss=0.0027 mask=0.0740 depth=0.0027
  Epoch 23 [240/537] loss=0.0027 mask=0.0740 depth=0.0027
  Epoch 23 [250/537] loss=0.0027 mask=0.0746 depth=0.0027
  Epoch 23 [260/537] loss=0.0027 mask=0.0746 depth=0.0027
  Epoch 23 [270/537] loss=0.0028 mask=0.0743 depth=0.0028
  Epoch 23 [280/537] loss=0.0027 mask=0.0741 depth=0.0027
  Epoch 23 [290/537] loss=0.0028 mask=0.0753 depth=0.0028
  Epoch 23 [300/537] loss=0.0028 mask=0.0755 depth=0.0028
  Epoch 23 [310/537] loss=0.0028 mask=0.0759 depth=0.0028
  Epoch 23 [320/537] loss=0.0028 mask=0.0756 depth=0.0028
  Epoch 23 [330/537] loss=0.0029 mask=0.0759 depth=0.0029
  Epoch 23 [340/537] loss=0.0029 mask=0.0752 depth=0.0029
  Epoch 23 [350/537] loss=0.0029 mask=0.0755 depth=0.0029
  Epoch 23 [360/537] loss=0.0029 mask=0.0761 depth=0.0029
  Epoch 23 [370/537] loss=0.0030 mask=0.0761 depth=0.0030
  Epoch 23 [380/537] loss=0.0030 mask=0.0757 depth=0.0030
  Epoch 23 [390/537] loss=0.0030 mask=0.0759 depth=0.0030
  Epoch 23 [400/537] loss=0.0030 mask=0.0761 depth=0.0030
  Epoch 23 [410/537] loss=0.0031 mask=0.0759 depth=0.0031
  Epoch 23 [420/537] loss=0.0030 mask=0.0765 depth=0.0030
  Epoch 23 [430/537] loss=0.0030 mask=0.0765 depth=0.0030
  Epoch 23 [440/537] loss=0.0030 mask=0.0764 depth=0.0030
  Epoch 23 [450/537] loss=0.0030 mask=0.0766 depth=0.0030
  Epoch 23 [460/537] loss=0.0030 mask=0.0761 depth=0.0030
  Epoch 23 [470/537] loss=0.0030 mask=0.0763 depth=0.0030
  Epoch 23 [480/537] loss=0.0030 mask=0.0766 depth=0.0030
  Epoch 23 [490/537] loss=0.0030 mask=0.0762 depth=0.0030
  Epoch 23 [500/537] loss=0.0030 mask=0.0755 depth=0.0030
  Epoch 23 [510/537] loss=0.0030 mask=0.0757 depth=0.0030
  Epoch 23 [520/537] loss=0.0030 mask=0.0756 depth=0.0030
  Epoch 23 [530/537] loss=0.0030 mask=0.0756 depth=0.0030
  Train: loss=0.0032 mask=0.0769 depth=0.0032 time=298.7s
  Val epoch 23: loss=0.0416

=== Phase2 Epoch 24/49 ===
  Epoch 24 [10/537] loss=0.0031 mask=0.0444 depth=0.0031
  Epoch 24 [20/537] loss=0.0036 mask=0.0695 depth=0.0036
  Epoch 24 [30/537] loss=0.0035 mask=0.0790 depth=0.0035
  Epoch 24 [40/537] loss=0.0032 mask=0.0797 depth=0.0032
  Epoch 24 [50/537] loss=0.0031 mask=0.0911 depth=0.0031
  Epoch 24 [60/537] loss=0.0030 mask=0.0829 depth=0.0030
  Epoch 24 [70/537] loss=0.0030 mask=0.0823 depth=0.0030
  Epoch 24 [80/537] loss=0.0031 mask=0.0790 depth=0.0031
  Epoch 24 [90/537] loss=0.0030 mask=0.0787 depth=0.0030
  Epoch 24 [100/537] loss=0.0030 mask=0.0803 depth=0.0030
  Epoch 24 [110/537] loss=0.0029 mask=0.0789 depth=0.0029
  Epoch 24 [120/537] loss=0.0029 mask=0.0781 depth=0.0029
  Epoch 24 [130/537] loss=0.0029 mask=0.0775 depth=0.0029
  Epoch 24 [140/537] loss=0.0028 mask=0.0789 depth=0.0028
  Epoch 24 [150/537] loss=0.0028 mask=0.0793 depth=0.0028
  Epoch 24 [160/537] loss=0.0028 mask=0.0781 depth=0.0028
  Epoch 24 [170/537] loss=0.0027 mask=0.0770 depth=0.0027
  Epoch 24 [180/537] loss=0.0027 mask=0.0784 depth=0.0027
  Epoch 24 [190/537] loss=0.0027 mask=0.0790 depth=0.0027
  Epoch 24 [200/537] loss=0.0027 mask=0.0796 depth=0.0027
  Epoch 24 [210/537] loss=0.0027 mask=0.0785 depth=0.0027
  Epoch 24 [220/537] loss=0.0027 mask=0.0785 depth=0.0027
  Epoch 24 [230/537] loss=0.0027 mask=0.0785 depth=0.0027
  Epoch 24 [240/537] loss=0.0026 mask=0.0796 depth=0.0026
  Epoch 24 [250/537] loss=0.0027 mask=0.0797 depth=0.0027
  Epoch 24 [260/537] loss=0.0026 mask=0.0784 depth=0.0026
  Epoch 24 [270/537] loss=0.0026 mask=0.0791 depth=0.0026
  Epoch 24 [280/537] loss=0.0027 mask=0.0785 depth=0.0027
  Epoch 24 [290/537] loss=0.0027 mask=0.0773 depth=0.0027
  Epoch 24 [300/537] loss=0.0027 mask=0.0765 depth=0.0027
  Epoch 24 [310/537] loss=0.0027 mask=0.0778 depth=0.0027
  Epoch 24 [320/537] loss=0.0027 mask=0.0772 depth=0.0027
  Epoch 24 [330/537] loss=0.0026 mask=0.0762 depth=0.0026
  Epoch 24 [340/537] loss=0.0027 mask=0.0757 depth=0.0027
  Epoch 24 [350/537] loss=0.0027 mask=0.0766 depth=0.0027
  Epoch 24 [360/537] loss=0.0026 mask=0.0760 depth=0.0026
  Epoch 24 [370/537] loss=0.0026 mask=0.0768 depth=0.0026
  Epoch 24 [380/537] loss=0.0027 mask=0.0764 depth=0.0027
  Epoch 24 [390/537] loss=0.0027 mask=0.0769 depth=0.0027
  Epoch 24 [400/537] loss=0.0027 mask=0.0773 depth=0.0027
  Epoch 24 [410/537] loss=0.0027 mask=0.0774 depth=0.0027
  Epoch 24 [420/537] loss=0.0027 mask=0.0771 depth=0.0027
  Epoch 24 [430/537] loss=0.0028 mask=0.0768 depth=0.0028
  Epoch 24 [440/537] loss=0.0028 mask=0.0762 depth=0.0028
  Epoch 24 [450/537] loss=0.0028 mask=0.0766 depth=0.0028
  Epoch 24 [460/537] loss=0.0028 mask=0.0760 depth=0.0028
  Epoch 24 [470/537] loss=0.0028 mask=0.0762 depth=0.0028
  Epoch 24 [480/537] loss=0.0028 mask=0.0759 depth=0.0028
  Epoch 24 [490/537] loss=0.0028 mask=0.0759 depth=0.0028
  Epoch 24 [500/537] loss=0.0028 mask=0.0756 depth=0.0028
  Epoch 24 [510/537] loss=0.0028 mask=0.0755 depth=0.0028
  Epoch 24 [520/537] loss=0.0028 mask=0.0751 depth=0.0028
  Epoch 24 [530/537] loss=0.0028 mask=0.0754 depth=0.0028
  Train: loss=0.0033 mask=0.0768 depth=0.0033 time=299.2s
  Val epoch 24: loss=0.0400

=== Phase2 Epoch 25/49 ===
  Epoch 25 [10/537] loss=0.0029 mask=0.0613 depth=0.0029
  Epoch 25 [20/537] loss=0.0032 mask=0.0967 depth=0.0032
  Epoch 25 [30/537] loss=0.0032 mask=0.0955 depth=0.0032
  Epoch 25 [40/537] loss=0.0032 mask=0.0842 depth=0.0032
  Epoch 25 [50/537] loss=0.0032 mask=0.0826 depth=0.0032
  Epoch 25 [60/537] loss=0.0033 mask=0.0922 depth=0.0033
  Epoch 25 [70/537] loss=0.0033 mask=0.0860 depth=0.0033
  Epoch 25 [80/537] loss=0.0033 mask=0.0850 depth=0.0033
  Epoch 25 [90/537] loss=0.0034 mask=0.0850 depth=0.0034
  Epoch 25 [100/537] loss=0.0034 mask=0.0798 depth=0.0034
  Epoch 25 [110/537] loss=0.0033 mask=0.0791 depth=0.0033
  Epoch 25 [120/537] loss=0.0033 mask=0.0786 depth=0.0033
  Epoch 25 [130/537] loss=0.0034 mask=0.0802 depth=0.0034
  Epoch 25 [140/537] loss=0.0034 mask=0.0800 depth=0.0034
  Epoch 25 [150/537] loss=0.0034 mask=0.0783 depth=0.0034
  Epoch 25 [160/537] loss=0.0034 mask=0.0785 depth=0.0034
  Epoch 25 [170/537] loss=0.0034 mask=0.0791 depth=0.0034
  Epoch 25 [180/537] loss=0.0035 mask=0.0776 depth=0.0035
  Epoch 25 [190/537] loss=0.0034 mask=0.0757 depth=0.0034
  Epoch 25 [200/537] loss=0.0034 mask=0.0744 depth=0.0034
  Epoch 25 [210/537] loss=0.0033 mask=0.0733 depth=0.0033
  Epoch 25 [220/537] loss=0.0033 mask=0.0731 depth=0.0033
  Epoch 25 [230/537] loss=0.0032 mask=0.0746 depth=0.0032
  Epoch 25 [240/537] loss=0.0032 mask=0.0734 depth=0.0032
  Epoch 25 [250/537] loss=0.0031 mask=0.0736 depth=0.0031
  Epoch 25 [260/537] loss=0.0031 mask=0.0744 depth=0.0031
  Epoch 25 [270/537] loss=0.0032 mask=0.0744 depth=0.0032
  Epoch 25 [280/537] loss=0.0031 mask=0.0744 depth=0.0031
  Epoch 25 [290/537] loss=0.0031 mask=0.0745 depth=0.0031
  Epoch 25 [300/537] loss=0.0031 mask=0.0741 depth=0.0031
  Epoch 25 [310/537] loss=0.0032 mask=0.0738 depth=0.0032
  Epoch 25 [320/537] loss=0.0032 mask=0.0732 depth=0.0032
  Epoch 25 [330/537] loss=0.0032 mask=0.0737 depth=0.0032
  Epoch 25 [340/537] loss=0.0032 mask=0.0727 depth=0.0032
  Epoch 25 [350/537] loss=0.0032 mask=0.0741 depth=0.0032
  Epoch 25 [360/537] loss=0.0032 mask=0.0741 depth=0.0032
  Epoch 25 [370/537] loss=0.0031 mask=0.0750 depth=0.0031
  Epoch 25 [380/537] loss=0.0031 mask=0.0753 depth=0.0031
  Epoch 25 [390/537] loss=0.0031 mask=0.0751 depth=0.0031
  Epoch 25 [400/537] loss=0.0031 mask=0.0751 depth=0.0031
  Epoch 25 [410/537] loss=0.0032 mask=0.0745 depth=0.0032
  Epoch 25 [420/537] loss=0.0032 mask=0.0740 depth=0.0032
  Epoch 25 [430/537] loss=0.0032 mask=0.0741 depth=0.0032
  Epoch 25 [440/537] loss=0.0032 mask=0.0738 depth=0.0032
  Epoch 25 [450/537] loss=0.0032 mask=0.0738 depth=0.0032
  Epoch 25 [460/537] loss=0.0032 mask=0.0730 depth=0.0032
  Epoch 25 [470/537] loss=0.0032 mask=0.0732 depth=0.0032
  Epoch 25 [480/537] loss=0.0032 mask=0.0740 depth=0.0032
  Epoch 25 [490/537] loss=0.0032 mask=0.0735 depth=0.0032
  Epoch 25 [500/537] loss=0.0032 mask=0.0747 depth=0.0032
  Epoch 25 [510/537] loss=0.0032 mask=0.0752 depth=0.0032
  Epoch 25 [520/537] loss=0.0032 mask=0.0759 depth=0.0032
  Epoch 25 [530/537] loss=0.0032 mask=0.0759 depth=0.0032
  Train: loss=0.0032 mask=0.0772 depth=0.0032 time=299.5s
  Val epoch 25: loss=0.0325
  Saved best phase2 model (val_loss=0.0325)

=== Phase2 Epoch 26/49 ===
  Epoch 26 [10/537] loss=0.0029 mask=0.0499 depth=0.0029
  Epoch 26 [20/537] loss=0.0035 mask=0.0627 depth=0.0035
  Epoch 26 [30/537] loss=0.0031 mask=0.0557 depth=0.0031
  Epoch 26 [40/537] loss=0.0027 mask=0.0612 depth=0.0027
  Epoch 26 [50/537] loss=0.0027 mask=0.0607 depth=0.0027
  Epoch 26 [60/537] loss=0.0026 mask=0.0660 depth=0.0026
  Epoch 26 [70/537] loss=0.0027 mask=0.0695 depth=0.0027
  Epoch 26 [80/537] loss=0.0027 mask=0.0744 depth=0.0027
  Epoch 26 [90/537] loss=0.0027 mask=0.0732 depth=0.0027
  Epoch 26 [100/537] loss=0.0028 mask=0.0749 depth=0.0028
  Epoch 26 [110/537] loss=0.0028 mask=0.0762 depth=0.0028
  Epoch 26 [120/537] loss=0.0027 mask=0.0742 depth=0.0027
  Epoch 26 [130/537] loss=0.0028 mask=0.0740 depth=0.0028
  Epoch 26 [140/537] loss=0.0027 mask=0.0746 depth=0.0027
  Epoch 26 [150/537] loss=0.0027 mask=0.0761 depth=0.0027
  Epoch 26 [160/537] loss=0.0026 mask=0.0752 depth=0.0026
  Epoch 26 [170/537] loss=0.0027 mask=0.0752 depth=0.0027
  Epoch 26 [180/537] loss=0.0027 mask=0.0751 depth=0.0027
  Epoch 26 [190/537] loss=0.0027 mask=0.0772 depth=0.0027
  Epoch 26 [200/537] loss=0.0027 mask=0.0775 depth=0.0027
  Epoch 26 [210/537] loss=0.0028 mask=0.0778 depth=0.0028
  Epoch 26 [220/537] loss=0.0027 mask=0.0770 depth=0.0027
  Epoch 26 [230/537] loss=0.0027 mask=0.0760 depth=0.0027
  Epoch 26 [240/537] loss=0.0027 mask=0.0753 depth=0.0027
  Epoch 26 [250/537] loss=0.0027 mask=0.0765 depth=0.0027
  Epoch 26 [260/537] loss=0.0026 mask=0.0761 depth=0.0026
  Epoch 26 [270/537] loss=0.0026 mask=0.0759 depth=0.0026
  Epoch 26 [280/537] loss=0.0027 mask=0.0756 depth=0.0027
  Epoch 26 [290/537] loss=0.0027 mask=0.0761 depth=0.0027
  Epoch 26 [300/537] loss=0.0027 mask=0.0760 depth=0.0027
  Epoch 26 [310/537] loss=0.0026 mask=0.0759 depth=0.0026
  Epoch 26 [320/537] loss=0.0026 mask=0.0752 depth=0.0026
  Epoch 26 [330/537] loss=0.0027 mask=0.0755 depth=0.0027
  Epoch 26 [340/537] loss=0.0026 mask=0.0751 depth=0.0026
  Epoch 26 [350/537] loss=0.0026 mask=0.0755 depth=0.0026
  Epoch 26 [360/537] loss=0.0026 mask=0.0756 depth=0.0026
  Epoch 26 [370/537] loss=0.0027 mask=0.0751 depth=0.0027
  Epoch 26 [380/537] loss=0.0026 mask=0.0744 depth=0.0026
  Epoch 26 [390/537] loss=0.0027 mask=0.0744 depth=0.0027
  Epoch 26 [400/537] loss=0.0027 mask=0.0743 depth=0.0027
  Epoch 26 [410/537] loss=0.0027 mask=0.0740 depth=0.0027
  Epoch 26 [420/537] loss=0.0027 mask=0.0740 depth=0.0027
  Epoch 26 [430/537] loss=0.0026 mask=0.0736 depth=0.0026
  Epoch 26 [440/537] loss=0.0026 mask=0.0736 depth=0.0026
  Epoch 26 [450/537] loss=0.0027 mask=0.0744 depth=0.0027
  Epoch 26 [460/537] loss=0.0027 mask=0.0741 depth=0.0027
  Epoch 26 [470/537] loss=0.0027 mask=0.0747 depth=0.0027
  Epoch 26 [480/537] loss=0.0027 mask=0.0745 depth=0.0027
  Epoch 26 [490/537] loss=0.0026 mask=0.0751 depth=0.0026
  Epoch 26 [500/537] loss=0.0026 mask=0.0746 depth=0.0026
  Epoch 26 [510/537] loss=0.0026 mask=0.0747 depth=0.0026
  Epoch 26 [520/537] loss=0.0026 mask=0.0745 depth=0.0026
  Epoch 26 [530/537] loss=0.0026 mask=0.0744 depth=0.0026
  Train: loss=0.0027 mask=0.0771 depth=0.0027 time=284.5s
  Val epoch 26: loss=0.0370

=== Phase2 Epoch 27/49 ===
  Epoch 27 [10/537] loss=0.0028 mask=0.0717 depth=0.0028
  Epoch 27 [20/537] loss=0.0032 mask=0.0655 depth=0.0032
  Epoch 27 [30/537] loss=0.0030 mask=0.0732 depth=0.0030
  Epoch 27 [40/537] loss=0.0028 mask=0.0646 depth=0.0028
  Epoch 27 [50/537] loss=0.0026 mask=0.0631 depth=0.0026
  Epoch 27 [60/537] loss=0.0024 mask=0.0702 depth=0.0024
  Epoch 27 [70/537] loss=0.0023 mask=0.0704 depth=0.0023
  Epoch 27 [80/537] loss=0.0025 mask=0.0720 depth=0.0025
  Epoch 27 [90/537] loss=0.0024 mask=0.0694 depth=0.0024
  Epoch 27 [100/537] loss=0.0023 mask=0.0685 depth=0.0023
  Epoch 27 [110/537] loss=0.0023 mask=0.0681 depth=0.0023
  Epoch 27 [120/537] loss=0.0023 mask=0.0708 depth=0.0023
  Epoch 27 [130/537] loss=0.0023 mask=0.0695 depth=0.0023
  Epoch 27 [140/537] loss=0.0022 mask=0.0689 depth=0.0022
  Epoch 27 [150/537] loss=0.0023 mask=0.0688 depth=0.0023
  Epoch 27 [160/537] loss=0.0022 mask=0.0699 depth=0.0022
  Epoch 27 [170/537] loss=0.0023 mask=0.0712 depth=0.0023
  Epoch 27 [180/537] loss=0.0023 mask=0.0708 depth=0.0023
  Epoch 27 [190/537] loss=0.0023 mask=0.0700 depth=0.0023
  Epoch 27 [200/537] loss=0.0023 mask=0.0711 depth=0.0023
  Epoch 27 [210/537] loss=0.0023 mask=0.0710 depth=0.0023
  Epoch 27 [220/537] loss=0.0023 mask=0.0721 depth=0.0023
  Epoch 27 [230/537] loss=0.0023 mask=0.0733 depth=0.0023
  Epoch 27 [240/537] loss=0.0023 mask=0.0736 depth=0.0023
  Epoch 27 [250/537] loss=0.0023 mask=0.0726 depth=0.0023
  Epoch 27 [260/537] loss=0.0023 mask=0.0718 depth=0.0023
  Epoch 27 [270/537] loss=0.0024 mask=0.0722 depth=0.0024
  Epoch 27 [280/537] loss=0.0023 mask=0.0728 depth=0.0023
  Epoch 27 [290/537] loss=0.0023 mask=0.0726 depth=0.0023
  Epoch 27 [300/537] loss=0.0023 mask=0.0734 depth=0.0023
  Epoch 27 [310/537] loss=0.0024 mask=0.0732 depth=0.0024
  Epoch 27 [320/537] loss=0.0023 mask=0.0733 depth=0.0023
  Epoch 27 [330/537] loss=0.0024 mask=0.0726 depth=0.0024
  Epoch 27 [340/537] loss=0.0024 mask=0.0731 depth=0.0024
  Epoch 27 [350/537] loss=0.0024 mask=0.0729 depth=0.0024
  Epoch 27 [360/537] loss=0.0024 mask=0.0731 depth=0.0024
  Epoch 27 [370/537] loss=0.0024 mask=0.0723 depth=0.0024
  Epoch 27 [380/537] loss=0.0023 mask=0.0726 depth=0.0023
  Epoch 27 [390/537] loss=0.0023 mask=0.0721 depth=0.0023
  Epoch 27 [400/537] loss=0.0024 mask=0.0728 depth=0.0024
  Epoch 27 [410/537] loss=0.0024 mask=0.0727 depth=0.0024
  Epoch 27 [420/537] loss=0.0024 mask=0.0723 depth=0.0024
  Epoch 27 [430/537] loss=0.0024 mask=0.0732 depth=0.0024
  Epoch 27 [440/537] loss=0.0024 mask=0.0731 depth=0.0024
  Epoch 27 [450/537] loss=0.0024 mask=0.0726 depth=0.0024
  Epoch 27 [460/537] loss=0.0024 mask=0.0729 depth=0.0024
  Epoch 27 [470/537] loss=0.0024 mask=0.0725 depth=0.0024
  Epoch 27 [480/537] loss=0.0024 mask=0.0728 depth=0.0024
  Epoch 27 [490/537] loss=0.0024 mask=0.0733 depth=0.0024
  Epoch 27 [500/537] loss=0.0024 mask=0.0733 depth=0.0024
  Epoch 27 [510/537] loss=0.0024 mask=0.0738 depth=0.0024
  Epoch 27 [520/537] loss=0.0024 mask=0.0749 depth=0.0024
  Epoch 27 [530/537] loss=0.0024 mask=0.0754 depth=0.0024
  Train: loss=0.0046 mask=0.0769 depth=0.0046 time=287.0s
  Val epoch 27: loss=0.0359

=== Phase2 Epoch 28/49 ===
  Epoch 28 [10/537] loss=0.0065 mask=0.0736 depth=0.0065
  Epoch 28 [20/537] loss=0.0049 mask=0.0717 depth=0.0049
  Epoch 28 [30/537] loss=0.0047 mask=0.0830 depth=0.0047
  Epoch 28 [40/537] loss=0.0042 mask=0.0800 depth=0.0042
  Epoch 28 [50/537] loss=0.0038 mask=0.0792 depth=0.0038
  Epoch 28 [60/537] loss=0.0035 mask=0.0801 depth=0.0035
  Epoch 28 [70/537] loss=0.0035 mask=0.0750 depth=0.0035
  Epoch 28 [80/537] loss=0.0040 mask=0.0735 depth=0.0040
  Epoch 28 [90/537] loss=0.0047 mask=0.0732 depth=0.0047
  Epoch 28 [100/537] loss=0.0045 mask=0.0716 depth=0.0045
  Epoch 28 [110/537] loss=0.0044 mask=0.0697 depth=0.0044
  Epoch 28 [120/537] loss=0.0043 mask=0.0727 depth=0.0043
  Epoch 28 [130/537] loss=0.0042 mask=0.0732 depth=0.0042
  Epoch 28 [140/537] loss=0.0042 mask=0.0742 depth=0.0042
  Epoch 28 [150/537] loss=0.0042 mask=0.0746 depth=0.0042
  Epoch 28 [160/537] loss=0.0041 mask=0.0732 depth=0.0041
  Epoch 28 [170/537] loss=0.0042 mask=0.0730 depth=0.0042
  Epoch 28 [180/537] loss=0.0049 mask=0.0739 depth=0.0049
  Epoch 28 [190/537] loss=0.0051 mask=0.0747 depth=0.0051
  Epoch 28 [200/537] loss=0.0050 mask=0.0733 depth=0.0050
  Epoch 28 [210/537] loss=0.0050 mask=0.0744 depth=0.0050
  Epoch 28 [220/537] loss=0.0050 mask=0.0737 depth=0.0050
  Epoch 28 [230/537] loss=0.0048 mask=0.0733 depth=0.0048
  Epoch 28 [240/537] loss=0.0048 mask=0.0749 depth=0.0048
  Epoch 28 [250/537] loss=0.0048 mask=0.0751 depth=0.0048
  Epoch 28 [260/537] loss=0.0047 mask=0.0750 depth=0.0047
  Epoch 28 [270/537] loss=0.0046 mask=0.0749 depth=0.0046
  Epoch 28 [280/537] loss=0.0046 mask=0.0756 depth=0.0046
  Epoch 28 [290/537] loss=0.0045 mask=0.0749 depth=0.0045
  Epoch 28 [300/537] loss=0.0044 mask=0.0745 depth=0.0044
  Epoch 28 [310/537] loss=0.0043 mask=0.0751 depth=0.0043
  Epoch 28 [320/537] loss=0.0043 mask=0.0752 depth=0.0043
  Epoch 28 [330/537] loss=0.0042 mask=0.0752 depth=0.0042
  Epoch 28 [340/537] loss=0.0042 mask=0.0750 depth=0.0042
  Epoch 28 [350/537] loss=0.0042 mask=0.0751 depth=0.0042
  Epoch 28 [360/537] loss=0.0041 mask=0.0741 depth=0.0041
  Epoch 28 [370/537] loss=0.0041 mask=0.0737 depth=0.0041
  Epoch 28 [380/537] loss=0.0040 mask=0.0743 depth=0.0040
  Epoch 28 [390/537] loss=0.0040 mask=0.0746 depth=0.0040
  Epoch 28 [400/537] loss=0.0039 mask=0.0745 depth=0.0039
  Epoch 28 [410/537] loss=0.0039 mask=0.0748 depth=0.0039
  Epoch 28 [420/537] loss=0.0038 mask=0.0748 depth=0.0038
  Epoch 28 [430/537] loss=0.0038 mask=0.0742 depth=0.0038
  Epoch 28 [440/537] loss=0.0038 mask=0.0739 depth=0.0038
  Epoch 28 [450/537] loss=0.0038 mask=0.0742 depth=0.0038
  Epoch 28 [460/537] loss=0.0038 mask=0.0743 depth=0.0038
  Epoch 28 [470/537] loss=0.0037 mask=0.0740 depth=0.0037
  Epoch 28 [480/537] loss=0.0037 mask=0.0745 depth=0.0037
  Epoch 28 [490/537] loss=0.0037 mask=0.0741 depth=0.0037
  Epoch 28 [500/537] loss=0.0036 mask=0.0742 depth=0.0036
  Epoch 28 [510/537] loss=0.0036 mask=0.0747 depth=0.0036
  Epoch 28 [520/537] loss=0.0036 mask=0.0751 depth=0.0036
  Epoch 28 [530/537] loss=0.0036 mask=0.0754 depth=0.0036
  Train: loss=0.0036 mask=0.0771 depth=0.0036 time=290.6s
  Val epoch 28: loss=0.0342

=== Phase2 Epoch 29/49 ===
  Epoch 29 [10/537] loss=0.0043 mask=0.0820 depth=0.0043
  Epoch 29 [20/537] loss=0.0031 mask=0.0752 depth=0.0031
  Epoch 29 [30/537] loss=0.0032 mask=0.0829 depth=0.0032
  Epoch 29 [40/537] loss=0.0031 mask=0.0836 depth=0.0031
  Epoch 29 [50/537] loss=0.0029 mask=0.0787 depth=0.0029
  Epoch 29 [60/537] loss=0.0027 mask=0.0776 depth=0.0027
  Epoch 29 [70/537] loss=0.0026 mask=0.0749 depth=0.0026
  Epoch 29 [80/537] loss=0.0026 mask=0.0731 depth=0.0026
  Epoch 29 [90/537] loss=0.0025 mask=0.0706 depth=0.0025
  Epoch 29 [100/537] loss=0.0026 mask=0.0706 depth=0.0026
  Epoch 29 [110/537] loss=0.0026 mask=0.0749 depth=0.0026
  Epoch 29 [120/537] loss=0.0027 mask=0.0759 depth=0.0027
  Epoch 29 [130/537] loss=0.0027 mask=0.0750 depth=0.0027
  Epoch 29 [140/537] loss=0.0026 mask=0.0746 depth=0.0026
  Epoch 29 [150/537] loss=0.0027 mask=0.0738 depth=0.0027
  Epoch 29 [160/537] loss=0.0026 mask=0.0726 depth=0.0026
  Epoch 29 [170/537] loss=0.0026 mask=0.0733 depth=0.0026
  Epoch 29 [180/537] loss=0.0026 mask=0.0720 depth=0.0026
  Epoch 29 [190/537] loss=0.0025 mask=0.0711 depth=0.0025
  Epoch 29 [200/537] loss=0.0025 mask=0.0705 depth=0.0025
  Epoch 29 [210/537] loss=0.0025 mask=0.0723 depth=0.0025
  Epoch 29 [220/537] loss=0.0024 mask=0.0708 depth=0.0024
  Epoch 29 [230/537] loss=0.0024 mask=0.0696 depth=0.0024
  Epoch 29 [240/537] loss=0.0024 mask=0.0712 depth=0.0024
  Epoch 29 [250/537] loss=0.0024 mask=0.0708 depth=0.0024
  Epoch 29 [260/537] loss=0.0024 mask=0.0713 depth=0.0024
  Epoch 29 [270/537] loss=0.0023 mask=0.0725 depth=0.0023
  Epoch 29 [280/537] loss=0.0023 mask=0.0722 depth=0.0023
  Epoch 29 [290/537] loss=0.0023 mask=0.0742 depth=0.0023
  Epoch 29 [300/537] loss=0.0023 mask=0.0753 depth=0.0023
  Epoch 29 [310/537] loss=0.0023 mask=0.0755 depth=0.0023
  Epoch 29 [320/537] loss=0.0023 mask=0.0763 depth=0.0023
  Epoch 29 [330/537] loss=0.0023 mask=0.0769 depth=0.0023
  Epoch 29 [340/537] loss=0.0023 mask=0.0762 depth=0.0023
  Epoch 29 [350/537] loss=0.0023 mask=0.0763 depth=0.0023
  Epoch 29 [360/537] loss=0.0023 mask=0.0758 depth=0.0023
  Epoch 29 [370/537] loss=0.0023 mask=0.0754 depth=0.0023
  Epoch 29 [380/537] loss=0.0023 mask=0.0750 depth=0.0023
  Epoch 29 [390/537] loss=0.0023 mask=0.0749 depth=0.0023
  Epoch 29 [400/537] loss=0.0023 mask=0.0749 depth=0.0023
  Epoch 29 [410/537] loss=0.0023 mask=0.0748 depth=0.0023
  Epoch 29 [420/537] loss=0.0023 mask=0.0749 depth=0.0023
  Epoch 29 [430/537] loss=0.0023 mask=0.0748 depth=0.0023
  Epoch 29 [440/537] loss=0.0023 mask=0.0746 depth=0.0023
  Epoch 29 [450/537] loss=0.0023 mask=0.0748 depth=0.0023
  Epoch 29 [460/537] loss=0.0023 mask=0.0742 depth=0.0023
  Epoch 29 [470/537] loss=0.0023 mask=0.0743 depth=0.0023
  Epoch 29 [480/537] loss=0.0023 mask=0.0747 depth=0.0023
  Epoch 29 [490/537] loss=0.0023 mask=0.0749 depth=0.0023
  Epoch 29 [500/537] loss=0.0023 mask=0.0747 depth=0.0023
  Epoch 29 [510/537] loss=0.0023 mask=0.0749 depth=0.0023
  Epoch 29 [520/537] loss=0.0023 mask=0.0751 depth=0.0023
  Epoch 29 [530/537] loss=0.0023 mask=0.0751 depth=0.0023
  Train: loss=0.0023 mask=0.0759 depth=0.0023 time=287.3s
  Val epoch 29: loss=0.0365

=== Phase2 Epoch 30/49 ===
  Epoch 30 [10/537] loss=0.0019 mask=0.0639 depth=0.0019
  Epoch 30 [20/537] loss=0.0021 mask=0.0911 depth=0.0021
  Epoch 30 [30/537] loss=0.0021 mask=0.0993 depth=0.0021
  Epoch 30 [40/537] loss=0.0019 mask=0.0863 depth=0.0019
  Epoch 30 [50/537] loss=0.0018 mask=0.0889 depth=0.0018
  Epoch 30 [60/537] loss=0.0016 mask=0.0863 depth=0.0016
  Epoch 30 [70/537] loss=0.0016 mask=0.0822 depth=0.0016
  Epoch 30 [80/537] loss=0.0017 mask=0.0797 depth=0.0017
  Epoch 30 [90/537] loss=0.0018 mask=0.0780 depth=0.0018
  Epoch 30 [100/537] loss=0.0019 mask=0.0763 depth=0.0019
  Epoch 30 [110/537] loss=0.0019 mask=0.0757 depth=0.0019
  Epoch 30 [120/537] loss=0.0019 mask=0.0769 depth=0.0019
  Epoch 30 [130/537] loss=0.0020 mask=0.0761 depth=0.0020
  Epoch 30 [140/537] loss=0.0020 mask=0.0811 depth=0.0020
  Epoch 30 [150/537] loss=0.0020 mask=0.0800 depth=0.0020
  Epoch 30 [160/537] loss=0.0020 mask=0.0781 depth=0.0020
  Epoch 30 [170/537] loss=0.0020 mask=0.0776 depth=0.0020
  Epoch 30 [180/537] loss=0.0020 mask=0.0775 depth=0.0020
  Epoch 30 [190/537] loss=0.0020 mask=0.0771 depth=0.0020
  Epoch 30 [200/537] loss=0.0020 mask=0.0777 depth=0.0020
  Epoch 30 [210/537] loss=0.0020 mask=0.0770 depth=0.0020
  Epoch 30 [220/537] loss=0.0020 mask=0.0768 depth=0.0020
  Epoch 30 [230/537] loss=0.0020 mask=0.0776 depth=0.0020
  Epoch 30 [240/537] loss=0.0020 mask=0.0774 depth=0.0020
  Epoch 30 [250/537] loss=0.0020 mask=0.0772 depth=0.0020
  Epoch 30 [260/537] loss=0.0020 mask=0.0770 depth=0.0020
  Epoch 30 [270/537] loss=0.0020 mask=0.0760 depth=0.0020
  Epoch 30 [280/537] loss=0.0020 mask=0.0766 depth=0.0020
  Epoch 30 [290/537] loss=0.0020 mask=0.0763 depth=0.0020
  Epoch 30 [300/537] loss=0.0020 mask=0.0770 depth=0.0020
  Epoch 30 [310/537] loss=0.0020 mask=0.0763 depth=0.0020
  Epoch 30 [320/537] loss=0.0020 mask=0.0771 depth=0.0020
  Epoch 30 [330/537] loss=0.0020 mask=0.0767 depth=0.0020
  Epoch 30 [340/537] loss=0.0020 mask=0.0771 depth=0.0020
  Epoch 30 [350/537] loss=0.0020 mask=0.0773 depth=0.0020
  Epoch 30 [360/537] loss=0.0020 mask=0.0794 depth=0.0020
  Epoch 30 [370/537] loss=0.0020 mask=0.0787 depth=0.0020
  Epoch 30 [380/537] loss=0.0020 mask=0.0780 depth=0.0020
  Epoch 30 [390/537] loss=0.0020 mask=0.0778 depth=0.0020
  Epoch 30 [400/537] loss=0.0020 mask=0.0778 depth=0.0020
  Epoch 30 [410/537] loss=0.0020 mask=0.0779 depth=0.0020
  Epoch 30 [420/537] loss=0.0020 mask=0.0778 depth=0.0020
  Epoch 30 [430/537] loss=0.0020 mask=0.0774 depth=0.0020
  Epoch 30 [440/537] loss=0.0020 mask=0.0786 depth=0.0020
  Epoch 30 [450/537] loss=0.0020 mask=0.0784 depth=0.0020
  Epoch 30 [460/537] loss=0.0019 mask=0.0780 depth=0.0019
  Epoch 30 [470/537] loss=0.0020 mask=0.0770 depth=0.0020
  Epoch 30 [480/537] loss=0.0020 mask=0.0771 depth=0.0020
  Epoch 30 [490/537] loss=0.0020 mask=0.0768 depth=0.0020
  Epoch 30 [500/537] loss=0.0020 mask=0.0766 depth=0.0020
  Epoch 30 [510/537] loss=0.0020 mask=0.0760 depth=0.0020
  Epoch 30 [520/537] loss=0.0020 mask=0.0757 depth=0.0020
  Epoch 30 [530/537] loss=0.0020 mask=0.0760 depth=0.0020
  Train: loss=0.0020 mask=0.0775 depth=0.0020 time=311.1s
  Val epoch 30: loss=0.0375

=== Phase2 Epoch 31/49 ===
  Epoch 31 [10/537] loss=0.0023 mask=0.0719 depth=0.0023
  Epoch 31 [20/537] loss=0.0018 mask=0.0658 depth=0.0018
  Epoch 31 [30/537] loss=0.0015 mask=0.0548 depth=0.0015
  Epoch 31 [40/537] loss=0.0016 mask=0.0633 depth=0.0016
  Epoch 31 [50/537] loss=0.0018 mask=0.0584 depth=0.0018
  Epoch 31 [60/537] loss=0.0017 mask=0.0606 depth=0.0017
  Epoch 31 [70/537] loss=0.0018 mask=0.0570 depth=0.0018
  Epoch 31 [80/537] loss=0.0019 mask=0.0604 depth=0.0019
  Epoch 31 [90/537] loss=0.0019 mask=0.0612 depth=0.0019
  Epoch 31 [100/537] loss=0.0019 mask=0.0644 depth=0.0019
  Epoch 31 [110/537] loss=0.0018 mask=0.0673 depth=0.0018
  Epoch 31 [120/537] loss=0.0018 mask=0.0674 depth=0.0018
  Epoch 31 [130/537] loss=0.0018 mask=0.0701 depth=0.0018
  Epoch 31 [140/537] loss=0.0017 mask=0.0688 depth=0.0017
  Epoch 31 [150/537] loss=0.0018 mask=0.0669 depth=0.0018
  Epoch 31 [160/537] loss=0.0018 mask=0.0710 depth=0.0018
  Epoch 31 [170/537] loss=0.0018 mask=0.0693 depth=0.0018
  Epoch 31 [180/537] loss=0.0018 mask=0.0710 depth=0.0018
  Epoch 31 [190/537] loss=0.0018 mask=0.0725 depth=0.0018
  Epoch 31 [200/537] loss=0.0018 mask=0.0726 depth=0.0018
  Epoch 31 [210/537] loss=0.0018 mask=0.0728 depth=0.0018
  Epoch 31 [220/537] loss=0.0018 mask=0.0726 depth=0.0018
  Epoch 31 [230/537] loss=0.0018 mask=0.0731 depth=0.0018
  Epoch 31 [240/537] loss=0.0018 mask=0.0742 depth=0.0018
  Epoch 31 [250/537] loss=0.0018 mask=0.0736 depth=0.0018
  Epoch 31 [260/537] loss=0.0018 mask=0.0749 depth=0.0018
  Epoch 31 [270/537] loss=0.0019 mask=0.0754 depth=0.0019
  Epoch 31 [280/537] loss=0.0019 mask=0.0755 depth=0.0019
  Epoch 31 [290/537] loss=0.0018 mask=0.0757 depth=0.0018
  Epoch 31 [300/537] loss=0.0018 mask=0.0762 depth=0.0018
  Epoch 31 [310/537] loss=0.0018 mask=0.0761 depth=0.0018
  Epoch 31 [320/537] loss=0.0019 mask=0.0755 depth=0.0019
  Epoch 31 [330/537] loss=0.0018 mask=0.0752 depth=0.0018
  Epoch 31 [340/537] loss=0.0018 mask=0.0749 depth=0.0018
  Epoch 31 [350/537] loss=0.0018 mask=0.0748 depth=0.0018
  Epoch 31 [360/537] loss=0.0019 mask=0.0750 depth=0.0019
  Epoch 31 [370/537] loss=0.0019 mask=0.0754 depth=0.0019
  Epoch 31 [380/537] loss=0.0018 mask=0.0752 depth=0.0018
  Epoch 31 [390/537] loss=0.0019 mask=0.0760 depth=0.0019
  Epoch 31 [400/537] loss=0.0019 mask=0.0757 depth=0.0019
  Epoch 31 [410/537] loss=0.0019 mask=0.0755 depth=0.0019
  Epoch 31 [420/537] loss=0.0019 mask=0.0745 depth=0.0019
  Epoch 31 [430/537] loss=0.0019 mask=0.0745 depth=0.0019
  Epoch 31 [440/537] loss=0.0019 mask=0.0748 depth=0.0019
  Epoch 31 [450/537] loss=0.0019 mask=0.0747 depth=0.0019
  Epoch 31 [460/537] loss=0.0019 mask=0.0748 depth=0.0019
  Epoch 31 [470/537] loss=0.0019 mask=0.0749 depth=0.0019
  Epoch 31 [480/537] loss=0.0019 mask=0.0748 depth=0.0019
  Epoch 31 [490/537] loss=0.0019 mask=0.0744 depth=0.0019
  Epoch 31 [500/537] loss=0.0019 mask=0.0744 depth=0.0019
  Epoch 31 [510/537] loss=0.0019 mask=0.0749 depth=0.0019
  Epoch 31 [520/537] loss=0.0019 mask=0.0749 depth=0.0019
  Epoch 31 [530/537] loss=0.0019 mask=0.0751 depth=0.0019
  Train: loss=0.0022 mask=0.0774 depth=0.0022 time=286.4s
  Val epoch 31: loss=0.0362

=== Phase2 Epoch 32/49 ===
  Epoch 32 [10/537] loss=0.0019 mask=0.0570 depth=0.0019
  Epoch 32 [20/537] loss=0.0015 mask=0.0649 depth=0.0015
  Epoch 32 [30/537] loss=0.0016 mask=0.0620 depth=0.0016
  Epoch 32 [40/537] loss=0.0017 mask=0.0595 depth=0.0017
  Epoch 32 [50/537] loss=0.0018 mask=0.0617 depth=0.0018
  Epoch 32 [60/537] loss=0.0019 mask=0.0674 depth=0.0019
  Epoch 32 [70/537] loss=0.0020 mask=0.0761 depth=0.0020
  Epoch 32 [80/537] loss=0.0019 mask=0.0746 depth=0.0019
  Epoch 32 [90/537] loss=0.0019 mask=0.0763 depth=0.0019
  Epoch 32 [100/537] loss=0.0019 mask=0.0756 depth=0.0019
  Epoch 32 [110/537] loss=0.0019 mask=0.0774 depth=0.0019
  Epoch 32 [120/537] loss=0.0019 mask=0.0761 depth=0.0019
  Epoch 32 [130/537] loss=0.0019 mask=0.0800 depth=0.0019
  Epoch 32 [140/537] loss=0.0019 mask=0.0791 depth=0.0019
  Epoch 32 [150/537] loss=0.0019 mask=0.0789 depth=0.0019
  Epoch 32 [160/537] loss=0.0019 mask=0.0777 depth=0.0019
  Epoch 32 [170/537] loss=0.0019 mask=0.0769 depth=0.0019
  Epoch 32 [180/537] loss=0.0019 mask=0.0758 depth=0.0019
  Epoch 32 [190/537] loss=0.0019 mask=0.0780 depth=0.0019
  Epoch 32 [200/537] loss=0.0019 mask=0.0762 depth=0.0019
  Epoch 32 [210/537] loss=0.0019 mask=0.0772 depth=0.0019
  Epoch 32 [220/537] loss=0.0019 mask=0.0763 depth=0.0019
  Epoch 32 [230/537] loss=0.0019 mask=0.0756 depth=0.0019
  Epoch 32 [240/537] loss=0.0019 mask=0.0754 depth=0.0019
  Epoch 32 [250/537] loss=0.0018 mask=0.0760 depth=0.0018
  Epoch 32 [260/537] loss=0.0019 mask=0.0754 depth=0.0019
  Epoch 32 [270/537] loss=0.0018 mask=0.0757 depth=0.0018
  Epoch 32 [280/537] loss=0.0018 mask=0.0755 depth=0.0018
  Epoch 32 [290/537] loss=0.0018 mask=0.0754 depth=0.0018
  Epoch 32 [300/537] loss=0.0018 mask=0.0762 depth=0.0018
  Epoch 32 [310/537] loss=0.0018 mask=0.0761 depth=0.0018
  Epoch 32 [320/537] loss=0.0018 mask=0.0759 depth=0.0018
  Epoch 32 [330/537] loss=0.0018 mask=0.0761 depth=0.0018
  Epoch 32 [340/537] loss=0.0018 mask=0.0771 depth=0.0018
  Epoch 32 [350/537] loss=0.0018 mask=0.0775 depth=0.0018
  Epoch 32 [360/537] loss=0.0018 mask=0.0773 depth=0.0018
  Epoch 32 [370/537] loss=0.0018 mask=0.0768 depth=0.0018
  Epoch 32 [380/537] loss=0.0018 mask=0.0767 depth=0.0018
  Epoch 32 [390/537] loss=0.0018 mask=0.0765 depth=0.0018
  Epoch 32 [400/537] loss=0.0018 mask=0.0760 depth=0.0018
  Epoch 32 [410/537] loss=0.0018 mask=0.0759 depth=0.0018
  Epoch 32 [420/537] loss=0.0018 mask=0.0757 depth=0.0018
  Epoch 32 [430/537] loss=0.0018 mask=0.0760 depth=0.0018
  Epoch 32 [440/537] loss=0.0019 mask=0.0757 depth=0.0019
  Epoch 32 [450/537] loss=0.0019 mask=0.0762 depth=0.0019
  Epoch 32 [460/537] loss=0.0019 mask=0.0768 depth=0.0019
  Epoch 32 [470/537] loss=0.0019 mask=0.0766 depth=0.0019
  Epoch 32 [480/537] loss=0.0019 mask=0.0765 depth=0.0019
  Epoch 32 [490/537] loss=0.0019 mask=0.0760 depth=0.0019
  Epoch 32 [500/537] loss=0.0019 mask=0.0760 depth=0.0019
  Epoch 32 [510/537] loss=0.0019 mask=0.0760 depth=0.0019
  Epoch 32 [520/537] loss=0.0019 mask=0.0763 depth=0.0019
  Epoch 32 [530/537] loss=0.0019 mask=0.0757 depth=0.0019
  Train: loss=0.0054 mask=0.0773 depth=0.0054 time=290.7s
  Val epoch 32: loss=0.0357

=== Phase2 Epoch 33/49 ===
  Epoch 33 [10/537] loss=0.0026 mask=0.0659 depth=0.0026
  Epoch 33 [20/537] loss=0.0019 mask=0.0658 depth=0.0019
  Epoch 33 [30/537] loss=0.0022 mask=0.0667 depth=0.0022
  Epoch 33 [40/537] loss=0.0022 mask=0.0622 depth=0.0022
  Epoch 33 [50/537] loss=0.0023 mask=0.0590 depth=0.0023
  Epoch 33 [60/537] loss=0.0022 mask=0.0666 depth=0.0022
  Epoch 33 [70/537] loss=0.0021 mask=0.0762 depth=0.0021
  Epoch 33 [80/537] loss=0.0022 mask=0.0786 depth=0.0022
  Epoch 33 [90/537] loss=0.0022 mask=0.0803 depth=0.0022
  Epoch 33 [100/537] loss=0.0021 mask=0.0772 depth=0.0021
  Epoch 33 [110/537] loss=0.0021 mask=0.0780 depth=0.0021
  Epoch 33 [120/537] loss=0.0021 mask=0.0774 depth=0.0021
  Epoch 33 [130/537] loss=0.0021 mask=0.0801 depth=0.0021
  Epoch 33 [140/537] loss=0.0021 mask=0.0792 depth=0.0021
  Epoch 33 [150/537] loss=0.0021 mask=0.0792 depth=0.0021
  Epoch 33 [160/537] loss=0.0021 mask=0.0775 depth=0.0021
  Epoch 33 [170/537] loss=0.0021 mask=0.0781 depth=0.0021
  Epoch 33 [180/537] loss=0.0021 mask=0.0769 depth=0.0021
  Epoch 33 [190/537] loss=0.0021 mask=0.0759 depth=0.0021
  Epoch 33 [200/537] loss=0.0020 mask=0.0750 depth=0.0020
  Epoch 33 [210/537] loss=0.0020 mask=0.0745 depth=0.0020
  Epoch 33 [220/537] loss=0.0020 mask=0.0776 depth=0.0020
  Epoch 33 [230/537] loss=0.0020 mask=0.0772 depth=0.0020
  Epoch 33 [240/537] loss=0.0020 mask=0.0777 depth=0.0020
  Epoch 33 [250/537] loss=0.0020 mask=0.0773 depth=0.0020
  Epoch 33 [260/537] loss=0.0020 mask=0.0776 depth=0.0020
  Epoch 33 [270/537] loss=0.0020 mask=0.0772 depth=0.0020
  Epoch 33 [280/537] loss=0.0020 mask=0.0770 depth=0.0020
  Epoch 33 [290/537] loss=0.0020 mask=0.0758 depth=0.0020
  Epoch 33 [300/537] loss=0.0019 mask=0.0751 depth=0.0019
  Epoch 33 [310/537] loss=0.0019 mask=0.0748 depth=0.0019
  Epoch 33 [320/537] loss=0.0019 mask=0.0755 depth=0.0019
  Epoch 33 [330/537] loss=0.0019 mask=0.0751 depth=0.0019
  Epoch 33 [340/537] loss=0.0019 mask=0.0755 depth=0.0019
  Epoch 33 [350/537] loss=0.0019 mask=0.0747 depth=0.0019
  Epoch 33 [360/537] loss=0.0019 mask=0.0746 depth=0.0019
  Epoch 33 [370/537] loss=0.0019 mask=0.0738 depth=0.0019
  Epoch 33 [380/537] loss=0.0019 mask=0.0735 depth=0.0019
  Epoch 33 [390/537] loss=0.0019 mask=0.0739 depth=0.0019
  Epoch 33 [400/537] loss=0.0019 mask=0.0741 depth=0.0019
  Epoch 33 [410/537] loss=0.0019 mask=0.0744 depth=0.0019
  Epoch 33 [420/537] loss=0.0018 mask=0.0748 depth=0.0018
  Epoch 33 [430/537] loss=0.0019 mask=0.0748 depth=0.0019
  Epoch 33 [440/537] loss=0.0019 mask=0.0744 depth=0.0019
  Epoch 33 [450/537] loss=0.0019 mask=0.0741 depth=0.0019
  Epoch 33 [460/537] loss=0.0019 mask=0.0734 depth=0.0019
  Epoch 33 [470/537] loss=0.0019 mask=0.0733 depth=0.0019
  Epoch 33 [480/537] loss=0.0018 mask=0.0739 depth=0.0018
  Epoch 33 [490/537] loss=0.0018 mask=0.0742 depth=0.0018
  Epoch 33 [500/537] loss=0.0019 mask=0.0744 depth=0.0019
  Epoch 33 [510/537] loss=0.0019 mask=0.0748 depth=0.0019
  Epoch 33 [520/537] loss=0.0019 mask=0.0747 depth=0.0019
  Epoch 33 [530/537] loss=0.0019 mask=0.0755 depth=0.0019
  Train: loss=0.0032 mask=0.0771 depth=0.0032 time=292.0s
  Val epoch 33: loss=0.0366

=== Phase2 Epoch 34/49 ===
  Epoch 34 [10/537] loss=0.0011 mask=0.0615 depth=0.0011
  Epoch 34 [20/537] loss=0.0018 mask=0.0835 depth=0.0018
  Epoch 34 [30/537] loss=0.0018 mask=0.0713 depth=0.0018
  Epoch 34 [40/537] loss=0.0017 mask=0.0689 depth=0.0017
  Epoch 34 [50/537] loss=0.0016 mask=0.0700 depth=0.0016
  Epoch 34 [60/537] loss=0.0016 mask=0.0722 depth=0.0016
  Epoch 34 [70/537] loss=0.0015 mask=0.0695 depth=0.0015
  Epoch 34 [80/537] loss=0.0016 mask=0.0708 depth=0.0016
  Epoch 34 [90/537] loss=0.0016 mask=0.0781 depth=0.0016
  Epoch 34 [100/537] loss=0.0016 mask=0.0793 depth=0.0016
  Epoch 34 [110/537] loss=0.0015 mask=0.0835 depth=0.0015
  Epoch 34 [120/537] loss=0.0015 mask=0.0805 depth=0.0015
  Epoch 34 [130/537] loss=0.0015 mask=0.0808 depth=0.0015
  Epoch 34 [140/537] loss=0.0014 mask=0.0791 depth=0.0014
  Epoch 34 [150/537] loss=0.0015 mask=0.0793 depth=0.0015
  Epoch 34 [160/537] loss=0.0015 mask=0.0786 depth=0.0015
  Epoch 34 [170/537] loss=0.0015 mask=0.0812 depth=0.0015
  Epoch 34 [180/537] loss=0.0015 mask=0.0796 depth=0.0015
  Epoch 34 [190/537] loss=0.0014 mask=0.0809 depth=0.0014
  Epoch 34 [200/537] loss=0.0015 mask=0.0803 depth=0.0015
  Epoch 34 [210/537] loss=0.0015 mask=0.0799 depth=0.0015
  Epoch 34 [220/537] loss=0.0015 mask=0.0790 depth=0.0015
  Epoch 34 [230/537] loss=0.0015 mask=0.0773 depth=0.0015
  Epoch 34 [240/537] loss=0.0015 mask=0.0774 depth=0.0015
  Epoch 34 [250/537] loss=0.0015 mask=0.0772 depth=0.0015
  Epoch 34 [260/537] loss=0.0015 mask=0.0769 depth=0.0015
  Epoch 34 [270/537] loss=0.0015 mask=0.0772 depth=0.0015
  Epoch 34 [280/537] loss=0.0015 mask=0.0768 depth=0.0015
  Epoch 34 [290/537] loss=0.0016 mask=0.0768 depth=0.0016
  Epoch 34 [300/537] loss=0.0015 mask=0.0764 depth=0.0015
  Epoch 34 [310/537] loss=0.0015 mask=0.0759 depth=0.0015
  Epoch 34 [320/537] loss=0.0016 mask=0.0758 depth=0.0016
  Epoch 34 [330/537] loss=0.0016 mask=0.0755 depth=0.0016
  Epoch 34 [340/537] loss=0.0016 mask=0.0757 depth=0.0016
  Epoch 34 [350/537] loss=0.0016 mask=0.0765 depth=0.0016
  Epoch 34 [360/537] loss=0.0016 mask=0.0766 depth=0.0016
  Epoch 34 [370/537] loss=0.0016 mask=0.0767 depth=0.0016
  Epoch 34 [380/537] loss=0.0016 mask=0.0764 depth=0.0016
  Epoch 34 [390/537] loss=0.0016 mask=0.0766 depth=0.0016
  Epoch 34 [400/537] loss=0.0016 mask=0.0775 depth=0.0016
  Epoch 34 [410/537] loss=0.0016 mask=0.0773 depth=0.0016
  Epoch 34 [420/537] loss=0.0016 mask=0.0775 depth=0.0016
  Epoch 34 [430/537] loss=0.0016 mask=0.0778 depth=0.0016
  Epoch 34 [440/537] loss=0.0016 mask=0.0776 depth=0.0016
  Epoch 34 [450/537] loss=0.0016 mask=0.0772 depth=0.0016
  Epoch 34 [460/537] loss=0.0016 mask=0.0772 depth=0.0016
  Epoch 34 [470/537] loss=0.0017 mask=0.0767 depth=0.0017
  Epoch 34 [480/537] loss=0.0017 mask=0.0764 depth=0.0017
  Epoch 34 [490/537] loss=0.0017 mask=0.0764 depth=0.0017
  Epoch 34 [500/537] loss=0.0017 mask=0.0763 depth=0.0017
  Epoch 34 [510/537] loss=0.0017 mask=0.0759 depth=0.0017
  Epoch 34 [520/537] loss=0.0017 mask=0.0750 depth=0.0017
  Epoch 34 [530/537] loss=0.0017 mask=0.0757 depth=0.0017
  Train: loss=0.0019 mask=0.0775 depth=0.0019 time=296.8s
  Val epoch 34: loss=0.0368

=== Phase2 Epoch 35/49 ===
  Epoch 35 [10/537] loss=0.0011 mask=0.1009 depth=0.0011
  Epoch 35 [20/537] loss=0.0014 mask=0.1009 depth=0.0014
  Epoch 35 [30/537] loss=0.0016 mask=0.0834 depth=0.0016
  Epoch 35 [40/537] loss=0.0018 mask=0.0886 depth=0.0018
  Epoch 35 [50/537] loss=0.0018 mask=0.0907 depth=0.0018
  Epoch 35 [60/537] loss=0.0017 mask=0.0833 depth=0.0017
  Epoch 35 [70/537] loss=0.0016 mask=0.0882 depth=0.0016
  Epoch 35 [80/537] loss=0.0016 mask=0.0881 depth=0.0016
  Epoch 35 [90/537] loss=0.0015 mask=0.0903 depth=0.0015
  Epoch 35 [100/537] loss=0.0015 mask=0.0909 depth=0.0015
  Epoch 35 [110/537] loss=0.0015 mask=0.0910 depth=0.0015
  Epoch 35 [120/537] loss=0.0016 mask=0.0875 depth=0.0016
  Epoch 35 [130/537] loss=0.0016 mask=0.0851 depth=0.0016
  Epoch 35 [140/537] loss=0.0016 mask=0.0830 depth=0.0016
  Epoch 35 [150/537] loss=0.0017 mask=0.0827 depth=0.0017
  Epoch 35 [160/537] loss=0.0017 mask=0.0816 depth=0.0017
  Epoch 35 [170/537] loss=0.0017 mask=0.0801 depth=0.0017
  Epoch 35 [180/537] loss=0.0017 mask=0.0785 depth=0.0017
  Epoch 35 [190/537] loss=0.0017 mask=0.0789 depth=0.0017
  Epoch 35 [200/537] loss=0.0017 mask=0.0791 depth=0.0017
  Epoch 35 [210/537] loss=0.0017 mask=0.0797 depth=0.0017
  Epoch 35 [220/537] loss=0.0017 mask=0.0787 depth=0.0017
  Epoch 35 [230/537] loss=0.0017 mask=0.0775 depth=0.0017
  Epoch 35 [240/537] loss=0.0017 mask=0.0771 depth=0.0017
  Epoch 35 [250/537] loss=0.0017 mask=0.0787 depth=0.0017
  Epoch 35 [260/537] loss=0.0017 mask=0.0785 depth=0.0017
  Epoch 35 [270/537] loss=0.0017 mask=0.0782 depth=0.0017
  Epoch 35 [280/537] loss=0.0017 mask=0.0795 depth=0.0017
  Epoch 35 [290/537] loss=0.0017 mask=0.0788 depth=0.0017
  Epoch 35 [300/537] loss=0.0017 mask=0.0779 depth=0.0017
  Epoch 35 [310/537] loss=0.0017 mask=0.0776 depth=0.0017
  Epoch 35 [320/537] loss=0.0017 mask=0.0772 depth=0.0017
  Epoch 35 [330/537] loss=0.0017 mask=0.0767 depth=0.0017
  Epoch 35 [340/537] loss=0.0017 mask=0.0767 depth=0.0017
  Epoch 35 [350/537] loss=0.0017 mask=0.0771 depth=0.0017
  Epoch 35 [360/537] loss=0.0017 mask=0.0767 depth=0.0017
  Epoch 35 [370/537] loss=0.0016 mask=0.0759 depth=0.0016
  Epoch 35 [380/537] loss=0.0016 mask=0.0761 depth=0.0016
  Epoch 35 [390/537] loss=0.0016 mask=0.0761 depth=0.0016
  Epoch 35 [400/537] loss=0.0016 mask=0.0761 depth=0.0016
  Epoch 35 [410/537] loss=0.0016 mask=0.0764 depth=0.0016
  Epoch 35 [420/537] loss=0.0016 mask=0.0770 depth=0.0016
  Epoch 35 [430/537] loss=0.0016 mask=0.0768 depth=0.0016
  Epoch 35 [440/537] loss=0.0016 mask=0.0767 depth=0.0016
  Epoch 35 [450/537] loss=0.0016 mask=0.0765 depth=0.0016
  Epoch 35 [460/537] loss=0.0016 mask=0.0765 depth=0.0016
  Epoch 35 [470/537] loss=0.0016 mask=0.0760 depth=0.0016
  Epoch 35 [480/537] loss=0.0016 mask=0.0755 depth=0.0016
  Epoch 35 [490/537] loss=0.0016 mask=0.0754 depth=0.0016
  Epoch 35 [500/537] loss=0.0016 mask=0.0750 depth=0.0016
  Epoch 35 [510/537] loss=0.0016 mask=0.0755 depth=0.0016
  Epoch 35 [520/537] loss=0.0016 mask=0.0757 depth=0.0016
  Epoch 35 [530/537] loss=0.0016 mask=0.0755 depth=0.0016
  Train: loss=0.0029 mask=0.0771 depth=0.0029 time=293.4s
  Val epoch 35: loss=0.0362

=== Phase2 Epoch 36/49 ===
  Epoch 36 [10/537] loss=0.0014 mask=0.0985 depth=0.0014
  Epoch 36 [20/537] loss=0.0016 mask=0.0838 depth=0.0016
  Epoch 36 [30/537] loss=0.0016 mask=0.0767 depth=0.0016
  Epoch 36 [40/537] loss=0.0014 mask=0.0718 depth=0.0014
  Epoch 36 [50/537] loss=0.0015 mask=0.0742 depth=0.0015
  Epoch 36 [60/537] loss=0.0015 mask=0.0743 depth=0.0015
  Epoch 36 [70/537] loss=0.0016 mask=0.0770 depth=0.0016
  Epoch 36 [80/537] loss=0.0016 mask=0.0807 depth=0.0016
  Epoch 36 [90/537] loss=0.0016 mask=0.0817 depth=0.0016
  Epoch 36 [100/537] loss=0.0016 mask=0.0789 depth=0.0016
  Epoch 36 [110/537] loss=0.0016 mask=0.0800 depth=0.0016
  Epoch 36 [120/537] loss=0.0016 mask=0.0782 depth=0.0016
  Epoch 36 [130/537] loss=0.0016 mask=0.0778 depth=0.0016
  Epoch 36 [140/537] loss=0.0016 mask=0.0768 depth=0.0016
  Epoch 36 [150/537] loss=0.0016 mask=0.0747 depth=0.0016
  Epoch 36 [160/537] loss=0.0016 mask=0.0744 depth=0.0016
  Epoch 36 [170/537] loss=0.0015 mask=0.0745 depth=0.0015
  Epoch 36 [180/537] loss=0.0016 mask=0.0776 depth=0.0016
  Epoch 36 [190/537] loss=0.0016 mask=0.0794 depth=0.0016
  Epoch 36 [200/537] loss=0.0016 mask=0.0777 depth=0.0016
  Epoch 36 [210/537] loss=0.0016 mask=0.0778 depth=0.0016
  Epoch 36 [220/537] loss=0.0015 mask=0.0775 depth=0.0015
  Epoch 36 [230/537] loss=0.0016 mask=0.0791 depth=0.0016
  Epoch 36 [240/537] loss=0.0016 mask=0.0787 depth=0.0016
  Epoch 36 [250/537] loss=0.0016 mask=0.0797 depth=0.0016
  Epoch 36 [260/537] loss=0.0016 mask=0.0798 depth=0.0016
  Epoch 36 [270/537] loss=0.0016 mask=0.0808 depth=0.0016
  Epoch 36 [280/537] loss=0.0016 mask=0.0821 depth=0.0016
  Epoch 36 [290/537] loss=0.0016 mask=0.0808 depth=0.0016
  Epoch 36 [300/537] loss=0.0016 mask=0.0802 depth=0.0016
  Epoch 36 [310/537] loss=0.0016 mask=0.0806 depth=0.0016
  Epoch 36 [320/537] loss=0.0016 mask=0.0803 depth=0.0016
  Epoch 36 [330/537] loss=0.0016 mask=0.0794 depth=0.0016
  Epoch 36 [340/537] loss=0.0016 mask=0.0796 depth=0.0016
  Epoch 36 [350/537] loss=0.0016 mask=0.0787 depth=0.0016
  Epoch 36 [360/537] loss=0.0016 mask=0.0785 depth=0.0016
  Epoch 36 [370/537] loss=0.0016 mask=0.0791 depth=0.0016
  Epoch 36 [380/537] loss=0.0016 mask=0.0791 depth=0.0016
  Epoch 36 [390/537] loss=0.0016 mask=0.0800 depth=0.0016
  Epoch 36 [400/537] loss=0.0016 mask=0.0793 depth=0.0016
  Epoch 36 [410/537] loss=0.0016 mask=0.0790 depth=0.0016
  Epoch 36 [420/537] loss=0.0016 mask=0.0787 depth=0.0016
  Epoch 36 [430/537] loss=0.0016 mask=0.0783 depth=0.0016
  Epoch 36 [440/537] loss=0.0016 mask=0.0777 depth=0.0016
  Epoch 36 [450/537] loss=0.0016 mask=0.0773 depth=0.0016
  Epoch 36 [460/537] loss=0.0016 mask=0.0769 depth=0.0016
  Epoch 36 [470/537] loss=0.0016 mask=0.0763 depth=0.0016
  Epoch 36 [480/537] loss=0.0016 mask=0.0763 depth=0.0016
  Epoch 36 [490/537] loss=0.0016 mask=0.0769 depth=0.0016
  Epoch 36 [500/537] loss=0.0016 mask=0.0765 depth=0.0016
  Epoch 36 [510/537] loss=0.0016 mask=0.0759 depth=0.0016
  Epoch 36 [520/537] loss=0.0016 mask=0.0759 depth=0.0016
  Epoch 36 [530/537] loss=0.0016 mask=0.0759 depth=0.0016
  Train: loss=0.0016 mask=0.0774 depth=0.0016 time=288.6s
  Val epoch 36: loss=0.0369

=== Phase2 Epoch 37/49 ===
  Epoch 37 [10/537] loss=0.0023 mask=0.0589 depth=0.0023
  Epoch 37 [20/537] loss=0.0015 mask=0.0681 depth=0.0015
  Epoch 37 [30/537] loss=0.0013 mask=0.0699 depth=0.0013
  Epoch 37 [40/537] loss=0.0012 mask=0.0740 depth=0.0012
  Epoch 37 [50/537] loss=0.0014 mask=0.0761 depth=0.0014
  Epoch 37 [60/537] loss=0.0013 mask=0.0773 depth=0.0013
  Epoch 37 [70/537] loss=0.0013 mask=0.0760 depth=0.0013
  Epoch 37 [80/537] loss=0.0014 mask=0.0778 depth=0.0014
  Epoch 37 [90/537] loss=0.0014 mask=0.0770 depth=0.0014
  Epoch 37 [100/537] loss=0.0014 mask=0.0761 depth=0.0014
  Epoch 37 [110/537] loss=0.0014 mask=0.0781 depth=0.0014
  Epoch 37 [120/537] loss=0.0014 mask=0.0824 depth=0.0014
  Epoch 37 [130/537] loss=0.0014 mask=0.0797 depth=0.0014
  Epoch 37 [140/537] loss=0.0014 mask=0.0766 depth=0.0014
  Epoch 37 [150/537] loss=0.0013 mask=0.0763 depth=0.0013
  Epoch 37 [160/537] loss=0.0013 mask=0.0769 depth=0.0013
  Epoch 37 [170/537] loss=0.0013 mask=0.0753 depth=0.0013
  Epoch 37 [180/537] loss=0.0013 mask=0.0743 depth=0.0013
  Epoch 37 [190/537] loss=0.0013 mask=0.0735 depth=0.0013
  Epoch 37 [200/537] loss=0.0013 mask=0.0737 depth=0.0013
  Epoch 37 [210/537] loss=0.0013 mask=0.0727 depth=0.0013
  Epoch 37 [220/537] loss=0.0013 mask=0.0725 depth=0.0013
  Epoch 37 [230/537] loss=0.0013 mask=0.0730 depth=0.0013
  Epoch 37 [240/537] loss=0.0013 mask=0.0728 depth=0.0013
  Epoch 37 [250/537] loss=0.0013 mask=0.0728 depth=0.0013
  Epoch 37 [260/537] loss=0.0013 mask=0.0729 depth=0.0013
  Epoch 37 [270/537] loss=0.0014 mask=0.0754 depth=0.0014
  Epoch 37 [280/537] loss=0.0014 mask=0.0755 depth=0.0014
  Epoch 37 [290/537] loss=0.0014 mask=0.0759 depth=0.0014
  Epoch 37 [300/537] loss=0.0014 mask=0.0747 depth=0.0014
  Epoch 37 [310/537] loss=0.0014 mask=0.0749 depth=0.0014
  Epoch 37 [320/537] loss=0.0014 mask=0.0744 depth=0.0014
  Epoch 37 [330/537] loss=0.0014 mask=0.0743 depth=0.0014
  Epoch 37 [340/537] loss=0.0014 mask=0.0745 depth=0.0014
  Epoch 37 [350/537] loss=0.0014 mask=0.0748 depth=0.0014
  Epoch 37 [360/537] loss=0.0014 mask=0.0742 depth=0.0014
  Epoch 37 [370/537] loss=0.0014 mask=0.0749 depth=0.0014
  Epoch 37 [380/537] loss=0.0014 mask=0.0761 depth=0.0014
  Epoch 37 [390/537] loss=0.0014 mask=0.0766 depth=0.0014
  Epoch 37 [400/537] loss=0.0014 mask=0.0765 depth=0.0014
  Epoch 37 [410/537] loss=0.0014 mask=0.0764 depth=0.0014
  Epoch 37 [420/537] loss=0.0014 mask=0.0766 depth=0.0014
  Epoch 37 [430/537] loss=0.0014 mask=0.0770 depth=0.0014
  Epoch 37 [440/537] loss=0.0014 mask=0.0766 depth=0.0014
  Epoch 37 [450/537] loss=0.0014 mask=0.0770 depth=0.0014
  Epoch 37 [460/537] loss=0.0014 mask=0.0774 depth=0.0014
  Epoch 37 [470/537] loss=0.0014 mask=0.0766 depth=0.0014
  Epoch 37 [480/537] loss=0.0014 mask=0.0767 depth=0.0014
  Epoch 37 [490/537] loss=0.0014 mask=0.0766 depth=0.0014
  Epoch 37 [500/537] loss=0.0014 mask=0.0764 depth=0.0014
  Epoch 37 [510/537] loss=0.0014 mask=0.0760 depth=0.0014
  Epoch 37 [520/537] loss=0.0014 mask=0.0759 depth=0.0014
  Epoch 37 [530/537] loss=0.0015 mask=0.0756 depth=0.0015
  Train: loss=0.0016 mask=0.0774 depth=0.0016 time=291.0s
  Val epoch 37: loss=0.0369

=== Phase2 Epoch 38/49 ===
  Epoch 38 [10/537] loss=0.0011 mask=0.0799 depth=0.0011
  Epoch 38 [20/537] loss=0.0012 mask=0.0792 depth=0.0012
  Epoch 38 [30/537] loss=0.0013 mask=0.0771 depth=0.0013
  Epoch 38 [40/537] loss=0.0015 mask=0.0850 depth=0.0015
  Epoch 38 [50/537] loss=0.0013 mask=0.0836 depth=0.0013
  Epoch 38 [60/537] loss=0.0014 mask=0.0845 depth=0.0014
  Epoch 38 [70/537] loss=0.0014 mask=0.0906 depth=0.0014
  Epoch 38 [80/537] loss=0.0015 mask=0.0867 depth=0.0015
  Epoch 38 [90/537] loss=0.0014 mask=0.0828 depth=0.0014
  Epoch 38 [100/537] loss=0.0014 mask=0.0792 depth=0.0014
  Epoch 38 [110/537] loss=0.0014 mask=0.0767 depth=0.0014
  Epoch 38 [120/537] loss=0.0014 mask=0.0780 depth=0.0014
  Epoch 38 [130/537] loss=0.0014 mask=0.0801 depth=0.0014
  Epoch 38 [140/537] loss=0.0013 mask=0.0790 depth=0.0013
  Epoch 38 [150/537] loss=0.0014 mask=0.0772 depth=0.0014
  Epoch 38 [160/537] loss=0.0014 mask=0.0760 depth=0.0014
  Epoch 38 [170/537] loss=0.0014 mask=0.0756 depth=0.0014
  Epoch 38 [180/537] loss=0.0014 mask=0.0748 depth=0.0014
  Epoch 38 [190/537] loss=0.0014 mask=0.0752 depth=0.0014
  Epoch 38 [200/537] loss=0.0014 mask=0.0763 depth=0.0014
  Epoch 38 [210/537] loss=0.0014 mask=0.0747 depth=0.0014
  Epoch 38 [220/537] loss=0.0014 mask=0.0744 depth=0.0014
  Epoch 38 [230/537] loss=0.0014 mask=0.0742 depth=0.0014
  Epoch 38 [240/537] loss=0.0013 mask=0.0750 depth=0.0013
  Epoch 38 [250/537] loss=0.0013 mask=0.0752 depth=0.0013
  Epoch 38 [260/537] loss=0.0013 mask=0.0760 depth=0.0013
  Epoch 38 [270/537] loss=0.0013 mask=0.0745 depth=0.0013
  Epoch 38 [280/537] loss=0.0014 mask=0.0745 depth=0.0014
  Epoch 38 [290/537] loss=0.0013 mask=0.0753 depth=0.0013
  Epoch 38 [300/537] loss=0.0013 mask=0.0748 depth=0.0013
  Epoch 38 [310/537] loss=0.0014 mask=0.0745 depth=0.0014
  Epoch 38 [320/537] loss=0.0014 mask=0.0765 depth=0.0014
  Epoch 38 [330/537] loss=0.0014 mask=0.0768 depth=0.0014
  Epoch 38 [340/537] loss=0.0014 mask=0.0760 depth=0.0014
  Epoch 38 [350/537] loss=0.0014 mask=0.0763 depth=0.0014
  Epoch 38 [360/537] loss=0.0014 mask=0.0763 depth=0.0014
  Epoch 38 [370/537] loss=0.0014 mask=0.0763 depth=0.0014
  Epoch 38 [380/537] loss=0.0014 mask=0.0772 depth=0.0014
  Epoch 38 [390/537] loss=0.0014 mask=0.0773 depth=0.0014
  Epoch 38 [400/537] loss=0.0014 mask=0.0775 depth=0.0014
  Epoch 38 [410/537] loss=0.0014 mask=0.0774 depth=0.0014
  Epoch 38 [420/537] loss=0.0014 mask=0.0775 depth=0.0014
  Epoch 38 [430/537] loss=0.0014 mask=0.0779 depth=0.0014
  Epoch 38 [440/537] loss=0.0014 mask=0.0779 depth=0.0014
  Epoch 38 [450/537] loss=0.0014 mask=0.0779 depth=0.0014
  Epoch 38 [460/537] loss=0.0014 mask=0.0775 depth=0.0014
  Epoch 38 [470/537] loss=0.0014 mask=0.0774 depth=0.0014
  Epoch 38 [480/537] loss=0.0014 mask=0.0769 depth=0.0014
  Epoch 38 [490/537] loss=0.0014 mask=0.0764 depth=0.0014
  Epoch 38 [500/537] loss=0.0014 mask=0.0763 depth=0.0014
  Epoch 38 [510/537] loss=0.0014 mask=0.0757 depth=0.0014
  Epoch 38 [520/537] loss=0.0014 mask=0.0753 depth=0.0014
  Epoch 38 [530/537] loss=0.0014 mask=0.0753 depth=0.0014
  Train: loss=0.0019 mask=0.0774 depth=0.0019 time=303.0s
  Val epoch 38: loss=0.0379

=== Phase2 Epoch 39/49 ===
  Epoch 39 [10/537] loss=0.0014 mask=0.0809 depth=0.0014
  Epoch 39 [20/537] loss=0.0016 mask=0.0738 depth=0.0016
  Epoch 39 [30/537] loss=0.0016 mask=0.0795 depth=0.0016
  Epoch 39 [40/537] loss=0.0015 mask=0.0710 depth=0.0015
  Epoch 39 [50/537] loss=0.0015 mask=0.0697 depth=0.0015
  Epoch 39 [60/537] loss=0.0016 mask=0.0768 depth=0.0016
  Epoch 39 [70/537] loss=0.0016 mask=0.0826 depth=0.0016
  Epoch 39 [80/537] loss=0.0016 mask=0.0870 depth=0.0016
  Epoch 39 [90/537] loss=0.0016 mask=0.0850 depth=0.0016
  Epoch 39 [100/537] loss=0.0015 mask=0.0824 depth=0.0015
  Epoch 39 [110/537] loss=0.0015 mask=0.0804 depth=0.0015
  Epoch 39 [120/537] loss=0.0015 mask=0.0768 depth=0.0015
  Epoch 39 [130/537] loss=0.0015 mask=0.0770 depth=0.0015
  Epoch 39 [140/537] loss=0.0015 mask=0.0765 depth=0.0015
  Epoch 39 [150/537] loss=0.0015 mask=0.0790 depth=0.0015
  Epoch 39 [160/537] loss=0.0014 mask=0.0777 depth=0.0014
  Epoch 39 [170/537] loss=0.0014 mask=0.0776 depth=0.0014
  Epoch 39 [180/537] loss=0.0014 mask=0.0779 depth=0.0014
  Epoch 39 [190/537] loss=0.0014 mask=0.0772 depth=0.0014
  Epoch 39 [200/537] loss=0.0014 mask=0.0768 depth=0.0014
  Epoch 39 [210/537] loss=0.0014 mask=0.0785 depth=0.0014
  Epoch 39 [220/537] loss=0.0014 mask=0.0785 depth=0.0014
  Epoch 39 [230/537] loss=0.0014 mask=0.0781 depth=0.0014
  Epoch 39 [240/537] loss=0.0014 mask=0.0788 depth=0.0014
  Epoch 39 [250/537] loss=0.0014 mask=0.0785 depth=0.0014
  Epoch 39 [260/537] loss=0.0014 mask=0.0788 depth=0.0014
  Epoch 39 [270/537] loss=0.0014 mask=0.0799 depth=0.0014
  Epoch 39 [280/537] loss=0.0014 mask=0.0790 depth=0.0014
  Epoch 39 [290/537] loss=0.0014 mask=0.0799 depth=0.0014
  Epoch 39 [300/537] loss=0.0014 mask=0.0788 depth=0.0014
  Epoch 39 [310/537] loss=0.0014 mask=0.0790 depth=0.0014
  Epoch 39 [320/537] loss=0.0014 mask=0.0786 depth=0.0014
  Epoch 39 [330/537] loss=0.0014 mask=0.0778 depth=0.0014
  Epoch 39 [340/537] loss=0.0014 mask=0.0788 depth=0.0014
  Epoch 39 [350/537] loss=0.0014 mask=0.0792 depth=0.0014
  Epoch 39 [360/537] loss=0.0014 mask=0.0787 depth=0.0014
  Epoch 39 [370/537] loss=0.0014 mask=0.0776 depth=0.0014
  Epoch 39 [380/537] loss=0.0014 mask=0.0774 depth=0.0014
  Epoch 39 [390/537] loss=0.0014 mask=0.0765 depth=0.0014
  Epoch 39 [400/537] loss=0.0014 mask=0.0765 depth=0.0014
  Epoch 39 [410/537] loss=0.0014 mask=0.0768 depth=0.0014
  Epoch 39 [420/537] loss=0.0014 mask=0.0766 depth=0.0014
  Epoch 39 [430/537] loss=0.0014 mask=0.0771 depth=0.0014
  Epoch 39 [440/537] loss=0.0014 mask=0.0776 depth=0.0014
  Epoch 39 [450/537] loss=0.0014 mask=0.0779 depth=0.0014
  Epoch 39 [460/537] loss=0.0014 mask=0.0784 depth=0.0014
  Epoch 39 [470/537] loss=0.0014 mask=0.0781 depth=0.0014
  Epoch 39 [480/537] loss=0.0014 mask=0.0777 depth=0.0014
  Epoch 39 [490/537] loss=0.0014 mask=0.0769 depth=0.0014
  Epoch 39 [500/537] loss=0.0014 mask=0.0760 depth=0.0014
  Epoch 39 [510/537] loss=0.0014 mask=0.0756 depth=0.0014
  Epoch 39 [520/537] loss=0.0014 mask=0.0754 depth=0.0014
  Epoch 39 [530/537] loss=0.0014 mask=0.0752 depth=0.0014
  Train: loss=0.0014 mask=0.0764 depth=0.0014 time=309.2s
  Val epoch 39: loss=0.0378

=== Phase2 Epoch 40/49 ===
  Epoch 40 [10/537] loss=0.0016 mask=0.0393 depth=0.0016
  Epoch 40 [20/537] loss=0.0014 mask=0.0475 depth=0.0014
  Epoch 40 [30/537] loss=0.0011 mask=0.0482 depth=0.0011
  Epoch 40 [40/537] loss=0.0011 mask=0.0497 depth=0.0011
  Epoch 40 [50/537] loss=0.0011 mask=0.0576 depth=0.0011
  Epoch 40 [60/537] loss=0.0011 mask=0.0574 depth=0.0011
  Epoch 40 [70/537] loss=0.0012 mask=0.0639 depth=0.0012
  Epoch 40 [80/537] loss=0.0012 mask=0.0616 depth=0.0012
  Epoch 40 [90/537] loss=0.0013 mask=0.0636 depth=0.0013
  Epoch 40 [100/537] loss=0.0013 mask=0.0639 depth=0.0013
  Epoch 40 [110/537] loss=0.0013 mask=0.0643 depth=0.0013
  Epoch 40 [120/537] loss=0.0014 mask=0.0655 depth=0.0014
  Epoch 40 [130/537] loss=0.0014 mask=0.0664 depth=0.0014
  Epoch 40 [140/537] loss=0.0013 mask=0.0655 depth=0.0013
  Epoch 40 [150/537] loss=0.0013 mask=0.0649 depth=0.0013
  Epoch 40 [160/537] loss=0.0013 mask=0.0666 depth=0.0013
  Epoch 40 [170/537] loss=0.0013 mask=0.0670 depth=0.0013
  Epoch 40 [180/537] loss=0.0013 mask=0.0682 depth=0.0013
  Epoch 40 [190/537] loss=0.0013 mask=0.0693 depth=0.0013
  Epoch 40 [200/537] loss=0.0013 mask=0.0716 depth=0.0013
  Epoch 40 [210/537] loss=0.0013 mask=0.0712 depth=0.0013
  Epoch 40 [220/537] loss=0.0013 mask=0.0710 depth=0.0013
  Epoch 40 [230/537] loss=0.0013 mask=0.0723 depth=0.0013
  Epoch 40 [240/537] loss=0.0013 mask=0.0718 depth=0.0013
  Epoch 40 [250/537] loss=0.0013 mask=0.0713 depth=0.0013
  Epoch 40 [260/537] loss=0.0013 mask=0.0726 depth=0.0013
  Epoch 40 [270/537] loss=0.0013 mask=0.0726 depth=0.0013
  Epoch 40 [280/537] loss=0.0013 mask=0.0734 depth=0.0013
  Epoch 40 [290/537] loss=0.0013 mask=0.0739 depth=0.0013
  Epoch 40 [300/537] loss=0.0013 mask=0.0741 depth=0.0013
  Epoch 40 [310/537] loss=0.0013 mask=0.0740 depth=0.0013
  Epoch 40 [320/537] loss=0.0013 mask=0.0743 depth=0.0013
  Epoch 40 [330/537] loss=0.0013 mask=0.0753 depth=0.0013
  Epoch 40 [340/537] loss=0.0013 mask=0.0744 depth=0.0013
  Epoch 40 [350/537] loss=0.0013 mask=0.0740 depth=0.0013
  Epoch 40 [360/537] loss=0.0013 mask=0.0736 depth=0.0013
  Epoch 40 [370/537] loss=0.0013 mask=0.0742 depth=0.0013
  Epoch 40 [380/537] loss=0.0013 mask=0.0751 depth=0.0013
  Epoch 40 [390/537] loss=0.0013 mask=0.0760 depth=0.0013
  Epoch 40 [400/537] loss=0.0013 mask=0.0759 depth=0.0013
  Epoch 40 [410/537] loss=0.0013 mask=0.0754 depth=0.0013
  Epoch 40 [420/537] loss=0.0013 mask=0.0759 depth=0.0013
  Epoch 40 [430/537] loss=0.0013 mask=0.0754 depth=0.0013
  Epoch 40 [440/537] loss=0.0013 mask=0.0757 depth=0.0013
  Epoch 40 [450/537] loss=0.0013 mask=0.0759 depth=0.0013
  Epoch 40 [460/537] loss=0.0013 mask=0.0752 depth=0.0013
  Epoch 40 [470/537] loss=0.0013 mask=0.0751 depth=0.0013
  Epoch 40 [480/537] loss=0.0013 mask=0.0754 depth=0.0013
  Epoch 40 [490/537] loss=0.0013 mask=0.0753 depth=0.0013
  Epoch 40 [500/537] loss=0.0013 mask=0.0755 depth=0.0013
  Epoch 40 [510/537] loss=0.0013 mask=0.0759 depth=0.0013
  Epoch 40 [520/537] loss=0.0013 mask=0.0755 depth=0.0013
  Epoch 40 [530/537] loss=0.0013 mask=0.0756 depth=0.0013
  Train: loss=0.0014 mask=0.0773 depth=0.0014 time=302.4s
  Val epoch 40: loss=0.0371

=== Phase2 Epoch 41/49 ===
  Epoch 41 [10/537] loss=0.0009 mask=0.1174 depth=0.0009
  Epoch 41 [20/537] loss=0.0014 mask=0.0899 depth=0.0014
  Epoch 41 [30/537] loss=0.0014 mask=0.0875 depth=0.0014
  Epoch 41 [40/537] loss=0.0011 mask=0.0850 depth=0.0011
  Epoch 41 [50/537] loss=0.0011 mask=0.0792 depth=0.0011
  Epoch 41 [60/537] loss=0.0011 mask=0.0833 depth=0.0011
  Epoch 41 [70/537] loss=0.0011 mask=0.0812 depth=0.0011
  Epoch 41 [80/537] loss=0.0011 mask=0.0785 depth=0.0011
  Epoch 41 [90/537] loss=0.0011 mask=0.0755 depth=0.0011
  Epoch 41 [100/537] loss=0.0011 mask=0.0797 depth=0.0011
  Epoch 41 [110/537] loss=0.0012 mask=0.0814 depth=0.0012
  Epoch 41 [120/537] loss=0.0012 mask=0.0805 depth=0.0012
  Epoch 41 [130/537] loss=0.0012 mask=0.0815 depth=0.0012
  Epoch 41 [140/537] loss=0.0012 mask=0.0789 depth=0.0012
  Epoch 41 [150/537] loss=0.0012 mask=0.0787 depth=0.0012
  Epoch 41 [160/537] loss=0.0012 mask=0.0784 depth=0.0012
  Epoch 41 [170/537] loss=0.0012 mask=0.0789 depth=0.0012
  Epoch 41 [180/537] loss=0.0012 mask=0.0787 depth=0.0012
  Epoch 41 [190/537] loss=0.0012 mask=0.0787 depth=0.0012
  Epoch 41 [200/537] loss=0.0013 mask=0.0769 depth=0.0013
  Epoch 41 [210/537] loss=0.0013 mask=0.0760 depth=0.0013
  Epoch 41 [220/537] loss=0.0013 mask=0.0757 depth=0.0013
  Epoch 41 [230/537] loss=0.0013 mask=0.0757 depth=0.0013
  Epoch 41 [240/537] loss=0.0013 mask=0.0746 depth=0.0013
  Epoch 41 [250/537] loss=0.0013 mask=0.0748 depth=0.0013
  Epoch 41 [260/537] loss=0.0013 mask=0.0737 depth=0.0013
  Epoch 41 [270/537] loss=0.0013 mask=0.0748 depth=0.0013
  Epoch 41 [280/537] loss=0.0013 mask=0.0742 depth=0.0013
  Epoch 41 [290/537] loss=0.0013 mask=0.0731 depth=0.0013
  Epoch 41 [300/537] loss=0.0013 mask=0.0736 depth=0.0013
  Epoch 41 [310/537] loss=0.0012 mask=0.0731 depth=0.0012
  Epoch 41 [320/537] loss=0.0012 mask=0.0721 depth=0.0012
  Epoch 41 [330/537] loss=0.0012 mask=0.0720 depth=0.0012
  Epoch 41 [340/537] loss=0.0012 mask=0.0721 depth=0.0012
  Epoch 41 [350/537] loss=0.0012 mask=0.0720 depth=0.0012
  Epoch 41 [360/537] loss=0.0012 mask=0.0721 depth=0.0012
  Epoch 41 [370/537] loss=0.0012 mask=0.0720 depth=0.0012
  Epoch 41 [380/537] loss=0.0012 mask=0.0718 depth=0.0012
  Epoch 41 [390/537] loss=0.0012 mask=0.0714 depth=0.0012
  Epoch 41 [400/537] loss=0.0012 mask=0.0721 depth=0.0012
  Epoch 41 [410/537] loss=0.0012 mask=0.0726 depth=0.0012
  Epoch 41 [420/537] loss=0.0012 mask=0.0729 depth=0.0012
  Epoch 41 [430/537] loss=0.0012 mask=0.0727 depth=0.0012
  Epoch 41 [440/537] loss=0.0012 mask=0.0729 depth=0.0012
  Epoch 41 [450/537] loss=0.0012 mask=0.0727 depth=0.0012
  Epoch 41 [460/537] loss=0.0012 mask=0.0731 depth=0.0012
  Epoch 41 [470/537] loss=0.0012 mask=0.0731 depth=0.0012
  Epoch 41 [480/537] loss=0.0012 mask=0.0741 depth=0.0012
  Epoch 41 [490/537] loss=0.0012 mask=0.0750 depth=0.0012
  Epoch 41 [500/537] loss=0.0012 mask=0.0748 depth=0.0012
  Epoch 41 [510/537] loss=0.0012 mask=0.0749 depth=0.0012
  Epoch 41 [520/537] loss=0.0012 mask=0.0755 depth=0.0012
  Epoch 41 [530/537] loss=0.0012 mask=0.0764 depth=0.0012
  Train: loss=0.0012 mask=0.0778 depth=0.0012 time=301.0s
  Val epoch 41: loss=0.0369

=== Phase2 Epoch 42/49 ===
  Epoch 42 [10/537] loss=0.0015 mask=0.0678 depth=0.0015
  Epoch 42 [20/537] loss=0.0012 mask=0.0752 depth=0.0012
  Epoch 42 [30/537] loss=0.0010 mask=0.0727 depth=0.0010
  Epoch 42 [40/537] loss=0.0010 mask=0.0753 depth=0.0010
  Epoch 42 [50/537] loss=0.0010 mask=0.0813 depth=0.0010
  Epoch 42 [60/537] loss=0.0010 mask=0.0795 depth=0.0010
  Epoch 42 [70/537] loss=0.0011 mask=0.0774 depth=0.0011
  Epoch 42 [80/537] loss=0.0012 mask=0.0762 depth=0.0012
  Epoch 42 [90/537] loss=0.0012 mask=0.0730 depth=0.0012
  Epoch 42 [100/537] loss=0.0012 mask=0.0739 depth=0.0012
  Epoch 42 [110/537] loss=0.0012 mask=0.0740 depth=0.0012
  Epoch 42 [120/537] loss=0.0012 mask=0.0709 depth=0.0012
  Epoch 42 [130/537] loss=0.0013 mask=0.0719 depth=0.0013
  Epoch 42 [140/537] loss=0.0012 mask=0.0748 depth=0.0012
  Epoch 42 [150/537] loss=0.0012 mask=0.0752 depth=0.0012
  Epoch 42 [160/537] loss=0.0012 mask=0.0756 depth=0.0012
  Epoch 42 [170/537] loss=0.0012 mask=0.0749 depth=0.0012
  Epoch 42 [180/537] loss=0.0012 mask=0.0742 depth=0.0012
  Epoch 42 [190/537] loss=0.0013 mask=0.0747 depth=0.0013
  Epoch 42 [200/537] loss=0.0013 mask=0.0773 depth=0.0013
  Epoch 42 [210/537] loss=0.0012 mask=0.0767 depth=0.0012
  Epoch 42 [220/537] loss=0.0012 mask=0.0777 depth=0.0012
  Epoch 42 [230/537] loss=0.0013 mask=0.0782 depth=0.0013
  Epoch 42 [240/537] loss=0.0012 mask=0.0774 depth=0.0012
  Epoch 42 [250/537] loss=0.0012 mask=0.0758 depth=0.0012
  Epoch 42 [260/537] loss=0.0012 mask=0.0749 depth=0.0012
  Epoch 42 [270/537] loss=0.0012 mask=0.0750 depth=0.0012
  Epoch 42 [280/537] loss=0.0012 mask=0.0760 depth=0.0012
  Epoch 42 [290/537] loss=0.0012 mask=0.0753 depth=0.0012
  Epoch 42 [300/537] loss=0.0012 mask=0.0761 depth=0.0012
  Epoch 42 [310/537] loss=0.0012 mask=0.0761 depth=0.0012
  Epoch 42 [320/537] loss=0.0012 mask=0.0756 depth=0.0012
  Epoch 42 [330/537] loss=0.0012 mask=0.0761 depth=0.0012
  Epoch 42 [340/537] loss=0.0012 mask=0.0751 depth=0.0012
  Epoch 42 [350/537] loss=0.0012 mask=0.0747 depth=0.0012
  Epoch 42 [360/537] loss=0.0012 mask=0.0744 depth=0.0012
  Epoch 42 [370/537] loss=0.0012 mask=0.0754 depth=0.0012
  Epoch 42 [380/537] loss=0.0012 mask=0.0752 depth=0.0012
  Epoch 42 [390/537] loss=0.0012 mask=0.0749 depth=0.0012
  Epoch 42 [400/537] loss=0.0012 mask=0.0754 depth=0.0012
  Epoch 42 [410/537] loss=0.0012 mask=0.0750 depth=0.0012
  Epoch 42 [420/537] loss=0.0012 mask=0.0755 depth=0.0012
  Epoch 42 [430/537] loss=0.0012 mask=0.0755 depth=0.0012
  Epoch 42 [440/537] loss=0.0012 mask=0.0755 depth=0.0012
  Epoch 42 [450/537] loss=0.0012 mask=0.0754 depth=0.0012
  Epoch 42 [460/537] loss=0.0012 mask=0.0749 depth=0.0012
  Epoch 42 [470/537] loss=0.0012 mask=0.0752 depth=0.0012
  Epoch 42 [480/537] loss=0.0012 mask=0.0751 depth=0.0012
  Epoch 42 [490/537] loss=0.0012 mask=0.0755 depth=0.0012
  Epoch 42 [500/537] loss=0.0012 mask=0.0757 depth=0.0012
  Epoch 42 [510/537] loss=0.0012 mask=0.0759 depth=0.0012
  Epoch 42 [520/537] loss=0.0012 mask=0.0759 depth=0.0012
  Epoch 42 [530/537] loss=0.0012 mask=0.0755 depth=0.0012
  Train: loss=0.0025 mask=0.0773 depth=0.0025 time=304.5s
  Val epoch 42: loss=0.0370

=== Phase2 Epoch 43/49 ===
  Epoch 43 [10/537] loss=0.0015 mask=0.0608 depth=0.0015
  Epoch 43 [20/537] loss=0.0013 mask=0.0526 depth=0.0013
  Epoch 43 [30/537] loss=0.0017 mask=0.0622 depth=0.0017
  Epoch 43 [40/537] loss=0.0017 mask=0.0631 depth=0.0017
  Epoch 43 [50/537] loss=0.0016 mask=0.0627 depth=0.0016
  Epoch 43 [60/537] loss=0.0015 mask=0.0618 depth=0.0015
  Epoch 43 [70/537] loss=0.0014 mask=0.0621 depth=0.0014
  Epoch 43 [80/537] loss=0.0014 mask=0.0644 depth=0.0014
  Epoch 43 [90/537] loss=0.0014 mask=0.0678 depth=0.0014
  Epoch 43 [100/537] loss=0.0014 mask=0.0672 depth=0.0014
  Epoch 43 [110/537] loss=0.0014 mask=0.0673 depth=0.0014
  Epoch 43 [120/537] loss=0.0014 mask=0.0703 depth=0.0014
  Epoch 43 [130/537] loss=0.0014 mask=0.0715 depth=0.0014
  Epoch 43 [140/537] loss=0.0014 mask=0.0732 depth=0.0014
  Epoch 43 [150/537] loss=0.0013 mask=0.0726 depth=0.0013
  Epoch 43 [160/537] loss=0.0013 mask=0.0745 depth=0.0013
  Epoch 43 [170/537] loss=0.0013 mask=0.0760 depth=0.0013
  Epoch 43 [180/537] loss=0.0013 mask=0.0779 depth=0.0013
  Epoch 43 [190/537] loss=0.0013 mask=0.0768 depth=0.0013
  Epoch 43 [200/537] loss=0.0013 mask=0.0764 depth=0.0013
  Epoch 43 [210/537] loss=0.0013 mask=0.0756 depth=0.0013
  Epoch 43 [220/537] loss=0.0013 mask=0.0754 depth=0.0013
  Epoch 43 [230/537] loss=0.0013 mask=0.0762 depth=0.0013
  Epoch 43 [240/537] loss=0.0013 mask=0.0770 depth=0.0013
  Epoch 43 [250/537] loss=0.0013 mask=0.0762 depth=0.0013
  Epoch 43 [260/537] loss=0.0013 mask=0.0772 depth=0.0013
  Epoch 43 [270/537] loss=0.0012 mask=0.0761 depth=0.0012
  Epoch 43 [280/537] loss=0.0012 mask=0.0764 depth=0.0012
  Epoch 43 [290/537] loss=0.0012 mask=0.0776 depth=0.0012
  Epoch 43 [300/537] loss=0.0012 mask=0.0783 depth=0.0012
  Epoch 43 [310/537] loss=0.0012 mask=0.0786 depth=0.0012
  Epoch 43 [320/537] loss=0.0012 mask=0.0774 depth=0.0012
  Epoch 43 [330/537] loss=0.0012 mask=0.0783 depth=0.0012
  Epoch 43 [340/537] loss=0.0012 mask=0.0780 depth=0.0012
  Epoch 43 [350/537] loss=0.0012 mask=0.0775 depth=0.0012
  Epoch 43 [360/537] loss=0.0012 mask=0.0780 depth=0.0012
  Epoch 43 [370/537] loss=0.0012 mask=0.0777 depth=0.0012
  Epoch 43 [380/537] loss=0.0012 mask=0.0776 depth=0.0012
  Epoch 43 [390/537] loss=0.0012 mask=0.0771 depth=0.0012
  Epoch 43 [400/537] loss=0.0012 mask=0.0766 depth=0.0012
  Epoch 43 [410/537] loss=0.0012 mask=0.0766 depth=0.0012
  Epoch 43 [420/537] loss=0.0012 mask=0.0772 depth=0.0012
  Epoch 43 [430/537] loss=0.0012 mask=0.0766 depth=0.0012
  Epoch 43 [440/537] loss=0.0012 mask=0.0772 depth=0.0012
  Epoch 43 [450/537] loss=0.0012 mask=0.0774 depth=0.0012
  Epoch 43 [460/537] loss=0.0012 mask=0.0774 depth=0.0012
  Epoch 43 [470/537] loss=0.0012 mask=0.0777 depth=0.0012
  Epoch 43 [480/537] loss=0.0012 mask=0.0779 depth=0.0012
  Epoch 43 [490/537] loss=0.0012 mask=0.0773 depth=0.0012
  Epoch 43 [500/537] loss=0.0012 mask=0.0772 depth=0.0012
  Epoch 43 [510/537] loss=0.0012 mask=0.0765 depth=0.0012
  Epoch 43 [520/537] loss=0.0012 mask=0.0761 depth=0.0012
  Epoch 43 [530/537] loss=0.0012 mask=0.0760 depth=0.0012
  Train: loss=0.0013 mask=0.0769 depth=0.0013 time=320.6s
  Val epoch 43: loss=0.0366

=== Phase2 Epoch 44/49 ===
  Epoch 44 [10/537] loss=0.0014 mask=0.0607 depth=0.0014
  Epoch 44 [20/537] loss=0.0010 mask=0.0665 depth=0.0010
  Epoch 44 [30/537] loss=0.0009 mask=0.0713 depth=0.0009
  Epoch 44 [40/537] loss=0.0010 mask=0.0785 depth=0.0010
  Epoch 44 [50/537] loss=0.0010 mask=0.0819 depth=0.0010
  Epoch 44 [60/537] loss=0.0010 mask=0.0829 depth=0.0010
  Epoch 44 [70/537] loss=0.0011 mask=0.0838 depth=0.0011
  Epoch 44 [80/537] loss=0.0010 mask=0.0852 depth=0.0010
  Epoch 44 [90/537] loss=0.0011 mask=0.0846 depth=0.0011
  Epoch 44 [100/537] loss=0.0011 mask=0.0824 depth=0.0011
  Epoch 44 [110/537] loss=0.0011 mask=0.0804 depth=0.0011
  Epoch 44 [120/537] loss=0.0011 mask=0.0797 depth=0.0011
  Epoch 44 [130/537] loss=0.0011 mask=0.0805 depth=0.0011
  Epoch 44 [140/537] loss=0.0010 mask=0.0797 depth=0.0010
  Epoch 44 [150/537] loss=0.0011 mask=0.0801 depth=0.0011
  Epoch 44 [160/537] loss=0.0011 mask=0.0815 depth=0.0011
  Epoch 44 [170/537] loss=0.0011 mask=0.0806 depth=0.0011
  Epoch 44 [180/537] loss=0.0011 mask=0.0787 depth=0.0011
  Epoch 44 [190/537] loss=0.0011 mask=0.0793 depth=0.0011
  Epoch 44 [200/537] loss=0.0011 mask=0.0783 depth=0.0011
  Epoch 44 [210/537] loss=0.0011 mask=0.0772 depth=0.0011
  Epoch 44 [220/537] loss=0.0011 mask=0.0778 depth=0.0011
  Epoch 44 [230/537] loss=0.0011 mask=0.0766 depth=0.0011
  Epoch 44 [240/537] loss=0.0012 mask=0.0772 depth=0.0012
  Epoch 44 [250/537] loss=0.0012 mask=0.0765 depth=0.0012
  Epoch 44 [260/537] loss=0.0012 mask=0.0771 depth=0.0012
  Epoch 44 [270/537] loss=0.0012 mask=0.0773 depth=0.0012
  Epoch 44 [280/537] loss=0.0012 mask=0.0763 depth=0.0012
  Epoch 44 [290/537] loss=0.0012 mask=0.0757 depth=0.0012
  Epoch 44 [300/537] loss=0.0012 mask=0.0750 depth=0.0012
  Epoch 44 [310/537] loss=0.0012 mask=0.0740 depth=0.0012
  Epoch 44 [320/537] loss=0.0012 mask=0.0739 depth=0.0012
  Epoch 44 [330/537] loss=0.0012 mask=0.0760 depth=0.0012
  Epoch 44 [340/537] loss=0.0012 mask=0.0760 depth=0.0012
  Epoch 44 [350/537] loss=0.0012 mask=0.0761 depth=0.0012
  Epoch 44 [360/537] loss=0.0012 mask=0.0768 depth=0.0012
  Epoch 44 [370/537] loss=0.0012 mask=0.0763 depth=0.0012
  Epoch 44 [380/537] loss=0.0012 mask=0.0763 depth=0.0012
  Epoch 44 [390/537] loss=0.0012 mask=0.0766 depth=0.0012
  Epoch 44 [400/537] loss=0.0012 mask=0.0765 depth=0.0012
  Epoch 44 [410/537] loss=0.0012 mask=0.0758 depth=0.0012
  Epoch 44 [420/537] loss=0.0011 mask=0.0753 depth=0.0011
  Epoch 44 [430/537] loss=0.0012 mask=0.0754 depth=0.0012
  Epoch 44 [440/537] loss=0.0012 mask=0.0751 depth=0.0012
  Epoch 44 [450/537] loss=0.0011 mask=0.0760 depth=0.0011
  Epoch 44 [460/537] loss=0.0011 mask=0.0761 depth=0.0011
  Epoch 44 [470/537] loss=0.0011 mask=0.0758 depth=0.0011
  Epoch 44 [480/537] loss=0.0011 mask=0.0751 depth=0.0011
  Epoch 44 [490/537] loss=0.0011 mask=0.0748 depth=0.0011
  Epoch 44 [500/537] loss=0.0011 mask=0.0752 depth=0.0011
  Epoch 44 [510/537] loss=0.0011 mask=0.0749 depth=0.0011
  Epoch 44 [520/537] loss=0.0011 mask=0.0753 depth=0.0011
  Epoch 44 [530/537] loss=0.0011 mask=0.0749 depth=0.0011
  Train: loss=0.0013 mask=0.0771 depth=0.0013 time=328.5s
  Val epoch 44: loss=0.0370

=== Phase2 Epoch 45/49 ===
  Epoch 45 [10/537] loss=0.0011 mask=0.0767 depth=0.0011
  Epoch 45 [20/537] loss=0.0011 mask=0.0560 depth=0.0011
  Epoch 45 [30/537] loss=0.0010 mask=0.0559 depth=0.0010
  Epoch 45 [40/537] loss=0.0010 mask=0.0625 depth=0.0010
  Epoch 45 [50/537] loss=0.0010 mask=0.0715 depth=0.0010
  Epoch 45 [60/537] loss=0.0010 mask=0.0709 depth=0.0010
  Epoch 45 [70/537] loss=0.0011 mask=0.0718 depth=0.0011
  Epoch 45 [80/537] loss=0.0012 mask=0.0746 depth=0.0012
  Epoch 45 [90/537] loss=0.0011 mask=0.0751 depth=0.0011
  Epoch 45 [100/537] loss=0.0011 mask=0.0736 depth=0.0011
  Epoch 45 [110/537] loss=0.0011 mask=0.0727 depth=0.0011
  Epoch 45 [120/537] loss=0.0010 mask=0.0714 depth=0.0010
  Epoch 45 [130/537] loss=0.0010 mask=0.0707 depth=0.0010
  Epoch 45 [140/537] loss=0.0010 mask=0.0722 depth=0.0010
  Epoch 45 [150/537] loss=0.0010 mask=0.0724 depth=0.0010
  Epoch 45 [160/537] loss=0.0010 mask=0.0723 depth=0.0010
  Epoch 45 [170/537] loss=0.0010 mask=0.0750 depth=0.0010
  Epoch 45 [180/537] loss=0.0010 mask=0.0767 depth=0.0010
  Epoch 45 [190/537] loss=0.0010 mask=0.0772 depth=0.0010
  Epoch 45 [200/537] loss=0.0010 mask=0.0782 depth=0.0010
  Epoch 45 [210/537] loss=0.0010 mask=0.0785 depth=0.0010
  Epoch 45 [220/537] loss=0.0010 mask=0.0783 depth=0.0010
  Epoch 45 [230/537] loss=0.0010 mask=0.0774 depth=0.0010
  Epoch 45 [240/537] loss=0.0010 mask=0.0768 depth=0.0010
  Epoch 45 [250/537] loss=0.0010 mask=0.0773 depth=0.0010
  Epoch 45 [260/537] loss=0.0010 mask=0.0768 depth=0.0010
  Epoch 45 [270/537] loss=0.0010 mask=0.0763 depth=0.0010
  Epoch 45 [280/537] loss=0.0010 mask=0.0766 depth=0.0010
  Epoch 45 [290/537] loss=0.0010 mask=0.0785 depth=0.0010
  Epoch 45 [300/537] loss=0.0010 mask=0.0774 depth=0.0010
  Epoch 45 [310/537] loss=0.0010 mask=0.0775 depth=0.0010
  Epoch 45 [320/537] loss=0.0010 mask=0.0780 depth=0.0010
  Epoch 45 [330/537] loss=0.0010 mask=0.0781 depth=0.0010
  Epoch 45 [340/537] loss=0.0010 mask=0.0784 depth=0.0010
  Epoch 45 [350/537] loss=0.0010 mask=0.0781 depth=0.0010
  Epoch 45 [360/537] loss=0.0010 mask=0.0774 depth=0.0010
  Epoch 45 [370/537] loss=0.0011 mask=0.0770 depth=0.0011
  Epoch 45 [380/537] loss=0.0011 mask=0.0761 depth=0.0011
  Epoch 45 [390/537] loss=0.0010 mask=0.0756 depth=0.0010
  Epoch 45 [400/537] loss=0.0010 mask=0.0748 depth=0.0010
  Epoch 45 [410/537] loss=0.0011 mask=0.0745 depth=0.0011
  Epoch 45 [420/537] loss=0.0011 mask=0.0744 depth=0.0011
  Epoch 45 [430/537] loss=0.0011 mask=0.0742 depth=0.0011
  Epoch 45 [440/537] loss=0.0011 mask=0.0750 depth=0.0011
  Epoch 45 [450/537] loss=0.0011 mask=0.0753 depth=0.0011
  Epoch 45 [460/537] loss=0.0011 mask=0.0757 depth=0.0011
  Epoch 45 [470/537] loss=0.0011 mask=0.0750 depth=0.0011
  Epoch 45 [480/537] loss=0.0011 mask=0.0750 depth=0.0011
  Epoch 45 [490/537] loss=0.0011 mask=0.0748 depth=0.0011
  Epoch 45 [500/537] loss=0.0011 mask=0.0758 depth=0.0011
  Epoch 45 [510/537] loss=0.0011 mask=0.0758 depth=0.0011
  Epoch 45 [520/537] loss=0.0011 mask=0.0767 depth=0.0011
  Epoch 45 [530/537] loss=0.0011 mask=0.0764 depth=0.0011
  Train: loss=0.0011 mask=0.0779 depth=0.0011 time=322.5s
  Val epoch 45: loss=0.0366

=== Phase2 Epoch 46/49 ===
  Epoch 46 [10/537] loss=0.0011 mask=0.0881 depth=0.0011
  Epoch 46 [20/537] loss=0.0011 mask=0.0896 depth=0.0011
  Epoch 46 [30/537] loss=0.0012 mask=0.0863 depth=0.0012
  Epoch 46 [40/537] loss=0.0012 mask=0.0845 depth=0.0012
  Epoch 46 [50/537] loss=0.0012 mask=0.0768 depth=0.0012
  Epoch 46 [60/537] loss=0.0011 mask=0.0708 depth=0.0011
  Epoch 46 [70/537] loss=0.0011 mask=0.0729 depth=0.0011
  Epoch 46 [80/537] loss=0.0011 mask=0.0738 depth=0.0011
  Epoch 46 [90/537] loss=0.0010 mask=0.0828 depth=0.0010
  Epoch 46 [100/537] loss=0.0010 mask=0.0823 depth=0.0010
  Epoch 46 [110/537] loss=0.0010 mask=0.0842 depth=0.0010
  Epoch 46 [120/537] loss=0.0010 mask=0.0828 depth=0.0010
  Epoch 46 [130/537] loss=0.0010 mask=0.0813 depth=0.0010
  Epoch 46 [140/537] loss=0.0010 mask=0.0782 depth=0.0010
  Epoch 46 [150/537] loss=0.0010 mask=0.0774 depth=0.0010
  Epoch 46 [160/537] loss=0.0010 mask=0.0767 depth=0.0010
  Epoch 46 [170/537] loss=0.0010 mask=0.0775 depth=0.0010
  Epoch 46 [180/537] loss=0.0010 mask=0.0769 depth=0.0010
  Epoch 46 [190/537] loss=0.0010 mask=0.0773 depth=0.0010
  Epoch 46 [200/537] loss=0.0010 mask=0.0764 depth=0.0010
  Epoch 46 [210/537] loss=0.0010 mask=0.0774 depth=0.0010
  Epoch 46 [220/537] loss=0.0010 mask=0.0766 depth=0.0010
  Epoch 46 [230/537] loss=0.0011 mask=0.0763 depth=0.0011
  Epoch 46 [240/537] loss=0.0011 mask=0.0752 depth=0.0011
  Epoch 46 [250/537] loss=0.0011 mask=0.0755 depth=0.0011
  Epoch 46 [260/537] loss=0.0011 mask=0.0753 depth=0.0011
  Epoch 46 [270/537] loss=0.0011 mask=0.0758 depth=0.0011
  Epoch 46 [280/537] loss=0.0011 mask=0.0762 depth=0.0011
  Epoch 46 [290/537] loss=0.0011 mask=0.0764 depth=0.0011
  Epoch 46 [300/537] loss=0.0011 mask=0.0756 depth=0.0011
  Epoch 46 [310/537] loss=0.0011 mask=0.0756 depth=0.0011
  Epoch 46 [320/537] loss=0.0011 mask=0.0755 depth=0.0011
  Epoch 46 [330/537] loss=0.0011 mask=0.0751 depth=0.0011
  Epoch 46 [340/537] loss=0.0011 mask=0.0746 depth=0.0011
  Epoch 46 [350/537] loss=0.0011 mask=0.0747 depth=0.0011
  Epoch 46 [360/537] loss=0.0011 mask=0.0745 depth=0.0011
  Epoch 46 [370/537] loss=0.0011 mask=0.0750 depth=0.0011
  Epoch 46 [380/537] loss=0.0011 mask=0.0744 depth=0.0011
  Epoch 46 [390/537] loss=0.0011 mask=0.0736 depth=0.0011
  Epoch 46 [400/537] loss=0.0011 mask=0.0736 depth=0.0011
  Epoch 46 [410/537] loss=0.0011 mask=0.0748 depth=0.0011
  Epoch 46 [420/537] loss=0.0011 mask=0.0740 depth=0.0011
  Epoch 46 [430/537] loss=0.0011 mask=0.0737 depth=0.0011
  Epoch 46 [440/537] loss=0.0011 mask=0.0744 depth=0.0011
  Epoch 46 [450/537] loss=0.0011 mask=0.0748 depth=0.0011
  Epoch 46 [460/537] loss=0.0011 mask=0.0745 depth=0.0011
  Epoch 46 [470/537] loss=0.0011 mask=0.0744 depth=0.0011
  Epoch 46 [480/537] loss=0.0011 mask=0.0749 depth=0.0011
  Epoch 46 [490/537] loss=0.0011 mask=0.0749 depth=0.0011
  Epoch 46 [500/537] loss=0.0011 mask=0.0751 depth=0.0011
  Epoch 46 [510/537] loss=0.0011 mask=0.0751 depth=0.0011
  Epoch 46 [520/537] loss=0.0011 mask=0.0757 depth=0.0011
  Epoch 46 [530/537] loss=0.0011 mask=0.0755 depth=0.0011
  Train: loss=0.0012 mask=0.0771 depth=0.0012 time=315.7s
  Val epoch 46: loss=0.0367

=== Phase2 Epoch 47/49 ===
  Epoch 47 [10/537] loss=0.0015 mask=0.1082 depth=0.0015
  Epoch 47 [20/537] loss=0.0014 mask=0.0867 depth=0.0014
  Epoch 47 [30/537] loss=0.0012 mask=0.0794 depth=0.0012
  Epoch 47 [40/537] loss=0.0012 mask=0.0708 depth=0.0012
  Epoch 47 [50/537] loss=0.0011 mask=0.0666 depth=0.0011
  Epoch 47 [60/537] loss=0.0011 mask=0.0656 depth=0.0011
  Epoch 47 [70/537] loss=0.0012 mask=0.0655 depth=0.0012
  Epoch 47 [80/537] loss=0.0012 mask=0.0680 depth=0.0012
  Epoch 47 [90/537] loss=0.0011 mask=0.0686 depth=0.0011
  Epoch 47 [100/537] loss=0.0011 mask=0.0692 depth=0.0011
  Epoch 47 [110/537] loss=0.0011 mask=0.0704 depth=0.0011
  Epoch 47 [120/537] loss=0.0011 mask=0.0703 depth=0.0011
  Epoch 47 [130/537] loss=0.0011 mask=0.0691 depth=0.0011
  Epoch 47 [140/537] loss=0.0011 mask=0.0716 depth=0.0011
  Epoch 47 [150/537] loss=0.0011 mask=0.0721 depth=0.0011
  Epoch 47 [160/537] loss=0.0011 mask=0.0726 depth=0.0011
  Epoch 47 [170/537] loss=0.0011 mask=0.0725 depth=0.0011
  Epoch 47 [180/537] loss=0.0011 mask=0.0720 depth=0.0011
  Epoch 47 [190/537] loss=0.0011 mask=0.0729 depth=0.0011
  Epoch 47 [200/537] loss=0.0011 mask=0.0724 depth=0.0011
  Epoch 47 [210/537] loss=0.0011 mask=0.0724 depth=0.0011
  Epoch 47 [220/537] loss=0.0011 mask=0.0726 depth=0.0011
  Epoch 47 [230/537] loss=0.0011 mask=0.0726 depth=0.0011
  Epoch 47 [240/537] loss=0.0011 mask=0.0731 depth=0.0011
  Epoch 47 [250/537] loss=0.0011 mask=0.0738 depth=0.0011
  Epoch 47 [260/537] loss=0.0011 mask=0.0734 depth=0.0011
  Epoch 47 [270/537] loss=0.0011 mask=0.0753 depth=0.0011
  Epoch 47 [280/537] loss=0.0011 mask=0.0750 depth=0.0011
  Epoch 47 [290/537] loss=0.0011 mask=0.0746 depth=0.0011
  Epoch 47 [300/537] loss=0.0011 mask=0.0743 depth=0.0011
  Epoch 47 [310/537] loss=0.0010 mask=0.0746 depth=0.0010
  Epoch 47 [320/537] loss=0.0011 mask=0.0748 depth=0.0011
  Epoch 47 [330/537] loss=0.0011 mask=0.0744 depth=0.0011
  Epoch 47 [340/537] loss=0.0011 mask=0.0755 depth=0.0011
  Epoch 47 [350/537] loss=0.0011 mask=0.0753 depth=0.0011
  Epoch 47 [360/537] loss=0.0010 mask=0.0747 depth=0.0010
  Epoch 47 [370/537] loss=0.0011 mask=0.0750 depth=0.0011
  Epoch 47 [380/537] loss=0.0010 mask=0.0755 depth=0.0010
  Epoch 47 [390/537] loss=0.0010 mask=0.0755 depth=0.0010
  Epoch 47 [400/537] loss=0.0010 mask=0.0766 depth=0.0010
  Epoch 47 [410/537] loss=0.0010 mask=0.0763 depth=0.0010
  Epoch 47 [420/537] loss=0.0010 mask=0.0761 depth=0.0010
  Epoch 47 [430/537] loss=0.0010 mask=0.0752 depth=0.0010
  Epoch 47 [440/537] loss=0.0010 mask=0.0756 depth=0.0010
  Epoch 47 [450/537] loss=0.0010 mask=0.0755 depth=0.0010
  Epoch 47 [460/537] loss=0.0010 mask=0.0755 depth=0.0010
  Epoch 47 [470/537] loss=0.0010 mask=0.0753 depth=0.0010
  Epoch 47 [480/537] loss=0.0010 mask=0.0750 depth=0.0010
  Epoch 47 [490/537] loss=0.0010 mask=0.0748 depth=0.0010
  Epoch 47 [500/537] loss=0.0010 mask=0.0745 depth=0.0010
  Epoch 47 [510/537] loss=0.0011 mask=0.0748 depth=0.0011
  Epoch 47 [520/537] loss=0.0011 mask=0.0754 depth=0.0011
  Epoch 47 [530/537] loss=0.0010 mask=0.0758 depth=0.0010
  Train: loss=0.0017 mask=0.0774 depth=0.0017 time=312.0s
  Val epoch 47: loss=0.0363

=== Phase2 Epoch 48/49 ===
  Epoch 48 [10/537] loss=0.0011 mask=0.0408 depth=0.0011
  Epoch 48 [20/537] loss=0.0012 mask=0.0857 depth=0.0012
  Epoch 48 [30/537] loss=0.0013 mask=0.0781 depth=0.0013
  Epoch 48 [40/537] loss=0.0013 mask=0.0722 depth=0.0013
  Epoch 48 [50/537] loss=0.0012 mask=0.0668 depth=0.0012
  Epoch 48 [60/537] loss=0.0011 mask=0.0676 depth=0.0011
  Epoch 48 [70/537] loss=0.0011 mask=0.0701 depth=0.0011
  Epoch 48 [80/537] loss=0.0011 mask=0.0679 depth=0.0011
  Epoch 48 [90/537] loss=0.0011 mask=0.0690 depth=0.0011
  Epoch 48 [100/537] loss=0.0011 mask=0.0697 depth=0.0011
  Epoch 48 [110/537] loss=0.0011 mask=0.0687 depth=0.0011
  Epoch 48 [120/537] loss=0.0011 mask=0.0668 depth=0.0011
  Epoch 48 [130/537] loss=0.0011 mask=0.0655 depth=0.0011
  Epoch 48 [140/537] loss=0.0012 mask=0.0660 depth=0.0012
  Epoch 48 [150/537] loss=0.0012 mask=0.0693 depth=0.0012
  Epoch 48 [160/537] loss=0.0011 mask=0.0684 depth=0.0011
  Epoch 48 [170/537] loss=0.0011 mask=0.0677 depth=0.0011
  Epoch 48 [180/537] loss=0.0011 mask=0.0675 depth=0.0011
  Epoch 48 [190/537] loss=0.0011 mask=0.0678 depth=0.0011
  Epoch 48 [200/537] loss=0.0011 mask=0.0677 depth=0.0011
  Epoch 48 [210/537] loss=0.0011 mask=0.0690 depth=0.0011
  Epoch 48 [220/537] loss=0.0011 mask=0.0686 depth=0.0011
  Epoch 48 [230/537] loss=0.0011 mask=0.0693 depth=0.0011
  Epoch 48 [240/537] loss=0.0010 mask=0.0700 depth=0.0010
  Epoch 48 [250/537] loss=0.0010 mask=0.0711 depth=0.0010
  Epoch 48 [260/537] loss=0.0010 mask=0.0706 depth=0.0010
  Epoch 48 [270/537] loss=0.0010 mask=0.0720 depth=0.0010
  Epoch 48 [280/537] loss=0.0010 mask=0.0717 depth=0.0010
  Epoch 48 [290/537] loss=0.0010 mask=0.0712 depth=0.0010
  Epoch 48 [300/537] loss=0.0010 mask=0.0713 depth=0.0010
  Epoch 48 [310/537] loss=0.0010 mask=0.0720 depth=0.0010
  Epoch 48 [320/537] loss=0.0010 mask=0.0723 depth=0.0010
  Epoch 48 [330/537] loss=0.0010 mask=0.0730 depth=0.0010
  Epoch 48 [340/537] loss=0.0010 mask=0.0730 depth=0.0010
  Epoch 48 [350/537] loss=0.0010 mask=0.0724 depth=0.0010
  Epoch 48 [360/537] loss=0.0010 mask=0.0729 depth=0.0010
  Epoch 48 [370/537] loss=0.0010 mask=0.0735 depth=0.0010
  Epoch 48 [380/537] loss=0.0010 mask=0.0740 depth=0.0010
  Epoch 48 [390/537] loss=0.0010 mask=0.0744 depth=0.0010
  Epoch 48 [400/537] loss=0.0010 mask=0.0743 depth=0.0010
  Epoch 48 [410/537] loss=0.0010 mask=0.0748 depth=0.0010
  Epoch 48 [420/537] loss=0.0010 mask=0.0751 depth=0.0010
  Epoch 48 [430/537] loss=0.0010 mask=0.0751 depth=0.0010
  Epoch 48 [440/537] loss=0.0010 mask=0.0749 depth=0.0010
  Epoch 48 [450/537] loss=0.0010 mask=0.0753 depth=0.0010
  Epoch 48 [460/537] loss=0.0010 mask=0.0752 depth=0.0010
  Epoch 48 [470/537] loss=0.0010 mask=0.0750 depth=0.0010
  Epoch 48 [480/537] loss=0.0010 mask=0.0753 depth=0.0010
  Epoch 48 [490/537] loss=0.0010 mask=0.0756 depth=0.0010
  Epoch 48 [500/537] loss=0.0010 mask=0.0756 depth=0.0010
  Epoch 48 [510/537] loss=0.0010 mask=0.0754 depth=0.0010
  Epoch 48 [520/537] loss=0.0010 mask=0.0757 depth=0.0010
  Epoch 48 [530/537] loss=0.0010 mask=0.0755 depth=0.0010
  Train: loss=0.0010 mask=0.0773 depth=0.0010 time=316.6s
  Val epoch 48: loss=0.0366

=== Phase2 Epoch 49/49 ===
  Epoch 49 [10/537] loss=0.0010 mask=0.0922 depth=0.0010
  Epoch 49 [20/537] loss=0.0009 mask=0.0849 depth=0.0009
  Epoch 49 [30/537] loss=0.0009 mask=0.0864 depth=0.0009
  Epoch 49 [40/537] loss=0.0010 mask=0.0926 depth=0.0010
  Epoch 49 [50/537] loss=0.0010 mask=0.0967 depth=0.0010
  Epoch 49 [60/537] loss=0.0009 mask=0.0913 depth=0.0009
  Epoch 49 [70/537] loss=0.0009 mask=0.0897 depth=0.0009
  Epoch 49 [80/537] loss=0.0009 mask=0.0884 depth=0.0009
  Epoch 49 [90/537] loss=0.0010 mask=0.0863 depth=0.0010
  Epoch 49 [100/537] loss=0.0010 mask=0.0842 depth=0.0010
  Epoch 49 [110/537] loss=0.0009 mask=0.0860 depth=0.0009
  Epoch 49 [120/537] loss=0.0009 mask=0.0827 depth=0.0009
  Epoch 49 [130/537] loss=0.0010 mask=0.0810 depth=0.0010
  Epoch 49 [140/537] loss=0.0010 mask=0.0818 depth=0.0010
  Epoch 49 [150/537] loss=0.0009 mask=0.0817 depth=0.0009
  Epoch 49 [160/537] loss=0.0009 mask=0.0820 depth=0.0009
  Epoch 49 [170/537] loss=0.0009 mask=0.0810 depth=0.0009
  Epoch 49 [180/537] loss=0.0009 mask=0.0812 depth=0.0009
  Epoch 49 [190/537] loss=0.0009 mask=0.0801 depth=0.0009
  Epoch 49 [200/537] loss=0.0009 mask=0.0792 depth=0.0009
  Epoch 49 [210/537] loss=0.0009 mask=0.0801 depth=0.0009
  Epoch 49 [220/537] loss=0.0009 mask=0.0797 depth=0.0009
  Epoch 49 [230/537] loss=0.0010 mask=0.0800 depth=0.0010
  Epoch 49 [240/537] loss=0.0010 mask=0.0809 depth=0.0010
  Epoch 49 [250/537] loss=0.0010 mask=0.0803 depth=0.0010
  Epoch 49 [260/537] loss=0.0010 mask=0.0801 depth=0.0010
  Epoch 49 [270/537] loss=0.0010 mask=0.0801 depth=0.0010
  Epoch 49 [280/537] loss=0.0010 mask=0.0788 depth=0.0010
  Epoch 49 [290/537] loss=0.0010 mask=0.0792 depth=0.0010
  Epoch 49 [300/537] loss=0.0010 mask=0.0789 depth=0.0010
  Epoch 49 [310/537] loss=0.0010 mask=0.0792 depth=0.0010
  Epoch 49 [320/537] loss=0.0010 mask=0.0783 depth=0.0010
  Epoch 49 [330/537] loss=0.0010 mask=0.0791 depth=0.0010
  Epoch 49 [340/537] loss=0.0010 mask=0.0788 depth=0.0010
  Epoch 49 [350/537] loss=0.0010 mask=0.0783 depth=0.0010
  Epoch 49 [360/537] loss=0.0010 mask=0.0780 depth=0.0010
  Epoch 49 [370/537] loss=0.0010 mask=0.0778 depth=0.0010
  Epoch 49 [380/537] loss=0.0010 mask=0.0778 depth=0.0010
  Epoch 49 [390/537] loss=0.0010 mask=0.0771 depth=0.0010
  Epoch 49 [400/537] loss=0.0010 mask=0.0762 depth=0.0010
  Epoch 49 [410/537] loss=0.0010 mask=0.0753 depth=0.0010
  Epoch 49 [420/537] loss=0.0010 mask=0.0750 depth=0.0010
  Epoch 49 [430/537] loss=0.0010 mask=0.0751 depth=0.0010
  Epoch 49 [440/537] loss=0.0010 mask=0.0754 depth=0.0010
  Epoch 49 [450/537] loss=0.0010 mask=0.0754 depth=0.0010
  Epoch 49 [460/537] loss=0.0010 mask=0.0758 depth=0.0010
  Epoch 49 [470/537] loss=0.0010 mask=0.0761 depth=0.0010
  Epoch 49 [480/537] loss=0.0010 mask=0.0757 depth=0.0010
  Epoch 49 [490/537] loss=0.0010 mask=0.0755 depth=0.0010
  Epoch 49 [500/537] loss=0.0010 mask=0.0759 depth=0.0010
  Epoch 49 [510/537] loss=0.0010 mask=0.0759 depth=0.0010
  Epoch 49 [520/537] loss=0.0010 mask=0.0761 depth=0.0010
  Epoch 49 [530/537] loss=0.0010 mask=0.0757 depth=0.0010
  Train: loss=0.0017 mask=0.0770 depth=0.0017 time=323.4s
  Val epoch 49: loss=0.0365

Phase 2 complete. Best val loss: 0.0325
