nohup: ignoring input
/home/LXT/.conda/envs/dinov3-sam/lib/python3.10/runpy.py:126: RuntimeWarning: 'dinosam.train.trainer' found in sys.modules after import of package 'dinosam.train', but prior to execution of 'dinosam.train.trainer'; this may result in unpredictable behaviour
  warn(RuntimeWarning(msg))
Initialized depth branch from SAM inner weights (depth_prediction_head random)
Train samples: 880  Val samples: 220

============================================================
PHASE 1: Mask-only training (dice + iou loss)
============================================================
Phase 1: Total params: 97,379,069  Trainable: 4,064,560

=== Phase1 Epoch 0/49 ===
  Epoch 0 [10/220] loss=1.2795 mask=0.9534 iou=0.3261
  Epoch 0 [20/220] loss=1.1664 mask=0.9562 iou=0.2102
  Epoch 0 [30/220] loss=1.0955 mask=0.9428 iou=0.1527
  Epoch 0 [40/220] loss=1.0465 mask=0.9186 iou=0.1279
  Epoch 0 [50/220] loss=0.9729 mask=0.8599 iou=0.1130
  Epoch 0 [60/220] loss=0.8848 mask=0.7790 iou=0.1058
  Epoch 0 [70/220] loss=0.8241 mask=0.7235 iou=0.1006
  Epoch 0 [80/220] loss=0.7607 mask=0.6672 iou=0.0934
  Epoch 0 [90/220] loss=0.7136 mask=0.6243 iou=0.0893
  Epoch 0 [100/220] loss=0.6727 mask=0.5876 iou=0.0851
  Epoch 0 [110/220] loss=0.6334 mask=0.5531 iou=0.0803
  Epoch 0 [120/220] loss=0.6031 mask=0.5264 iou=0.0767
  Epoch 0 [130/220] loss=0.5708 mask=0.4978 iou=0.0730
  Epoch 0 [140/220] loss=0.5479 mask=0.4776 iou=0.0702
  Epoch 0 [150/220] loss=0.5292 mask=0.4609 iou=0.0683
  Epoch 0 [160/220] loss=0.5150 mask=0.4478 iou=0.0672
  Epoch 0 [170/220] loss=0.5023 mask=0.4361 iou=0.0662
  Epoch 0 [180/220] loss=0.4891 mask=0.4244 iou=0.0647
  Epoch 0 [190/220] loss=0.4745 mask=0.4114 iou=0.0631
  Epoch 0 [200/220] loss=0.4621 mask=0.4000 iou=0.0621
  Epoch 0 [210/220] loss=0.4521 mask=0.3917 iou=0.0604
  Epoch 0 [220/220] loss=0.4430 mask=0.3834 iou=0.0596
  Train: loss=0.4430 mask=0.3834 iou=0.0596 time=209.3s
  Val epoch 0: loss=0.2862
  Saved best phase1 model (val_loss=0.2862)

=== Phase1 Epoch 1/49 ===
  Epoch 1 [10/220] loss=0.1963 mask=0.1695 iou=0.0268
  Epoch 1 [20/220] loss=0.1981 mask=0.1688 iou=0.0294
  Epoch 1 [30/220] loss=0.1915 mask=0.1656 iou=0.0258
  Epoch 1 [40/220] loss=0.1929 mask=0.1663 iou=0.0266
  Epoch 1 [50/220] loss=0.1880 mask=0.1611 iou=0.0268
  Epoch 1 [60/220] loss=0.1841 mask=0.1584 iou=0.0257
  Epoch 1 [70/220] loss=0.1931 mask=0.1647 iou=0.0284
  Epoch 1 [80/220] loss=0.1900 mask=0.1620 iou=0.0280
  Epoch 1 [90/220] loss=0.1847 mask=0.1567 iou=0.0280
  Epoch 1 [100/220] loss=0.1840 mask=0.1568 iou=0.0271
  Epoch 1 [110/220] loss=0.1851 mask=0.1580 iou=0.0271
  Epoch 1 [120/220] loss=0.1828 mask=0.1560 iou=0.0268
  Epoch 1 [130/220] loss=0.1855 mask=0.1579 iou=0.0276
  Epoch 1 [140/220] loss=0.1859 mask=0.1584 iou=0.0274
  Epoch 1 [150/220] loss=0.1850 mask=0.1582 iou=0.0269
  Epoch 1 [160/220] loss=0.1859 mask=0.1590 iou=0.0268
  Epoch 1 [170/220] loss=0.1860 mask=0.1592 iou=0.0268
  Epoch 1 [180/220] loss=0.1875 mask=0.1606 iou=0.0269
  Epoch 1 [190/220] loss=0.1867 mask=0.1598 iou=0.0268
  Epoch 1 [200/220] loss=0.1856 mask=0.1589 iou=0.0267
  Epoch 1 [210/220] loss=0.1856 mask=0.1589 iou=0.0267
  Epoch 1 [220/220] loss=0.1851 mask=0.1587 iou=0.0264
  Train: loss=0.1851 mask=0.1587 iou=0.0264 time=218.1s
  Val epoch 1: loss=0.2106
  Saved best phase1 model (val_loss=0.2106)

=== Phase1 Epoch 2/49 ===
  Epoch 2 [10/220] loss=0.1874 mask=0.1628 iou=0.0246
  Epoch 2 [20/220] loss=0.1746 mask=0.1498 iou=0.0247
  Epoch 2 [30/220] loss=0.1776 mask=0.1537 iou=0.0239
  Epoch 2 [40/220] loss=0.1709 mask=0.1500 iou=0.0209
  Epoch 2 [50/220] loss=0.1700 mask=0.1484 iou=0.0217
  Epoch 2 [60/220] loss=0.1689 mask=0.1471 iou=0.0218
  Epoch 2 [70/220] loss=0.1690 mask=0.1460 iou=0.0230
  Epoch 2 [80/220] loss=0.1649 mask=0.1426 iou=0.0223
  Epoch 2 [90/220] loss=0.1647 mask=0.1431 iou=0.0216
  Epoch 2 [100/220] loss=0.1628 mask=0.1412 iou=0.0215
  Epoch 2 [110/220] loss=0.1603 mask=0.1391 iou=0.0212
  Epoch 2 [120/220] loss=0.1616 mask=0.1402 iou=0.0213
  Epoch 2 [130/220] loss=0.1595 mask=0.1385 iou=0.0209
  Epoch 2 [140/220] loss=0.1611 mask=0.1401 iou=0.0210
  Epoch 2 [150/220] loss=0.1607 mask=0.1401 iou=0.0206
  Epoch 2 [160/220] loss=0.1614 mask=0.1409 iou=0.0205
  Epoch 2 [170/220] loss=0.1597 mask=0.1393 iou=0.0204
  Epoch 2 [180/220] loss=0.1588 mask=0.1388 iou=0.0200
  Epoch 2 [190/220] loss=0.1573 mask=0.1376 iou=0.0196
  Epoch 2 [200/220] loss=0.1583 mask=0.1383 iou=0.0200
  Epoch 2 [210/220] loss=0.1578 mask=0.1381 iou=0.0197
  Epoch 2 [220/220] loss=0.1558 mask=0.1365 iou=0.0194
  Train: loss=0.1558 mask=0.1365 iou=0.0194 time=216.8s
  Val epoch 2: loss=0.1949
  Saved best phase1 model (val_loss=0.1949)

=== Phase1 Epoch 3/49 ===
  Epoch 3 [10/220] loss=0.1242 mask=0.1112 iou=0.0131
  Epoch 3 [20/220] loss=0.1367 mask=0.1218 iou=0.0149
  Epoch 3 [30/220] loss=0.1410 mask=0.1241 iou=0.0169
  Epoch 3 [40/220] loss=0.1506 mask=0.1330 iou=0.0177
  Epoch 3 [50/220] loss=0.1503 mask=0.1318 iou=0.0185
  Epoch 3 [60/220] loss=0.1525 mask=0.1338 iou=0.0188
  Epoch 3 [70/220] loss=0.1571 mask=0.1377 iou=0.0194
  Epoch 3 [80/220] loss=0.1576 mask=0.1383 iou=0.0193
  Epoch 3 [90/220] loss=0.1549 mask=0.1361 iou=0.0188
  Epoch 3 [100/220] loss=0.1502 mask=0.1321 iou=0.0181
  Epoch 3 [110/220] loss=0.1475 mask=0.1296 iou=0.0179
  Epoch 3 [120/220] loss=0.1475 mask=0.1298 iou=0.0178
  Epoch 3 [130/220] loss=0.1475 mask=0.1297 iou=0.0178
  Epoch 3 [140/220] loss=0.1494 mask=0.1310 iou=0.0185
  Epoch 3 [150/220] loss=0.1515 mask=0.1327 iou=0.0188
  Epoch 3 [160/220] loss=0.1514 mask=0.1325 iou=0.0190
  Epoch 3 [170/220] loss=0.1495 mask=0.1310 iou=0.0185
  Epoch 3 [180/220] loss=0.1482 mask=0.1299 iou=0.0183
  Epoch 3 [190/220] loss=0.1473 mask=0.1291 iou=0.0182
  Epoch 3 [200/220] loss=0.1447 mask=0.1268 iou=0.0179
  Epoch 3 [210/220] loss=0.1434 mask=0.1257 iou=0.0177
  Epoch 3 [220/220] loss=0.1429 mask=0.1252 iou=0.0177
  Train: loss=0.1429 mask=0.1252 iou=0.0177 time=215.5s
  Val epoch 3: loss=0.1706
  Saved best phase1 model (val_loss=0.1706)

=== Phase1 Epoch 4/49 ===
  Epoch 4 [10/220] loss=0.2065 mask=0.1811 iou=0.0254
  Epoch 4 [20/220] loss=0.1625 mask=0.1428 iou=0.0197
  Epoch 4 [30/220] loss=0.1648 mask=0.1442 iou=0.0205
  Epoch 4 [40/220] loss=0.1619 mask=0.1429 iou=0.0190
  Epoch 4 [50/220] loss=0.1546 mask=0.1367 iou=0.0179
  Epoch 4 [60/220] loss=0.1501 mask=0.1333 iou=0.0167
  Epoch 4 [70/220] loss=0.1424 mask=0.1264 iou=0.0160
  Epoch 4 [80/220] loss=0.1425 mask=0.1262 iou=0.0163
  Epoch 4 [90/220] loss=0.1400 mask=0.1237 iou=0.0164
  Epoch 4 [100/220] loss=0.1378 mask=0.1218 iou=0.0159
  Epoch 4 [110/220] loss=0.1336 mask=0.1185 iou=0.0151
  Epoch 4 [120/220] loss=0.1311 mask=0.1162 iou=0.0149
  Epoch 4 [130/220] loss=0.1302 mask=0.1156 iou=0.0146
  Epoch 4 [140/220] loss=0.1335 mask=0.1186 iou=0.0149
  Epoch 4 [150/220] loss=0.1364 mask=0.1211 iou=0.0152
  Epoch 4 [160/220] loss=0.1343 mask=0.1196 iou=0.0147
  Epoch 4 [170/220] loss=0.1343 mask=0.1196 iou=0.0147
  Epoch 4 [180/220] loss=0.1352 mask=0.1201 iou=0.0151
  Epoch 4 [190/220] loss=0.1346 mask=0.1196 iou=0.0151
  Epoch 4 [200/220] loss=0.1330 mask=0.1181 iou=0.0149
  Epoch 4 [210/220] loss=0.1321 mask=0.1173 iou=0.0148
  Epoch 4 [220/220] loss=0.1312 mask=0.1165 iou=0.0147
  Train: loss=0.1312 mask=0.1165 iou=0.0147 time=210.2s
  Val epoch 4: loss=0.1543
  Saved best phase1 model (val_loss=0.1543)

=== Phase1 Epoch 5/49 ===
  Epoch 5 [10/220] loss=0.1219 mask=0.1132 iou=0.0086
  Epoch 5 [20/220] loss=0.1297 mask=0.1180 iou=0.0117
  Epoch 5 [30/220] loss=0.1283 mask=0.1156 iou=0.0128
  Epoch 5 [40/220] loss=0.1262 mask=0.1139 iou=0.0123
  Epoch 5 [50/220] loss=0.1257 mask=0.1122 iou=0.0135
  Epoch 5 [60/220] loss=0.1242 mask=0.1108 iou=0.0134
  Epoch 5 [70/220] loss=0.1225 mask=0.1094 iou=0.0131
  Epoch 5 [80/220] loss=0.1227 mask=0.1095 iou=0.0132
  Epoch 5 [90/220] loss=0.1270 mask=0.1124 iou=0.0146
  Epoch 5 [100/220] loss=0.1270 mask=0.1122 iou=0.0147
  Epoch 5 [110/220] loss=0.1241 mask=0.1096 iou=0.0145
  Epoch 5 [120/220] loss=0.1232 mask=0.1087 iou=0.0145
  Epoch 5 [130/220] loss=0.1232 mask=0.1090 iou=0.0141
  Epoch 5 [140/220] loss=0.1213 mask=0.1077 iou=0.0136
  Epoch 5 [150/220] loss=0.1217 mask=0.1083 iou=0.0134
  Epoch 5 [160/220] loss=0.1237 mask=0.1100 iou=0.0137
  Epoch 5 [170/220] loss=0.1268 mask=0.1122 iou=0.0146
  Epoch 5 [180/220] loss=0.1282 mask=0.1130 iou=0.0152
  Epoch 5 [190/220] loss=0.1299 mask=0.1148 iou=0.0151
  Epoch 5 [200/220] loss=0.1279 mask=0.1130 iou=0.0149
  Epoch 5 [210/220] loss=0.1278 mask=0.1128 iou=0.0150
  Epoch 5 [220/220] loss=0.1261 mask=0.1115 iou=0.0146
  Train: loss=0.1261 mask=0.1115 iou=0.0146 time=208.7s
  Val epoch 5: loss=0.1492
  Saved best phase1 model (val_loss=0.1492)

=== Phase1 Epoch 6/49 ===
  Epoch 6 [10/220] loss=0.1435 mask=0.1305 iou=0.0130
  Epoch 6 [20/220] loss=0.1287 mask=0.1171 iou=0.0116
  Epoch 6 [30/220] loss=0.1265 mask=0.1152 iou=0.0113
  Epoch 6 [40/220] loss=0.1292 mask=0.1146 iou=0.0146
  Epoch 6 [50/220] loss=0.1262 mask=0.1118 iou=0.0144
  Epoch 6 [60/220] loss=0.1322 mask=0.1174 iou=0.0148
  Epoch 6 [70/220] loss=0.1322 mask=0.1171 iou=0.0151
  Epoch 6 [80/220] loss=0.1280 mask=0.1136 iou=0.0143
  Epoch 6 [90/220] loss=0.1235 mask=0.1098 iou=0.0136
  Epoch 6 [100/220] loss=0.1208 mask=0.1079 iou=0.0130
  Epoch 6 [110/220] loss=0.1191 mask=0.1061 iou=0.0129
  Epoch 6 [120/220] loss=0.1158 mask=0.1035 iou=0.0122
  Epoch 6 [130/220] loss=0.1138 mask=0.1018 iou=0.0119
  Epoch 6 [140/220] loss=0.1145 mask=0.1023 iou=0.0122
  Epoch 6 [150/220] loss=0.1172 mask=0.1044 iou=0.0128
  Epoch 6 [160/220] loss=0.1174 mask=0.1045 iou=0.0130
  Epoch 6 [170/220] loss=0.1169 mask=0.1039 iou=0.0130
  Epoch 6 [180/220] loss=0.1173 mask=0.1042 iou=0.0132
  Epoch 6 [190/220] loss=0.1169 mask=0.1041 iou=0.0129
  Epoch 6 [200/220] loss=0.1164 mask=0.1035 iou=0.0129
  Epoch 6 [210/220] loss=0.1168 mask=0.1039 iou=0.0128
  Epoch 6 [220/220] loss=0.1175 mask=0.1047 iou=0.0128
  Train: loss=0.1175 mask=0.1047 iou=0.0128 time=202.8s
  Val epoch 6: loss=0.1479
  Saved best phase1 model (val_loss=0.1479)

=== Phase1 Epoch 7/49 ===
  Epoch 7 [10/220] loss=0.0962 mask=0.0901 iou=0.0060
  Epoch 7 [20/220] loss=0.1069 mask=0.0962 iou=0.0108
  Epoch 7 [30/220] loss=0.1140 mask=0.1027 iou=0.0113
  Epoch 7 [40/220] loss=0.1139 mask=0.1029 iou=0.0110
  Epoch 7 [50/220] loss=0.1174 mask=0.1059 iou=0.0116
  Epoch 7 [60/220] loss=0.1151 mask=0.1040 iou=0.0110
  Epoch 7 [70/220] loss=0.1107 mask=0.1003 iou=0.0105
  Epoch 7 [80/220] loss=0.1111 mask=0.1005 iou=0.0106
  Epoch 7 [90/220] loss=0.1087 mask=0.0984 iou=0.0103
  Epoch 7 [100/220] loss=0.1065 mask=0.0962 iou=0.0103
  Epoch 7 [110/220] loss=0.1082 mask=0.0976 iou=0.0105
  Epoch 7 [120/220] loss=0.1101 mask=0.0989 iou=0.0112
  Epoch 7 [130/220] loss=0.1098 mask=0.0988 iou=0.0110
  Epoch 7 [140/220] loss=0.1103 mask=0.0989 iou=0.0114
  Epoch 7 [150/220] loss=0.1115 mask=0.1003 iou=0.0112
  Epoch 7 [160/220] loss=0.1114 mask=0.1002 iou=0.0111
  Epoch 7 [170/220] loss=0.1120 mask=0.1009 iou=0.0111
  Epoch 7 [180/220] loss=0.1114 mask=0.1003 iou=0.0111
  Epoch 7 [190/220] loss=0.1112 mask=0.1003 iou=0.0109
  Epoch 7 [200/220] loss=0.1098 mask=0.0991 iou=0.0107
  Epoch 7 [210/220] loss=0.1107 mask=0.0998 iou=0.0109
  Epoch 7 [220/220] loss=0.1115 mask=0.1004 iou=0.0111
  Train: loss=0.1115 mask=0.1004 iou=0.0111 time=205.3s
  Val epoch 7: loss=0.1558

=== Phase1 Epoch 8/49 ===
  Epoch 8 [10/220] loss=0.1122 mask=0.0984 iou=0.0138
  Epoch 8 [20/220] loss=0.1005 mask=0.0899 iou=0.0105
  Epoch 8 [30/220] loss=0.1047 mask=0.0935 iou=0.0112
  Epoch 8 [40/220] loss=0.1029 mask=0.0917 iou=0.0112
  Epoch 8 [50/220] loss=0.1073 mask=0.0950 iou=0.0123
  Epoch 8 [60/220] loss=0.1157 mask=0.1026 iou=0.0131
  Epoch 8 [70/220] loss=0.1125 mask=0.1002 iou=0.0124
  Epoch 8 [80/220] loss=0.1114 mask=0.0986 iou=0.0128
  Epoch 8 [90/220] loss=0.1123 mask=0.0990 iou=0.0133
  Epoch 8 [100/220] loss=0.1106 mask=0.0982 iou=0.0124
  Epoch 8 [110/220] loss=0.1079 mask=0.0963 iou=0.0117
  Epoch 8 [120/220] loss=0.1078 mask=0.0965 iou=0.0113
  Epoch 8 [130/220] loss=0.1062 mask=0.0952 iou=0.0110
  Epoch 8 [140/220] loss=0.1091 mask=0.0978 iou=0.0113
  Epoch 8 [150/220] loss=0.1101 mask=0.0989 iou=0.0112
  Epoch 8 [160/220] loss=0.1122 mask=0.1004 iou=0.0118
  Epoch 8 [170/220] loss=0.1116 mask=0.0998 iou=0.0118
  Epoch 8 [180/220] loss=0.1113 mask=0.0997 iou=0.0116
  Epoch 8 [190/220] loss=0.1120 mask=0.1000 iou=0.0120
  Epoch 8 [200/220] loss=0.1113 mask=0.0995 iou=0.0118
  Epoch 8 [210/220] loss=0.1113 mask=0.0995 iou=0.0118
  Epoch 8 [220/220] loss=0.1096 mask=0.0981 iou=0.0115
  Train: loss=0.1096 mask=0.0981 iou=0.0115 time=201.5s
  Val epoch 8: loss=0.1379
  Saved best phase1 model (val_loss=0.1379)

=== Phase1 Epoch 9/49 ===
  Epoch 9 [10/220] loss=0.1259 mask=0.1131 iou=0.0128
  Epoch 9 [20/220] loss=0.1150 mask=0.1039 iou=0.0112
  Epoch 9 [30/220] loss=0.1040 mask=0.0949 iou=0.0090
  Epoch 9 [40/220] loss=0.1060 mask=0.0972 iou=0.0088
  Epoch 9 [50/220] loss=0.1078 mask=0.0994 iou=0.0084
  Epoch 9 [60/220] loss=0.1104 mask=0.1014 iou=0.0090
  Epoch 9 [70/220] loss=0.1091 mask=0.1003 iou=0.0088
  Epoch 9 [80/220] loss=0.1081 mask=0.0991 iou=0.0090
  Epoch 9 [90/220] loss=0.1059 mask=0.0973 iou=0.0086
  Epoch 9 [100/220] loss=0.1050 mask=0.0966 iou=0.0085
  Epoch 9 [110/220] loss=0.1026 mask=0.0946 iou=0.0080
  Epoch 9 [120/220] loss=0.1029 mask=0.0948 iou=0.0080
  Epoch 9 [130/220] loss=0.1014 mask=0.0934 iou=0.0080
  Epoch 9 [140/220] loss=0.1000 mask=0.0922 iou=0.0078
  Epoch 9 [150/220] loss=0.0989 mask=0.0913 iou=0.0077
  Epoch 9 [160/220] loss=0.0998 mask=0.0919 iou=0.0080
  Epoch 9 [170/220] loss=0.0985 mask=0.0907 iou=0.0078
  Epoch 9 [180/220] loss=0.0982 mask=0.0901 iou=0.0080
  Epoch 9 [190/220] loss=0.1002 mask=0.0912 iou=0.0090
  Epoch 9 [200/220] loss=0.0997 mask=0.0907 iou=0.0090
  Epoch 9 [210/220] loss=0.1024 mask=0.0930 iou=0.0094
  Epoch 9 [220/220] loss=0.1028 mask=0.0935 iou=0.0094
  Train: loss=0.1028 mask=0.0935 iou=0.0094 time=208.1s
  Val epoch 9: loss=0.1428

=== Phase1 Epoch 10/49 ===
  Epoch 10 [10/220] loss=0.1020 mask=0.0878 iou=0.0142
  Epoch 10 [20/220] loss=0.0983 mask=0.0856 iou=0.0127
  Epoch 10 [30/220] loss=0.1121 mask=0.0992 iou=0.0129
  Epoch 10 [40/220] loss=0.1142 mask=0.1006 iou=0.0136
  Epoch 10 [50/220] loss=0.1104 mask=0.0984 iou=0.0120
  Epoch 10 [60/220] loss=0.1074 mask=0.0955 iou=0.0118
  Epoch 10 [70/220] loss=0.1040 mask=0.0926 iou=0.0115
  Epoch 10 [80/220] loss=0.1016 mask=0.0911 iou=0.0106
  Epoch 10 [90/220] loss=0.1003 mask=0.0901 iou=0.0103
  Epoch 10 [100/220] loss=0.1016 mask=0.0913 iou=0.0103
  Epoch 10 [110/220] loss=0.0986 mask=0.0890 iou=0.0096
  Epoch 10 [120/220] loss=0.0990 mask=0.0894 iou=0.0096
  Epoch 10 [130/220] loss=0.0996 mask=0.0898 iou=0.0098
  Epoch 10 [140/220] loss=0.0993 mask=0.0895 iou=0.0097
  Epoch 10 [150/220] loss=0.0989 mask=0.0890 iou=0.0099
  Epoch 10 [160/220] loss=0.0991 mask=0.0894 iou=0.0097
  Epoch 10 [170/220] loss=0.0996 mask=0.0898 iou=0.0097
  Epoch 10 [180/220] loss=0.0985 mask=0.0890 iou=0.0095
  Epoch 10 [190/220] loss=0.0999 mask=0.0903 iou=0.0097
  Epoch 10 [200/220] loss=0.1001 mask=0.0903 iou=0.0098
  Epoch 10 [210/220] loss=0.0997 mask=0.0901 iou=0.0096
  Epoch 10 [220/220] loss=0.0998 mask=0.0901 iou=0.0096
  Train: loss=0.0998 mask=0.0901 iou=0.0096 time=204.4s
  Val epoch 10: loss=0.1333
  Saved best phase1 model (val_loss=0.1333)

=== Phase1 Epoch 11/49 ===
  Epoch 11 [10/220] loss=0.0810 mask=0.0744 iou=0.0065
  Epoch 11 [20/220] loss=0.0821 mask=0.0762 iou=0.0059
  Epoch 11 [30/220] loss=0.0951 mask=0.0862 iou=0.0089
  Epoch 11 [40/220] loss=0.0987 mask=0.0904 iou=0.0083
  Epoch 11 [50/220] loss=0.1019 mask=0.0925 iou=0.0094
  Epoch 11 [60/220] loss=0.0984 mask=0.0898 iou=0.0086
  Epoch 11 [70/220] loss=0.0980 mask=0.0892 iou=0.0088
  Epoch 11 [80/220] loss=0.0949 mask=0.0869 iou=0.0080
  Epoch 11 [90/220] loss=0.0952 mask=0.0871 iou=0.0081
  Epoch 11 [100/220] loss=0.0952 mask=0.0872 iou=0.0080
  Epoch 11 [110/220] loss=0.0935 mask=0.0856 iou=0.0079
  Epoch 11 [120/220] loss=0.0938 mask=0.0857 iou=0.0082
  Epoch 11 [130/220] loss=0.0950 mask=0.0868 iou=0.0083
  Epoch 11 [140/220] loss=0.0943 mask=0.0862 iou=0.0081
  Epoch 11 [150/220] loss=0.0942 mask=0.0861 iou=0.0081
  Epoch 11 [160/220] loss=0.0966 mask=0.0882 iou=0.0084
  Epoch 11 [170/220] loss=0.0980 mask=0.0893 iou=0.0087
  Epoch 11 [180/220] loss=0.0981 mask=0.0894 iou=0.0086
  Epoch 11 [190/220] loss=0.0978 mask=0.0890 iou=0.0088
  Epoch 11 [200/220] loss=0.0974 mask=0.0887 iou=0.0087
  Epoch 11 [210/220] loss=0.0973 mask=0.0886 iou=0.0088
  Epoch 11 [220/220] loss=0.0966 mask=0.0880 iou=0.0086
  Train: loss=0.0966 mask=0.0880 iou=0.0086 time=201.5s
  Val epoch 11: loss=0.1307
  Saved best phase1 model (val_loss=0.1307)

=== Phase1 Epoch 12/49 ===
  Epoch 12 [10/220] loss=0.0848 mask=0.0804 iou=0.0044
  Epoch 12 [20/220] loss=0.0931 mask=0.0858 iou=0.0074
  Epoch 12 [30/220] loss=0.0928 mask=0.0860 iou=0.0069
  Epoch 12 [40/220] loss=0.0992 mask=0.0915 iou=0.0077
  Epoch 12 [50/220] loss=0.0970 mask=0.0896 iou=0.0074
  Epoch 12 [60/220] loss=0.1010 mask=0.0922 iou=0.0087
  Epoch 12 [70/220] loss=0.0989 mask=0.0908 iou=0.0082
  Epoch 12 [80/220] loss=0.0999 mask=0.0915 iou=0.0083
  Epoch 12 [90/220] loss=0.0976 mask=0.0896 iou=0.0080
  Epoch 12 [100/220] loss=0.0986 mask=0.0904 iou=0.0082
  Epoch 12 [110/220] loss=0.0994 mask=0.0914 iou=0.0080
  Epoch 12 [120/220] loss=0.0972 mask=0.0893 iou=0.0079
  Epoch 12 [130/220] loss=0.0953 mask=0.0877 iou=0.0076
  Epoch 12 [140/220] loss=0.0957 mask=0.0880 iou=0.0077
  Epoch 12 [150/220] loss=0.0952 mask=0.0876 iou=0.0075
  Epoch 12 [160/220] loss=0.0948 mask=0.0872 iou=0.0076
  Epoch 12 [170/220] loss=0.0930 mask=0.0856 iou=0.0074
  Epoch 12 [180/220] loss=0.0932 mask=0.0857 iou=0.0075
  Epoch 12 [190/220] loss=0.0926 mask=0.0852 iou=0.0074
  Epoch 12 [200/220] loss=0.0932 mask=0.0856 iou=0.0076
  Epoch 12 [210/220] loss=0.0934 mask=0.0858 iou=0.0076
  Epoch 12 [220/220] loss=0.0920 mask=0.0846 iou=0.0074
  Train: loss=0.0920 mask=0.0846 iou=0.0074 time=203.6s
  Val epoch 12: loss=0.1304
  Saved best phase1 model (val_loss=0.1304)

=== Phase1 Epoch 13/49 ===
  Epoch 13 [10/220] loss=0.0758 mask=0.0727 iou=0.0031
  Epoch 13 [20/220] loss=0.0803 mask=0.0761 iou=0.0041
  Epoch 13 [30/220] loss=0.0948 mask=0.0881 iou=0.0067
  Epoch 13 [40/220] loss=0.0910 mask=0.0848 iou=0.0062
  Epoch 13 [50/220] loss=0.0869 mask=0.0813 iou=0.0055
  Epoch 13 [60/220] loss=0.0879 mask=0.0822 iou=0.0058
  Epoch 13 [70/220] loss=0.0886 mask=0.0827 iou=0.0060
  Epoch 13 [80/220] loss=0.0881 mask=0.0818 iou=0.0064
  Epoch 13 [90/220] loss=0.0902 mask=0.0836 iou=0.0066
  Epoch 13 [100/220] loss=0.0903 mask=0.0836 iou=0.0067
  Epoch 13 [110/220] loss=0.0913 mask=0.0843 iou=0.0070
  Epoch 13 [120/220] loss=0.0911 mask=0.0842 iou=0.0070
  Epoch 13 [130/220] loss=0.0890 mask=0.0823 iou=0.0066
  Epoch 13 [140/220] loss=0.0897 mask=0.0831 iou=0.0066
  Epoch 13 [150/220] loss=0.0902 mask=0.0837 iou=0.0066
  Epoch 13 [160/220] loss=0.0893 mask=0.0830 iou=0.0064
  Epoch 13 [170/220] loss=0.0895 mask=0.0829 iou=0.0066
  Epoch 13 [180/220] loss=0.0891 mask=0.0825 iou=0.0066
  Epoch 13 [190/220] loss=0.0897 mask=0.0831 iou=0.0066
  Epoch 13 [200/220] loss=0.0887 mask=0.0822 iou=0.0065
  Epoch 13 [210/220] loss=0.0904 mask=0.0836 iou=0.0068
  Epoch 13 [220/220] loss=0.0909 mask=0.0840 iou=0.0069
  Train: loss=0.0909 mask=0.0840 iou=0.0069 time=204.4s
  Val epoch 13: loss=0.1315

=== Phase1 Epoch 14/49 ===
  Epoch 14 [10/220] loss=0.1305 mask=0.1181 iou=0.0124
  Epoch 14 [20/220] loss=0.1126 mask=0.1035 iou=0.0091
  Epoch 14 [30/220] loss=0.1094 mask=0.0983 iou=0.0112
  Epoch 14 [40/220] loss=0.1043 mask=0.0948 iou=0.0095
  Epoch 14 [50/220] loss=0.1011 mask=0.0922 iou=0.0088
  Epoch 14 [60/220] loss=0.0973 mask=0.0888 iou=0.0085
  Epoch 14 [70/220] loss=0.0954 mask=0.0876 iou=0.0079
  Epoch 14 [80/220] loss=0.0944 mask=0.0867 iou=0.0077
  Epoch 14 [90/220] loss=0.0915 mask=0.0842 iou=0.0073
  Epoch 14 [100/220] loss=0.0917 mask=0.0840 iou=0.0076
  Epoch 14 [110/220] loss=0.0909 mask=0.0837 iou=0.0072
  Epoch 14 [120/220] loss=0.0888 mask=0.0819 iou=0.0069
  Epoch 14 [130/220] loss=0.0885 mask=0.0818 iou=0.0068
  Epoch 14 [140/220] loss=0.0893 mask=0.0825 iou=0.0067
  Epoch 14 [150/220] loss=0.0892 mask=0.0825 iou=0.0067
  Epoch 14 [160/220] loss=0.0895 mask=0.0828 iou=0.0066
  Epoch 14 [170/220] loss=0.0892 mask=0.0827 iou=0.0065
  Epoch 14 [180/220] loss=0.0898 mask=0.0831 iou=0.0067
  Epoch 14 [190/220] loss=0.0907 mask=0.0836 iou=0.0071
  Epoch 14 [200/220] loss=0.0910 mask=0.0840 iou=0.0070
  Epoch 14 [210/220] loss=0.0906 mask=0.0836 iou=0.0071
  Epoch 14 [220/220] loss=0.0907 mask=0.0836 iou=0.0071
  Train: loss=0.0907 mask=0.0836 iou=0.0071 time=210.3s
  Val epoch 14: loss=0.1231
  Saved best phase1 model (val_loss=0.1231)

=== Phase1 Epoch 15/49 ===
  Epoch 15 [10/220] loss=0.1017 mask=0.0946 iou=0.0072
  Epoch 15 [20/220] loss=0.0880 mask=0.0827 iou=0.0053
  Epoch 15 [30/220] loss=0.0941 mask=0.0868 iou=0.0072
  Epoch 15 [40/220] loss=0.0914 mask=0.0840 iou=0.0075
  Epoch 15 [50/220] loss=0.0908 mask=0.0834 iou=0.0074
  Epoch 15 [60/220] loss=0.0878 mask=0.0810 iou=0.0067
  Epoch 15 [70/220] loss=0.0866 mask=0.0802 iou=0.0064
  Epoch 15 [80/220] loss=0.0877 mask=0.0814 iou=0.0063
  Epoch 15 [90/220] loss=0.0875 mask=0.0810 iou=0.0064
  Epoch 15 [100/220] loss=0.0878 mask=0.0813 iou=0.0065
  Epoch 15 [110/220] loss=0.0897 mask=0.0825 iou=0.0072
  Epoch 15 [120/220] loss=0.0892 mask=0.0820 iou=0.0072
  Epoch 15 [130/220] loss=0.0898 mask=0.0827 iou=0.0071
  Epoch 15 [140/220] loss=0.0888 mask=0.0817 iou=0.0070
  Epoch 15 [150/220] loss=0.0892 mask=0.0822 iou=0.0070
  Epoch 15 [160/220] loss=0.0899 mask=0.0829 iou=0.0071
  Epoch 15 [170/220] loss=0.0887 mask=0.0818 iou=0.0069
  Epoch 15 [180/220] loss=0.0873 mask=0.0807 iou=0.0066
  Epoch 15 [190/220] loss=0.0874 mask=0.0808 iou=0.0067
  Epoch 15 [200/220] loss=0.0867 mask=0.0801 iou=0.0065
  Epoch 15 [210/220] loss=0.0872 mask=0.0805 iou=0.0067
  Epoch 15 [220/220] loss=0.0879 mask=0.0812 iou=0.0067
  Train: loss=0.0879 mask=0.0812 iou=0.0067 time=204.1s
  Val epoch 15: loss=0.1280

=== Phase1 Epoch 16/49 ===
  Epoch 16 [10/220] loss=0.0913 mask=0.0839 iou=0.0073
  Epoch 16 [20/220] loss=0.0860 mask=0.0803 iou=0.0057
  Epoch 16 [30/220] loss=0.0893 mask=0.0835 iou=0.0059
  Epoch 16 [40/220] loss=0.0842 mask=0.0787 iou=0.0055
  Epoch 16 [50/220] loss=0.0873 mask=0.0805 iou=0.0068
  Epoch 16 [60/220] loss=0.0912 mask=0.0841 iou=0.0071
  Epoch 16 [70/220] loss=0.0908 mask=0.0840 iou=0.0068
  Epoch 16 [80/220] loss=0.0898 mask=0.0836 iou=0.0063
  Epoch 16 [90/220] loss=0.0877 mask=0.0817 iou=0.0060
  Epoch 16 [100/220] loss=0.0885 mask=0.0824 iou=0.0061
  Epoch 16 [110/220] loss=0.0872 mask=0.0812 iou=0.0060
  Epoch 16 [120/220] loss=0.0866 mask=0.0807 iou=0.0059
  Epoch 16 [130/220] loss=0.0863 mask=0.0806 iou=0.0057
  Epoch 16 [140/220] loss=0.0877 mask=0.0815 iou=0.0063
  Epoch 16 [150/220] loss=0.0858 mask=0.0798 iou=0.0061
  Epoch 16 [160/220] loss=0.0866 mask=0.0804 iou=0.0062
  Epoch 16 [170/220] loss=0.0861 mask=0.0800 iou=0.0061
  Epoch 16 [180/220] loss=0.0868 mask=0.0807 iou=0.0060
  Epoch 16 [190/220] loss=0.0859 mask=0.0800 iou=0.0059
  Epoch 16 [200/220] loss=0.0857 mask=0.0798 iou=0.0058
  Epoch 16 [210/220] loss=0.0854 mask=0.0796 iou=0.0058
  Epoch 16 [220/220] loss=0.0853 mask=0.0795 iou=0.0058
  Train: loss=0.0853 mask=0.0795 iou=0.0058 time=205.9s
  Val epoch 16: loss=0.1225
  Saved best phase1 model (val_loss=0.1225)

=== Phase1 Epoch 17/49 ===
  Epoch 17 [10/220] loss=0.0700 mask=0.0659 iou=0.0041
  Epoch 17 [20/220] loss=0.0697 mask=0.0662 iou=0.0035
  Epoch 17 [30/220] loss=0.0898 mask=0.0820 iou=0.0078
  Epoch 17 [40/220] loss=0.0912 mask=0.0839 iou=0.0072
  Epoch 17 [50/220] loss=0.0909 mask=0.0839 iou=0.0069
  Epoch 17 [60/220] loss=0.0860 mask=0.0796 iou=0.0063
  Epoch 17 [70/220] loss=0.0880 mask=0.0818 iou=0.0062
  Epoch 17 [80/220] loss=0.0890 mask=0.0826 iou=0.0064
  Epoch 17 [90/220] loss=0.0895 mask=0.0828 iou=0.0066
  Epoch 17 [100/220] loss=0.0903 mask=0.0839 iou=0.0064
  Epoch 17 [110/220] loss=0.0906 mask=0.0842 iou=0.0064
  Epoch 17 [120/220] loss=0.0889 mask=0.0827 iou=0.0062
  Epoch 17 [130/220] loss=0.0899 mask=0.0838 iou=0.0062
  Epoch 17 [140/220] loss=0.0884 mask=0.0824 iou=0.0061
  Epoch 17 [150/220] loss=0.0889 mask=0.0829 iou=0.0060
  Epoch 17 [160/220] loss=0.0890 mask=0.0831 iou=0.0060
  Epoch 17 [170/220] loss=0.0880 mask=0.0821 iou=0.0059
  Epoch 17 [180/220] loss=0.0881 mask=0.0821 iou=0.0061
  Epoch 17 [190/220] loss=0.0875 mask=0.0814 iou=0.0061
  Epoch 17 [200/220] loss=0.0856 mask=0.0797 iou=0.0059
  Epoch 17 [210/220] loss=0.0849 mask=0.0791 iou=0.0058
  Epoch 17 [220/220] loss=0.0843 mask=0.0785 iou=0.0058
  Train: loss=0.0843 mask=0.0785 iou=0.0058 time=205.4s
  Val epoch 17: loss=0.1153
  Saved best phase1 model (val_loss=0.1153)

=== Phase1 Epoch 18/49 ===
  Epoch 18 [10/220] loss=0.0693 mask=0.0661 iou=0.0032
  Epoch 18 [20/220] loss=0.0725 mask=0.0679 iou=0.0046
  Epoch 18 [30/220] loss=0.0797 mask=0.0739 iou=0.0057
  Epoch 18 [40/220] loss=0.0802 mask=0.0752 iou=0.0051
  Epoch 18 [50/220] loss=0.0838 mask=0.0778 iou=0.0060
  Epoch 18 [60/220] loss=0.0837 mask=0.0778 iou=0.0059
  Epoch 18 [70/220] loss=0.0821 mask=0.0762 iou=0.0059
  Epoch 18 [80/220] loss=0.0820 mask=0.0764 iou=0.0056
  Epoch 18 [90/220] loss=0.0822 mask=0.0764 iou=0.0057
  Epoch 18 [100/220] loss=0.0855 mask=0.0796 iou=0.0059
  Epoch 18 [110/220] loss=0.0851 mask=0.0794 iou=0.0057
  Epoch 18 [120/220] loss=0.0827 mask=0.0771 iou=0.0055
  Epoch 18 [130/220] loss=0.0830 mask=0.0775 iou=0.0055
  Epoch 18 [140/220] loss=0.0844 mask=0.0789 iou=0.0055
  Epoch 18 [150/220] loss=0.0843 mask=0.0788 iou=0.0056
  Epoch 18 [160/220] loss=0.0838 mask=0.0784 iou=0.0054
  Epoch 18 [170/220] loss=0.0835 mask=0.0782 iou=0.0053
  Epoch 18 [180/220] loss=0.0837 mask=0.0783 iou=0.0054
  Epoch 18 [190/220] loss=0.0827 mask=0.0773 iou=0.0053
  Epoch 18 [200/220] loss=0.0838 mask=0.0782 iou=0.0056
  Epoch 18 [210/220] loss=0.0838 mask=0.0783 iou=0.0055
  Epoch 18 [220/220] loss=0.0837 mask=0.0782 iou=0.0055
  Train: loss=0.0837 mask=0.0782 iou=0.0055 time=204.0s
  Val epoch 18: loss=0.1167

=== Phase1 Epoch 19/49 ===
  Epoch 19 [10/220] loss=0.0734 mask=0.0684 iou=0.0050
  Epoch 19 [20/220] loss=0.0744 mask=0.0701 iou=0.0043
  Epoch 19 [30/220] loss=0.0784 mask=0.0741 iou=0.0043
  Epoch 19 [40/220] loss=0.0805 mask=0.0763 iou=0.0042
  Epoch 19 [50/220] loss=0.0796 mask=0.0755 iou=0.0041
  Epoch 19 [60/220] loss=0.0792 mask=0.0751 iou=0.0041
  Epoch 19 [70/220] loss=0.0792 mask=0.0752 iou=0.0040
  Epoch 19 [80/220] loss=0.0776 mask=0.0735 iou=0.0041
  Epoch 19 [90/220] loss=0.0773 mask=0.0732 iou=0.0041
  Epoch 19 [100/220] loss=0.0795 mask=0.0746 iou=0.0049
  Epoch 19 [110/220] loss=0.0831 mask=0.0777 iou=0.0054
  Epoch 19 [120/220] loss=0.0813 mask=0.0761 iou=0.0052
  Epoch 19 [130/220] loss=0.0824 mask=0.0769 iou=0.0055
  Epoch 19 [140/220] loss=0.0813 mask=0.0759 iou=0.0053
  Epoch 19 [150/220] loss=0.0811 mask=0.0759 iou=0.0052
  Epoch 19 [160/220] loss=0.0806 mask=0.0755 iou=0.0052
  Epoch 19 [170/220] loss=0.0804 mask=0.0752 iou=0.0051
  Epoch 19 [180/220] loss=0.0798 mask=0.0747 iou=0.0051
  Epoch 19 [190/220] loss=0.0808 mask=0.0756 iou=0.0052
  Epoch 19 [200/220] loss=0.0802 mask=0.0750 iou=0.0052
  Epoch 19 [210/220] loss=0.0800 mask=0.0749 iou=0.0052
  Epoch 19 [220/220] loss=0.0813 mask=0.0761 iou=0.0052
  Train: loss=0.0813 mask=0.0761 iou=0.0052 time=201.1s
  Val epoch 19: loss=0.1168

=== Phase1 Epoch 20/49 ===
  Epoch 20 [10/220] loss=0.0852 mask=0.0763 iou=0.0090
  Epoch 20 [20/220] loss=0.0783 mask=0.0720 iou=0.0062
  Epoch 20 [30/220] loss=0.0793 mask=0.0737 iou=0.0056
  Epoch 20 [40/220] loss=0.0752 mask=0.0701 iou=0.0051
  Epoch 20 [50/220] loss=0.0773 mask=0.0723 iou=0.0051
  Epoch 20 [60/220] loss=0.0790 mask=0.0741 iou=0.0049
  Epoch 20 [70/220] loss=0.0779 mask=0.0733 iou=0.0046
  Epoch 20 [80/220] loss=0.0760 mask=0.0718 iou=0.0043
  Epoch 20 [90/220] loss=0.0774 mask=0.0733 iou=0.0042
  Epoch 20 [100/220] loss=0.0780 mask=0.0740 iou=0.0041
  Epoch 20 [110/220] loss=0.0778 mask=0.0737 iou=0.0041
  Epoch 20 [120/220] loss=0.0770 mask=0.0729 iou=0.0041
  Epoch 20 [130/220] loss=0.0792 mask=0.0747 iou=0.0045
  Epoch 20 [140/220] loss=0.0783 mask=0.0739 iou=0.0044
  Epoch 20 [150/220] loss=0.0785 mask=0.0741 iou=0.0044
  Epoch 20 [160/220] loss=0.0789 mask=0.0745 iou=0.0044
  Epoch 20 [170/220] loss=0.0790 mask=0.0743 iou=0.0047
  Epoch 20 [180/220] loss=0.0787 mask=0.0740 iou=0.0046
  Epoch 20 [190/220] loss=0.0785 mask=0.0739 iou=0.0046
  Epoch 20 [200/220] loss=0.0784 mask=0.0738 iou=0.0046
  Epoch 20 [210/220] loss=0.0791 mask=0.0744 iou=0.0046
  Epoch 20 [220/220] loss=0.0788 mask=0.0742 iou=0.0046
  Train: loss=0.0788 mask=0.0742 iou=0.0046 time=202.3s
  Val epoch 20: loss=0.1133
  Saved best phase1 model (val_loss=0.1133)

=== Phase1 Epoch 21/49 ===
  Epoch 21 [10/220] loss=0.0723 mask=0.0694 iou=0.0029
  Epoch 21 [20/220] loss=0.0743 mask=0.0703 iou=0.0040
  Epoch 21 [30/220] loss=0.0702 mask=0.0665 iou=0.0037
  Epoch 21 [40/220] loss=0.0724 mask=0.0678 iou=0.0047
  Epoch 21 [50/220] loss=0.0725 mask=0.0678 iou=0.0047
  Epoch 21 [60/220] loss=0.0713 mask=0.0663 iou=0.0050
  Epoch 21 [70/220] loss=0.0708 mask=0.0661 iou=0.0048
  Epoch 21 [80/220] loss=0.0728 mask=0.0682 iou=0.0046
  Epoch 21 [90/220] loss=0.0754 mask=0.0701 iou=0.0052
  Epoch 21 [100/220] loss=0.0776 mask=0.0724 iou=0.0052
  Epoch 21 [110/220] loss=0.0788 mask=0.0737 iou=0.0051
  Epoch 21 [120/220] loss=0.0778 mask=0.0728 iou=0.0050
  Epoch 21 [130/220] loss=0.0785 mask=0.0736 iou=0.0049
  Epoch 21 [140/220] loss=0.0783 mask=0.0736 iou=0.0048
  Epoch 21 [150/220] loss=0.0783 mask=0.0736 iou=0.0047
  Epoch 21 [160/220] loss=0.0790 mask=0.0743 iou=0.0048
  Epoch 21 [170/220] loss=0.0791 mask=0.0744 iou=0.0047
  Epoch 21 [180/220] loss=0.0784 mask=0.0738 iou=0.0046
  Epoch 21 [190/220] loss=0.0782 mask=0.0735 iou=0.0047
  Epoch 21 [200/220] loss=0.0776 mask=0.0730 iou=0.0046
  Epoch 21 [210/220] loss=0.0780 mask=0.0734 iou=0.0047
  Epoch 21 [220/220] loss=0.0784 mask=0.0737 iou=0.0047
  Train: loss=0.0784 mask=0.0737 iou=0.0047 time=205.8s
  Val epoch 21: loss=0.1140

=== Phase1 Epoch 22/49 ===
  Epoch 22 [10/220] loss=0.0685 mask=0.0647 iou=0.0038
  Epoch 22 [20/220] loss=0.0781 mask=0.0741 iou=0.0041
  Epoch 22 [30/220] loss=0.0792 mask=0.0756 iou=0.0036
  Epoch 22 [40/220] loss=0.0786 mask=0.0746 iou=0.0041
  Epoch 22 [50/220] loss=0.0788 mask=0.0746 iou=0.0042
  Epoch 22 [60/220] loss=0.0807 mask=0.0765 iou=0.0042
  Epoch 22 [70/220] loss=0.0815 mask=0.0773 iou=0.0043
  Epoch 22 [80/220] loss=0.0792 mask=0.0751 iou=0.0041
  Epoch 22 [90/220] loss=0.0808 mask=0.0762 iou=0.0047
  Epoch 22 [100/220] loss=0.0817 mask=0.0771 iou=0.0046
  Epoch 22 [110/220] loss=0.0795 mask=0.0750 iou=0.0045
  Epoch 22 [120/220] loss=0.0781 mask=0.0737 iou=0.0044
  Epoch 22 [130/220] loss=0.0765 mask=0.0722 iou=0.0042
  Epoch 22 [140/220] loss=0.0766 mask=0.0724 iou=0.0042
  Epoch 22 [150/220] loss=0.0772 mask=0.0728 iou=0.0044
  Epoch 22 [160/220] loss=0.0768 mask=0.0724 iou=0.0044
  Epoch 22 [170/220] loss=0.0778 mask=0.0733 iou=0.0045
  Epoch 22 [180/220] loss=0.0776 mask=0.0732 iou=0.0044
  Epoch 22 [190/220] loss=0.0776 mask=0.0733 iou=0.0044
  Epoch 22 [200/220] loss=0.0783 mask=0.0738 iou=0.0045
  Epoch 22 [210/220] loss=0.0779 mask=0.0735 iou=0.0044
  Epoch 22 [220/220] loss=0.0783 mask=0.0739 iou=0.0044
  Train: loss=0.0783 mask=0.0739 iou=0.0044 time=203.7s
  Val epoch 22: loss=0.1124
  Saved best phase1 model (val_loss=0.1124)

=== Phase1 Epoch 23/49 ===
  Epoch 23 [10/220] loss=0.0730 mask=0.0681 iou=0.0050
  Epoch 23 [20/220] loss=0.0801 mask=0.0741 iou=0.0060
  Epoch 23 [30/220] loss=0.0790 mask=0.0742 iou=0.0049
  Epoch 23 [40/220] loss=0.0743 mask=0.0702 iou=0.0041
  Epoch 23 [50/220] loss=0.0751 mask=0.0711 iou=0.0040
  Epoch 23 [60/220] loss=0.0745 mask=0.0702 iou=0.0043
  Epoch 23 [70/220] loss=0.0729 mask=0.0687 iou=0.0042
  Epoch 23 [80/220] loss=0.0760 mask=0.0717 iou=0.0044
  Epoch 23 [90/220] loss=0.0760 mask=0.0717 iou=0.0043
  Epoch 23 [100/220] loss=0.0767 mask=0.0724 iou=0.0044
  Epoch 23 [110/220] loss=0.0764 mask=0.0720 iou=0.0044
  Epoch 23 [120/220] loss=0.0772 mask=0.0728 iou=0.0044
  Epoch 23 [130/220] loss=0.0768 mask=0.0724 iou=0.0044
  Epoch 23 [140/220] loss=0.0760 mask=0.0717 iou=0.0043
  Epoch 23 [150/220] loss=0.0763 mask=0.0720 iou=0.0043
  Epoch 23 [160/220] loss=0.0770 mask=0.0726 iou=0.0043
  Epoch 23 [170/220] loss=0.0771 mask=0.0728 iou=0.0043
  Epoch 23 [180/220] loss=0.0774 mask=0.0731 iou=0.0043
  Epoch 23 [190/220] loss=0.0768 mask=0.0724 iou=0.0044
  Epoch 23 [200/220] loss=0.0769 mask=0.0726 iou=0.0043
  Epoch 23 [210/220] loss=0.0771 mask=0.0727 iou=0.0043
  Epoch 23 [220/220] loss=0.0769 mask=0.0727 iou=0.0042
  Train: loss=0.0769 mask=0.0727 iou=0.0042 time=201.0s
  Val epoch 23: loss=0.1123
  Saved best phase1 model (val_loss=0.1123)

=== Phase1 Epoch 24/49 ===
  Epoch 24 [10/220] loss=0.0562 mask=0.0539 iou=0.0023
  Epoch 24 [20/220] loss=0.0593 mask=0.0571 iou=0.0022
  Epoch 24 [30/220] loss=0.0669 mask=0.0634 iou=0.0035
  Epoch 24 [40/220] loss=0.0673 mask=0.0637 iou=0.0036
  Epoch 24 [50/220] loss=0.0729 mask=0.0690 iou=0.0038
  Epoch 24 [60/220] loss=0.0735 mask=0.0690 iou=0.0045
  Epoch 24 [70/220] loss=0.0753 mask=0.0708 iou=0.0045
  Epoch 24 [80/220] loss=0.0751 mask=0.0706 iou=0.0045
  Epoch 24 [90/220] loss=0.0730 mask=0.0688 iou=0.0042
  Epoch 24 [100/220] loss=0.0749 mask=0.0707 iou=0.0042
  Epoch 24 [110/220] loss=0.0764 mask=0.0720 iou=0.0044
  Epoch 24 [120/220] loss=0.0779 mask=0.0732 iou=0.0046
  Epoch 24 [130/220] loss=0.0769 mask=0.0725 iou=0.0044
  Epoch 24 [140/220] loss=0.0769 mask=0.0724 iou=0.0045
  Epoch 24 [150/220] loss=0.0774 mask=0.0729 iou=0.0045
  Epoch 24 [160/220] loss=0.0768 mask=0.0724 iou=0.0044
  Epoch 24 [170/220] loss=0.0761 mask=0.0719 iou=0.0042
  Epoch 24 [180/220] loss=0.0767 mask=0.0724 iou=0.0042
  Epoch 24 [190/220] loss=0.0762 mask=0.0720 iou=0.0042
  Epoch 24 [200/220] loss=0.0761 mask=0.0720 iou=0.0042
  Epoch 24 [210/220] loss=0.0761 mask=0.0719 iou=0.0041
  Epoch 24 [220/220] loss=0.0767 mask=0.0725 iou=0.0043
  Train: loss=0.0767 mask=0.0725 iou=0.0043 time=201.1s
  Val epoch 24: loss=0.1128

=== Phase1 Epoch 25/49 ===
  Epoch 25 [10/220] loss=0.0717 mask=0.0679 iou=0.0038
  Epoch 25 [20/220] loss=0.0663 mask=0.0628 iou=0.0034
  Epoch 25 [30/220] loss=0.0653 mask=0.0619 iou=0.0034
  Epoch 25 [40/220] loss=0.0709 mask=0.0675 iou=0.0035
  Epoch 25 [50/220] loss=0.0708 mask=0.0673 iou=0.0034
  Epoch 25 [60/220] loss=0.0712 mask=0.0678 iou=0.0033
  Epoch 25 [70/220] loss=0.0707 mask=0.0672 iou=0.0035
  Epoch 25 [80/220] loss=0.0724 mask=0.0691 iou=0.0033
  Epoch 25 [90/220] loss=0.0717 mask=0.0682 iou=0.0035
  Epoch 25 [100/220] loss=0.0715 mask=0.0680 iou=0.0035
  Epoch 25 [110/220] loss=0.0704 mask=0.0671 iou=0.0034
  Epoch 25 [120/220] loss=0.0728 mask=0.0693 iou=0.0035
  Epoch 25 [130/220] loss=0.0735 mask=0.0699 iou=0.0036
  Epoch 25 [140/220] loss=0.0742 mask=0.0705 iou=0.0037
  Epoch 25 [150/220] loss=0.0738 mask=0.0702 iou=0.0036
  Epoch 25 [160/220] loss=0.0742 mask=0.0705 iou=0.0037
  Epoch 25 [170/220] loss=0.0744 mask=0.0706 iou=0.0038
  Epoch 25 [180/220] loss=0.0743 mask=0.0704 iou=0.0039
  Epoch 25 [190/220] loss=0.0750 mask=0.0710 iou=0.0040
  Epoch 25 [200/220] loss=0.0751 mask=0.0711 iou=0.0041
  Epoch 25 [210/220] loss=0.0750 mask=0.0710 iou=0.0040
  Epoch 25 [220/220] loss=0.0750 mask=0.0711 iou=0.0039
  Train: loss=0.0750 mask=0.0711 iou=0.0039 time=202.8s
  Val epoch 25: loss=0.1200

=== Phase1 Epoch 26/49 ===
  Epoch 26 [10/220] loss=0.0731 mask=0.0686 iou=0.0045
  Epoch 26 [20/220] loss=0.0697 mask=0.0656 iou=0.0041
  Epoch 26 [30/220] loss=0.0764 mask=0.0723 iou=0.0041
  Epoch 26 [40/220] loss=0.0761 mask=0.0721 iou=0.0040
  Epoch 26 [50/220] loss=0.0806 mask=0.0765 iou=0.0041
  Epoch 26 [60/220] loss=0.0808 mask=0.0768 iou=0.0040
  Epoch 26 [70/220] loss=0.0779 mask=0.0740 iou=0.0039
  Epoch 26 [80/220] loss=0.0781 mask=0.0736 iou=0.0045
  Epoch 26 [90/220] loss=0.0777 mask=0.0735 iou=0.0042
  Epoch 26 [100/220] loss=0.0778 mask=0.0735 iou=0.0043
  Epoch 26 [110/220] loss=0.0773 mask=0.0729 iou=0.0044
  Epoch 26 [120/220] loss=0.0765 mask=0.0722 iou=0.0043
  Epoch 26 [130/220] loss=0.0768 mask=0.0725 iou=0.0044
  Epoch 26 [140/220] loss=0.0767 mask=0.0723 iou=0.0043
  Epoch 26 [150/220] loss=0.0771 mask=0.0728 iou=0.0043
  Epoch 26 [160/220] loss=0.0780 mask=0.0737 iou=0.0043
  Epoch 26 [170/220] loss=0.0782 mask=0.0738 iou=0.0043
  Epoch 26 [180/220] loss=0.0781 mask=0.0738 iou=0.0043
  Epoch 26 [190/220] loss=0.0772 mask=0.0730 iou=0.0042
  Epoch 26 [200/220] loss=0.0762 mask=0.0722 iou=0.0041
  Epoch 26 [210/220] loss=0.0765 mask=0.0722 iou=0.0042
  Epoch 26 [220/220] loss=0.0756 mask=0.0715 iou=0.0042
  Train: loss=0.0756 mask=0.0715 iou=0.0042 time=202.1s
  Val epoch 26: loss=0.1141

=== Phase1 Epoch 27/49 ===
  Epoch 27 [10/220] loss=0.0726 mask=0.0703 iou=0.0023
  Epoch 27 [20/220] loss=0.0880 mask=0.0825 iou=0.0055
  Epoch 27 [30/220] loss=0.0819 mask=0.0767 iou=0.0053
  Epoch 27 [40/220] loss=0.0769 mask=0.0723 iou=0.0046
  Epoch 27 [50/220] loss=0.0743 mask=0.0699 iou=0.0044
  Epoch 27 [60/220] loss=0.0741 mask=0.0698 iou=0.0043
  Epoch 27 [70/220] loss=0.0729 mask=0.0688 iou=0.0040
  Epoch 27 [80/220] loss=0.0763 mask=0.0723 iou=0.0040
  Epoch 27 [90/220] loss=0.0758 mask=0.0716 iou=0.0042
  Epoch 27 [100/220] loss=0.0774 mask=0.0732 iou=0.0043
  Epoch 27 [110/220] loss=0.0758 mask=0.0716 iou=0.0041
  Epoch 27 [120/220] loss=0.0748 mask=0.0708 iou=0.0040
  Epoch 27 [130/220] loss=0.0766 mask=0.0726 iou=0.0040
  Epoch 27 [140/220] loss=0.0772 mask=0.0731 iou=0.0041
  Epoch 27 [150/220] loss=0.0767 mask=0.0726 iou=0.0041
  Epoch 27 [160/220] loss=0.0766 mask=0.0726 iou=0.0040
  Epoch 27 [170/220] loss=0.0758 mask=0.0719 iou=0.0039
  Epoch 27 [180/220] loss=0.0749 mask=0.0710 iou=0.0038
  Epoch 27 [190/220] loss=0.0742 mask=0.0705 iou=0.0038
  Epoch 27 [200/220] loss=0.0753 mask=0.0714 iou=0.0039
  Epoch 27 [210/220] loss=0.0750 mask=0.0711 iou=0.0039
  Epoch 27 [220/220] loss=0.0745 mask=0.0706 iou=0.0038
  Train: loss=0.0745 mask=0.0706 iou=0.0038 time=200.7s
  Val epoch 27: loss=0.1130

=== Phase1 Epoch 28/49 ===
  Epoch 28 [10/220] loss=0.0655 mask=0.0627 iou=0.0029
  Epoch 28 [20/220] loss=0.0713 mask=0.0685 iou=0.0028
  Epoch 28 [30/220] loss=0.0691 mask=0.0660 iou=0.0031
  Epoch 28 [40/220] loss=0.0718 mask=0.0686 iou=0.0032
  Epoch 28 [50/220] loss=0.0716 mask=0.0684 iou=0.0031
  Epoch 28 [60/220] loss=0.0715 mask=0.0682 iou=0.0033
  Epoch 28 [70/220] loss=0.0726 mask=0.0692 iou=0.0034
  Epoch 28 [80/220] loss=0.0706 mask=0.0673 iou=0.0032
  Epoch 28 [90/220] loss=0.0718 mask=0.0683 iou=0.0035
  Epoch 28 [100/220] loss=0.0713 mask=0.0679 iou=0.0034
  Epoch 28 [110/220] loss=0.0717 mask=0.0683 iou=0.0034
  Epoch 28 [120/220] loss=0.0707 mask=0.0674 iou=0.0033
  Epoch 28 [130/220] loss=0.0707 mask=0.0673 iou=0.0034
  Epoch 28 [140/220] loss=0.0711 mask=0.0676 iou=0.0035
  Epoch 28 [150/220] loss=0.0721 mask=0.0685 iou=0.0036
  Epoch 28 [160/220] loss=0.0721 mask=0.0686 iou=0.0035
  Epoch 28 [170/220] loss=0.0737 mask=0.0701 iou=0.0036
  Epoch 28 [180/220] loss=0.0732 mask=0.0696 iou=0.0035
  Epoch 28 [190/220] loss=0.0735 mask=0.0699 iou=0.0036
  Epoch 28 [200/220] loss=0.0736 mask=0.0699 iou=0.0037
  Epoch 28 [210/220] loss=0.0741 mask=0.0705 iou=0.0037
  Epoch 28 [220/220] loss=0.0741 mask=0.0703 iou=0.0037
  Train: loss=0.0741 mask=0.0703 iou=0.0037 time=203.0s
  Val epoch 28: loss=0.1193

=== Phase1 Epoch 29/49 ===
  Epoch 29 [10/220] loss=0.0548 mask=0.0519 iou=0.0029
  Epoch 29 [20/220] loss=0.0684 mask=0.0655 iou=0.0029
  Epoch 29 [30/220] loss=0.0656 mask=0.0630 iou=0.0026
  Epoch 29 [40/220] loss=0.0660 mask=0.0633 iou=0.0027
  Epoch 29 [50/220] loss=0.0636 mask=0.0610 iou=0.0025
  Epoch 29 [60/220] loss=0.0652 mask=0.0626 iou=0.0026
  Epoch 29 [70/220] loss=0.0653 mask=0.0625 iou=0.0028
  Epoch 29 [80/220] loss=0.0640 mask=0.0612 iou=0.0027
  Epoch 29 [90/220] loss=0.0653 mask=0.0626 iou=0.0027
  Epoch 29 [100/220] loss=0.0660 mask=0.0633 iou=0.0028
  Epoch 29 [110/220] loss=0.0675 mask=0.0645 iou=0.0030
  Epoch 29 [120/220] loss=0.0699 mask=0.0667 iou=0.0032
  Epoch 29 [130/220] loss=0.0702 mask=0.0670 iou=0.0032
  Epoch 29 [140/220] loss=0.0717 mask=0.0684 iou=0.0033
  Epoch 29 [150/220] loss=0.0711 mask=0.0678 iou=0.0033
  Epoch 29 [160/220] loss=0.0727 mask=0.0692 iou=0.0034
  Epoch 29 [170/220] loss=0.0719 mask=0.0685 iou=0.0034
  Epoch 29 [180/220] loss=0.0735 mask=0.0700 iou=0.0035
  Epoch 29 [190/220] loss=0.0724 mask=0.0690 iou=0.0034
  Epoch 29 [200/220] loss=0.0725 mask=0.0690 iou=0.0035
  Epoch 29 [210/220] loss=0.0733 mask=0.0697 iou=0.0036
  Epoch 29 [220/220] loss=0.0730 mask=0.0694 iou=0.0036
  Train: loss=0.0730 mask=0.0694 iou=0.0036 time=203.5s
  Val epoch 29: loss=0.1142

=== Phase1 Epoch 30/49 ===
  Epoch 30 [10/220] loss=0.0809 mask=0.0768 iou=0.0041
  Epoch 30 [20/220] loss=0.0709 mask=0.0672 iou=0.0037
  Epoch 30 [30/220] loss=0.0679 mask=0.0648 iou=0.0032
  Epoch 30 [40/220] loss=0.0693 mask=0.0658 iou=0.0035
  Epoch 30 [50/220] loss=0.0698 mask=0.0662 iou=0.0036
  Epoch 30 [60/220] loss=0.0703 mask=0.0667 iou=0.0037
  Epoch 30 [70/220] loss=0.0700 mask=0.0665 iou=0.0035
  Epoch 30 [80/220] loss=0.0706 mask=0.0671 iou=0.0035
  Epoch 30 [90/220] loss=0.0718 mask=0.0685 iou=0.0033
  Epoch 30 [100/220] loss=0.0703 mask=0.0671 iou=0.0032
  Epoch 30 [110/220] loss=0.0709 mask=0.0677 iou=0.0032
  Epoch 30 [120/220] loss=0.0715 mask=0.0682 iou=0.0033
  Epoch 30 [130/220] loss=0.0726 mask=0.0692 iou=0.0033
  Epoch 30 [140/220] loss=0.0723 mask=0.0689 iou=0.0033
  Epoch 30 [150/220] loss=0.0716 mask=0.0684 iou=0.0033
  Epoch 30 [160/220] loss=0.0721 mask=0.0687 iou=0.0034
  Epoch 30 [170/220] loss=0.0724 mask=0.0690 iou=0.0034
  Epoch 30 [180/220] loss=0.0719 mask=0.0684 iou=0.0034
  Epoch 30 [190/220] loss=0.0721 mask=0.0687 iou=0.0034
  Epoch 30 [200/220] loss=0.0734 mask=0.0698 iou=0.0036
  Epoch 30 [210/220] loss=0.0736 mask=0.0700 iou=0.0036
  Epoch 30 [220/220] loss=0.0725 mask=0.0690 iou=0.0035
  Train: loss=0.0725 mask=0.0690 iou=0.0035 time=201.7s
  Val epoch 30: loss=0.1144

=== Phase1 Epoch 31/49 ===
  Epoch 31 [10/220] loss=0.0626 mask=0.0589 iou=0.0037
  Epoch 31 [20/220] loss=0.0736 mask=0.0695 iou=0.0041
  Epoch 31 [30/220] loss=0.0686 mask=0.0651 iou=0.0035
  Epoch 31 [40/220] loss=0.0656 mask=0.0624 iou=0.0033
  Epoch 31 [50/220] loss=0.0668 mask=0.0638 iou=0.0029
  Epoch 31 [60/220] loss=0.0680 mask=0.0650 iou=0.0030
  Epoch 31 [70/220] loss=0.0692 mask=0.0659 iou=0.0033
  Epoch 31 [80/220] loss=0.0681 mask=0.0650 iou=0.0031
  Epoch 31 [90/220] loss=0.0691 mask=0.0659 iou=0.0032
  Epoch 31 [100/220] loss=0.0707 mask=0.0673 iou=0.0033
  Epoch 31 [110/220] loss=0.0697 mask=0.0664 iou=0.0033
  Epoch 31 [120/220] loss=0.0692 mask=0.0659 iou=0.0033
  Epoch 31 [130/220] loss=0.0708 mask=0.0674 iou=0.0033
  Epoch 31 [140/220] loss=0.0702 mask=0.0670 iou=0.0033
  Epoch 31 [150/220] loss=0.0705 mask=0.0672 iou=0.0032
  Epoch 31 [160/220] loss=0.0709 mask=0.0677 iou=0.0032
  Epoch 31 [170/220] loss=0.0709 mask=0.0677 iou=0.0032
  Epoch 31 [180/220] loss=0.0713 mask=0.0681 iou=0.0033
  Epoch 31 [190/220] loss=0.0709 mask=0.0677 iou=0.0032
  Epoch 31 [200/220] loss=0.0723 mask=0.0689 iou=0.0034
  Epoch 31 [210/220] loss=0.0719 mask=0.0685 iou=0.0034
  Epoch 31 [220/220] loss=0.0721 mask=0.0687 iou=0.0034
  Train: loss=0.0721 mask=0.0687 iou=0.0034 time=201.1s
  Val epoch 31: loss=0.1135

=== Phase1 Epoch 32/49 ===
  Epoch 32 [10/220] loss=0.0726 mask=0.0683 iou=0.0043
  Epoch 32 [20/220] loss=0.0731 mask=0.0695 iou=0.0036
  Epoch 32 [30/220] loss=0.0714 mask=0.0678 iou=0.0036
  Epoch 32 [40/220] loss=0.0663 mask=0.0632 iou=0.0032
  Epoch 32 [50/220] loss=0.0670 mask=0.0639 iou=0.0031
  Epoch 32 [60/220] loss=0.0723 mask=0.0688 iou=0.0035
  Epoch 32 [70/220] loss=0.0720 mask=0.0687 iou=0.0033
  Epoch 32 [80/220] loss=0.0705 mask=0.0673 iou=0.0033
  Epoch 32 [90/220] loss=0.0712 mask=0.0680 iou=0.0033
  Epoch 32 [100/220] loss=0.0719 mask=0.0685 iou=0.0034
  Epoch 32 [110/220] loss=0.0732 mask=0.0697 iou=0.0035
  Epoch 32 [120/220] loss=0.0727 mask=0.0691 iou=0.0035
  Epoch 32 [130/220] loss=0.0720 mask=0.0686 iou=0.0034
  Epoch 32 [140/220] loss=0.0716 mask=0.0683 iou=0.0033
  Epoch 32 [150/220] loss=0.0718 mask=0.0684 iou=0.0034
  Epoch 32 [160/220] loss=0.0720 mask=0.0686 iou=0.0034
  Epoch 32 [170/220] loss=0.0723 mask=0.0688 iou=0.0034
  Epoch 32 [180/220] loss=0.0729 mask=0.0695 iou=0.0035
  Epoch 32 [190/220] loss=0.0721 mask=0.0687 iou=0.0034
  Epoch 32 [200/220] loss=0.0719 mask=0.0685 iou=0.0033
  Epoch 32 [210/220] loss=0.0710 mask=0.0678 iou=0.0033
  Epoch 32 [220/220] loss=0.0709 mask=0.0676 iou=0.0032
  Train: loss=0.0709 mask=0.0676 iou=0.0032 time=201.7s
  Val epoch 32: loss=0.1126

=== Phase1 Epoch 33/49 ===
  Epoch 33 [10/220] loss=0.0618 mask=0.0598 iou=0.0020
  Epoch 33 [20/220] loss=0.0652 mask=0.0629 iou=0.0023
  Epoch 33 [30/220] loss=0.0689 mask=0.0661 iou=0.0028
  Epoch 33 [40/220] loss=0.0703 mask=0.0677 iou=0.0026
  Epoch 33 [50/220] loss=0.0717 mask=0.0686 iou=0.0031
  Epoch 33 [60/220] loss=0.0683 mask=0.0655 iou=0.0029
  Epoch 33 [70/220] loss=0.0686 mask=0.0658 iou=0.0028
  Epoch 33 [80/220] loss=0.0714 mask=0.0681 iou=0.0033
  Epoch 33 [90/220] loss=0.0705 mask=0.0672 iou=0.0032
  Epoch 33 [100/220] loss=0.0730 mask=0.0697 iou=0.0033
  Epoch 33 [110/220] loss=0.0712 mask=0.0681 iou=0.0032
  Epoch 33 [120/220] loss=0.0714 mask=0.0682 iou=0.0032
  Epoch 33 [130/220] loss=0.0702 mask=0.0670 iou=0.0032
  Epoch 33 [140/220] loss=0.0695 mask=0.0664 iou=0.0031
  Epoch 33 [150/220] loss=0.0695 mask=0.0664 iou=0.0031
  Epoch 33 [160/220] loss=0.0709 mask=0.0677 iou=0.0032
  Epoch 33 [170/220] loss=0.0706 mask=0.0674 iou=0.0031
  Epoch 33 [180/220] loss=0.0720 mask=0.0688 iou=0.0032
  Epoch 33 [190/220] loss=0.0714 mask=0.0683 iou=0.0031
  Epoch 33 [200/220] loss=0.0710 mask=0.0679 iou=0.0031
  Epoch 33 [210/220] loss=0.0709 mask=0.0678 iou=0.0031
  Epoch 33 [220/220] loss=0.0708 mask=0.0676 iou=0.0032
  Train: loss=0.0708 mask=0.0676 iou=0.0032 time=201.5s
  Val epoch 33: loss=0.1124

=== Phase1 Epoch 34/49 ===
  Epoch 34 [10/220] loss=0.0642 mask=0.0624 iou=0.0019
  Epoch 34 [20/220] loss=0.0795 mask=0.0763 iou=0.0032
  Epoch 34 [30/220] loss=0.0725 mask=0.0696 iou=0.0029
  Epoch 34 [40/220] loss=0.0726 mask=0.0698 iou=0.0028
  Epoch 34 [50/220] loss=0.0765 mask=0.0734 iou=0.0030
  Epoch 34 [60/220] loss=0.0739 mask=0.0709 iou=0.0030
  Epoch 34 [70/220] loss=0.0748 mask=0.0714 iou=0.0034
  Epoch 34 [80/220] loss=0.0752 mask=0.0717 iou=0.0036
  Epoch 34 [90/220] loss=0.0761 mask=0.0725 iou=0.0037
  Epoch 34 [100/220] loss=0.0758 mask=0.0722 iou=0.0036
  Epoch 34 [110/220] loss=0.0752 mask=0.0716 iou=0.0035
  Epoch 34 [120/220] loss=0.0743 mask=0.0708 iou=0.0035
  Epoch 34 [130/220] loss=0.0738 mask=0.0703 iou=0.0035
  Epoch 34 [140/220] loss=0.0736 mask=0.0702 iou=0.0034
  Epoch 34 [150/220] loss=0.0726 mask=0.0693 iou=0.0033
  Epoch 34 [160/220] loss=0.0730 mask=0.0697 iou=0.0034
  Epoch 34 [170/220] loss=0.0720 mask=0.0688 iou=0.0033
  Epoch 34 [180/220] loss=0.0713 mask=0.0681 iou=0.0032
  Epoch 34 [190/220] loss=0.0705 mask=0.0674 iou=0.0032
  Epoch 34 [200/220] loss=0.0718 mask=0.0686 iou=0.0032
  Epoch 34 [210/220] loss=0.0722 mask=0.0688 iou=0.0034
  Epoch 34 [220/220] loss=0.0721 mask=0.0688 iou=0.0033
  Train: loss=0.0721 mask=0.0688 iou=0.0033 time=202.4s
  Val epoch 34: loss=0.1144

=== Phase1 Epoch 35/49 ===
  Epoch 35 [10/220] loss=0.0605 mask=0.0579 iou=0.0026
  Epoch 35 [20/220] loss=0.0592 mask=0.0568 iou=0.0024
  Epoch 35 [30/220] loss=0.0656 mask=0.0622 iou=0.0034
  Epoch 35 [40/220] loss=0.0695 mask=0.0660 iou=0.0034
  Epoch 35 [50/220] loss=0.0669 mask=0.0637 iou=0.0032
  Epoch 35 [60/220] loss=0.0734 mask=0.0699 iou=0.0035
  Epoch 35 [70/220] loss=0.0717 mask=0.0683 iou=0.0034
  Epoch 35 [80/220] loss=0.0714 mask=0.0682 iou=0.0032
  Epoch 35 [90/220] loss=0.0702 mask=0.0671 iou=0.0031
  Epoch 35 [100/220] loss=0.0714 mask=0.0682 iou=0.0032
  Epoch 35 [110/220] loss=0.0702 mask=0.0671 iou=0.0032
  Epoch 35 [120/220] loss=0.0708 mask=0.0674 iou=0.0034
  Epoch 35 [130/220] loss=0.0710 mask=0.0677 iou=0.0033
  Epoch 35 [140/220] loss=0.0706 mask=0.0674 iou=0.0032
  Epoch 35 [150/220] loss=0.0720 mask=0.0689 iou=0.0032
  Epoch 35 [160/220] loss=0.0717 mask=0.0684 iou=0.0032
  Epoch 35 [170/220] loss=0.0721 mask=0.0688 iou=0.0033
  Epoch 35 [180/220] loss=0.0726 mask=0.0693 iou=0.0033
  Epoch 35 [190/220] loss=0.0723 mask=0.0690 iou=0.0032
  Epoch 35 [200/220] loss=0.0721 mask=0.0688 iou=0.0033
  Epoch 35 [210/220] loss=0.0724 mask=0.0691 iou=0.0033
  Epoch 35 [220/220] loss=0.0713 mask=0.0681 iou=0.0033
  Train: loss=0.0713 mask=0.0681 iou=0.0033 time=203.3s
  Val epoch 35: loss=0.1138

=== Phase1 Epoch 36/49 ===
  Epoch 36 [10/220] loss=0.0855 mask=0.0809 iou=0.0046
  Epoch 36 [20/220] loss=0.0756 mask=0.0715 iou=0.0041
  Epoch 36 [30/220] loss=0.0740 mask=0.0703 iou=0.0037
  Epoch 36 [40/220] loss=0.0696 mask=0.0665 iou=0.0031
  Epoch 36 [50/220] loss=0.0682 mask=0.0652 iou=0.0030
  Epoch 36 [60/220] loss=0.0673 mask=0.0643 iou=0.0030
  Epoch 36 [70/220] loss=0.0695 mask=0.0663 iou=0.0032
  Epoch 36 [80/220] loss=0.0686 mask=0.0653 iou=0.0033
  Epoch 36 [90/220] loss=0.0683 mask=0.0652 iou=0.0032
  Epoch 36 [100/220] loss=0.0676 mask=0.0645 iou=0.0031
  Epoch 36 [110/220] loss=0.0685 mask=0.0654 iou=0.0031
  Epoch 36 [120/220] loss=0.0693 mask=0.0660 iou=0.0033
  Epoch 36 [130/220] loss=0.0691 mask=0.0658 iou=0.0032
  Epoch 36 [140/220] loss=0.0700 mask=0.0667 iou=0.0032
  Epoch 36 [150/220] loss=0.0697 mask=0.0665 iou=0.0032
  Epoch 36 [160/220] loss=0.0708 mask=0.0676 iou=0.0032
  Epoch 36 [170/220] loss=0.0702 mask=0.0670 iou=0.0032
  Epoch 36 [180/220] loss=0.0705 mask=0.0673 iou=0.0032
  Epoch 36 [190/220] loss=0.0719 mask=0.0686 iou=0.0033
  Epoch 36 [200/220] loss=0.0711 mask=0.0679 iou=0.0032
  Epoch 36 [210/220] loss=0.0711 mask=0.0679 iou=0.0032
  Epoch 36 [220/220] loss=0.0708 mask=0.0677 iou=0.0032
  Train: loss=0.0708 mask=0.0677 iou=0.0032 time=203.3s
  Val epoch 36: loss=0.1127

=== Phase1 Epoch 37/49 ===
  Epoch 37 [10/220] loss=0.0717 mask=0.0690 iou=0.0027
  Epoch 37 [20/220] loss=0.0635 mask=0.0612 iou=0.0023
  Epoch 37 [30/220] loss=0.0663 mask=0.0636 iou=0.0028
  Epoch 37 [40/220] loss=0.0697 mask=0.0667 iou=0.0030
  Epoch 37 [50/220] loss=0.0679 mask=0.0648 iou=0.0031
  Epoch 37 [60/220] loss=0.0695 mask=0.0663 iou=0.0032
  Epoch 37 [70/220] loss=0.0689 mask=0.0656 iou=0.0033
  Epoch 37 [80/220] loss=0.0695 mask=0.0663 iou=0.0032
  Epoch 37 [90/220] loss=0.0714 mask=0.0683 iou=0.0031
  Epoch 37 [100/220] loss=0.0736 mask=0.0704 iou=0.0032
  Epoch 37 [110/220] loss=0.0742 mask=0.0708 iou=0.0033
  Epoch 37 [120/220] loss=0.0751 mask=0.0715 iou=0.0036
  Epoch 37 [130/220] loss=0.0749 mask=0.0713 iou=0.0036
  Epoch 37 [140/220] loss=0.0746 mask=0.0710 iou=0.0036
  Epoch 37 [150/220] loss=0.0745 mask=0.0709 iou=0.0036
  Epoch 37 [160/220] loss=0.0744 mask=0.0707 iou=0.0036
  Epoch 37 [170/220] loss=0.0735 mask=0.0700 iou=0.0035
  Epoch 37 [180/220] loss=0.0726 mask=0.0692 iou=0.0034
  Epoch 37 [190/220] loss=0.0717 mask=0.0683 iou=0.0034
  Epoch 37 [200/220] loss=0.0711 mask=0.0677 iou=0.0034
  Epoch 37 [210/220] loss=0.0705 mask=0.0672 iou=0.0033
  Epoch 37 [220/220] loss=0.0713 mask=0.0680 iou=0.0033
  Train: loss=0.0713 mask=0.0680 iou=0.0033 time=204.2s
  Val epoch 37: loss=0.1131

=== Phase1 Epoch 38/49 ===
  Epoch 38 [10/220] loss=0.0705 mask=0.0675 iou=0.0029
  Epoch 38 [20/220] loss=0.0697 mask=0.0672 iou=0.0025
  Epoch 38 [30/220] loss=0.0687 mask=0.0663 iou=0.0024
  Epoch 38 [40/220] loss=0.0686 mask=0.0661 iou=0.0025
  Epoch 38 [50/220] loss=0.0677 mask=0.0651 iou=0.0026
  Epoch 38 [60/220] loss=0.0677 mask=0.0652 iou=0.0025
  Epoch 38 [70/220] loss=0.0700 mask=0.0675 iou=0.0025
  Epoch 38 [80/220] loss=0.0692 mask=0.0668 iou=0.0025
  Epoch 38 [90/220] loss=0.0695 mask=0.0669 iou=0.0026
  Epoch 38 [100/220] loss=0.0702 mask=0.0675 iou=0.0027
  Epoch 38 [110/220] loss=0.0703 mask=0.0676 iou=0.0028
  Epoch 38 [120/220] loss=0.0704 mask=0.0676 iou=0.0028
  Epoch 38 [130/220] loss=0.0703 mask=0.0674 iou=0.0029
  Epoch 38 [140/220] loss=0.0694 mask=0.0666 iou=0.0028
  Epoch 38 [150/220] loss=0.0682 mask=0.0655 iou=0.0027
  Epoch 38 [160/220] loss=0.0692 mask=0.0663 iou=0.0029
  Epoch 38 [170/220] loss=0.0692 mask=0.0663 iou=0.0029
  Epoch 38 [180/220] loss=0.0685 mask=0.0655 iou=0.0029
  Epoch 38 [190/220] loss=0.0683 mask=0.0652 iou=0.0030
  Epoch 38 [200/220] loss=0.0696 mask=0.0666 iou=0.0030
  Epoch 38 [210/220] loss=0.0695 mask=0.0665 iou=0.0030
  Epoch 38 [220/220] loss=0.0693 mask=0.0663 iou=0.0030
  Train: loss=0.0693 mask=0.0663 iou=0.0030 time=201.7s
  Val epoch 38: loss=0.1113
  Saved best phase1 model (val_loss=0.1113)

=== Phase1 Epoch 39/49 ===
  Epoch 39 [10/220] loss=0.0806 mask=0.0785 iou=0.0021
  Epoch 39 [20/220] loss=0.0737 mask=0.0712 iou=0.0026
  Epoch 39 [30/220] loss=0.0681 mask=0.0658 iou=0.0023
  Epoch 39 [40/220] loss=0.0689 mask=0.0661 iou=0.0029
  Epoch 39 [50/220] loss=0.0686 mask=0.0657 iou=0.0028
  Epoch 39 [60/220] loss=0.0678 mask=0.0648 iou=0.0030
  Epoch 39 [70/220] loss=0.0677 mask=0.0647 iou=0.0029
  Epoch 39 [80/220] loss=0.0653 mask=0.0626 iou=0.0028
  Epoch 39 [90/220] loss=0.0661 mask=0.0634 iou=0.0027
  Epoch 39 [100/220] loss=0.0654 mask=0.0627 iou=0.0027
  Epoch 39 [110/220] loss=0.0656 mask=0.0630 iou=0.0026
  Epoch 39 [120/220] loss=0.0658 mask=0.0632 iou=0.0026
  Epoch 39 [130/220] loss=0.0662 mask=0.0634 iou=0.0028
  Epoch 39 [140/220] loss=0.0675 mask=0.0646 iou=0.0029
  Epoch 39 [150/220] loss=0.0676 mask=0.0648 iou=0.0028
  Epoch 39 [160/220] loss=0.0674 mask=0.0645 iou=0.0028
  Epoch 39 [170/220] loss=0.0668 mask=0.0640 iou=0.0027
  Epoch 39 [180/220] loss=0.0674 mask=0.0646 iou=0.0028
  Epoch 39 [190/220] loss=0.0679 mask=0.0651 iou=0.0028
  Epoch 39 [200/220] loss=0.0693 mask=0.0663 iou=0.0030
  Epoch 39 [210/220] loss=0.0694 mask=0.0664 iou=0.0030
  Epoch 39 [220/220] loss=0.0697 mask=0.0667 iou=0.0030
  Train: loss=0.0697 mask=0.0667 iou=0.0030 time=202.9s
  Val epoch 39: loss=0.1098
  Saved best phase1 model (val_loss=0.1098)

=== Phase1 Epoch 40/49 ===
  Epoch 40 [10/220] loss=0.0790 mask=0.0752 iou=0.0038
  Epoch 40 [20/220] loss=0.0786 mask=0.0745 iou=0.0041
  Epoch 40 [30/220] loss=0.0750 mask=0.0714 iou=0.0036
  Epoch 40 [40/220] loss=0.0702 mask=0.0669 iou=0.0033
  Epoch 40 [50/220] loss=0.0712 mask=0.0678 iou=0.0034
  Epoch 40 [60/220] loss=0.0724 mask=0.0686 iou=0.0038
  Epoch 40 [70/220] loss=0.0710 mask=0.0676 iou=0.0035
  Epoch 40 [80/220] loss=0.0734 mask=0.0700 iou=0.0034
  Epoch 40 [90/220] loss=0.0733 mask=0.0699 iou=0.0034
  Epoch 40 [100/220] loss=0.0733 mask=0.0698 iou=0.0034
  Epoch 40 [110/220] loss=0.0728 mask=0.0694 iou=0.0034
  Epoch 40 [120/220] loss=0.0722 mask=0.0690 iou=0.0033
  Epoch 40 [130/220] loss=0.0715 mask=0.0684 iou=0.0032
  Epoch 40 [140/220] loss=0.0715 mask=0.0682 iou=0.0032
  Epoch 40 [150/220] loss=0.0711 mask=0.0679 iou=0.0033
  Epoch 40 [160/220] loss=0.0713 mask=0.0682 iou=0.0031
  Epoch 40 [170/220] loss=0.0708 mask=0.0677 iou=0.0031
  Epoch 40 [180/220] loss=0.0699 mask=0.0668 iou=0.0031
  Epoch 40 [190/220] loss=0.0702 mask=0.0671 iou=0.0031
  Epoch 40 [200/220] loss=0.0696 mask=0.0665 iou=0.0031
  Epoch 40 [210/220] loss=0.0697 mask=0.0666 iou=0.0031
  Epoch 40 [220/220] loss=0.0692 mask=0.0662 iou=0.0030
  Train: loss=0.0692 mask=0.0662 iou=0.0030 time=208.1s
  Val epoch 40: loss=0.1117

=== Phase1 Epoch 41/49 ===
  Epoch 41 [10/220] loss=0.0822 mask=0.0780 iou=0.0042
  Epoch 41 [20/220] loss=0.0790 mask=0.0753 iou=0.0037
  Epoch 41 [30/220] loss=0.0725 mask=0.0694 iou=0.0030
  Epoch 41 [40/220] loss=0.0719 mask=0.0690 iou=0.0029
  Epoch 41 [50/220] loss=0.0738 mask=0.0707 iou=0.0031
  Epoch 41 [60/220] loss=0.0735 mask=0.0703 iou=0.0032
  Epoch 41 [70/220] loss=0.0750 mask=0.0719 iou=0.0031
  Epoch 41 [80/220] loss=0.0725 mask=0.0694 iou=0.0031
  Epoch 41 [90/220] loss=0.0706 mask=0.0676 iou=0.0030
  Epoch 41 [100/220] loss=0.0716 mask=0.0684 iou=0.0032
  Epoch 41 [110/220] loss=0.0717 mask=0.0687 iou=0.0031
  Epoch 41 [120/220] loss=0.0714 mask=0.0684 iou=0.0031
  Epoch 41 [130/220] loss=0.0707 mask=0.0677 iou=0.0030
  Epoch 41 [140/220] loss=0.0702 mask=0.0673 iou=0.0030
  Epoch 41 [150/220] loss=0.0695 mask=0.0666 iou=0.0029
  Epoch 41 [160/220] loss=0.0700 mask=0.0671 iou=0.0030
  Epoch 41 [170/220] loss=0.0698 mask=0.0669 iou=0.0029
  Epoch 41 [180/220] loss=0.0695 mask=0.0666 iou=0.0029
  Epoch 41 [190/220] loss=0.0691 mask=0.0662 iou=0.0029
  Epoch 41 [200/220] loss=0.0682 mask=0.0653 iou=0.0028
  Epoch 41 [210/220] loss=0.0695 mask=0.0666 iou=0.0029
  Epoch 41 [220/220] loss=0.0693 mask=0.0664 iou=0.0029
  Train: loss=0.0693 mask=0.0664 iou=0.0029 time=205.7s
  Val epoch 41: loss=0.1100

=== Phase1 Epoch 42/49 ===
  Epoch 42 [10/220] loss=0.0655 mask=0.0623 iou=0.0032
  Epoch 42 [20/220] loss=0.0678 mask=0.0656 iou=0.0023
  Epoch 42 [30/220] loss=0.0671 mask=0.0647 iou=0.0023
  Epoch 42 [40/220] loss=0.0664 mask=0.0643 iou=0.0022
  Epoch 42 [50/220] loss=0.0668 mask=0.0645 iou=0.0022
  Epoch 42 [60/220] loss=0.0686 mask=0.0664 iou=0.0023
  Epoch 42 [70/220] loss=0.0675 mask=0.0653 iou=0.0022
  Epoch 42 [80/220] loss=0.0677 mask=0.0653 iou=0.0024
  Epoch 42 [90/220] loss=0.0666 mask=0.0643 iou=0.0023
  Epoch 42 [100/220] loss=0.0678 mask=0.0655 iou=0.0024
  Epoch 42 [110/220] loss=0.0677 mask=0.0654 iou=0.0024
  Epoch 42 [120/220] loss=0.0685 mask=0.0661 iou=0.0024
  Epoch 42 [130/220] loss=0.0678 mask=0.0654 iou=0.0024
  Epoch 42 [140/220] loss=0.0680 mask=0.0656 iou=0.0024
  Epoch 42 [150/220] loss=0.0672 mask=0.0648 iou=0.0024
  Epoch 42 [160/220] loss=0.0671 mask=0.0646 iou=0.0025
  Epoch 42 [170/220] loss=0.0669 mask=0.0644 iou=0.0024
  Epoch 42 [180/220] loss=0.0669 mask=0.0643 iou=0.0025
  Epoch 42 [190/220] loss=0.0681 mask=0.0655 iou=0.0026
  Epoch 42 [200/220] loss=0.0685 mask=0.0659 iou=0.0026
  Epoch 42 [210/220] loss=0.0689 mask=0.0662 iou=0.0027
  Epoch 42 [220/220] loss=0.0687 mask=0.0660 iou=0.0027
  Train: loss=0.0687 mask=0.0660 iou=0.0027 time=204.2s
  Val epoch 42: loss=0.1115

=== Phase1 Epoch 43/49 ===
  Epoch 43 [10/220] loss=0.0629 mask=0.0597 iou=0.0032
  Epoch 43 [20/220] loss=0.0663 mask=0.0628 iou=0.0035
  Epoch 43 [30/220] loss=0.0731 mask=0.0697 iou=0.0034
  Epoch 43 [40/220] loss=0.0746 mask=0.0715 iou=0.0031
  Epoch 43 [50/220] loss=0.0731 mask=0.0702 iou=0.0030
  Epoch 43 [60/220] loss=0.0710 mask=0.0681 iou=0.0030
  Epoch 43 [70/220] loss=0.0693 mask=0.0665 iou=0.0028
  Epoch 43 [80/220] loss=0.0697 mask=0.0668 iou=0.0028
  Epoch 43 [90/220] loss=0.0680 mask=0.0652 iou=0.0028
  Epoch 43 [100/220] loss=0.0682 mask=0.0654 iou=0.0028
  Epoch 43 [110/220] loss=0.0678 mask=0.0651 iou=0.0027
  Epoch 43 [120/220] loss=0.0666 mask=0.0640 iou=0.0026
  Epoch 43 [130/220] loss=0.0673 mask=0.0647 iou=0.0026
  Epoch 43 [140/220] loss=0.0668 mask=0.0642 iou=0.0025
  Epoch 43 [150/220] loss=0.0685 mask=0.0657 iou=0.0027
  Epoch 43 [160/220] loss=0.0683 mask=0.0655 iou=0.0028
  Epoch 43 [170/220] loss=0.0679 mask=0.0651 iou=0.0027
  Epoch 43 [180/220] loss=0.0673 mask=0.0646 iou=0.0027
  Epoch 43 [190/220] loss=0.0680 mask=0.0652 iou=0.0028
  Epoch 43 [200/220] loss=0.0679 mask=0.0651 iou=0.0028
  Epoch 43 [210/220] loss=0.0675 mask=0.0647 iou=0.0027
  Epoch 43 [220/220] loss=0.0676 mask=0.0648 iou=0.0028
  Train: loss=0.0676 mask=0.0648 iou=0.0028 time=206.3s
  Val epoch 43: loss=0.1113

=== Phase1 Epoch 44/49 ===
  Epoch 44 [10/220] loss=0.0849 mask=0.0812 iou=0.0037
  Epoch 44 [20/220] loss=0.0740 mask=0.0710 iou=0.0031
  Epoch 44 [30/220] loss=0.0692 mask=0.0662 iou=0.0030
  Epoch 44 [40/220] loss=0.0746 mask=0.0716 iou=0.0030
  Epoch 44 [50/220] loss=0.0732 mask=0.0697 iou=0.0035
  Epoch 44 [60/220] loss=0.0749 mask=0.0710 iou=0.0039
  Epoch 44 [70/220] loss=0.0735 mask=0.0699 iou=0.0037
  Epoch 44 [80/220] loss=0.0718 mask=0.0682 iou=0.0035
  Epoch 44 [90/220] loss=0.0710 mask=0.0677 iou=0.0033
  Epoch 44 [100/220] loss=0.0703 mask=0.0670 iou=0.0033
  Epoch 44 [110/220] loss=0.0695 mask=0.0663 iou=0.0032
  Epoch 44 [120/220] loss=0.0712 mask=0.0679 iou=0.0033
  Epoch 44 [130/220] loss=0.0720 mask=0.0686 iou=0.0034
  Epoch 44 [140/220] loss=0.0714 mask=0.0681 iou=0.0033
  Epoch 44 [150/220] loss=0.0709 mask=0.0676 iou=0.0033
  Epoch 44 [160/220] loss=0.0710 mask=0.0677 iou=0.0033
  Epoch 44 [170/220] loss=0.0703 mask=0.0671 iou=0.0032
  Epoch 44 [180/220] loss=0.0695 mask=0.0664 iou=0.0032
  Epoch 44 [190/220] loss=0.0689 mask=0.0658 iou=0.0031
  Epoch 44 [200/220] loss=0.0691 mask=0.0660 iou=0.0031
  Epoch 44 [210/220] loss=0.0692 mask=0.0662 iou=0.0030
  Epoch 44 [220/220] loss=0.0688 mask=0.0658 iou=0.0030
  Train: loss=0.0688 mask=0.0658 iou=0.0030 time=206.3s
  Val epoch 44: loss=0.1103

=== Phase1 Epoch 45/49 ===
  Epoch 45 [10/220] loss=0.0874 mask=0.0842 iou=0.0032
  Epoch 45 [20/220] loss=0.0796 mask=0.0768 iou=0.0029
  Epoch 45 [30/220] loss=0.0750 mask=0.0723 iou=0.0027
  Epoch 45 [40/220] loss=0.0734 mask=0.0708 iou=0.0025
  Epoch 45 [50/220] loss=0.0723 mask=0.0696 iou=0.0027
  Epoch 45 [60/220] loss=0.0753 mask=0.0726 iou=0.0028
  Epoch 45 [70/220] loss=0.0764 mask=0.0733 iou=0.0031
  Epoch 45 [80/220] loss=0.0740 mask=0.0711 iou=0.0029
  Epoch 45 [90/220] loss=0.0725 mask=0.0694 iou=0.0031
  Epoch 45 [100/220] loss=0.0717 mask=0.0686 iou=0.0031
  Epoch 45 [110/220] loss=0.0723 mask=0.0691 iou=0.0031
  Epoch 45 [120/220] loss=0.0720 mask=0.0689 iou=0.0031
  Epoch 45 [130/220] loss=0.0710 mask=0.0680 iou=0.0030
  Epoch 45 [140/220] loss=0.0707 mask=0.0678 iou=0.0029
  Epoch 45 [150/220] loss=0.0699 mask=0.0671 iou=0.0028
  Epoch 45 [160/220] loss=0.0692 mask=0.0664 iou=0.0028
  Epoch 45 [170/220] loss=0.0691 mask=0.0662 iou=0.0029
  Epoch 45 [180/220] loss=0.0689 mask=0.0660 iou=0.0029
  Epoch 45 [190/220] loss=0.0680 mask=0.0652 iou=0.0028
  Epoch 45 [200/220] loss=0.0683 mask=0.0654 iou=0.0029
  Epoch 45 [210/220] loss=0.0688 mask=0.0660 iou=0.0028
  Epoch 45 [220/220] loss=0.0687 mask=0.0658 iou=0.0029
  Train: loss=0.0687 mask=0.0658 iou=0.0029 time=204.4s
  Val epoch 45: loss=0.1120

=== Phase1 Epoch 46/49 ===
  Epoch 46 [10/220] loss=0.0730 mask=0.0696 iou=0.0033
  Epoch 46 [20/220] loss=0.0660 mask=0.0632 iou=0.0028
  Epoch 46 [30/220] loss=0.0724 mask=0.0692 iou=0.0032
  Epoch 46 [40/220] loss=0.0736 mask=0.0704 iou=0.0031
  Epoch 46 [50/220] loss=0.0712 mask=0.0681 iou=0.0031
  Epoch 46 [60/220] loss=0.0711 mask=0.0681 iou=0.0031
  Epoch 46 [70/220] loss=0.0714 mask=0.0680 iou=0.0034
  Epoch 46 [80/220] loss=0.0695 mask=0.0663 iou=0.0032
  Epoch 46 [90/220] loss=0.0719 mask=0.0689 iou=0.0031
  Epoch 46 [100/220] loss=0.0722 mask=0.0691 iou=0.0031
  Epoch 46 [110/220] loss=0.0706 mask=0.0676 iou=0.0030
  Epoch 46 [120/220] loss=0.0706 mask=0.0676 iou=0.0030
  Epoch 46 [130/220] loss=0.0703 mask=0.0673 iou=0.0030
  Epoch 46 [140/220] loss=0.0709 mask=0.0679 iou=0.0030
  Epoch 46 [150/220] loss=0.0704 mask=0.0675 iou=0.0030
  Epoch 46 [160/220] loss=0.0704 mask=0.0674 iou=0.0029
  Epoch 46 [170/220] loss=0.0700 mask=0.0670 iou=0.0030
  Epoch 46 [180/220] loss=0.0701 mask=0.0671 iou=0.0030
  Epoch 46 [190/220] loss=0.0697 mask=0.0668 iou=0.0029
  Epoch 46 [200/220] loss=0.0693 mask=0.0665 iou=0.0029
  Epoch 46 [210/220] loss=0.0692 mask=0.0664 iou=0.0029
  Epoch 46 [220/220] loss=0.0684 mask=0.0656 iou=0.0028
  Train: loss=0.0684 mask=0.0656 iou=0.0028 time=208.8s
  Val epoch 46: loss=0.1113

=== Phase1 Epoch 47/49 ===
  Epoch 47 [10/220] loss=0.0643 mask=0.0605 iou=0.0038
  Epoch 47 [20/220] loss=0.0627 mask=0.0600 iou=0.0027
  Epoch 47 [30/220] loss=0.0640 mask=0.0608 iou=0.0032
  Epoch 47 [40/220] loss=0.0684 mask=0.0649 iou=0.0035
  Epoch 47 [50/220] loss=0.0707 mask=0.0670 iou=0.0037
  Epoch 47 [60/220] loss=0.0691 mask=0.0657 iou=0.0034
  Epoch 47 [70/220] loss=0.0685 mask=0.0653 iou=0.0032
  Epoch 47 [80/220] loss=0.0691 mask=0.0660 iou=0.0032
  Epoch 47 [90/220] loss=0.0681 mask=0.0650 iou=0.0031
  Epoch 47 [100/220] loss=0.0670 mask=0.0640 iou=0.0029
  Epoch 47 [110/220] loss=0.0667 mask=0.0639 iou=0.0029
  Epoch 47 [120/220] loss=0.0655 mask=0.0627 iou=0.0028
  Epoch 47 [130/220] loss=0.0650 mask=0.0623 iou=0.0027
  Epoch 47 [140/220] loss=0.0651 mask=0.0625 iou=0.0026
  Epoch 47 [150/220] loss=0.0663 mask=0.0635 iou=0.0027
  Epoch 47 [160/220] loss=0.0677 mask=0.0650 iou=0.0027
  Epoch 47 [170/220] loss=0.0680 mask=0.0653 iou=0.0027
  Epoch 47 [180/220] loss=0.0679 mask=0.0652 iou=0.0027
  Epoch 47 [190/220] loss=0.0677 mask=0.0650 iou=0.0027
  Epoch 47 [200/220] loss=0.0678 mask=0.0651 iou=0.0027
  Epoch 47 [210/220] loss=0.0677 mask=0.0650 iou=0.0027
  Epoch 47 [220/220] loss=0.0679 mask=0.0652 iou=0.0028
  Train: loss=0.0679 mask=0.0652 iou=0.0028 time=206.0s
  Val epoch 47: loss=0.1129

=== Phase1 Epoch 48/49 ===
  Epoch 48 [10/220] loss=0.0707 mask=0.0687 iou=0.0020
  Epoch 48 [20/220] loss=0.0715 mask=0.0690 iou=0.0025
  Epoch 48 [30/220] loss=0.0684 mask=0.0658 iou=0.0026
  Epoch 48 [40/220] loss=0.0704 mask=0.0677 iou=0.0027
  Epoch 48 [50/220] loss=0.0694 mask=0.0667 iou=0.0027
  Epoch 48 [60/220] loss=0.0676 mask=0.0651 iou=0.0025
  Epoch 48 [70/220] loss=0.0695 mask=0.0669 iou=0.0026
  Epoch 48 [80/220] loss=0.0687 mask=0.0660 iou=0.0027
  Epoch 48 [90/220] loss=0.0675 mask=0.0648 iou=0.0026
  Epoch 48 [100/220] loss=0.0666 mask=0.0640 iou=0.0026
  Epoch 48 [110/220] loss=0.0671 mask=0.0645 iou=0.0027
  Epoch 48 [120/220] loss=0.0670 mask=0.0643 iou=0.0027
  Epoch 48 [130/220] loss=0.0665 mask=0.0639 iou=0.0026
  Epoch 48 [140/220] loss=0.0669 mask=0.0643 iou=0.0026
  Epoch 48 [150/220] loss=0.0670 mask=0.0644 iou=0.0027
  Epoch 48 [160/220] loss=0.0672 mask=0.0646 iou=0.0026
  Epoch 48 [170/220] loss=0.0667 mask=0.0642 iou=0.0026
  Epoch 48 [180/220] loss=0.0670 mask=0.0644 iou=0.0026
  Epoch 48 [190/220] loss=0.0667 mask=0.0642 iou=0.0025
  Epoch 48 [200/220] loss=0.0673 mask=0.0647 iou=0.0026
  Epoch 48 [210/220] loss=0.0673 mask=0.0646 iou=0.0026
  Epoch 48 [220/220] loss=0.0676 mask=0.0649 iou=0.0027
  Train: loss=0.0676 mask=0.0649 iou=0.0027 time=204.8s
  Val epoch 48: loss=0.1122

=== Phase1 Epoch 49/49 ===
  Epoch 49 [10/220] loss=0.0660 mask=0.0646 iou=0.0013
  Epoch 49 [20/220] loss=0.0689 mask=0.0673 iou=0.0016
  Epoch 49 [30/220] loss=0.0673 mask=0.0653 iou=0.0019
  Epoch 49 [40/220] loss=0.0697 mask=0.0675 iou=0.0022
  Epoch 49 [50/220] loss=0.0691 mask=0.0666 iou=0.0025
  Epoch 49 [60/220] loss=0.0694 mask=0.0668 iou=0.0026
  Epoch 49 [70/220] loss=0.0704 mask=0.0678 iou=0.0026
  Epoch 49 [80/220] loss=0.0688 mask=0.0662 iou=0.0026
  Epoch 49 [90/220] loss=0.0688 mask=0.0660 iou=0.0028
  Epoch 49 [100/220] loss=0.0680 mask=0.0653 iou=0.0027
  Epoch 49 [110/220] loss=0.0670 mask=0.0644 iou=0.0026
  Epoch 49 [120/220] loss=0.0670 mask=0.0644 iou=0.0026
  Epoch 49 [130/220] loss=0.0665 mask=0.0639 iou=0.0025
  Epoch 49 [140/220] loss=0.0678 mask=0.0652 iou=0.0026
  Epoch 49 [150/220] loss=0.0671 mask=0.0645 iou=0.0025
  Epoch 49 [160/220] loss=0.0666 mask=0.0641 iou=0.0025
  Epoch 49 [170/220] loss=0.0663 mask=0.0638 iou=0.0025
  Epoch 49 [180/220] loss=0.0662 mask=0.0637 iou=0.0025
  Epoch 49 [190/220] loss=0.0676 mask=0.0650 iou=0.0026
  Epoch 49 [200/220] loss=0.0679 mask=0.0652 iou=0.0027
  Epoch 49 [210/220] loss=0.0676 mask=0.0649 iou=0.0027
  Epoch 49 [220/220] loss=0.0679 mask=0.0650 iou=0.0029
  Train: loss=0.0679 mask=0.0650 iou=0.0029 time=204.6s
  Val epoch 49: loss=0.1124

Phase 1 complete. Best val loss: 0.1098

============================================================
PHASE 2: Depth training (depth loss, only depth branch trainable)
============================================================
Loading phase 1 checkpoint: /data3/LXT/DINOv3-SAM/model_sam/SAM_retrain/phase1_best.pt
Initialized depth branch from SAM inner weights (depth_prediction_head random)
Phase 2: Total params: 97,379,069  Trainable: 3,643,597

=== Phase2 Epoch 0/49 ===
  Epoch 0 [10/220] loss=0.5380 mask=0.3678 depth=0.5380
  Epoch 0 [20/220] loss=0.5323 mask=0.3775 depth=0.5323
  Epoch 0 [30/220] loss=0.4731 mask=0.3833 depth=0.4731
  Epoch 0 [40/220] loss=0.4413 mask=0.3789 depth=0.4413
  Epoch 0 [50/220] loss=0.4118 mask=0.3674 depth=0.4118
  Epoch 0 [60/220] loss=0.3947 mask=0.3573 depth=0.3947
  Epoch 0 [70/220] loss=0.4044 mask=0.3569 depth=0.4044
  Epoch 0 [80/220] loss=0.3998 mask=0.3601 depth=0.3998
  Epoch 0 [90/220] loss=0.3770 mask=0.3509 depth=0.3770
  Epoch 0 [100/220] loss=0.3679 mask=0.3440 depth=0.3679
  Epoch 0 [110/220] loss=0.3620 mask=0.3415 depth=0.3620
  Epoch 0 [120/220] loss=0.3551 mask=0.3387 depth=0.3551
  Epoch 0 [130/220] loss=0.3564 mask=0.3385 depth=0.3564
  Epoch 0 [140/220] loss=0.3518 mask=0.3322 depth=0.3518
  Epoch 0 [150/220] loss=0.3515 mask=0.3322 depth=0.3515
  Epoch 0 [160/220] loss=0.3503 mask=0.3320 depth=0.3503
  Epoch 0 [170/220] loss=0.3539 mask=0.3312 depth=0.3539
  Epoch 0 [180/220] loss=0.3486 mask=0.3238 depth=0.3486
  Epoch 0 [190/220] loss=0.3466 mask=0.3189 depth=0.3466
  Epoch 0 [200/220] loss=0.3460 mask=0.3174 depth=0.3460
  Epoch 0 [210/220] loss=0.3431 mask=0.3143 depth=0.3431
  Epoch 0 [220/220] loss=0.3382 mask=0.3105 depth=0.3382
  Train: loss=0.3382 mask=0.3105 depth=0.3382 time=190.8s
  Val epoch 0: loss=0.3315
  Saved best phase2 model (val_loss=0.3315)

=== Phase2 Epoch 1/49 ===
  Epoch 1 [10/220] loss=0.3174 mask=0.2531 depth=0.3174
  Epoch 1 [20/220] loss=0.2688 mask=0.2656 depth=0.2688
  Epoch 1 [30/220] loss=0.2569 mask=0.2588 depth=0.2569
  Epoch 1 [40/220] loss=0.2307 mask=0.2522 depth=0.2307
  Epoch 1 [50/220] loss=0.2601 mask=0.2621 depth=0.2601
  Epoch 1 [60/220] loss=0.2551 mask=0.2540 depth=0.2551
  Epoch 1 [70/220] loss=0.2434 mask=0.2453 depth=0.2434
  Epoch 1 [80/220] loss=0.2469 mask=0.2457 depth=0.2469
  Epoch 1 [90/220] loss=0.2654 mask=0.2488 depth=0.2654
  Epoch 1 [100/220] loss=0.2668 mask=0.2438 depth=0.2668
  Epoch 1 [110/220] loss=0.2661 mask=0.2410 depth=0.2661
  Epoch 1 [120/220] loss=0.2623 mask=0.2384 depth=0.2623
  Epoch 1 [130/220] loss=0.2598 mask=0.2417 depth=0.2598
  Epoch 1 [140/220] loss=0.2584 mask=0.2386 depth=0.2584
  Epoch 1 [150/220] loss=0.2531 mask=0.2398 depth=0.2531
  Epoch 1 [160/220] loss=0.2493 mask=0.2412 depth=0.2493
  Epoch 1 [170/220] loss=0.2465 mask=0.2398 depth=0.2465
  Epoch 1 [180/220] loss=0.2437 mask=0.2382 depth=0.2437
  Epoch 1 [190/220] loss=0.2433 mask=0.2396 depth=0.2433
  Epoch 1 [200/220] loss=0.2439 mask=0.2374 depth=0.2439
  Epoch 1 [210/220] loss=0.2389 mask=0.2347 depth=0.2389
  Epoch 1 [220/220] loss=0.2377 mask=0.2336 depth=0.2377
  Train: loss=0.2377 mask=0.2336 depth=0.2377 time=192.1s
  Val epoch 1: loss=0.3140
  Saved best phase2 model (val_loss=0.3140)

=== Phase2 Epoch 2/49 ===
  Epoch 2 [10/220] loss=0.1568 mask=0.1584 depth=0.1568
  Epoch 2 [20/220] loss=0.1855 mask=0.1626 depth=0.1855
  Epoch 2 [30/220] loss=0.1648 mask=0.1820 depth=0.1648
  Epoch 2 [40/220] loss=0.1685 mask=0.1947 depth=0.1685
  Epoch 2 [50/220] loss=0.1703 mask=0.2067 depth=0.1703
  Epoch 2 [60/220] loss=0.1691 mask=0.2004 depth=0.1691
  Epoch 2 [70/220] loss=0.1655 mask=0.2052 depth=0.1655
  Epoch 2 [80/220] loss=0.1627 mask=0.2071 depth=0.1627
  Epoch 2 [90/220] loss=0.1751 mask=0.2065 depth=0.1751
  Epoch 2 [100/220] loss=0.1694 mask=0.2068 depth=0.1694
  Epoch 2 [110/220] loss=0.1627 mask=0.2083 depth=0.1627
  Epoch 2 [120/220] loss=0.1584 mask=0.2124 depth=0.1584
  Epoch 2 [130/220] loss=0.1636 mask=0.2128 depth=0.1636
  Epoch 2 [140/220] loss=0.1642 mask=0.2174 depth=0.1642
  Epoch 2 [150/220] loss=0.1690 mask=0.2219 depth=0.1690
  Epoch 2 [160/220] loss=0.1665 mask=0.2224 depth=0.1665
  Epoch 2 [170/220] loss=0.1662 mask=0.2234 depth=0.1662
  Epoch 2 [180/220] loss=0.1651 mask=0.2243 depth=0.1651
  Epoch 2 [190/220] loss=0.1631 mask=0.2247 depth=0.1631
  Epoch 2 [200/220] loss=0.1646 mask=0.2248 depth=0.1646
  Epoch 2 [210/220] loss=0.1638 mask=0.2240 depth=0.1638
  Epoch 2 [220/220] loss=0.1632 mask=0.2267 depth=0.1632
  Train: loss=0.1632 mask=0.2267 depth=0.1632 time=192.6s
  Val epoch 2: loss=0.2794
  Saved best phase2 model (val_loss=0.2794)

=== Phase2 Epoch 3/49 ===
  Epoch 3 [10/220] loss=0.1122 mask=0.2516 depth=0.1122
  Epoch 3 [20/220] loss=0.0829 mask=0.2276 depth=0.0829
  Epoch 3 [30/220] loss=0.0818 mask=0.2470 depth=0.0818
  Epoch 3 [40/220] loss=0.0779 mask=0.2259 depth=0.0779
  Epoch 3 [50/220] loss=0.0829 mask=0.2246 depth=0.0829
  Epoch 3 [60/220] loss=0.0875 mask=0.2159 depth=0.0875
  Epoch 3 [70/220] loss=0.1010 mask=0.2181 depth=0.1010
  Epoch 3 [80/220] loss=0.1054 mask=0.2212 depth=0.1054
  Epoch 3 [90/220] loss=0.1033 mask=0.2138 depth=0.1033
  Epoch 3 [100/220] loss=0.1093 mask=0.2148 depth=0.1093
  Epoch 3 [110/220] loss=0.1061 mask=0.2116 depth=0.1061
  Epoch 3 [120/220] loss=0.1051 mask=0.2096 depth=0.1051
  Epoch 3 [130/220] loss=0.1021 mask=0.2087 depth=0.1021
  Epoch 3 [140/220] loss=0.1049 mask=0.2065 depth=0.1049
  Epoch 3 [150/220] loss=0.1113 mask=0.2097 depth=0.1113
  Epoch 3 [160/220] loss=0.1131 mask=0.2102 depth=0.1131
  Epoch 3 [170/220] loss=0.1130 mask=0.2113 depth=0.1130
  Epoch 3 [180/220] loss=0.1101 mask=0.2104 depth=0.1101
  Epoch 3 [190/220] loss=0.1078 mask=0.2146 depth=0.1078
  Epoch 3 [200/220] loss=0.1086 mask=0.2173 depth=0.1086
  Epoch 3 [210/220] loss=0.1068 mask=0.2174 depth=0.1068
  Epoch 3 [220/220] loss=0.1071 mask=0.2198 depth=0.1071
  Train: loss=0.1071 mask=0.2198 depth=0.1071 time=191.5s
  Val epoch 3: loss=0.2739
  Saved best phase2 model (val_loss=0.2739)

=== Phase2 Epoch 4/49 ===
  Epoch 4 [10/220] loss=0.0534 mask=0.2357 depth=0.0534
  Epoch 4 [20/220] loss=0.0886 mask=0.2644 depth=0.0886
  Epoch 4 [30/220] loss=0.0726 mask=0.2475 depth=0.0726
  Epoch 4 [40/220] loss=0.0639 mask=0.2282 depth=0.0639
  Epoch 4 [50/220] loss=0.0642 mask=0.2230 depth=0.0642
  Epoch 4 [60/220] loss=0.0668 mask=0.2215 depth=0.0668
  Epoch 4 [70/220] loss=0.0660 mask=0.2170 depth=0.0660
  Epoch 4 [80/220] loss=0.0671 mask=0.2230 depth=0.0671
  Epoch 4 [90/220] loss=0.0628 mask=0.2134 depth=0.0628
  Epoch 4 [100/220] loss=0.0620 mask=0.2165 depth=0.0620
  Epoch 4 [110/220] loss=0.0597 mask=0.2171 depth=0.0597
  Epoch 4 [120/220] loss=0.0696 mask=0.2164 depth=0.0696
  Epoch 4 [130/220] loss=0.0674 mask=0.2157 depth=0.0674
  Epoch 4 [140/220] loss=0.0667 mask=0.2114 depth=0.0667
  Epoch 4 [150/220] loss=0.0657 mask=0.2084 depth=0.0657
  Epoch 4 [160/220] loss=0.0658 mask=0.2090 depth=0.0658
  Epoch 4 [170/220] loss=0.0677 mask=0.2110 depth=0.0677
  Epoch 4 [180/220] loss=0.0680 mask=0.2128 depth=0.0680
  Epoch 4 [190/220] loss=0.0676 mask=0.2132 depth=0.0676
  Epoch 4 [200/220] loss=0.0682 mask=0.2134 depth=0.0682
  Epoch 4 [210/220] loss=0.0687 mask=0.2114 depth=0.0687
  Epoch 4 [220/220] loss=0.0690 mask=0.2107 depth=0.0690
  Train: loss=0.0690 mask=0.2107 depth=0.0690 time=182.8s
  Val epoch 4: loss=0.2488
  Saved best phase2 model (val_loss=0.2488)

=== Phase2 Epoch 5/49 ===
  Epoch 5 [10/220] loss=0.0497 mask=0.1822 depth=0.0497
  Epoch 5 [20/220] loss=0.0517 mask=0.1607 depth=0.0517
  Epoch 5 [30/220] loss=0.0541 mask=0.1780 depth=0.0541
  Epoch 5 [40/220] loss=0.0543 mask=0.1915 depth=0.0543
  Epoch 5 [50/220] loss=0.0595 mask=0.1885 depth=0.0595
  Epoch 5 [60/220] loss=0.0579 mask=0.1868 depth=0.0579
  Epoch 5 [70/220] loss=0.0544 mask=0.1934 depth=0.0544
  Epoch 5 [80/220] loss=0.0534 mask=0.1891 depth=0.0534
  Epoch 5 [90/220] loss=0.0527 mask=0.1895 depth=0.0527
  Epoch 5 [100/220] loss=0.0530 mask=0.1908 depth=0.0530
  Epoch 5 [110/220] loss=0.0514 mask=0.1925 depth=0.0514
  Epoch 5 [120/220] loss=0.0523 mask=0.1897 depth=0.0523
  Epoch 5 [130/220] loss=0.0502 mask=0.1909 depth=0.0502
  Epoch 5 [140/220] loss=0.0490 mask=0.1885 depth=0.0490
  Epoch 5 [150/220] loss=0.0494 mask=0.1875 depth=0.0494
  Epoch 5 [160/220] loss=0.0483 mask=0.1871 depth=0.0483
  Epoch 5 [170/220] loss=0.0493 mask=0.1890 depth=0.0493
  Epoch 5 [180/220] loss=0.0485 mask=0.1894 depth=0.0485
  Epoch 5 [190/220] loss=0.0481 mask=0.1907 depth=0.0481
  Epoch 5 [200/220] loss=0.0484 mask=0.1899 depth=0.0484
  Epoch 5 [210/220] loss=0.0482 mask=0.1910 depth=0.0482
  Epoch 5 [220/220] loss=0.0484 mask=0.1925 depth=0.0484
  Train: loss=0.0484 mask=0.1925 depth=0.0484 time=179.2s
  Val epoch 5: loss=0.2658

=== Phase2 Epoch 6/49 ===
  Epoch 6 [10/220] loss=0.0386 mask=0.1865 depth=0.0386
  Epoch 6 [20/220] loss=0.0349 mask=0.2316 depth=0.0349
  Epoch 6 [30/220] loss=0.0336 mask=0.2053 depth=0.0336
  Epoch 6 [40/220] loss=0.0384 mask=0.2048 depth=0.0384
  Epoch 6 [50/220] loss=0.0382 mask=0.2076 depth=0.0382
  Epoch 6 [60/220] loss=0.0381 mask=0.2039 depth=0.0381
  Epoch 6 [70/220] loss=0.0359 mask=0.1966 depth=0.0359
  Epoch 6 [80/220] loss=0.0365 mask=0.1928 depth=0.0365
  Epoch 6 [90/220] loss=0.0357 mask=0.1920 depth=0.0357
  Epoch 6 [100/220] loss=0.0357 mask=0.1930 depth=0.0357
  Epoch 6 [110/220] loss=0.0373 mask=0.1970 depth=0.0373
  Epoch 6 [120/220] loss=0.0371 mask=0.1946 depth=0.0371
  Epoch 6 [130/220] loss=0.0374 mask=0.1916 depth=0.0374
  Epoch 6 [140/220] loss=0.0376 mask=0.1953 depth=0.0376
  Epoch 6 [150/220] loss=0.0366 mask=0.1937 depth=0.0366
  Epoch 6 [160/220] loss=0.0375 mask=0.1929 depth=0.0375
  Epoch 6 [170/220] loss=0.0375 mask=0.1948 depth=0.0375
  Epoch 6 [180/220] loss=0.0371 mask=0.1952 depth=0.0371
  Epoch 6 [190/220] loss=0.0362 mask=0.1951 depth=0.0362
  Epoch 6 [200/220] loss=0.0359 mask=0.1941 depth=0.0359
  Epoch 6 [210/220] loss=0.0359 mask=0.1962 depth=0.0359
  Epoch 6 [220/220] loss=0.0358 mask=0.1969 depth=0.0358
  Train: loss=0.0358 mask=0.1969 depth=0.0358 time=183.3s
  Val epoch 6: loss=0.2387
  Saved best phase2 model (val_loss=0.2387)

=== Phase2 Epoch 7/49 ===
  Epoch 7 [10/220] loss=0.0171 mask=0.2192 depth=0.0171
  Epoch 7 [20/220] loss=0.0207 mask=0.2358 depth=0.0207
  Epoch 7 [30/220] loss=0.0212 mask=0.2205 depth=0.0212
  Epoch 7 [40/220] loss=0.0228 mask=0.2160 depth=0.0228
  Epoch 7 [50/220] loss=0.0230 mask=0.2107 depth=0.0230
  Epoch 7 [60/220] loss=0.0212 mask=0.2084 depth=0.0212
  Epoch 7 [70/220] loss=0.0207 mask=0.2072 depth=0.0207
  Epoch 7 [80/220] loss=0.0210 mask=0.2078 depth=0.0210
  Epoch 7 [90/220] loss=0.0222 mask=0.2065 depth=0.0222
  Epoch 7 [100/220] loss=0.0225 mask=0.2090 depth=0.0225
  Epoch 7 [110/220] loss=0.0236 mask=0.2093 depth=0.0236
  Epoch 7 [120/220] loss=0.0259 mask=0.2082 depth=0.0259
  Epoch 7 [130/220] loss=0.0266 mask=0.2094 depth=0.0266
  Epoch 7 [140/220] loss=0.0286 mask=0.2087 depth=0.0286
  Epoch 7 [150/220] loss=0.0284 mask=0.2084 depth=0.0284
  Epoch 7 [160/220] loss=0.0284 mask=0.2075 depth=0.0284
  Epoch 7 [170/220] loss=0.0282 mask=0.2051 depth=0.0282
  Epoch 7 [180/220] loss=0.0279 mask=0.2039 depth=0.0279
  Epoch 7 [190/220] loss=0.0278 mask=0.2026 depth=0.0278
  Epoch 7 [200/220] loss=0.0277 mask=0.2041 depth=0.0277
  Epoch 7 [210/220] loss=0.0274 mask=0.2014 depth=0.0274
  Epoch 7 [220/220] loss=0.0276 mask=0.2016 depth=0.0276
  Train: loss=0.0276 mask=0.2016 depth=0.0276 time=182.1s
  Val epoch 7: loss=0.2506

=== Phase2 Epoch 8/49 ===
  Epoch 8 [10/220] loss=0.0207 mask=0.1700 depth=0.0207
  Epoch 8 [20/220] loss=0.0259 mask=0.1707 depth=0.0259
  Epoch 8 [30/220] loss=0.0242 mask=0.1951 depth=0.0242
  Epoch 8 [40/220] loss=0.0228 mask=0.1889 depth=0.0228
  Epoch 8 [50/220] loss=0.0228 mask=0.1938 depth=0.0228
  Epoch 8 [60/220] loss=0.0225 mask=0.1926 depth=0.0225
  Epoch 8 [70/220] loss=0.0238 mask=0.1948 depth=0.0238
  Epoch 8 [80/220] loss=0.0235 mask=0.1986 depth=0.0235
  Epoch 8 [90/220] loss=0.0233 mask=0.1984 depth=0.0233
  Epoch 8 [100/220] loss=0.0221 mask=0.1988 depth=0.0221
  Epoch 8 [110/220] loss=0.0223 mask=0.1954 depth=0.0223
  Epoch 8 [120/220] loss=0.0218 mask=0.1953 depth=0.0218
  Epoch 8 [130/220] loss=0.0212 mask=0.1944 depth=0.0212
  Epoch 8 [140/220] loss=0.0208 mask=0.1948 depth=0.0208
  Epoch 8 [150/220] loss=0.0206 mask=0.1940 depth=0.0206
  Epoch 8 [160/220] loss=0.0205 mask=0.1930 depth=0.0205
  Epoch 8 [170/220] loss=0.0212 mask=0.1967 depth=0.0212
  Epoch 8 [180/220] loss=0.0215 mask=0.1978 depth=0.0215
  Epoch 8 [190/220] loss=0.0222 mask=0.1967 depth=0.0222
  Epoch 8 [200/220] loss=0.0222 mask=0.1988 depth=0.0222
  Epoch 8 [210/220] loss=0.0219 mask=0.1991 depth=0.0219
  Epoch 8 [220/220] loss=0.0219 mask=0.1996 depth=0.0219
  Train: loss=0.0219 mask=0.1996 depth=0.0219 time=183.4s
  Val epoch 8: loss=0.2391

=== Phase2 Epoch 9/49 ===
  Epoch 9 [10/220] loss=0.0239 mask=0.1899 depth=0.0239
  Epoch 9 [20/220] loss=0.0206 mask=0.1990 depth=0.0206
  Epoch 9 [30/220] loss=0.0188 mask=0.2064 depth=0.0188
  Epoch 9 [40/220] loss=0.0189 mask=0.1899 depth=0.0189
  Epoch 9 [50/220] loss=0.0203 mask=0.1874 depth=0.0203
  Epoch 9 [60/220] loss=0.0206 mask=0.1901 depth=0.0206
  Epoch 9 [70/220] loss=0.0226 mask=0.1982 depth=0.0226
  Epoch 9 [80/220] loss=0.0225 mask=0.1956 depth=0.0225
  Epoch 9 [90/220] loss=0.0220 mask=0.1978 depth=0.0220
  Epoch 9 [100/220] loss=0.0216 mask=0.1987 depth=0.0216
  Epoch 9 [110/220] loss=0.0216 mask=0.1987 depth=0.0216
  Epoch 9 [120/220] loss=0.0213 mask=0.1958 depth=0.0213
  Epoch 9 [130/220] loss=0.0215 mask=0.1984 depth=0.0215
  Epoch 9 [140/220] loss=0.0213 mask=0.1990 depth=0.0213
  Epoch 9 [150/220] loss=0.0214 mask=0.1999 depth=0.0214
  Epoch 9 [160/220] loss=0.0214 mask=0.2002 depth=0.0214
  Epoch 9 [170/220] loss=0.0210 mask=0.2021 depth=0.0210
  Epoch 9 [180/220] loss=0.0209 mask=0.2005 depth=0.0209
  Epoch 9 [190/220] loss=0.0206 mask=0.2010 depth=0.0206
  Epoch 9 [200/220] loss=0.0202 mask=0.1994 depth=0.0202
  Epoch 9 [210/220] loss=0.0198 mask=0.2003 depth=0.0198
  Epoch 9 [220/220] loss=0.0198 mask=0.1994 depth=0.0198
  Train: loss=0.0198 mask=0.1994 depth=0.0198 time=178.7s
  Val epoch 9: loss=0.2539

=== Phase2 Epoch 10/49 ===
  Epoch 10 [10/220] loss=0.0116 mask=0.1670 depth=0.0116
  Epoch 10 [20/220] loss=0.0146 mask=0.2018 depth=0.0146
  Epoch 10 [30/220] loss=0.0128 mask=0.1866 depth=0.0128
  Epoch 10 [40/220] loss=0.0143 mask=0.1826 depth=0.0143
  Epoch 10 [50/220] loss=0.0143 mask=0.1841 depth=0.0143
  Epoch 10 [60/220] loss=0.0136 mask=0.1824 depth=0.0136
  Epoch 10 [70/220] loss=0.0134 mask=0.1866 depth=0.0134
  Epoch 10 [80/220] loss=0.0136 mask=0.1962 depth=0.0136
  Epoch 10 [90/220] loss=0.0134 mask=0.1910 depth=0.0134
  Epoch 10 [100/220] loss=0.0138 mask=0.1916 depth=0.0138
  Epoch 10 [110/220] loss=0.0135 mask=0.1918 depth=0.0135
  Epoch 10 [120/220] loss=0.0136 mask=0.1907 depth=0.0136
  Epoch 10 [130/220] loss=0.0136 mask=0.1920 depth=0.0136
  Epoch 10 [140/220] loss=0.0141 mask=0.1953 depth=0.0141
  Epoch 10 [150/220] loss=0.0140 mask=0.1923 depth=0.0140
  Epoch 10 [160/220] loss=0.0138 mask=0.1952 depth=0.0138
  Epoch 10 [170/220] loss=0.0140 mask=0.1957 depth=0.0140
  Epoch 10 [180/220] loss=0.0143 mask=0.1936 depth=0.0143
  Epoch 10 [190/220] loss=0.0144 mask=0.1933 depth=0.0144
  Epoch 10 [200/220] loss=0.0144 mask=0.1928 depth=0.0144
  Epoch 10 [210/220] loss=0.0146 mask=0.1942 depth=0.0146
  Epoch 10 [220/220] loss=0.0144 mask=0.1954 depth=0.0144
  Train: loss=0.0144 mask=0.1954 depth=0.0144 time=181.5s
  Val epoch 10: loss=0.2530

=== Phase2 Epoch 11/49 ===
  Epoch 11 [10/220] loss=0.0148 mask=0.1932 depth=0.0148
  Epoch 11 [20/220] loss=0.0149 mask=0.1795 depth=0.0149
  Epoch 11 [30/220] loss=0.0140 mask=0.1941 depth=0.0140
  Epoch 11 [40/220] loss=0.0144 mask=0.2076 depth=0.0144
  Epoch 11 [50/220] loss=0.0148 mask=0.2070 depth=0.0148
  Epoch 11 [60/220] loss=0.0146 mask=0.2000 depth=0.0146
  Epoch 11 [70/220] loss=0.0147 mask=0.1955 depth=0.0147
  Epoch 11 [80/220] loss=0.0137 mask=0.1925 depth=0.0137
  Epoch 11 [90/220] loss=0.0135 mask=0.1901 depth=0.0135
  Epoch 11 [100/220] loss=0.0129 mask=0.1902 depth=0.0129
  Epoch 11 [110/220] loss=0.0126 mask=0.1897 depth=0.0126
  Epoch 11 [120/220] loss=0.0125 mask=0.1925 depth=0.0125
  Epoch 11 [130/220] loss=0.0125 mask=0.1947 depth=0.0125
  Epoch 11 [140/220] loss=0.0124 mask=0.1927 depth=0.0124
  Epoch 11 [150/220] loss=0.0128 mask=0.1946 depth=0.0128
  Epoch 11 [160/220] loss=0.0127 mask=0.1924 depth=0.0127
  Epoch 11 [170/220] loss=0.0125 mask=0.1922 depth=0.0125
  Epoch 11 [180/220] loss=0.0127 mask=0.1937 depth=0.0127
  Epoch 11 [190/220] loss=0.0125 mask=0.1924 depth=0.0125
  Epoch 11 [200/220] loss=0.0122 mask=0.1925 depth=0.0122
  Epoch 11 [210/220] loss=0.0120 mask=0.1899 depth=0.0120
  Epoch 11 [220/220] loss=0.0121 mask=0.1910 depth=0.0121
  Train: loss=0.0121 mask=0.1910 depth=0.0121 time=199.2s
  Val epoch 11: loss=0.2393

=== Phase2 Epoch 12/49 ===
  Epoch 12 [10/220] loss=0.0138 mask=0.1795 depth=0.0138
  Epoch 12 [20/220] loss=0.0119 mask=0.1943 depth=0.0119
  Epoch 12 [30/220] loss=0.0125 mask=0.1907 depth=0.0125
  Epoch 12 [40/220] loss=0.0133 mask=0.1864 depth=0.0133
  Epoch 12 [50/220] loss=0.0125 mask=0.1842 depth=0.0125
  Epoch 12 [60/220] loss=0.0121 mask=0.1866 depth=0.0121
  Epoch 12 [70/220] loss=0.0120 mask=0.1869 depth=0.0120
  Epoch 12 [80/220] loss=0.0117 mask=0.1933 depth=0.0117
  Epoch 12 [90/220] loss=0.0114 mask=0.1915 depth=0.0114
  Epoch 12 [100/220] loss=0.0113 mask=0.1872 depth=0.0113
  Epoch 12 [110/220] loss=0.0109 mask=0.1896 depth=0.0109
  Epoch 12 [120/220] loss=0.0107 mask=0.1943 depth=0.0107
  Epoch 12 [130/220] loss=0.0106 mask=0.1958 depth=0.0106
  Epoch 12 [140/220] loss=0.0107 mask=0.1993 depth=0.0107
  Epoch 12 [150/220] loss=0.0107 mask=0.1976 depth=0.0107
  Epoch 12 [160/220] loss=0.0107 mask=0.1982 depth=0.0107
  Epoch 12 [170/220] loss=0.0108 mask=0.1978 depth=0.0108
  Epoch 12 [180/220] loss=0.0112 mask=0.1968 depth=0.0112
  Epoch 12 [190/220] loss=0.0110 mask=0.1974 depth=0.0110
  Epoch 12 [200/220] loss=0.0118 mask=0.1952 depth=0.0118
  Epoch 12 [210/220] loss=0.0121 mask=0.1923 depth=0.0121
  Epoch 12 [220/220] loss=0.0127 mask=0.1942 depth=0.0127
  Train: loss=0.0127 mask=0.1942 depth=0.0127 time=192.5s
  Val epoch 12: loss=0.2265
  Saved best phase2 model (val_loss=0.2265)

=== Phase2 Epoch 13/49 ===
  Epoch 13 [10/220] loss=0.0098 mask=0.1713 depth=0.0098
  Epoch 13 [20/220] loss=0.0095 mask=0.1713 depth=0.0095
  Epoch 13 [30/220] loss=0.0092 mask=0.1841 depth=0.0092
  Epoch 13 [40/220] loss=0.0092 mask=0.1900 depth=0.0092
  Epoch 13 [50/220] loss=0.0103 mask=0.2042 depth=0.0103
  Epoch 13 [60/220] loss=0.0106 mask=0.1984 depth=0.0106
  Epoch 13 [70/220] loss=0.0100 mask=0.1926 depth=0.0100
  Epoch 13 [80/220] loss=0.0101 mask=0.1902 depth=0.0101
  Epoch 13 [90/220] loss=0.0103 mask=0.1906 depth=0.0103
  Epoch 13 [100/220] loss=0.0104 mask=0.1934 depth=0.0104
  Epoch 13 [110/220] loss=0.0106 mask=0.1933 depth=0.0106
  Epoch 13 [120/220] loss=0.0107 mask=0.1928 depth=0.0107
  Epoch 13 [130/220] loss=0.0105 mask=0.1941 depth=0.0105
  Epoch 13 [140/220] loss=0.0105 mask=0.1901 depth=0.0105
  Epoch 13 [150/220] loss=0.0104 mask=0.1886 depth=0.0104
  Epoch 13 [160/220] loss=0.0105 mask=0.1906 depth=0.0105
  Epoch 13 [170/220] loss=0.0104 mask=0.1912 depth=0.0104
  Epoch 13 [180/220] loss=0.0104 mask=0.1905 depth=0.0104
  Epoch 13 [190/220] loss=0.0106 mask=0.1902 depth=0.0106
  Epoch 13 [200/220] loss=0.0106 mask=0.1923 depth=0.0106
  Epoch 13 [210/220] loss=0.0106 mask=0.1906 depth=0.0106
  Epoch 13 [220/220] loss=0.0105 mask=0.1894 depth=0.0105
  Train: loss=0.0105 mask=0.1894 depth=0.0105 time=196.5s
  Val epoch 13: loss=0.2381

=== Phase2 Epoch 14/49 ===
  Epoch 14 [10/220] loss=0.0089 mask=0.1834 depth=0.0089
  Epoch 14 [20/220] loss=0.0078 mask=0.2046 depth=0.0078
  Epoch 14 [30/220] loss=0.0080 mask=0.1970 depth=0.0080
  Epoch 14 [40/220] loss=0.0092 mask=0.2001 depth=0.0092
  Epoch 14 [50/220] loss=0.0088 mask=0.1971 depth=0.0088
  Epoch 14 [60/220] loss=0.0089 mask=0.1975 depth=0.0089
  Epoch 14 [70/220] loss=0.0085 mask=0.1918 depth=0.0085
  Epoch 14 [80/220] loss=0.0082 mask=0.1946 depth=0.0082
  Epoch 14 [90/220] loss=0.0083 mask=0.1944 depth=0.0083
  Epoch 14 [100/220] loss=0.0082 mask=0.1930 depth=0.0082
  Epoch 14 [110/220] loss=0.0082 mask=0.1885 depth=0.0082
  Epoch 14 [120/220] loss=0.0081 mask=0.1865 depth=0.0081
  Epoch 14 [130/220] loss=0.0084 mask=0.1864 depth=0.0084
  Epoch 14 [140/220] loss=0.0086 mask=0.1889 depth=0.0086
  Epoch 14 [150/220] loss=0.0086 mask=0.1878 depth=0.0086
  Epoch 14 [160/220] loss=0.0085 mask=0.1883 depth=0.0085
  Epoch 14 [170/220] loss=0.0087 mask=0.1902 depth=0.0087
  Epoch 14 [180/220] loss=0.0088 mask=0.1876 depth=0.0088
  Epoch 14 [190/220] loss=0.0087 mask=0.1896 depth=0.0087
  Epoch 14 [200/220] loss=0.0087 mask=0.1874 depth=0.0087
  Epoch 14 [210/220] loss=0.0086 mask=0.1878 depth=0.0086
  Epoch 14 [220/220] loss=0.0089 mask=0.1882 depth=0.0089
  Train: loss=0.0089 mask=0.1882 depth=0.0089 time=188.6s
  Val epoch 14: loss=0.2282

=== Phase2 Epoch 15/49 ===
  Epoch 15 [10/220] loss=0.0091 mask=0.2502 depth=0.0091
  Epoch 15 [20/220] loss=0.0101 mask=0.2217 depth=0.0101
  Epoch 15 [30/220] loss=0.0089 mask=0.1942 depth=0.0089
  Epoch 15 [40/220] loss=0.0086 mask=0.1999 depth=0.0086
  Epoch 15 [50/220] loss=0.0083 mask=0.2065 depth=0.0083
  Epoch 15 [60/220] loss=0.0081 mask=0.2002 depth=0.0081
  Epoch 15 [70/220] loss=0.0080 mask=0.1907 depth=0.0080
  Epoch 15 [80/220] loss=0.0081 mask=0.1974 depth=0.0081
  Epoch 15 [90/220] loss=0.0079 mask=0.1981 depth=0.0079
  Epoch 15 [100/220] loss=0.0079 mask=0.1977 depth=0.0079
  Epoch 15 [110/220] loss=0.0081 mask=0.1985 depth=0.0081
  Epoch 15 [120/220] loss=0.0082 mask=0.1960 depth=0.0082
  Epoch 15 [130/220] loss=0.0084 mask=0.1955 depth=0.0084
  Epoch 15 [140/220] loss=0.0086 mask=0.1936 depth=0.0086
  Epoch 15 [150/220] loss=0.0087 mask=0.1920 depth=0.0087
  Epoch 15 [160/220] loss=0.0088 mask=0.1944 depth=0.0088
  Epoch 15 [170/220] loss=0.0087 mask=0.1943 depth=0.0087
  Epoch 15 [180/220] loss=0.0089 mask=0.1949 depth=0.0089
  Epoch 15 [190/220] loss=0.0091 mask=0.1950 depth=0.0091
  Epoch 15 [200/220] loss=0.0091 mask=0.1945 depth=0.0091
  Epoch 15 [210/220] loss=0.0090 mask=0.1920 depth=0.0090
  Epoch 15 [220/220] loss=0.0089 mask=0.1898 depth=0.0089
  Train: loss=0.0089 mask=0.1898 depth=0.0089 time=186.9s
  Val epoch 15: loss=0.2289

=== Phase2 Epoch 16/49 ===
  Epoch 16 [10/220] loss=0.0098 mask=0.2162 depth=0.0098
  Epoch 16 [20/220] loss=0.0082 mask=0.1997 depth=0.0082
  Epoch 16 [30/220] loss=0.0083 mask=0.2205 depth=0.0083
  Epoch 16 [40/220] loss=0.0080 mask=0.2060 depth=0.0080
  Epoch 16 [50/220] loss=0.0077 mask=0.2004 depth=0.0077
  Epoch 16 [60/220] loss=0.0073 mask=0.1967 depth=0.0073
  Epoch 16 [70/220] loss=0.0072 mask=0.1951 depth=0.0072
  Epoch 16 [80/220] loss=0.0076 mask=0.1916 depth=0.0076
  Epoch 16 [90/220] loss=0.0076 mask=0.1915 depth=0.0076
  Epoch 16 [100/220] loss=0.0077 mask=0.1972 depth=0.0077
  Epoch 16 [110/220] loss=0.0076 mask=0.1971 depth=0.0076
  Epoch 16 [120/220] loss=0.0075 mask=0.1997 depth=0.0075
  Epoch 16 [130/220] loss=0.0075 mask=0.1964 depth=0.0075
  Epoch 16 [140/220] loss=0.0076 mask=0.1975 depth=0.0076
  Epoch 16 [150/220] loss=0.0077 mask=0.1955 depth=0.0077
  Epoch 16 [160/220] loss=0.0076 mask=0.1905 depth=0.0076
  Epoch 16 [170/220] loss=0.0075 mask=0.1915 depth=0.0075
  Epoch 16 [180/220] loss=0.0076 mask=0.1902 depth=0.0076
  Epoch 16 [190/220] loss=0.0076 mask=0.1889 depth=0.0076
  Epoch 16 [200/220] loss=0.0076 mask=0.1880 depth=0.0076
  Epoch 16 [210/220] loss=0.0076 mask=0.1884 depth=0.0076
  Epoch 16 [220/220] loss=0.0077 mask=0.1873 depth=0.0077
  Train: loss=0.0077 mask=0.1873 depth=0.0077 time=181.2s
  Val epoch 16: loss=0.2289

=== Phase2 Epoch 17/49 ===
  Epoch 17 [10/220] loss=0.0052 mask=0.2303 depth=0.0052
  Epoch 17 [20/220] loss=0.0053 mask=0.2216 depth=0.0053
  Epoch 17 [30/220] loss=0.0056 mask=0.2155 depth=0.0056
  Epoch 17 [40/220] loss=0.0056 mask=0.2107 depth=0.0056
  Epoch 17 [50/220] loss=0.0055 mask=0.2088 depth=0.0055
  Epoch 17 [60/220] loss=0.0057 mask=0.2039 depth=0.0057
  Epoch 17 [70/220] loss=0.0060 mask=0.2042 depth=0.0060
  Epoch 17 [80/220] loss=0.0061 mask=0.2004 depth=0.0061
  Epoch 17 [90/220] loss=0.0061 mask=0.1931 depth=0.0061
  Epoch 17 [100/220] loss=0.0062 mask=0.1908 depth=0.0062
  Epoch 17 [110/220] loss=0.0069 mask=0.1890 depth=0.0069
  Epoch 17 [120/220] loss=0.0069 mask=0.1875 depth=0.0069
  Epoch 17 [130/220] loss=0.0070 mask=0.1870 depth=0.0070
  Epoch 17 [140/220] loss=0.0072 mask=0.1871 depth=0.0072
  Epoch 17 [150/220] loss=0.0071 mask=0.1863 depth=0.0071
  Epoch 17 [160/220] loss=0.0072 mask=0.1877 depth=0.0072
  Epoch 17 [170/220] loss=0.0071 mask=0.1835 depth=0.0071
  Epoch 17 [180/220] loss=0.0075 mask=0.1860 depth=0.0075
  Epoch 17 [190/220] loss=0.0076 mask=0.1860 depth=0.0076
  Epoch 17 [200/220] loss=0.0075 mask=0.1874 depth=0.0075
  Epoch 17 [210/220] loss=0.0075 mask=0.1876 depth=0.0075
  Epoch 17 [220/220] loss=0.0074 mask=0.1876 depth=0.0074
  Train: loss=0.0074 mask=0.1876 depth=0.0074 time=179.2s
  Val epoch 17: loss=0.2390

=== Phase2 Epoch 18/49 ===
  Epoch 18 [10/220] loss=0.0078 mask=0.1854 depth=0.0078
  Epoch 18 [20/220] loss=0.0070 mask=0.1665 depth=0.0070
  Epoch 18 [30/220] loss=0.0065 mask=0.1698 depth=0.0065
  Epoch 18 [40/220] loss=0.0066 mask=0.1854 depth=0.0066
  Epoch 18 [50/220] loss=0.0069 mask=0.1818 depth=0.0069
  Epoch 18 [60/220] loss=0.0077 mask=0.1861 depth=0.0077
  Epoch 18 [70/220] loss=0.0076 mask=0.1913 depth=0.0076
  Epoch 18 [80/220] loss=0.0076 mask=0.1953 depth=0.0076
  Epoch 18 [90/220] loss=0.0075 mask=0.1887 depth=0.0075
  Epoch 18 [100/220] loss=0.0074 mask=0.1825 depth=0.0074
  Epoch 18 [110/220] loss=0.0074 mask=0.1839 depth=0.0074
  Epoch 18 [120/220] loss=0.0080 mask=0.1877 depth=0.0080
  Epoch 18 [130/220] loss=0.0079 mask=0.1892 depth=0.0079
  Epoch 18 [140/220] loss=0.0077 mask=0.1873 depth=0.0077
  Epoch 18 [150/220] loss=0.0077 mask=0.1883 depth=0.0077
  Epoch 18 [160/220] loss=0.0076 mask=0.1886 depth=0.0076
  Epoch 18 [170/220] loss=0.0079 mask=0.1865 depth=0.0079
  Epoch 18 [180/220] loss=0.0078 mask=0.1850 depth=0.0078
  Epoch 18 [190/220] loss=0.0077 mask=0.1857 depth=0.0077
  Epoch 18 [200/220] loss=0.0076 mask=0.1845 depth=0.0076
  Epoch 18 [210/220] loss=0.0076 mask=0.1834 depth=0.0076
  Epoch 18 [220/220] loss=0.0075 mask=0.1846 depth=0.0075
  Train: loss=0.0075 mask=0.1846 depth=0.0075 time=180.4s
  Val epoch 18: loss=0.2199
  Saved best phase2 model (val_loss=0.2199)

=== Phase2 Epoch 19/49 ===
  Epoch 19 [10/220] loss=0.0080 mask=0.1318 depth=0.0080
  Epoch 19 [20/220] loss=0.0065 mask=0.1986 depth=0.0065
  Epoch 19 [30/220] loss=0.0060 mask=0.1886 depth=0.0060
  Epoch 19 [40/220] loss=0.0058 mask=0.1897 depth=0.0058
  Epoch 19 [50/220] loss=0.0055 mask=0.2004 depth=0.0055
  Epoch 19 [60/220] loss=0.0056 mask=0.2011 depth=0.0056
  Epoch 19 [70/220] loss=0.0057 mask=0.2005 depth=0.0057
  Epoch 19 [80/220] loss=0.0056 mask=0.1986 depth=0.0056
  Epoch 19 [90/220] loss=0.0057 mask=0.1981 depth=0.0057
  Epoch 19 [100/220] loss=0.0059 mask=0.1989 depth=0.0059
  Epoch 19 [110/220] loss=0.0059 mask=0.1968 depth=0.0059
  Epoch 19 [120/220] loss=0.0061 mask=0.1977 depth=0.0061
  Epoch 19 [130/220] loss=0.0062 mask=0.1999 depth=0.0062
  Epoch 19 [140/220] loss=0.0062 mask=0.1955 depth=0.0062
  Epoch 19 [150/220] loss=0.0065 mask=0.1966 depth=0.0065
  Epoch 19 [160/220] loss=0.0066 mask=0.1957 depth=0.0066
  Epoch 19 [170/220] loss=0.0066 mask=0.1904 depth=0.0066
  Epoch 19 [180/220] loss=0.0067 mask=0.1877 depth=0.0067
  Epoch 19 [190/220] loss=0.0067 mask=0.1834 depth=0.0067
  Epoch 19 [200/220] loss=0.0068 mask=0.1853 depth=0.0068
  Epoch 19 [210/220] loss=0.0068 mask=0.1863 depth=0.0068
  Epoch 19 [220/220] loss=0.0068 mask=0.1838 depth=0.0068
  Train: loss=0.0068 mask=0.1838 depth=0.0068 time=189.9s
  Val epoch 19: loss=0.2300

=== Phase2 Epoch 20/49 ===
  Epoch 20 [10/220] loss=0.0074 mask=0.1554 depth=0.0074
  Epoch 20 [20/220] loss=0.0068 mask=0.1656 depth=0.0068
  Epoch 20 [30/220] loss=0.0062 mask=0.1637 depth=0.0062
  Epoch 20 [40/220] loss=0.0063 mask=0.1797 depth=0.0063
  Epoch 20 [50/220] loss=0.0061 mask=0.1763 depth=0.0061
  Epoch 20 [60/220] loss=0.0061 mask=0.1794 depth=0.0061
  Epoch 20 [70/220] loss=0.0059 mask=0.1863 depth=0.0059
  Epoch 20 [80/220] loss=0.0060 mask=0.1837 depth=0.0060
  Epoch 20 [90/220] loss=0.0059 mask=0.1815 depth=0.0059
  Epoch 20 [100/220] loss=0.0059 mask=0.1847 depth=0.0059
  Epoch 20 [110/220] loss=0.0058 mask=0.1856 depth=0.0058
  Epoch 20 [120/220] loss=0.0057 mask=0.1846 depth=0.0057
  Epoch 20 [130/220] loss=0.0057 mask=0.1850 depth=0.0057
  Epoch 20 [140/220] loss=0.0057 mask=0.1830 depth=0.0057
  Epoch 20 [150/220] loss=0.0057 mask=0.1842 depth=0.0057
  Epoch 20 [160/220] loss=0.0057 mask=0.1838 depth=0.0057
  Epoch 20 [170/220] loss=0.0058 mask=0.1864 depth=0.0058
  Epoch 20 [180/220] loss=0.0058 mask=0.1841 depth=0.0058
  Epoch 20 [190/220] loss=0.0058 mask=0.1821 depth=0.0058
  Epoch 20 [200/220] loss=0.0057 mask=0.1835 depth=0.0057
  Epoch 20 [210/220] loss=0.0057 mask=0.1840 depth=0.0057
  Epoch 20 [220/220] loss=0.0057 mask=0.1853 depth=0.0057
  Train: loss=0.0057 mask=0.1853 depth=0.0057 time=201.9s
  Val epoch 20: loss=0.2246

=== Phase2 Epoch 21/49 ===
  Epoch 21 [10/220] loss=0.0035 mask=0.1732 depth=0.0035
  Epoch 21 [20/220] loss=0.0048 mask=0.1883 depth=0.0048
  Epoch 21 [30/220] loss=0.0049 mask=0.1866 depth=0.0049
  Epoch 21 [40/220] loss=0.0046 mask=0.1761 depth=0.0046
  Epoch 21 [50/220] loss=0.0046 mask=0.1757 depth=0.0046
  Epoch 21 [60/220] loss=0.0047 mask=0.1806 depth=0.0047
  Epoch 21 [70/220] loss=0.0046 mask=0.1839 depth=0.0046
  Epoch 21 [80/220] loss=0.0048 mask=0.1904 depth=0.0048
  Epoch 21 [90/220] loss=0.0050 mask=0.1861 depth=0.0050
  Epoch 21 [100/220] loss=0.0050 mask=0.1910 depth=0.0050
  Epoch 21 [110/220] loss=0.0051 mask=0.1908 depth=0.0051
  Epoch 21 [120/220] loss=0.0051 mask=0.1943 depth=0.0051
  Epoch 21 [130/220] loss=0.0050 mask=0.1911 depth=0.0050
  Epoch 21 [140/220] loss=0.0050 mask=0.1896 depth=0.0050
  Epoch 21 [150/220] loss=0.0050 mask=0.1871 depth=0.0050
  Epoch 21 [160/220] loss=0.0049 mask=0.1882 depth=0.0049
  Epoch 21 [170/220] loss=0.0049 mask=0.1851 depth=0.0049
  Epoch 21 [180/220] loss=0.0050 mask=0.1902 depth=0.0050
  Epoch 21 [190/220] loss=0.0050 mask=0.1906 depth=0.0050
  Epoch 21 [200/220] loss=0.0050 mask=0.1876 depth=0.0050
  Epoch 21 [210/220] loss=0.0050 mask=0.1874 depth=0.0050
  Epoch 21 [220/220] loss=0.0050 mask=0.1868 depth=0.0050
  Train: loss=0.0050 mask=0.1868 depth=0.0050 time=179.7s
  Val epoch 21: loss=0.2263

=== Phase2 Epoch 22/49 ===
  Epoch 22 [10/220] loss=0.0051 mask=0.1324 depth=0.0051
  Epoch 22 [20/220] loss=0.0041 mask=0.1564 depth=0.0041
  Epoch 22 [30/220] loss=0.0042 mask=0.1745 depth=0.0042
  Epoch 22 [40/220] loss=0.0045 mask=0.1813 depth=0.0045
  Epoch 22 [50/220] loss=0.0046 mask=0.1867 depth=0.0046
  Epoch 22 [60/220] loss=0.0045 mask=0.1886 depth=0.0045
  Epoch 22 [70/220] loss=0.0044 mask=0.1870 depth=0.0044
  Epoch 22 [80/220] loss=0.0044 mask=0.1869 depth=0.0044
  Epoch 22 [90/220] loss=0.0042 mask=0.1864 depth=0.0042
  Epoch 22 [100/220] loss=0.0044 mask=0.1881 depth=0.0044
  Epoch 22 [110/220] loss=0.0046 mask=0.1852 depth=0.0046
  Epoch 22 [120/220] loss=0.0046 mask=0.1836 depth=0.0046
  Epoch 22 [130/220] loss=0.0046 mask=0.1812 depth=0.0046
  Epoch 22 [140/220] loss=0.0046 mask=0.1813 depth=0.0046
  Epoch 22 [150/220] loss=0.0048 mask=0.1825 depth=0.0048
  Epoch 22 [160/220] loss=0.0048 mask=0.1843 depth=0.0048
  Epoch 22 [170/220] loss=0.0048 mask=0.1826 depth=0.0048
  Epoch 22 [180/220] loss=0.0049 mask=0.1812 depth=0.0049
  Epoch 22 [190/220] loss=0.0048 mask=0.1820 depth=0.0048
  Epoch 22 [200/220] loss=0.0048 mask=0.1851 depth=0.0048
  Epoch 22 [210/220] loss=0.0048 mask=0.1878 depth=0.0048
  Epoch 22 [220/220] loss=0.0048 mask=0.1869 depth=0.0048
  Train: loss=0.0048 mask=0.1869 depth=0.0048 time=196.3s
  Val epoch 22: loss=0.2258

=== Phase2 Epoch 23/49 ===
  Epoch 23 [10/220] loss=0.0070 mask=0.1876 depth=0.0070
  Epoch 23 [20/220] loss=0.0052 mask=0.1949 depth=0.0052
  Epoch 23 [30/220] loss=0.0050 mask=0.1955 depth=0.0050
  Epoch 23 [40/220] loss=0.0047 mask=0.1850 depth=0.0047
  Epoch 23 [50/220] loss=0.0048 mask=0.2014 depth=0.0048
  Epoch 23 [60/220] loss=0.0046 mask=0.1998 depth=0.0046
  Epoch 23 [70/220] loss=0.0046 mask=0.1998 depth=0.0046
  Epoch 23 [80/220] loss=0.0045 mask=0.2027 depth=0.0045
  Epoch 23 [90/220] loss=0.0044 mask=0.2007 depth=0.0044
  Epoch 23 [100/220] loss=0.0044 mask=0.1925 depth=0.0044
  Epoch 23 [110/220] loss=0.0044 mask=0.1888 depth=0.0044
  Epoch 23 [120/220] loss=0.0044 mask=0.1919 depth=0.0044
  Epoch 23 [130/220] loss=0.0046 mask=0.1923 depth=0.0046
  Epoch 23 [140/220] loss=0.0045 mask=0.1922 depth=0.0045
  Epoch 23 [150/220] loss=0.0045 mask=0.1901 depth=0.0045
  Epoch 23 [160/220] loss=0.0045 mask=0.1889 depth=0.0045
  Epoch 23 [170/220] loss=0.0045 mask=0.1861 depth=0.0045
  Epoch 23 [180/220] loss=0.0045 mask=0.1838 depth=0.0045
  Epoch 23 [190/220] loss=0.0045 mask=0.1825 depth=0.0045
  Epoch 23 [200/220] loss=0.0045 mask=0.1820 depth=0.0045
  Epoch 23 [210/220] loss=0.0045 mask=0.1858 depth=0.0045
  Epoch 23 [220/220] loss=0.0046 mask=0.1880 depth=0.0046
  Train: loss=0.0046 mask=0.1880 depth=0.0046 time=192.6s
  Val epoch 23: loss=0.2253

=== Phase2 Epoch 24/49 ===
  Epoch 24 [10/220] loss=0.0032 mask=0.2160 depth=0.0032
  Epoch 24 [20/220] loss=0.0035 mask=0.1890 depth=0.0035
  Epoch 24 [30/220] loss=0.0035 mask=0.1843 depth=0.0035
  Epoch 24 [40/220] loss=0.0036 mask=0.1777 depth=0.0036
  Epoch 24 [50/220] loss=0.0036 mask=0.1854 depth=0.0036
  Epoch 24 [60/220] loss=0.0038 mask=0.1892 depth=0.0038
  Epoch 24 [70/220] loss=0.0039 mask=0.1890 depth=0.0039
  Epoch 24 [80/220] loss=0.0039 mask=0.1864 depth=0.0039
  Epoch 24 [90/220] loss=0.0039 mask=0.1872 depth=0.0039
  Epoch 24 [100/220] loss=0.0039 mask=0.1921 depth=0.0039
  Epoch 24 [110/220] loss=0.0040 mask=0.1915 depth=0.0040
  Epoch 24 [120/220] loss=0.0041 mask=0.1914 depth=0.0041
  Epoch 24 [130/220] loss=0.0041 mask=0.1897 depth=0.0041
  Epoch 24 [140/220] loss=0.0041 mask=0.1901 depth=0.0041
  Epoch 24 [150/220] loss=0.0041 mask=0.1889 depth=0.0041
  Epoch 24 [160/220] loss=0.0043 mask=0.1906 depth=0.0043
  Epoch 24 [170/220] loss=0.0044 mask=0.1923 depth=0.0044
  Epoch 24 [180/220] loss=0.0044 mask=0.1900 depth=0.0044
  Epoch 24 [190/220] loss=0.0044 mask=0.1894 depth=0.0044
  Epoch 24 [200/220] loss=0.0043 mask=0.1888 depth=0.0043
  Epoch 24 [210/220] loss=0.0043 mask=0.1885 depth=0.0043
  Epoch 24 [220/220] loss=0.0043 mask=0.1881 depth=0.0043
  Train: loss=0.0043 mask=0.1881 depth=0.0043 time=191.4s
  Val epoch 24: loss=0.2322

=== Phase2 Epoch 25/49 ===
  Epoch 25 [10/220] loss=0.0044 mask=0.2558 depth=0.0044
  Epoch 25 [20/220] loss=0.0040 mask=0.2310 depth=0.0040
  Epoch 25 [30/220] loss=0.0042 mask=0.2080 depth=0.0042
  Epoch 25 [40/220] loss=0.0040 mask=0.1988 depth=0.0040
  Epoch 25 [50/220] loss=0.0039 mask=0.1901 depth=0.0039
  Epoch 25 [60/220] loss=0.0038 mask=0.1947 depth=0.0038
  Epoch 25 [70/220] loss=0.0038 mask=0.1928 depth=0.0038
  Epoch 25 [80/220] loss=0.0037 mask=0.1874 depth=0.0037
  Epoch 25 [90/220] loss=0.0037 mask=0.1876 depth=0.0037
  Epoch 25 [100/220] loss=0.0036 mask=0.1842 depth=0.0036
  Epoch 25 [110/220] loss=0.0037 mask=0.1803 depth=0.0037
  Epoch 25 [120/220] loss=0.0037 mask=0.1848 depth=0.0037
  Epoch 25 [130/220] loss=0.0038 mask=0.1834 depth=0.0038
  Epoch 25 [140/220] loss=0.0038 mask=0.1831 depth=0.0038
  Epoch 25 [150/220] loss=0.0038 mask=0.1811 depth=0.0038
  Epoch 25 [160/220] loss=0.0038 mask=0.1793 depth=0.0038
  Epoch 25 [170/220] loss=0.0039 mask=0.1800 depth=0.0039
  Epoch 25 [180/220] loss=0.0039 mask=0.1781 depth=0.0039
  Epoch 25 [190/220] loss=0.0039 mask=0.1791 depth=0.0039
  Epoch 25 [200/220] loss=0.0040 mask=0.1797 depth=0.0040
  Epoch 25 [210/220] loss=0.0041 mask=0.1789 depth=0.0041
  Epoch 25 [220/220] loss=0.0042 mask=0.1816 depth=0.0042
  Train: loss=0.0042 mask=0.1816 depth=0.0042 time=192.2s
  Val epoch 25: loss=0.2225

=== Phase2 Epoch 26/49 ===
  Epoch 26 [10/220] loss=0.0039 mask=0.1788 depth=0.0039
  Epoch 26 [20/220] loss=0.0034 mask=0.1607 depth=0.0034
  Epoch 26 [30/220] loss=0.0039 mask=0.1730 depth=0.0039
  Epoch 26 [40/220] loss=0.0037 mask=0.1772 depth=0.0037
  Epoch 26 [50/220] loss=0.0036 mask=0.1723 depth=0.0036
  Epoch 26 [60/220] loss=0.0037 mask=0.1793 depth=0.0037
  Epoch 26 [70/220] loss=0.0037 mask=0.1714 depth=0.0037
  Epoch 26 [80/220] loss=0.0037 mask=0.1705 depth=0.0037
  Epoch 26 [90/220] loss=0.0037 mask=0.1816 depth=0.0037
  Epoch 26 [100/220] loss=0.0037 mask=0.1811 depth=0.0037
  Epoch 26 [110/220] loss=0.0038 mask=0.1783 depth=0.0038
  Epoch 26 [120/220] loss=0.0038 mask=0.1836 depth=0.0038
  Epoch 26 [130/220] loss=0.0039 mask=0.1862 depth=0.0039
  Epoch 26 [140/220] loss=0.0039 mask=0.1851 depth=0.0039
  Epoch 26 [150/220] loss=0.0039 mask=0.1827 depth=0.0039
  Epoch 26 [160/220] loss=0.0040 mask=0.1851 depth=0.0040
  Epoch 26 [170/220] loss=0.0040 mask=0.1834 depth=0.0040
  Epoch 26 [180/220] loss=0.0040 mask=0.1843 depth=0.0040
  Epoch 26 [190/220] loss=0.0041 mask=0.1851 depth=0.0041
  Epoch 26 [200/220] loss=0.0040 mask=0.1844 depth=0.0040
  Epoch 26 [210/220] loss=0.0040 mask=0.1854 depth=0.0040
  Epoch 26 [220/220] loss=0.0041 mask=0.1826 depth=0.0041
  Train: loss=0.0041 mask=0.1826 depth=0.0041 time=191.1s
  Val epoch 26: loss=0.2276

=== Phase2 Epoch 27/49 ===
  Epoch 27 [10/220] loss=0.0031 mask=0.1960 depth=0.0031
  Epoch 27 [20/220] loss=0.0033 mask=0.2040 depth=0.0033
  Epoch 27 [30/220] loss=0.0037 mask=0.1954 depth=0.0037
  Epoch 27 [40/220] loss=0.0036 mask=0.1935 depth=0.0036
  Epoch 27 [50/220] loss=0.0035 mask=0.1870 depth=0.0035
  Epoch 27 [60/220] loss=0.0037 mask=0.1868 depth=0.0037
  Epoch 27 [70/220] loss=0.0037 mask=0.1897 depth=0.0037
  Epoch 27 [80/220] loss=0.0038 mask=0.1924 depth=0.0038
  Epoch 27 [90/220] loss=0.0041 mask=0.1889 depth=0.0041
  Epoch 27 [100/220] loss=0.0041 mask=0.1925 depth=0.0041
  Epoch 27 [110/220] loss=0.0041 mask=0.1886 depth=0.0041
  Epoch 27 [120/220] loss=0.0040 mask=0.1848 depth=0.0040
  Epoch 27 [130/220] loss=0.0039 mask=0.1842 depth=0.0039
  Epoch 27 [140/220] loss=0.0038 mask=0.1821 depth=0.0038
  Epoch 27 [150/220] loss=0.0039 mask=0.1868 depth=0.0039
  Epoch 27 [160/220] loss=0.0039 mask=0.1871 depth=0.0039
  Epoch 27 [170/220] loss=0.0039 mask=0.1857 depth=0.0039
  Epoch 27 [180/220] loss=0.0039 mask=0.1854 depth=0.0039
  Epoch 27 [190/220] loss=0.0039 mask=0.1850 depth=0.0039
  Epoch 27 [200/220] loss=0.0039 mask=0.1853 depth=0.0039
  Epoch 27 [210/220] loss=0.0039 mask=0.1861 depth=0.0039
  Epoch 27 [220/220] loss=0.0039 mask=0.1838 depth=0.0039
  Train: loss=0.0039 mask=0.1838 depth=0.0039 time=191.6s
  Val epoch 27: loss=0.2306

=== Phase2 Epoch 28/49 ===
  Epoch 28 [10/220] loss=0.0036 mask=0.1711 depth=0.0036
  Epoch 28 [20/220] loss=0.0041 mask=0.1887 depth=0.0041
  Epoch 28 [30/220] loss=0.0038 mask=0.1682 depth=0.0038
  Epoch 28 [40/220] loss=0.0037 mask=0.1783 depth=0.0037
  Epoch 28 [50/220] loss=0.0040 mask=0.1762 depth=0.0040
  Epoch 28 [60/220] loss=0.0038 mask=0.1774 depth=0.0038
  Epoch 28 [70/220] loss=0.0037 mask=0.1781 depth=0.0037
  Epoch 28 [80/220] loss=0.0036 mask=0.1797 depth=0.0036
  Epoch 28 [90/220] loss=0.0036 mask=0.1800 depth=0.0036
  Epoch 28 [100/220] loss=0.0036 mask=0.1781 depth=0.0036
  Epoch 28 [110/220] loss=0.0037 mask=0.1793 depth=0.0037
  Epoch 28 [120/220] loss=0.0036 mask=0.1790 depth=0.0036
  Epoch 28 [130/220] loss=0.0036 mask=0.1829 depth=0.0036
  Epoch 28 [140/220] loss=0.0036 mask=0.1819 depth=0.0036
  Epoch 28 [150/220] loss=0.0037 mask=0.1826 depth=0.0037
  Epoch 28 [160/220] loss=0.0037 mask=0.1845 depth=0.0037
  Epoch 28 [170/220] loss=0.0037 mask=0.1834 depth=0.0037
  Epoch 28 [180/220] loss=0.0037 mask=0.1867 depth=0.0037
  Epoch 28 [190/220] loss=0.0037 mask=0.1873 depth=0.0037
  Epoch 28 [200/220] loss=0.0037 mask=0.1871 depth=0.0037
  Epoch 28 [210/220] loss=0.0036 mask=0.1864 depth=0.0036
  Epoch 28 [220/220] loss=0.0037 mask=0.1840 depth=0.0037
  Train: loss=0.0037 mask=0.1840 depth=0.0037 time=189.7s
  Val epoch 28: loss=0.2288

=== Phase2 Epoch 29/49 ===
  Epoch 29 [10/220] loss=0.0027 mask=0.1716 depth=0.0027
  Epoch 29 [20/220] loss=0.0026 mask=0.1632 depth=0.0026
  Epoch 29 [30/220] loss=0.0030 mask=0.1809 depth=0.0030
  Epoch 29 [40/220] loss=0.0029 mask=0.1799 depth=0.0029
  Epoch 29 [50/220] loss=0.0029 mask=0.1792 depth=0.0029
  Epoch 29 [60/220] loss=0.0032 mask=0.1868 depth=0.0032
  Epoch 29 [70/220] loss=0.0032 mask=0.1855 depth=0.0032
  Epoch 29 [80/220] loss=0.0040 mask=0.1837 depth=0.0040
  Epoch 29 [90/220] loss=0.0040 mask=0.1850 depth=0.0040
  Epoch 29 [100/220] loss=0.0042 mask=0.1859 depth=0.0042
  Epoch 29 [110/220] loss=0.0043 mask=0.1827 depth=0.0043
  Epoch 29 [120/220] loss=0.0042 mask=0.1829 depth=0.0042
  Epoch 29 [130/220] loss=0.0041 mask=0.1861 depth=0.0041
  Epoch 29 [140/220] loss=0.0041 mask=0.1868 depth=0.0041
  Epoch 29 [150/220] loss=0.0042 mask=0.1908 depth=0.0042
  Epoch 29 [160/220] loss=0.0041 mask=0.1910 depth=0.0041
  Epoch 29 [170/220] loss=0.0041 mask=0.1890 depth=0.0041
  Epoch 29 [180/220] loss=0.0041 mask=0.1845 depth=0.0041
  Epoch 29 [190/220] loss=0.0041 mask=0.1844 depth=0.0041
  Epoch 29 [200/220] loss=0.0041 mask=0.1858 depth=0.0041
  Epoch 29 [210/220] loss=0.0041 mask=0.1856 depth=0.0041
  Epoch 29 [220/220] loss=0.0041 mask=0.1834 depth=0.0041
  Train: loss=0.0041 mask=0.1834 depth=0.0041 time=190.6s
  Val epoch 29: loss=0.2226

=== Phase2 Epoch 30/49 ===
  Epoch 30 [10/220] loss=0.0035 mask=0.1581 depth=0.0035
  Epoch 30 [20/220] loss=0.0031 mask=0.1576 depth=0.0031
  Epoch 30 [30/220] loss=0.0030 mask=0.1811 depth=0.0030
  Epoch 30 [40/220] loss=0.0033 mask=0.1777 depth=0.0033
  Epoch 30 [50/220] loss=0.0032 mask=0.1753 depth=0.0032
  Epoch 30 [60/220] loss=0.0031 mask=0.1799 depth=0.0031
  Epoch 30 [70/220] loss=0.0030 mask=0.1777 depth=0.0030
  Epoch 30 [80/220] loss=0.0030 mask=0.1794 depth=0.0030
  Epoch 30 [90/220] loss=0.0031 mask=0.1831 depth=0.0031
  Epoch 30 [100/220] loss=0.0032 mask=0.1782 depth=0.0032
  Epoch 30 [110/220] loss=0.0031 mask=0.1784 depth=0.0031
  Epoch 30 [120/220] loss=0.0032 mask=0.1806 depth=0.0032
  Epoch 30 [130/220] loss=0.0032 mask=0.1804 depth=0.0032
  Epoch 30 [140/220] loss=0.0032 mask=0.1834 depth=0.0032
  Epoch 30 [150/220] loss=0.0032 mask=0.1864 depth=0.0032
  Epoch 30 [160/220] loss=0.0032 mask=0.1847 depth=0.0032
  Epoch 30 [170/220] loss=0.0032 mask=0.1866 depth=0.0032
  Epoch 30 [180/220] loss=0.0032 mask=0.1871 depth=0.0032
  Epoch 30 [190/220] loss=0.0032 mask=0.1843 depth=0.0032
  Epoch 30 [200/220] loss=0.0032 mask=0.1841 depth=0.0032
  Epoch 30 [210/220] loss=0.0033 mask=0.1833 depth=0.0033
  Epoch 30 [220/220] loss=0.0032 mask=0.1836 depth=0.0032
  Train: loss=0.0032 mask=0.1836 depth=0.0032 time=191.5s
  Val epoch 30: loss=0.2215

=== Phase2 Epoch 31/49 ===
  Epoch 31 [10/220] loss=0.0026 mask=0.2140 depth=0.0026
  Epoch 31 [20/220] loss=0.0029 mask=0.1817 depth=0.0029
  Epoch 31 [30/220] loss=0.0027 mask=0.1799 depth=0.0027
  Epoch 31 [40/220] loss=0.0028 mask=0.1759 depth=0.0028
  Epoch 31 [50/220] loss=0.0027 mask=0.1927 depth=0.0027
  Epoch 31 [60/220] loss=0.0028 mask=0.1903 depth=0.0028
  Epoch 31 [70/220] loss=0.0027 mask=0.1936 depth=0.0027
  Epoch 31 [80/220] loss=0.0029 mask=0.1938 depth=0.0029
  Epoch 31 [90/220] loss=0.0028 mask=0.1927 depth=0.0028
  Epoch 31 [100/220] loss=0.0029 mask=0.1897 depth=0.0029
  Epoch 31 [110/220] loss=0.0029 mask=0.1874 depth=0.0029
  Epoch 31 [120/220] loss=0.0029 mask=0.1836 depth=0.0029
  Epoch 31 [130/220] loss=0.0030 mask=0.1821 depth=0.0030
  Epoch 31 [140/220] loss=0.0030 mask=0.1773 depth=0.0030
  Epoch 31 [150/220] loss=0.0030 mask=0.1813 depth=0.0030
  Epoch 31 [160/220] loss=0.0030 mask=0.1784 depth=0.0030
  Epoch 31 [170/220] loss=0.0031 mask=0.1810 depth=0.0031
  Epoch 31 [180/220] loss=0.0031 mask=0.1838 depth=0.0031
  Epoch 31 [190/220] loss=0.0031 mask=0.1845 depth=0.0031
  Epoch 31 [200/220] loss=0.0031 mask=0.1829 depth=0.0031
  Epoch 31 [210/220] loss=0.0031 mask=0.1811 depth=0.0031
  Epoch 31 [220/220] loss=0.0031 mask=0.1815 depth=0.0031
  Train: loss=0.0031 mask=0.1815 depth=0.0031 time=193.1s
  Val epoch 31: loss=0.2223

=== Phase2 Epoch 32/49 ===
  Epoch 32 [10/220] loss=0.0035 mask=0.2602 depth=0.0035
  Epoch 32 [20/220] loss=0.0034 mask=0.2126 depth=0.0034
  Epoch 32 [30/220] loss=0.0031 mask=0.2025 depth=0.0031
  Epoch 32 [40/220] loss=0.0030 mask=0.2101 depth=0.0030
  Epoch 32 [50/220] loss=0.0030 mask=0.2003 depth=0.0030
  Epoch 32 [60/220] loss=0.0029 mask=0.1926 depth=0.0029
  Epoch 32 [70/220] loss=0.0029 mask=0.1891 depth=0.0029
  Epoch 32 [80/220] loss=0.0029 mask=0.1831 depth=0.0029
  Epoch 32 [90/220] loss=0.0029 mask=0.1854 depth=0.0029
  Epoch 32 [100/220] loss=0.0029 mask=0.1874 depth=0.0029
  Epoch 32 [110/220] loss=0.0029 mask=0.1884 depth=0.0029
  Epoch 32 [120/220] loss=0.0028 mask=0.1885 depth=0.0028
  Epoch 32 [130/220] loss=0.0028 mask=0.1853 depth=0.0028
  Epoch 32 [140/220] loss=0.0028 mask=0.1860 depth=0.0028
  Epoch 32 [150/220] loss=0.0029 mask=0.1884 depth=0.0029
  Epoch 32 [160/220] loss=0.0030 mask=0.1886 depth=0.0030
  Epoch 32 [170/220] loss=0.0030 mask=0.1863 depth=0.0030
  Epoch 32 [180/220] loss=0.0029 mask=0.1844 depth=0.0029
  Epoch 32 [190/220] loss=0.0029 mask=0.1815 depth=0.0029
  Epoch 32 [200/220] loss=0.0029 mask=0.1811 depth=0.0029
  Epoch 32 [210/220] loss=0.0029 mask=0.1801 depth=0.0029
  Epoch 32 [220/220] loss=0.0030 mask=0.1811 depth=0.0030
  Train: loss=0.0030 mask=0.1811 depth=0.0030 time=192.8s
  Val epoch 32: loss=0.2257

=== Phase2 Epoch 33/49 ===
  Epoch 33 [10/220] loss=0.0026 mask=0.1303 depth=0.0026
  Epoch 33 [20/220] loss=0.0023 mask=0.2029 depth=0.0023
  Epoch 33 [30/220] loss=0.0023 mask=0.1801 depth=0.0023
  Epoch 33 [40/220] loss=0.0028 mask=0.1799 depth=0.0028
  Epoch 33 [50/220] loss=0.0028 mask=0.1791 depth=0.0028
  Epoch 33 [60/220] loss=0.0029 mask=0.1838 depth=0.0029
  Epoch 33 [70/220] loss=0.0028 mask=0.1824 depth=0.0028
  Epoch 33 [80/220] loss=0.0028 mask=0.1794 depth=0.0028
  Epoch 33 [90/220] loss=0.0028 mask=0.1843 depth=0.0028
  Epoch 33 [100/220] loss=0.0029 mask=0.1845 depth=0.0029
  Epoch 33 [110/220] loss=0.0029 mask=0.1886 depth=0.0029
  Epoch 33 [120/220] loss=0.0029 mask=0.1865 depth=0.0029
  Epoch 33 [130/220] loss=0.0029 mask=0.1884 depth=0.0029
  Epoch 33 [140/220] loss=0.0029 mask=0.1873 depth=0.0029
  Epoch 33 [150/220] loss=0.0029 mask=0.1872 depth=0.0029
  Epoch 33 [160/220] loss=0.0029 mask=0.1858 depth=0.0029
  Epoch 33 [170/220] loss=0.0030 mask=0.1851 depth=0.0030
  Epoch 33 [180/220] loss=0.0030 mask=0.1864 depth=0.0030
  Epoch 33 [190/220] loss=0.0030 mask=0.1866 depth=0.0030
  Epoch 33 [200/220] loss=0.0030 mask=0.1837 depth=0.0030
  Epoch 33 [210/220] loss=0.0030 mask=0.1811 depth=0.0030
  Epoch 33 [220/220] loss=0.0029 mask=0.1807 depth=0.0029
  Train: loss=0.0029 mask=0.1807 depth=0.0029 time=192.7s
  Val epoch 33: loss=0.2225

=== Phase2 Epoch 34/49 ===
  Epoch 34 [10/220] loss=0.0028 mask=0.2319 depth=0.0028
  Epoch 34 [20/220] loss=0.0030 mask=0.1901 depth=0.0030
  Epoch 34 [30/220] loss=0.0027 mask=0.1712 depth=0.0027
  Epoch 34 [40/220] loss=0.0027 mask=0.1796 depth=0.0027
  Epoch 34 [50/220] loss=0.0029 mask=0.1904 depth=0.0029
  Epoch 34 [60/220] loss=0.0029 mask=0.1817 depth=0.0029
  Epoch 34 [70/220] loss=0.0030 mask=0.1880 depth=0.0030
  Epoch 34 [80/220] loss=0.0029 mask=0.1838 depth=0.0029
  Epoch 34 [90/220] loss=0.0028 mask=0.1878 depth=0.0028
  Epoch 34 [100/220] loss=0.0028 mask=0.1864 depth=0.0028
  Epoch 34 [110/220] loss=0.0028 mask=0.1859 depth=0.0028
  Epoch 34 [120/220] loss=0.0027 mask=0.1868 depth=0.0027
  Epoch 34 [130/220] loss=0.0028 mask=0.1862 depth=0.0028
  Epoch 34 [140/220] loss=0.0027 mask=0.1814 depth=0.0027
  Epoch 34 [150/220] loss=0.0027 mask=0.1861 depth=0.0027
  Epoch 34 [160/220] loss=0.0028 mask=0.1822 depth=0.0028
  Epoch 34 [170/220] loss=0.0028 mask=0.1834 depth=0.0028
  Epoch 34 [180/220] loss=0.0029 mask=0.1836 depth=0.0029
  Epoch 34 [190/220] loss=0.0029 mask=0.1832 depth=0.0029
  Epoch 34 [200/220] loss=0.0028 mask=0.1825 depth=0.0028
  Epoch 34 [210/220] loss=0.0029 mask=0.1814 depth=0.0029
  Epoch 34 [220/220] loss=0.0028 mask=0.1818 depth=0.0028
  Train: loss=0.0028 mask=0.1818 depth=0.0028 time=192.1s
  Val epoch 34: loss=0.2241

=== Phase2 Epoch 35/49 ===
  Epoch 35 [10/220] loss=0.0027 mask=0.1491 depth=0.0027
  Epoch 35 [20/220] loss=0.0026 mask=0.1448 depth=0.0026
  Epoch 35 [30/220] loss=0.0028 mask=0.1602 depth=0.0028
  Epoch 35 [40/220] loss=0.0026 mask=0.1705 depth=0.0026
  Epoch 35 [50/220] loss=0.0025 mask=0.1709 depth=0.0025
  Epoch 35 [60/220] loss=0.0025 mask=0.1692 depth=0.0025
  Epoch 35 [70/220] loss=0.0025 mask=0.1766 depth=0.0025
  Epoch 35 [80/220] loss=0.0025 mask=0.1731 depth=0.0025
  Epoch 35 [90/220] loss=0.0026 mask=0.1774 depth=0.0026
  Epoch 35 [100/220] loss=0.0026 mask=0.1794 depth=0.0026
  Epoch 35 [110/220] loss=0.0026 mask=0.1780 depth=0.0026
  Epoch 35 [120/220] loss=0.0026 mask=0.1782 depth=0.0026
  Epoch 35 [130/220] loss=0.0026 mask=0.1763 depth=0.0026
  Epoch 35 [140/220] loss=0.0026 mask=0.1757 depth=0.0026
  Epoch 35 [150/220] loss=0.0026 mask=0.1754 depth=0.0026
  Epoch 35 [160/220] loss=0.0026 mask=0.1778 depth=0.0026
  Epoch 35 [170/220] loss=0.0026 mask=0.1786 depth=0.0026
  Epoch 35 [180/220] loss=0.0027 mask=0.1781 depth=0.0027
  Epoch 35 [190/220] loss=0.0026 mask=0.1782 depth=0.0026
  Epoch 35 [200/220] loss=0.0026 mask=0.1776 depth=0.0026
  Epoch 35 [210/220] loss=0.0026 mask=0.1796 depth=0.0026
  Epoch 35 [220/220] loss=0.0027 mask=0.1815 depth=0.0027
  Train: loss=0.0027 mask=0.1815 depth=0.0027 time=189.3s
  Val epoch 35: loss=0.2244

=== Phase2 Epoch 36/49 ===
  Epoch 36 [10/220] loss=0.0025 mask=0.2297 depth=0.0025
  Epoch 36 [20/220] loss=0.0028 mask=0.1915 depth=0.0028
  Epoch 36 [30/220] loss=0.0026 mask=0.1868 depth=0.0026
  Epoch 36 [40/220] loss=0.0025 mask=0.1801 depth=0.0025
  Epoch 36 [50/220] loss=0.0025 mask=0.1796 depth=0.0025
  Epoch 36 [60/220] loss=0.0025 mask=0.1746 depth=0.0025
  Epoch 36 [70/220] loss=0.0025 mask=0.1715 depth=0.0025
  Epoch 36 [80/220] loss=0.0025 mask=0.1731 depth=0.0025
  Epoch 36 [90/220] loss=0.0026 mask=0.1712 depth=0.0026
  Epoch 36 [100/220] loss=0.0026 mask=0.1726 depth=0.0026
  Epoch 36 [110/220] loss=0.0026 mask=0.1762 depth=0.0026
  Epoch 36 [120/220] loss=0.0026 mask=0.1779 depth=0.0026
  Epoch 36 [130/220] loss=0.0026 mask=0.1742 depth=0.0026
  Epoch 36 [140/220] loss=0.0026 mask=0.1727 depth=0.0026
  Epoch 36 [150/220] loss=0.0027 mask=0.1719 depth=0.0027
  Epoch 36 [160/220] loss=0.0027 mask=0.1713 depth=0.0027
  Epoch 36 [170/220] loss=0.0027 mask=0.1736 depth=0.0027
  Epoch 36 [180/220] loss=0.0027 mask=0.1747 depth=0.0027
  Epoch 36 [190/220] loss=0.0028 mask=0.1758 depth=0.0028
  Epoch 36 [200/220] loss=0.0028 mask=0.1789 depth=0.0028
  Epoch 36 [210/220] loss=0.0028 mask=0.1791 depth=0.0028
  Epoch 36 [220/220] loss=0.0027 mask=0.1800 depth=0.0027
  Train: loss=0.0027 mask=0.1800 depth=0.0027 time=192.2s
  Val epoch 36: loss=0.2262

=== Phase2 Epoch 37/49 ===
  Epoch 37 [10/220] loss=0.0025 mask=0.1623 depth=0.0025
  Epoch 37 [20/220] loss=0.0023 mask=0.1636 depth=0.0023
  Epoch 37 [30/220] loss=0.0024 mask=0.1755 depth=0.0024
  Epoch 37 [40/220] loss=0.0022 mask=0.1843 depth=0.0022
  Epoch 37 [50/220] loss=0.0024 mask=0.1844 depth=0.0024
  Epoch 37 [60/220] loss=0.0024 mask=0.1784 depth=0.0024
  Epoch 37 [70/220] loss=0.0025 mask=0.1812 depth=0.0025
  Epoch 37 [80/220] loss=0.0026 mask=0.1781 depth=0.0026
  Epoch 37 [90/220] loss=0.0026 mask=0.1803 depth=0.0026
  Epoch 37 [100/220] loss=0.0025 mask=0.1819 depth=0.0025
  Epoch 37 [110/220] loss=0.0025 mask=0.1791 depth=0.0025
  Epoch 37 [120/220] loss=0.0025 mask=0.1767 depth=0.0025
  Epoch 37 [130/220] loss=0.0024 mask=0.1765 depth=0.0024
  Epoch 37 [140/220] loss=0.0026 mask=0.1740 depth=0.0026
  Epoch 37 [150/220] loss=0.0026 mask=0.1752 depth=0.0026
  Epoch 37 [160/220] loss=0.0026 mask=0.1752 depth=0.0026
  Epoch 37 [170/220] loss=0.0025 mask=0.1796 depth=0.0025
  Epoch 37 [180/220] loss=0.0025 mask=0.1783 depth=0.0025
  Epoch 37 [190/220] loss=0.0025 mask=0.1772 depth=0.0025
  Epoch 37 [200/220] loss=0.0026 mask=0.1778 depth=0.0026
  Epoch 37 [210/220] loss=0.0026 mask=0.1792 depth=0.0026
  Epoch 37 [220/220] loss=0.0026 mask=0.1801 depth=0.0026
  Train: loss=0.0026 mask=0.1801 depth=0.0026 time=195.2s
  Val epoch 37: loss=0.2261

=== Phase2 Epoch 38/49 ===
  Epoch 38 [10/220] loss=0.0019 mask=0.1748 depth=0.0019
  Epoch 38 [20/220] loss=0.0018 mask=0.1465 depth=0.0018
  Epoch 38 [30/220] loss=0.0017 mask=0.1531 depth=0.0017
  Epoch 38 [40/220] loss=0.0020 mask=0.1490 depth=0.0020
  Epoch 38 [50/220] loss=0.0020 mask=0.1485 depth=0.0020
  Epoch 38 [60/220] loss=0.0020 mask=0.1601 depth=0.0020
  Epoch 38 [70/220] loss=0.0021 mask=0.1623 depth=0.0021
  Epoch 38 [80/220] loss=0.0021 mask=0.1679 depth=0.0021
  Epoch 38 [90/220] loss=0.0021 mask=0.1728 depth=0.0021
  Epoch 38 [100/220] loss=0.0023 mask=0.1758 depth=0.0023
  Epoch 38 [110/220] loss=0.0023 mask=0.1759 depth=0.0023
  Epoch 38 [120/220] loss=0.0024 mask=0.1750 depth=0.0024
  Epoch 38 [130/220] loss=0.0024 mask=0.1793 depth=0.0024
  Epoch 38 [140/220] loss=0.0024 mask=0.1774 depth=0.0024
  Epoch 38 [150/220] loss=0.0024 mask=0.1801 depth=0.0024
  Epoch 38 [160/220] loss=0.0024 mask=0.1825 depth=0.0024
  Epoch 38 [170/220] loss=0.0024 mask=0.1823 depth=0.0024
  Epoch 38 [180/220] loss=0.0025 mask=0.1823 depth=0.0025
  Epoch 38 [190/220] loss=0.0025 mask=0.1824 depth=0.0025
  Epoch 38 [200/220] loss=0.0025 mask=0.1822 depth=0.0025
  Epoch 38 [210/220] loss=0.0025 mask=0.1813 depth=0.0025
  Epoch 38 [220/220] loss=0.0025 mask=0.1819 depth=0.0025
  Train: loss=0.0025 mask=0.1819 depth=0.0025 time=189.1s
  Val epoch 38: loss=0.2238

=== Phase2 Epoch 39/49 ===
  Epoch 39 [10/220] loss=0.0014 mask=0.1605 depth=0.0014
  Epoch 39 [20/220] loss=0.0019 mask=0.1713 depth=0.0019
  Epoch 39 [30/220] loss=0.0022 mask=0.1642 depth=0.0022
  Epoch 39 [40/220] loss=0.0023 mask=0.1551 depth=0.0023
  Epoch 39 [50/220] loss=0.0022 mask=0.1607 depth=0.0022
  Epoch 39 [60/220] loss=0.0023 mask=0.1615 depth=0.0023
  Epoch 39 [70/220] loss=0.0024 mask=0.1730 depth=0.0024
  Epoch 39 [80/220] loss=0.0024 mask=0.1788 depth=0.0024
  Epoch 39 [90/220] loss=0.0023 mask=0.1789 depth=0.0023
  Epoch 39 [100/220] loss=0.0025 mask=0.1807 depth=0.0025
  Epoch 39 [110/220] loss=0.0026 mask=0.1839 depth=0.0026
  Epoch 39 [120/220] loss=0.0025 mask=0.1833 depth=0.0025
  Epoch 39 [130/220] loss=0.0025 mask=0.1838 depth=0.0025
  Epoch 39 [140/220] loss=0.0025 mask=0.1859 depth=0.0025
  Epoch 39 [150/220] loss=0.0025 mask=0.1844 depth=0.0025
  Epoch 39 [160/220] loss=0.0025 mask=0.1851 depth=0.0025
  Epoch 39 [170/220] loss=0.0024 mask=0.1853 depth=0.0024
  Epoch 39 [180/220] loss=0.0024 mask=0.1837 depth=0.0024
  Epoch 39 [190/220] loss=0.0024 mask=0.1832 depth=0.0024
  Epoch 39 [200/220] loss=0.0024 mask=0.1816 depth=0.0024
  Epoch 39 [210/220] loss=0.0024 mask=0.1812 depth=0.0024
  Epoch 39 [220/220] loss=0.0025 mask=0.1793 depth=0.0025
  Train: loss=0.0025 mask=0.1793 depth=0.0025 time=188.5s
  Val epoch 39: loss=0.2272

=== Phase2 Epoch 40/49 ===
  Epoch 40 [10/220] loss=0.0017 mask=0.1340 depth=0.0017
  Epoch 40 [20/220] loss=0.0019 mask=0.1632 depth=0.0019
  Epoch 40 [30/220] loss=0.0018 mask=0.1783 depth=0.0018
  Epoch 40 [40/220] loss=0.0019 mask=0.1952 depth=0.0019
  Epoch 40 [50/220] loss=0.0020 mask=0.1888 depth=0.0020
  Epoch 40 [60/220] loss=0.0020 mask=0.1848 depth=0.0020
  Epoch 40 [70/220] loss=0.0021 mask=0.1772 depth=0.0021
  Epoch 40 [80/220] loss=0.0021 mask=0.1774 depth=0.0021
  Epoch 40 [90/220] loss=0.0021 mask=0.1825 depth=0.0021
  Epoch 40 [100/220] loss=0.0020 mask=0.1807 depth=0.0020
  Epoch 40 [110/220] loss=0.0021 mask=0.1809 depth=0.0021
  Epoch 40 [120/220] loss=0.0022 mask=0.1806 depth=0.0022
  Epoch 40 [130/220] loss=0.0022 mask=0.1827 depth=0.0022
  Epoch 40 [140/220] loss=0.0022 mask=0.1816 depth=0.0022
  Epoch 40 [150/220] loss=0.0023 mask=0.1833 depth=0.0023
  Epoch 40 [160/220] loss=0.0023 mask=0.1837 depth=0.0023
  Epoch 40 [170/220] loss=0.0023 mask=0.1809 depth=0.0023
  Epoch 40 [180/220] loss=0.0022 mask=0.1814 depth=0.0022
  Epoch 40 [190/220] loss=0.0022 mask=0.1805 depth=0.0022
  Epoch 40 [200/220] loss=0.0022 mask=0.1788 depth=0.0022
  Epoch 40 [210/220] loss=0.0023 mask=0.1792 depth=0.0023
  Epoch 40 [220/220] loss=0.0023 mask=0.1794 depth=0.0023
  Train: loss=0.0023 mask=0.1794 depth=0.0023 time=188.8s
  Val epoch 40: loss=0.2257

=== Phase2 Epoch 41/49 ===
  Epoch 41 [10/220] loss=0.0018 mask=0.1542 depth=0.0018
  Epoch 41 [20/220] loss=0.0018 mask=0.1636 depth=0.0018
  Epoch 41 [30/220] loss=0.0019 mask=0.1824 depth=0.0019
  Epoch 41 [40/220] loss=0.0020 mask=0.1813 depth=0.0020
  Epoch 41 [50/220] loss=0.0020 mask=0.1770 depth=0.0020
  Epoch 41 [60/220] loss=0.0023 mask=0.1829 depth=0.0023
  Epoch 41 [70/220] loss=0.0024 mask=0.1805 depth=0.0024
  Epoch 41 [80/220] loss=0.0023 mask=0.1823 depth=0.0023
  Epoch 41 [90/220] loss=0.0023 mask=0.1814 depth=0.0023
  Epoch 41 [100/220] loss=0.0023 mask=0.1772 depth=0.0023
  Epoch 41 [110/220] loss=0.0023 mask=0.1829 depth=0.0023
  Epoch 41 [120/220] loss=0.0023 mask=0.1788 depth=0.0023
  Epoch 41 [130/220] loss=0.0023 mask=0.1784 depth=0.0023
  Epoch 41 [140/220] loss=0.0023 mask=0.1775 depth=0.0023
  Epoch 41 [150/220] loss=0.0023 mask=0.1784 depth=0.0023
  Epoch 41 [160/220] loss=0.0023 mask=0.1788 depth=0.0023
  Epoch 41 [170/220] loss=0.0023 mask=0.1793 depth=0.0023
  Epoch 41 [180/220] loss=0.0023 mask=0.1780 depth=0.0023
  Epoch 41 [190/220] loss=0.0023 mask=0.1788 depth=0.0023
  Epoch 41 [200/220] loss=0.0023 mask=0.1766 depth=0.0023
  Epoch 41 [210/220] loss=0.0023 mask=0.1767 depth=0.0023
  Epoch 41 [220/220] loss=0.0023 mask=0.1780 depth=0.0023
  Train: loss=0.0023 mask=0.1780 depth=0.0023 time=190.4s
  Val epoch 41: loss=0.2232

=== Phase2 Epoch 42/49 ===
  Epoch 42 [10/220] loss=0.0025 mask=0.1765 depth=0.0025
  Epoch 42 [20/220] loss=0.0023 mask=0.1667 depth=0.0023
  Epoch 42 [30/220] loss=0.0024 mask=0.1776 depth=0.0024
  Epoch 42 [40/220] loss=0.0023 mask=0.1712 depth=0.0023
  Epoch 42 [50/220] loss=0.0022 mask=0.1677 depth=0.0022
  Epoch 42 [60/220] loss=0.0022 mask=0.1697 depth=0.0022
  Epoch 42 [70/220] loss=0.0023 mask=0.1676 depth=0.0023
  Epoch 42 [80/220] loss=0.0022 mask=0.1716 depth=0.0022
  Epoch 42 [90/220] loss=0.0021 mask=0.1720 depth=0.0021
  Epoch 42 [100/220] loss=0.0021 mask=0.1661 depth=0.0021
  Epoch 42 [110/220] loss=0.0022 mask=0.1686 depth=0.0022
  Epoch 42 [120/220] loss=0.0022 mask=0.1676 depth=0.0022
  Epoch 42 [130/220] loss=0.0022 mask=0.1665 depth=0.0022
  Epoch 42 [140/220] loss=0.0022 mask=0.1700 depth=0.0022
  Epoch 42 [150/220] loss=0.0022 mask=0.1673 depth=0.0022
  Epoch 42 [160/220] loss=0.0022 mask=0.1688 depth=0.0022
  Epoch 42 [170/220] loss=0.0022 mask=0.1720 depth=0.0022
  Epoch 42 [180/220] loss=0.0022 mask=0.1759 depth=0.0022
  Epoch 42 [190/220] loss=0.0023 mask=0.1764 depth=0.0023
  Epoch 42 [200/220] loss=0.0022 mask=0.1763 depth=0.0022
  Epoch 42 [210/220] loss=0.0023 mask=0.1763 depth=0.0023
  Epoch 42 [220/220] loss=0.0023 mask=0.1788 depth=0.0023
  Train: loss=0.0023 mask=0.1788 depth=0.0023 time=188.4s
  Val epoch 42: loss=0.2251

=== Phase2 Epoch 43/49 ===
  Epoch 43 [10/220] loss=0.0028 mask=0.1515 depth=0.0028
  Epoch 43 [20/220] loss=0.0029 mask=0.1792 depth=0.0029
  Epoch 43 [30/220] loss=0.0025 mask=0.1876 depth=0.0025
  Epoch 43 [40/220] loss=0.0024 mask=0.1855 depth=0.0024
  Epoch 43 [50/220] loss=0.0023 mask=0.1790 depth=0.0023
  Epoch 43 [60/220] loss=0.0023 mask=0.1814 depth=0.0023
  Epoch 43 [70/220] loss=0.0023 mask=0.1801 depth=0.0023
  Epoch 43 [80/220] loss=0.0023 mask=0.1801 depth=0.0023
  Epoch 43 [90/220] loss=0.0022 mask=0.1813 depth=0.0022
  Epoch 43 [100/220] loss=0.0022 mask=0.1828 depth=0.0022
  Epoch 43 [110/220] loss=0.0022 mask=0.1817 depth=0.0022
  Epoch 43 [120/220] loss=0.0022 mask=0.1809 depth=0.0022
  Epoch 43 [130/220] loss=0.0021 mask=0.1767 depth=0.0021
  Epoch 43 [140/220] loss=0.0022 mask=0.1787 depth=0.0022
  Epoch 43 [150/220] loss=0.0021 mask=0.1774 depth=0.0021
  Epoch 43 [160/220] loss=0.0022 mask=0.1769 depth=0.0022
  Epoch 43 [170/220] loss=0.0022 mask=0.1785 depth=0.0022
  Epoch 43 [180/220] loss=0.0022 mask=0.1809 depth=0.0022
  Epoch 43 [190/220] loss=0.0023 mask=0.1796 depth=0.0023
  Epoch 43 [200/220] loss=0.0023 mask=0.1786 depth=0.0023
  Epoch 43 [210/220] loss=0.0023 mask=0.1769 depth=0.0023
  Epoch 43 [220/220] loss=0.0023 mask=0.1771 depth=0.0023
  Train: loss=0.0023 mask=0.1771 depth=0.0023 time=190.5s
  Val epoch 43: loss=0.2258

=== Phase2 Epoch 44/49 ===
  Epoch 44 [10/220] loss=0.0018 mask=0.1839 depth=0.0018
  Epoch 44 [20/220] loss=0.0017 mask=0.1766 depth=0.0017
  Epoch 44 [30/220] loss=0.0020 mask=0.1743 depth=0.0020
  Epoch 44 [40/220] loss=0.0021 mask=0.1781 depth=0.0021
  Epoch 44 [50/220] loss=0.0020 mask=0.1757 depth=0.0020
  Epoch 44 [60/220] loss=0.0022 mask=0.1770 depth=0.0022
  Epoch 44 [70/220] loss=0.0022 mask=0.1857 depth=0.0022
  Epoch 44 [80/220] loss=0.0022 mask=0.1798 depth=0.0022
  Epoch 44 [90/220] loss=0.0023 mask=0.1826 depth=0.0023
  Epoch 44 [100/220] loss=0.0023 mask=0.1826 depth=0.0023
  Epoch 44 [110/220] loss=0.0022 mask=0.1857 depth=0.0022
  Epoch 44 [120/220] loss=0.0022 mask=0.1825 depth=0.0022
  Epoch 44 [130/220] loss=0.0022 mask=0.1805 depth=0.0022
  Epoch 44 [140/220] loss=0.0022 mask=0.1781 depth=0.0022
  Epoch 44 [150/220] loss=0.0022 mask=0.1790 depth=0.0022
  Epoch 44 [160/220] loss=0.0022 mask=0.1802 depth=0.0022
  Epoch 44 [170/220] loss=0.0022 mask=0.1811 depth=0.0022
  Epoch 44 [180/220] loss=0.0022 mask=0.1812 depth=0.0022
  Epoch 44 [190/220] loss=0.0022 mask=0.1812 depth=0.0022
  Epoch 44 [200/220] loss=0.0021 mask=0.1796 depth=0.0021
  Epoch 44 [210/220] loss=0.0021 mask=0.1787 depth=0.0021
  Epoch 44 [220/220] loss=0.0021 mask=0.1776 depth=0.0021
  Train: loss=0.0021 mask=0.1776 depth=0.0021 time=188.1s
  Val epoch 44: loss=0.2241

=== Phase2 Epoch 45/49 ===
  Epoch 45 [10/220] loss=0.0017 mask=0.1772 depth=0.0017
  Epoch 45 [20/220] loss=0.0021 mask=0.1979 depth=0.0021
  Epoch 45 [30/220] loss=0.0019 mask=0.1827 depth=0.0019
  Epoch 45 [40/220] loss=0.0019 mask=0.1763 depth=0.0019
  Epoch 45 [50/220] loss=0.0021 mask=0.1764 depth=0.0021
  Epoch 45 [60/220] loss=0.0021 mask=0.1809 depth=0.0021
  Epoch 45 [70/220] loss=0.0023 mask=0.1871 depth=0.0023
  Epoch 45 [80/220] loss=0.0021 mask=0.1786 depth=0.0021
  Epoch 45 [90/220] loss=0.0021 mask=0.1774 depth=0.0021
  Epoch 45 [100/220] loss=0.0021 mask=0.1804 depth=0.0021
  Epoch 45 [110/220] loss=0.0021 mask=0.1806 depth=0.0021
  Epoch 45 [120/220] loss=0.0021 mask=0.1792 depth=0.0021
  Epoch 45 [130/220] loss=0.0021 mask=0.1789 depth=0.0021
  Epoch 45 [140/220] loss=0.0021 mask=0.1781 depth=0.0021
  Epoch 45 [150/220] loss=0.0021 mask=0.1762 depth=0.0021
  Epoch 45 [160/220] loss=0.0021 mask=0.1794 depth=0.0021
  Epoch 45 [170/220] loss=0.0021 mask=0.1794 depth=0.0021
  Epoch 45 [180/220] loss=0.0021 mask=0.1797 depth=0.0021
  Epoch 45 [190/220] loss=0.0021 mask=0.1778 depth=0.0021
  Epoch 45 [200/220] loss=0.0022 mask=0.1793 depth=0.0022
  Epoch 45 [210/220] loss=0.0022 mask=0.1792 depth=0.0022
  Epoch 45 [220/220] loss=0.0022 mask=0.1788 depth=0.0022
  Train: loss=0.0022 mask=0.1788 depth=0.0022 time=189.8s
  Val epoch 45: loss=0.2240

=== Phase2 Epoch 46/49 ===
  Epoch 46 [10/220] loss=0.0018 mask=0.2201 depth=0.0018
  Epoch 46 [20/220] loss=0.0020 mask=0.1963 depth=0.0020
  Epoch 46 [30/220] loss=0.0023 mask=0.2087 depth=0.0023
  Epoch 46 [40/220] loss=0.0021 mask=0.1937 depth=0.0021
  Epoch 46 [50/220] loss=0.0022 mask=0.2007 depth=0.0022
  Epoch 46 [60/220] loss=0.0023 mask=0.1996 depth=0.0023
  Epoch 46 [70/220] loss=0.0023 mask=0.1949 depth=0.0023
  Epoch 46 [80/220] loss=0.0023 mask=0.1961 depth=0.0023
  Epoch 46 [90/220] loss=0.0023 mask=0.1943 depth=0.0023
  Epoch 46 [100/220] loss=0.0023 mask=0.1889 depth=0.0023
  Epoch 46 [110/220] loss=0.0023 mask=0.1876 depth=0.0023
  Epoch 46 [120/220] loss=0.0023 mask=0.1834 depth=0.0023
  Epoch 46 [130/220] loss=0.0022 mask=0.1812 depth=0.0022
  Epoch 46 [140/220] loss=0.0022 mask=0.1820 depth=0.0022
  Epoch 46 [150/220] loss=0.0022 mask=0.1788 depth=0.0022
  Epoch 46 [160/220] loss=0.0021 mask=0.1781 depth=0.0021
  Epoch 46 [170/220] loss=0.0021 mask=0.1761 depth=0.0021
  Epoch 46 [180/220] loss=0.0021 mask=0.1777 depth=0.0021
  Epoch 46 [190/220] loss=0.0021 mask=0.1773 depth=0.0021
  Epoch 46 [200/220] loss=0.0021 mask=0.1752 depth=0.0021
  Epoch 46 [210/220] loss=0.0022 mask=0.1772 depth=0.0022
  Epoch 46 [220/220] loss=0.0021 mask=0.1775 depth=0.0021
  Train: loss=0.0021 mask=0.1775 depth=0.0021 time=189.2s
  Val epoch 46: loss=0.2239

=== Phase2 Epoch 47/49 ===
  Epoch 47 [10/220] loss=0.0016 mask=0.2377 depth=0.0016
  Epoch 47 [20/220] loss=0.0019 mask=0.1982 depth=0.0019
  Epoch 47 [30/220] loss=0.0020 mask=0.1878 depth=0.0020
  Epoch 47 [40/220] loss=0.0021 mask=0.1839 depth=0.0021
  Epoch 47 [50/220] loss=0.0020 mask=0.1845 depth=0.0020
  Epoch 47 [60/220] loss=0.0020 mask=0.1809 depth=0.0020
  Epoch 47 [70/220] loss=0.0020 mask=0.1777 depth=0.0020
  Epoch 47 [80/220] loss=0.0020 mask=0.1815 depth=0.0020
  Epoch 47 [90/220] loss=0.0021 mask=0.1828 depth=0.0021
  Epoch 47 [100/220] loss=0.0021 mask=0.1810 depth=0.0021
  Epoch 47 [110/220] loss=0.0021 mask=0.1797 depth=0.0021
  Epoch 47 [120/220] loss=0.0021 mask=0.1819 depth=0.0021
  Epoch 47 [130/220] loss=0.0021 mask=0.1821 depth=0.0021
  Epoch 47 [140/220] loss=0.0020 mask=0.1812 depth=0.0020
  Epoch 47 [150/220] loss=0.0020 mask=0.1796 depth=0.0020
  Epoch 47 [160/220] loss=0.0021 mask=0.1780 depth=0.0021
  Epoch 47 [170/220] loss=0.0020 mask=0.1783 depth=0.0020
  Epoch 47 [180/220] loss=0.0020 mask=0.1752 depth=0.0020
  Epoch 47 [190/220] loss=0.0021 mask=0.1783 depth=0.0021
  Epoch 47 [200/220] loss=0.0021 mask=0.1768 depth=0.0021
  Epoch 47 [210/220] loss=0.0021 mask=0.1761 depth=0.0021
  Epoch 47 [220/220] loss=0.0021 mask=0.1777 depth=0.0021
  Train: loss=0.0021 mask=0.1777 depth=0.0021 time=195.4s
  Val epoch 47: loss=0.2250

=== Phase2 Epoch 48/49 ===
  Epoch 48 [10/220] loss=0.0012 mask=0.2201 depth=0.0012
  Epoch 48 [20/220] loss=0.0014 mask=0.1817 depth=0.0014
  Epoch 48 [30/220] loss=0.0015 mask=0.1833 depth=0.0015
  Epoch 48 [40/220] loss=0.0017 mask=0.1824 depth=0.0017
  Epoch 48 [50/220] loss=0.0019 mask=0.1844 depth=0.0019
  Epoch 48 [60/220] loss=0.0018 mask=0.1791 depth=0.0018
  Epoch 48 [70/220] loss=0.0018 mask=0.1810 depth=0.0018
  Epoch 48 [80/220] loss=0.0018 mask=0.1760 depth=0.0018
  Epoch 48 [90/220] loss=0.0018 mask=0.1776 depth=0.0018
  Epoch 48 [100/220] loss=0.0018 mask=0.1730 depth=0.0018
  Epoch 48 [110/220] loss=0.0017 mask=0.1685 depth=0.0017
  Epoch 48 [120/220] loss=0.0018 mask=0.1661 depth=0.0018
  Epoch 48 [130/220] loss=0.0018 mask=0.1691 depth=0.0018
  Epoch 48 [140/220] loss=0.0018 mask=0.1706 depth=0.0018
  Epoch 48 [150/220] loss=0.0018 mask=0.1739 depth=0.0018
  Epoch 48 [160/220] loss=0.0019 mask=0.1757 depth=0.0019
  Epoch 48 [170/220] loss=0.0019 mask=0.1790 depth=0.0019
  Epoch 48 [180/220] loss=0.0019 mask=0.1788 depth=0.0019
  Epoch 48 [190/220] loss=0.0019 mask=0.1794 depth=0.0019
  Epoch 48 [200/220] loss=0.0019 mask=0.1779 depth=0.0019
  Epoch 48 [210/220] loss=0.0020 mask=0.1759 depth=0.0020
  Epoch 48 [220/220] loss=0.0020 mask=0.1771 depth=0.0020
  Train: loss=0.0020 mask=0.1771 depth=0.0020 time=190.4s
  Val epoch 48: loss=0.2229

=== Phase2 Epoch 49/49 ===
  Epoch 49 [10/220] loss=0.0019 mask=0.2069 depth=0.0019
  Epoch 49 [20/220] loss=0.0019 mask=0.1922 depth=0.0019
  Epoch 49 [30/220] loss=0.0019 mask=0.1686 depth=0.0019
  Epoch 49 [40/220] loss=0.0020 mask=0.1615 depth=0.0020
  Epoch 49 [50/220] loss=0.0021 mask=0.1641 depth=0.0021
  Epoch 49 [60/220] loss=0.0020 mask=0.1642 depth=0.0020
  Epoch 49 [70/220] loss=0.0020 mask=0.1702 depth=0.0020
  Epoch 49 [80/220] loss=0.0021 mask=0.1700 depth=0.0021
  Epoch 49 [90/220] loss=0.0020 mask=0.1738 depth=0.0020
  Epoch 49 [100/220] loss=0.0020 mask=0.1761 depth=0.0020
  Epoch 49 [110/220] loss=0.0020 mask=0.1740 depth=0.0020
  Epoch 49 [120/220] loss=0.0020 mask=0.1751 depth=0.0020
  Epoch 49 [130/220] loss=0.0020 mask=0.1715 depth=0.0020
  Epoch 49 [140/220] loss=0.0020 mask=0.1759 depth=0.0020
  Epoch 49 [150/220] loss=0.0021 mask=0.1747 depth=0.0021
  Epoch 49 [160/220] loss=0.0021 mask=0.1750 depth=0.0021
  Epoch 49 [170/220] loss=0.0021 mask=0.1763 depth=0.0021
  Epoch 49 [180/220] loss=0.0021 mask=0.1783 depth=0.0021
  Epoch 49 [190/220] loss=0.0021 mask=0.1797 depth=0.0021
  Epoch 49 [200/220] loss=0.0020 mask=0.1795 depth=0.0020
  Epoch 49 [210/220] loss=0.0021 mask=0.1802 depth=0.0021
  Epoch 49 [220/220] loss=0.0020 mask=0.1789 depth=0.0020
  Train: loss=0.0020 mask=0.1789 depth=0.0020 time=196.3s
  Val epoch 49: loss=0.2216

Phase 2 complete. Best val loss: 0.2199
cd /home/LXT/lxt/DINOSAM && CUDA_VISIBLE_DEVICES=1 python -m dinosam.evaluate --sam_checkpoint /data3/LXT/data/checkpoint/sam_vit_b_01ec64.pth --encoder sam --phase1_checkpoint /data3/LXT/DINOv3-SAM/model_sam/SAM_retrain/phase1_best.pt --phase2_checkpoint /data3/LXT/DINOv3-SAM/model_sam/SAM_retrain/phase2_best.pt --n_sub_iterations 8 --save_masks_dir /data3/LXT/DINOv3-SAM/model_sam/SAM_retrain/eval_test