nohup: ignoring input
/home/LXT/.conda/envs/dinov3-sam/lib/python3.10/runpy.py:126: RuntimeWarning: 'dinosam.train.trainer' found in sys.modules after import of package 'dinosam.train', but prior to execution of 'dinosam.train.trainer'; this may result in unpredictable behaviour
  warn(RuntimeWarning(msg))
Initialized depth branch from SAM inner weights (depth_prediction_head random)
Train samples: 880  Val samples: 220

============================================================
PHASE 1: Mask-only training (dice + iou loss)
============================================================
Phase 1: Total params: 97,379,069  Trainable: 4,064,560

=== Phase1 Epoch 0/49 ===
  Epoch 0 [10/440] loss=1.3996 mask=0.9755 iou=0.4241
  Epoch 0 [20/440] loss=1.2375 mask=0.9777 iou=0.2598
  Epoch 0 [30/440] loss=1.1551 mask=0.9666 iou=0.1885
  Epoch 0 [40/440] loss=1.1052 mask=0.9540 iou=0.1512
  Epoch 0 [50/440] loss=1.0616 mask=0.9339 iou=0.1278
  Epoch 0 [60/440] loss=0.9934 mask=0.8717 iou=0.1216
  Epoch 0 [70/440] loss=0.9433 mask=0.8288 iou=0.1145
  Epoch 0 [80/440] loss=0.8853 mask=0.7788 iou=0.1065
  Epoch 0 [90/440] loss=0.8279 mask=0.7285 iou=0.0994
  Epoch 0 [100/440] loss=0.7766 mask=0.6828 iou=0.0937
  Epoch 0 [110/440] loss=0.7389 mask=0.6486 iou=0.0904
  Epoch 0 [120/440] loss=0.6953 mask=0.6095 iou=0.0859
  Epoch 0 [130/440] loss=0.6726 mask=0.5886 iou=0.0839
  Epoch 0 [140/440] loss=0.6579 mask=0.5754 iou=0.0825
  Epoch 0 [150/440] loss=0.6385 mask=0.5583 iou=0.0802
  Epoch 0 [160/440] loss=0.6137 mask=0.5363 iou=0.0774
  Epoch 0 [170/440] loss=0.5999 mask=0.5238 iou=0.0761
  Epoch 0 [180/440] loss=0.5865 mask=0.5112 iou=0.0753
  Epoch 0 [190/440] loss=0.5727 mask=0.4990 iou=0.0737
  Epoch 0 [200/440] loss=0.5610 mask=0.4896 iou=0.0713
  Epoch 0 [210/440] loss=0.5459 mask=0.4762 iou=0.0697
  Epoch 0 [220/440] loss=0.5336 mask=0.4650 iou=0.0685
  Epoch 0 [230/440] loss=0.5209 mask=0.4537 iou=0.0672
  Epoch 0 [240/440] loss=0.5132 mask=0.4467 iou=0.0665
  Epoch 0 [250/440] loss=0.5036 mask=0.4381 iou=0.0656
  Epoch 0 [260/440] loss=0.4929 mask=0.4286 iou=0.0643
  Epoch 0 [270/440] loss=0.4853 mask=0.4216 iou=0.0636
  Epoch 0 [280/440] loss=0.4762 mask=0.4139 iou=0.0623
  Epoch 0 [290/440] loss=0.4698 mask=0.4087 iou=0.0611
  Epoch 0 [300/440] loss=0.4651 mask=0.4045 iou=0.0605
  Epoch 0 [310/440] loss=0.4563 mask=0.3969 iou=0.0594
  Epoch 0 [320/440] loss=0.4496 mask=0.3902 iou=0.0595
  Epoch 0 [330/440] loss=0.4431 mask=0.3840 iou=0.0590
  Epoch 0 [340/440] loss=0.4377 mask=0.3790 iou=0.0587
  Epoch 0 [350/440] loss=0.4318 mask=0.3739 iou=0.0579
  Epoch 0 [360/440] loss=0.4263 mask=0.3688 iou=0.0575
  Epoch 0 [370/440] loss=0.4206 mask=0.3637 iou=0.0569
  Epoch 0 [380/440] loss=0.4142 mask=0.3583 iou=0.0559
  Epoch 0 [390/440] loss=0.4088 mask=0.3535 iou=0.0553
  Epoch 0 [400/440] loss=0.4040 mask=0.3493 iou=0.0547
  Epoch 0 [410/440] loss=0.4007 mask=0.3463 iou=0.0544
  Epoch 0 [420/440] loss=0.3957 mask=0.3417 iou=0.0540
  Epoch 0 [430/440] loss=0.3897 mask=0.3367 iou=0.0530
  Epoch 0 [440/440] loss=0.3855 mask=0.3332 iou=0.0523
  Train: loss=0.3855 mask=0.3332 iou=0.0523 time=220.6s
  Val epoch 0: loss=0.2278
  Saved best phase1 model (val_loss=0.2278)

=== Phase1 Epoch 1/49 ===
  Epoch 1 [10/440] loss=0.2412 mask=0.1913 iou=0.0498
  Epoch 1 [20/440] loss=0.2373 mask=0.1878 iou=0.0495
  Epoch 1 [30/440] loss=0.2097 mask=0.1725 iou=0.0372
  Epoch 1 [40/440] loss=0.1975 mask=0.1629 iou=0.0346
  Epoch 1 [50/440] loss=0.2032 mask=0.1695 iou=0.0338
  Epoch 1 [60/440] loss=0.2197 mask=0.1837 iou=0.0360
  Epoch 1 [70/440] loss=0.2167 mask=0.1835 iou=0.0331
  Epoch 1 [80/440] loss=0.2115 mask=0.1796 iou=0.0319
  Epoch 1 [90/440] loss=0.2085 mask=0.1779 iou=0.0306
  Epoch 1 [100/440] loss=0.2093 mask=0.1785 iou=0.0307
  Epoch 1 [110/440] loss=0.2043 mask=0.1751 iou=0.0292
  Epoch 1 [120/440] loss=0.2025 mask=0.1728 iou=0.0297
  Epoch 1 [130/440] loss=0.2046 mask=0.1746 iou=0.0300
  Epoch 1 [140/440] loss=0.1978 mask=0.1689 iou=0.0289
  Epoch 1 [150/440] loss=0.1993 mask=0.1697 iou=0.0296
  Epoch 1 [160/440] loss=0.1981 mask=0.1688 iou=0.0293
  Epoch 1 [170/440] loss=0.1953 mask=0.1671 iou=0.0281
  Epoch 1 [180/440] loss=0.1988 mask=0.1694 iou=0.0295
  Epoch 1 [190/440] loss=0.1949 mask=0.1663 iou=0.0287
  Epoch 1 [200/440] loss=0.1909 mask=0.1631 iou=0.0278
  Epoch 1 [210/440] loss=0.1921 mask=0.1634 iou=0.0287
  Epoch 1 [220/440] loss=0.1891 mask=0.1610 iou=0.0281
  Epoch 1 [230/440] loss=0.1867 mask=0.1593 iou=0.0274
  Epoch 1 [240/440] loss=0.1878 mask=0.1596 iou=0.0282
  Epoch 1 [250/440] loss=0.1875 mask=0.1592 iou=0.0283
  Epoch 1 [260/440] loss=0.1866 mask=0.1582 iou=0.0284
  Epoch 1 [270/440] loss=0.1835 mask=0.1557 iou=0.0278
  Epoch 1 [280/440] loss=0.1875 mask=0.1585 iou=0.0289
  Epoch 1 [290/440] loss=0.1848 mask=0.1564 iou=0.0285
  Epoch 1 [300/440] loss=0.1836 mask=0.1556 iou=0.0280
  Epoch 1 [310/440] loss=0.1835 mask=0.1552 iou=0.0283
  Epoch 1 [320/440] loss=0.1812 mask=0.1534 iou=0.0278
  Epoch 1 [330/440] loss=0.1804 mask=0.1528 iou=0.0276
  Epoch 1 [340/440] loss=0.1813 mask=0.1535 iou=0.0278
  Epoch 1 [350/440] loss=0.1816 mask=0.1537 iou=0.0279
  Epoch 1 [360/440] loss=0.1809 mask=0.1532 iou=0.0277
  Epoch 1 [370/440] loss=0.1803 mask=0.1528 iou=0.0276
  Epoch 1 [380/440] loss=0.1791 mask=0.1518 iou=0.0273
  Epoch 1 [390/440] loss=0.1783 mask=0.1514 iou=0.0270
  Epoch 1 [400/440] loss=0.1781 mask=0.1510 iou=0.0271
  Epoch 1 [410/440] loss=0.1775 mask=0.1507 iou=0.0267
  Epoch 1 [420/440] loss=0.1773 mask=0.1507 iou=0.0266
  Epoch 1 [430/440] loss=0.1774 mask=0.1509 iou=0.0265
  Epoch 1 [440/440] loss=0.1776 mask=0.1510 iou=0.0265
  Train: loss=0.1776 mask=0.1510 iou=0.0265 time=205.8s
  Val epoch 1: loss=0.1812
  Saved best phase1 model (val_loss=0.1812)

=== Phase1 Epoch 2/49 ===
  Epoch 2 [10/440] loss=0.1474 mask=0.1231 iou=0.0243
  Epoch 2 [20/440] loss=0.1751 mask=0.1429 iou=0.0322
  Epoch 2 [30/440] loss=0.1844 mask=0.1549 iou=0.0296
  Epoch 2 [40/440] loss=0.1910 mask=0.1614 iou=0.0296
  Epoch 2 [50/440] loss=0.1717 mask=0.1461 iou=0.0256
  Epoch 2 [60/440] loss=0.1606 mask=0.1358 iou=0.0248
  Epoch 2 [70/440] loss=0.1605 mask=0.1378 iou=0.0227
  Epoch 2 [80/440] loss=0.1566 mask=0.1353 iou=0.0213
  Epoch 2 [90/440] loss=0.1652 mask=0.1410 iou=0.0241
  Epoch 2 [100/440] loss=0.1634 mask=0.1401 iou=0.0233
  Epoch 2 [110/440] loss=0.1635 mask=0.1405 iou=0.0230
  Epoch 2 [120/440] loss=0.1641 mask=0.1412 iou=0.0229
  Epoch 2 [130/440] loss=0.1636 mask=0.1408 iou=0.0228
  Epoch 2 [140/440] loss=0.1657 mask=0.1417 iou=0.0240
  Epoch 2 [150/440] loss=0.1717 mask=0.1466 iou=0.0251
  Epoch 2 [160/440] loss=0.1741 mask=0.1485 iou=0.0255
  Epoch 2 [170/440] loss=0.1781 mask=0.1523 iou=0.0258
  Epoch 2 [180/440] loss=0.1743 mask=0.1490 iou=0.0253
  Epoch 2 [190/440] loss=0.1745 mask=0.1492 iou=0.0252
  Epoch 2 [200/440] loss=0.1748 mask=0.1497 iou=0.0251
  Epoch 2 [210/440] loss=0.1777 mask=0.1520 iou=0.0257
  Epoch 2 [220/440] loss=0.1760 mask=0.1504 iou=0.0257
  Epoch 2 [230/440] loss=0.1738 mask=0.1485 iou=0.0253
  Epoch 2 [240/440] loss=0.1703 mask=0.1456 iou=0.0247
  Epoch 2 [250/440] loss=0.1691 mask=0.1447 iou=0.0244
  Epoch 2 [260/440] loss=0.1663 mask=0.1424 iou=0.0239
  Epoch 2 [270/440] loss=0.1644 mask=0.1411 iou=0.0233
  Epoch 2 [280/440] loss=0.1638 mask=0.1405 iou=0.0233
  Epoch 2 [290/440] loss=0.1633 mask=0.1402 iou=0.0231
  Epoch 2 [300/440] loss=0.1632 mask=0.1401 iou=0.0231
  Epoch 2 [310/440] loss=0.1629 mask=0.1399 iou=0.0230
  Epoch 2 [320/440] loss=0.1622 mask=0.1393 iou=0.0229
  Epoch 2 [330/440] loss=0.1613 mask=0.1388 iou=0.0226
  Epoch 2 [340/440] loss=0.1606 mask=0.1381 iou=0.0224
  Epoch 2 [350/440] loss=0.1582 mask=0.1361 iou=0.0221
  Epoch 2 [360/440] loss=0.1578 mask=0.1355 iou=0.0223
  Epoch 2 [370/440] loss=0.1585 mask=0.1358 iou=0.0227
  Epoch 2 [380/440] loss=0.1576 mask=0.1352 iou=0.0224
  Epoch 2 [390/440] loss=0.1561 mask=0.1342 iou=0.0220
  Epoch 2 [400/440] loss=0.1551 mask=0.1333 iou=0.0219
  Epoch 2 [410/440] loss=0.1542 mask=0.1325 iou=0.0217
  Epoch 2 [420/440] loss=0.1529 mask=0.1315 iou=0.0214
  Epoch 2 [430/440] loss=0.1527 mask=0.1313 iou=0.0214
  Epoch 2 [440/440] loss=0.1534 mask=0.1318 iou=0.0217
  Train: loss=0.1534 mask=0.1318 iou=0.0217 time=203.2s
  Val epoch 2: loss=0.1714
  Saved best phase1 model (val_loss=0.1714)

=== Phase1 Epoch 3/49 ===
  Epoch 3 [10/440] loss=0.1764 mask=0.1449 iou=0.0315
  Epoch 3 [20/440] loss=0.1850 mask=0.1543 iou=0.0307
  Epoch 3 [30/440] loss=0.1671 mask=0.1419 iou=0.0252
  Epoch 3 [40/440] loss=0.1791 mask=0.1528 iou=0.0263
  Epoch 3 [50/440] loss=0.1692 mask=0.1439 iou=0.0253
  Epoch 3 [60/440] loss=0.1634 mask=0.1383 iou=0.0250
  Epoch 3 [70/440] loss=0.1563 mask=0.1340 iou=0.0224
  Epoch 3 [80/440] loss=0.1475 mask=0.1271 iou=0.0204
  Epoch 3 [90/440] loss=0.1542 mask=0.1329 iou=0.0213
  Epoch 3 [100/440] loss=0.1600 mask=0.1381 iou=0.0219
  Epoch 3 [110/440] loss=0.1572 mask=0.1361 iou=0.0211
  Epoch 3 [120/440] loss=0.1574 mask=0.1358 iou=0.0215
  Epoch 3 [130/440] loss=0.1543 mask=0.1330 iou=0.0213
  Epoch 3 [140/440] loss=0.1529 mask=0.1321 iou=0.0209
  Epoch 3 [150/440] loss=0.1485 mask=0.1286 iou=0.0199
  Epoch 3 [160/440] loss=0.1561 mask=0.1343 iou=0.0218
  Epoch 3 [170/440] loss=0.1559 mask=0.1341 iou=0.0218
  Epoch 3 [180/440] loss=0.1570 mask=0.1352 iou=0.0217
  Epoch 3 [190/440] loss=0.1545 mask=0.1331 iou=0.0213
  Epoch 3 [200/440] loss=0.1553 mask=0.1336 iou=0.0217
  Epoch 3 [210/440] loss=0.1530 mask=0.1318 iou=0.0212
  Epoch 3 [220/440] loss=0.1498 mask=0.1289 iou=0.0208
  Epoch 3 [230/440] loss=0.1475 mask=0.1270 iou=0.0205
  Epoch 3 [240/440] loss=0.1475 mask=0.1267 iou=0.0208
  Epoch 3 [250/440] loss=0.1458 mask=0.1254 iou=0.0204
  Epoch 3 [260/440] loss=0.1432 mask=0.1234 iou=0.0198
  Epoch 3 [270/440] loss=0.1403 mask=0.1210 iou=0.0193
  Epoch 3 [280/440] loss=0.1408 mask=0.1217 iou=0.0191
  Epoch 3 [290/440] loss=0.1410 mask=0.1219 iou=0.0190
  Epoch 3 [300/440] loss=0.1412 mask=0.1222 iou=0.0191
  Epoch 3 [310/440] loss=0.1426 mask=0.1232 iou=0.0195
  Epoch 3 [320/440] loss=0.1432 mask=0.1237 iou=0.0195
  Epoch 3 [330/440] loss=0.1444 mask=0.1248 iou=0.0195
  Epoch 3 [340/440] loss=0.1452 mask=0.1254 iou=0.0198
  Epoch 3 [350/440] loss=0.1436 mask=0.1242 iou=0.0194
  Epoch 3 [360/440] loss=0.1419 mask=0.1228 iou=0.0191
  Epoch 3 [370/440] loss=0.1420 mask=0.1229 iou=0.0191
  Epoch 3 [380/440] loss=0.1412 mask=0.1222 iou=0.0189
  Epoch 3 [390/440] loss=0.1407 mask=0.1221 iou=0.0187
  Epoch 3 [400/440] loss=0.1416 mask=0.1227 iou=0.0189
  Epoch 3 [410/440] loss=0.1409 mask=0.1221 iou=0.0188
  Epoch 3 [420/440] loss=0.1424 mask=0.1234 iou=0.0191
  Epoch 3 [430/440] loss=0.1413 mask=0.1224 iou=0.0189
  Epoch 3 [440/440] loss=0.1406 mask=0.1220 iou=0.0187
  Train: loss=0.1406 mask=0.1220 iou=0.0187 time=201.2s
  Val epoch 3: loss=0.1504
  Saved best phase1 model (val_loss=0.1504)

=== Phase1 Epoch 4/49 ===
  Epoch 4 [10/440] loss=0.1668 mask=0.1377 iou=0.0291
  Epoch 4 [20/440] loss=0.1244 mask=0.1063 iou=0.0181
  Epoch 4 [30/440] loss=0.1084 mask=0.0948 iou=0.0136
  Epoch 4 [40/440] loss=0.1074 mask=0.0939 iou=0.0135
  Epoch 4 [50/440] loss=0.1118 mask=0.0977 iou=0.0141
  Epoch 4 [60/440] loss=0.1048 mask=0.0923 iou=0.0126
  Epoch 4 [70/440] loss=0.1040 mask=0.0913 iou=0.0127
  Epoch 4 [80/440] loss=0.1077 mask=0.0952 iou=0.0125
  Epoch 4 [90/440] loss=0.1113 mask=0.0986 iou=0.0127
  Epoch 4 [100/440] loss=0.1180 mask=0.1033 iou=0.0147
  Epoch 4 [110/440] loss=0.1141 mask=0.1001 iou=0.0139
  Epoch 4 [120/440] loss=0.1186 mask=0.1040 iou=0.0146
  Epoch 4 [130/440] loss=0.1166 mask=0.1019 iou=0.0147
  Epoch 4 [140/440] loss=0.1170 mask=0.1027 iou=0.0144
  Epoch 4 [150/440] loss=0.1201 mask=0.1050 iou=0.0151
  Epoch 4 [160/440] loss=0.1187 mask=0.1041 iou=0.0147
  Epoch 4 [170/440] loss=0.1202 mask=0.1053 iou=0.0149
  Epoch 4 [180/440] loss=0.1209 mask=0.1056 iou=0.0153
  Epoch 4 [190/440] loss=0.1212 mask=0.1059 iou=0.0154
  Epoch 4 [200/440] loss=0.1212 mask=0.1062 iou=0.0150
  Epoch 4 [210/440] loss=0.1231 mask=0.1078 iou=0.0152
  Epoch 4 [220/440] loss=0.1232 mask=0.1078 iou=0.0154
  Epoch 4 [230/440] loss=0.1235 mask=0.1079 iou=0.0156
  Epoch 4 [240/440] loss=0.1231 mask=0.1073 iou=0.0157
  Epoch 4 [250/440] loss=0.1256 mask=0.1094 iou=0.0162
  Epoch 4 [260/440] loss=0.1259 mask=0.1099 iou=0.0160
  Epoch 4 [270/440] loss=0.1257 mask=0.1099 iou=0.0158
  Epoch 4 [280/440] loss=0.1280 mask=0.1117 iou=0.0163
  Epoch 4 [290/440] loss=0.1274 mask=0.1113 iou=0.0161
  Epoch 4 [300/440] loss=0.1293 mask=0.1132 iou=0.0161
  Epoch 4 [310/440] loss=0.1312 mask=0.1152 iou=0.0160
  Epoch 4 [320/440] loss=0.1305 mask=0.1147 iou=0.0158
  Epoch 4 [330/440] loss=0.1312 mask=0.1151 iou=0.0161
  Epoch 4 [340/440] loss=0.1303 mask=0.1144 iou=0.0159
  Epoch 4 [350/440] loss=0.1309 mask=0.1149 iou=0.0160
  Epoch 4 [360/440] loss=0.1306 mask=0.1145 iou=0.0161
  Epoch 4 [370/440] loss=0.1302 mask=0.1139 iou=0.0163
  Epoch 4 [380/440] loss=0.1295 mask=0.1133 iou=0.0162
  Epoch 4 [390/440] loss=0.1293 mask=0.1131 iou=0.0162
  Epoch 4 [400/440] loss=0.1303 mask=0.1139 iou=0.0164
  Epoch 4 [410/440] loss=0.1316 mask=0.1148 iou=0.0168
  Epoch 4 [420/440] loss=0.1305 mask=0.1139 iou=0.0166
  Epoch 4 [430/440] loss=0.1305 mask=0.1140 iou=0.0164
  Epoch 4 [440/440] loss=0.1296 mask=0.1134 iou=0.0163
  Train: loss=0.1296 mask=0.1134 iou=0.0163 time=196.9s
  Val epoch 4: loss=0.1472
  Saved best phase1 model (val_loss=0.1472)

=== Phase1 Epoch 5/49 ===
  Epoch 5 [10/440] loss=0.1323 mask=0.1181 iou=0.0142
  Epoch 5 [20/440] loss=0.1016 mask=0.0923 iou=0.0093
  Epoch 5 [30/440] loss=0.1199 mask=0.1070 iou=0.0129
  Epoch 5 [40/440] loss=0.1193 mask=0.1069 iou=0.0124
  Epoch 5 [50/440] loss=0.1118 mask=0.1001 iou=0.0116
  Epoch 5 [60/440] loss=0.1085 mask=0.0974 iou=0.0111
  Epoch 5 [70/440] loss=0.1174 mask=0.1043 iou=0.0132
  Epoch 5 [80/440] loss=0.1135 mask=0.1012 iou=0.0123
  Epoch 5 [90/440] loss=0.1190 mask=0.1064 iou=0.0126
  Epoch 5 [100/440] loss=0.1303 mask=0.1152 iou=0.0150
  Epoch 5 [110/440] loss=0.1340 mask=0.1183 iou=0.0157
  Epoch 5 [120/440] loss=0.1361 mask=0.1196 iou=0.0165
  Epoch 5 [130/440] loss=0.1403 mask=0.1233 iou=0.0170
  Epoch 5 [140/440] loss=0.1402 mask=0.1227 iou=0.0175
  Epoch 5 [150/440] loss=0.1361 mask=0.1190 iou=0.0171
  Epoch 5 [160/440] loss=0.1336 mask=0.1169 iou=0.0166
  Epoch 5 [170/440] loss=0.1319 mask=0.1154 iou=0.0165
  Epoch 5 [180/440] loss=0.1287 mask=0.1129 iou=0.0158
  Epoch 5 [190/440] loss=0.1271 mask=0.1117 iou=0.0154
  Epoch 5 [200/440] loss=0.1288 mask=0.1126 iou=0.0161
  Epoch 5 [210/440] loss=0.1291 mask=0.1132 iou=0.0159
  Epoch 5 [220/440] loss=0.1283 mask=0.1123 iou=0.0160
  Epoch 5 [230/440] loss=0.1276 mask=0.1118 iou=0.0158
  Epoch 5 [240/440] loss=0.1270 mask=0.1115 iou=0.0156
  Epoch 5 [250/440] loss=0.1261 mask=0.1107 iou=0.0154
  Epoch 5 [260/440] loss=0.1257 mask=0.1105 iou=0.0152
  Epoch 5 [270/440] loss=0.1250 mask=0.1100 iou=0.0150
  Epoch 5 [280/440] loss=0.1244 mask=0.1097 iou=0.0147
  Epoch 5 [290/440] loss=0.1246 mask=0.1099 iou=0.0147
  Epoch 5 [300/440] loss=0.1250 mask=0.1103 iou=0.0147
  Epoch 5 [310/440] loss=0.1258 mask=0.1110 iou=0.0148
  Epoch 5 [320/440] loss=0.1253 mask=0.1104 iou=0.0149
  Epoch 5 [330/440] loss=0.1246 mask=0.1098 iou=0.0148
  Epoch 5 [340/440] loss=0.1240 mask=0.1095 iou=0.0145
  Epoch 5 [350/440] loss=0.1238 mask=0.1095 iou=0.0143
  Epoch 5 [360/440] loss=0.1226 mask=0.1085 iou=0.0141
  Epoch 5 [370/440] loss=0.1237 mask=0.1094 iou=0.0143
  Epoch 5 [380/440] loss=0.1236 mask=0.1092 iou=0.0143
  Epoch 5 [390/440] loss=0.1239 mask=0.1097 iou=0.0142
  Epoch 5 [400/440] loss=0.1235 mask=0.1094 iou=0.0141
  Epoch 5 [410/440] loss=0.1225 mask=0.1085 iou=0.0140
  Epoch 5 [420/440] loss=0.1215 mask=0.1077 iou=0.0138
  Epoch 5 [430/440] loss=0.1223 mask=0.1081 iou=0.0141
  Epoch 5 [440/440] loss=0.1238 mask=0.1091 iou=0.0147
  Train: loss=0.1238 mask=0.1091 iou=0.0147 time=208.1s
  Val epoch 5: loss=0.1401
  Saved best phase1 model (val_loss=0.1401)

=== Phase1 Epoch 6/49 ===
  Epoch 6 [10/440] loss=0.1131 mask=0.1037 iou=0.0093
  Epoch 6 [20/440] loss=0.1023 mask=0.0922 iou=0.0101
  Epoch 6 [30/440] loss=0.1127 mask=0.1006 iou=0.0121
  Epoch 6 [40/440] loss=0.1179 mask=0.1044 iou=0.0135
  Epoch 6 [50/440] loss=0.1100 mask=0.0972 iou=0.0129
  Epoch 6 [60/440] loss=0.1121 mask=0.0986 iou=0.0135
  Epoch 6 [70/440] loss=0.1150 mask=0.1014 iou=0.0137
  Epoch 6 [80/440] loss=0.1180 mask=0.1031 iou=0.0149
  Epoch 6 [90/440] loss=0.1253 mask=0.1089 iou=0.0163
  Epoch 6 [100/440] loss=0.1279 mask=0.1117 iou=0.0162
  Epoch 6 [110/440] loss=0.1224 mask=0.1069 iou=0.0156
  Epoch 6 [120/440] loss=0.1210 mask=0.1059 iou=0.0151
  Epoch 6 [130/440] loss=0.1267 mask=0.1110 iou=0.0156
  Epoch 6 [140/440] loss=0.1219 mask=0.1070 iou=0.0149
  Epoch 6 [150/440] loss=0.1208 mask=0.1064 iou=0.0145
  Epoch 6 [160/440] loss=0.1182 mask=0.1045 iou=0.0138
  Epoch 6 [170/440] loss=0.1160 mask=0.1027 iou=0.0133
  Epoch 6 [180/440] loss=0.1173 mask=0.1034 iou=0.0139
  Epoch 6 [190/440] loss=0.1166 mask=0.1029 iou=0.0137
  Epoch 6 [200/440] loss=0.1164 mask=0.1031 iou=0.0133
  Epoch 6 [210/440] loss=0.1157 mask=0.1025 iou=0.0133
  Epoch 6 [220/440] loss=0.1147 mask=0.1016 iou=0.0131
  Epoch 6 [230/440] loss=0.1149 mask=0.1020 iou=0.0129
  Epoch 6 [240/440] loss=0.1149 mask=0.1022 iou=0.0127
  Epoch 6 [250/440] loss=0.1148 mask=0.1020 iou=0.0128
  Epoch 6 [260/440] loss=0.1134 mask=0.1009 iou=0.0124
  Epoch 6 [270/440] loss=0.1127 mask=0.1006 iou=0.0122
  Epoch 6 [280/440] loss=0.1150 mask=0.1024 iou=0.0126
  Epoch 6 [290/440] loss=0.1159 mask=0.1032 iou=0.0126
  Epoch 6 [300/440] loss=0.1153 mask=0.1025 iou=0.0128
  Epoch 6 [310/440] loss=0.1148 mask=0.1021 iou=0.0127
  Epoch 6 [320/440] loss=0.1149 mask=0.1022 iou=0.0127
  Epoch 6 [330/440] loss=0.1156 mask=0.1028 iou=0.0128
  Epoch 6 [340/440] loss=0.1165 mask=0.1032 iou=0.0133
  Epoch 6 [350/440] loss=0.1157 mask=0.1027 iou=0.0131
  Epoch 6 [360/440] loss=0.1158 mask=0.1027 iou=0.0131
  Epoch 6 [370/440] loss=0.1145 mask=0.1017 iou=0.0128
  Epoch 6 [380/440] loss=0.1149 mask=0.1019 iou=0.0130
  Epoch 6 [390/440] loss=0.1145 mask=0.1017 iou=0.0128
  Epoch 6 [400/440] loss=0.1151 mask=0.1022 iou=0.0129
  Epoch 6 [410/440] loss=0.1150 mask=0.1021 iou=0.0128
  Epoch 6 [420/440] loss=0.1142 mask=0.1015 iou=0.0126
  Epoch 6 [430/440] loss=0.1147 mask=0.1020 iou=0.0127
  Epoch 6 [440/440] loss=0.1143 mask=0.1018 iou=0.0126
  Train: loss=0.1143 mask=0.1018 iou=0.0126 time=206.4s
  Val epoch 6: loss=0.1289
  Saved best phase1 model (val_loss=0.1289)

=== Phase1 Epoch 7/49 ===
  Epoch 7 [10/440] loss=0.1038 mask=0.0973 iou=0.0065
  Epoch 7 [20/440] loss=0.0956 mask=0.0906 iou=0.0049
  Epoch 7 [30/440] loss=0.1034 mask=0.0940 iou=0.0095
  Epoch 7 [40/440] loss=0.0965 mask=0.0885 iou=0.0080
  Epoch 7 [50/440] loss=0.0984 mask=0.0890 iou=0.0094
  Epoch 7 [60/440] loss=0.1016 mask=0.0907 iou=0.0109
  Epoch 7 [70/440] loss=0.1061 mask=0.0960 iou=0.0101
  Epoch 7 [80/440] loss=0.1039 mask=0.0939 iou=0.0100
  Epoch 7 [90/440] loss=0.1021 mask=0.0924 iou=0.0097
  Epoch 7 [100/440] loss=0.1036 mask=0.0937 iou=0.0099
  Epoch 7 [110/440] loss=0.1064 mask=0.0964 iou=0.0100
  Epoch 7 [120/440] loss=0.1064 mask=0.0964 iou=0.0100
  Epoch 7 [130/440] loss=0.1064 mask=0.0964 iou=0.0100
  Epoch 7 [140/440] loss=0.1036 mask=0.0937 iou=0.0099
  Epoch 7 [150/440] loss=0.1045 mask=0.0945 iou=0.0099
  Epoch 7 [160/440] loss=0.1065 mask=0.0957 iou=0.0108
  Epoch 7 [170/440] loss=0.1062 mask=0.0955 iou=0.0108
  Epoch 7 [180/440] loss=0.1062 mask=0.0954 iou=0.0108
  Epoch 7 [190/440] loss=0.1081 mask=0.0966 iou=0.0115
  Epoch 7 [200/440] loss=0.1089 mask=0.0970 iou=0.0119
  Epoch 7 [210/440] loss=0.1080 mask=0.0964 iou=0.0117
  Epoch 7 [220/440] loss=0.1061 mask=0.0947 iou=0.0114
  Epoch 7 [230/440] loss=0.1060 mask=0.0946 iou=0.0114
  Epoch 7 [240/440] loss=0.1052 mask=0.0940 iou=0.0112
  Epoch 7 [250/440] loss=0.1046 mask=0.0935 iou=0.0111
  Epoch 7 [260/440] loss=0.1053 mask=0.0941 iou=0.0112
  Epoch 7 [270/440] loss=0.1067 mask=0.0953 iou=0.0114
  Epoch 7 [280/440] loss=0.1049 mask=0.0937 iou=0.0111
  Epoch 7 [290/440] loss=0.1066 mask=0.0952 iou=0.0113
  Epoch 7 [300/440] loss=0.1058 mask=0.0945 iou=0.0114
  Epoch 7 [310/440] loss=0.1045 mask=0.0933 iou=0.0111
  Epoch 7 [320/440] loss=0.1041 mask=0.0932 iou=0.0109
  Epoch 7 [330/440] loss=0.1063 mask=0.0950 iou=0.0113
  Epoch 7 [340/440] loss=0.1058 mask=0.0945 iou=0.0112
  Epoch 7 [350/440] loss=0.1052 mask=0.0942 iou=0.0110
  Epoch 7 [360/440] loss=0.1045 mask=0.0935 iou=0.0109
  Epoch 7 [370/440] loss=0.1046 mask=0.0937 iou=0.0108
  Epoch 7 [380/440] loss=0.1055 mask=0.0943 iou=0.0111
  Epoch 7 [390/440] loss=0.1061 mask=0.0949 iou=0.0112
  Epoch 7 [400/440] loss=0.1057 mask=0.0946 iou=0.0111
  Epoch 7 [410/440] loss=0.1057 mask=0.0947 iou=0.0110
  Epoch 7 [420/440] loss=0.1059 mask=0.0950 iou=0.0109
  Epoch 7 [430/440] loss=0.1051 mask=0.0943 iou=0.0108
  Epoch 7 [440/440] loss=0.1064 mask=0.0954 iou=0.0110
  Train: loss=0.1064 mask=0.0954 iou=0.0110 time=204.2s
  Val epoch 7: loss=0.1317

=== Phase1 Epoch 8/49 ===
  Epoch 8 [10/440] loss=0.1461 mask=0.1276 iou=0.0186
  Epoch 8 [20/440] loss=0.1210 mask=0.1027 iou=0.0183
  Epoch 8 [30/440] loss=0.1110 mask=0.0949 iou=0.0161
  Epoch 8 [40/440] loss=0.1030 mask=0.0886 iou=0.0144
  Epoch 8 [50/440] loss=0.0956 mask=0.0834 iou=0.0122
  Epoch 8 [60/440] loss=0.0933 mask=0.0818 iou=0.0115
  Epoch 8 [70/440] loss=0.0922 mask=0.0816 iou=0.0105
  Epoch 8 [80/440] loss=0.0910 mask=0.0809 iou=0.0101
  Epoch 8 [90/440] loss=0.0900 mask=0.0803 iou=0.0097
  Epoch 8 [100/440] loss=0.0891 mask=0.0794 iou=0.0097
  Epoch 8 [110/440] loss=0.0903 mask=0.0810 iou=0.0093
  Epoch 8 [120/440] loss=0.0910 mask=0.0817 iou=0.0092
  Epoch 8 [130/440] loss=0.0939 mask=0.0846 iou=0.0093
  Epoch 8 [140/440] loss=0.0978 mask=0.0877 iou=0.0101
  Epoch 8 [150/440] loss=0.0995 mask=0.0889 iou=0.0106
  Epoch 8 [160/440] loss=0.1024 mask=0.0916 iou=0.0108
  Epoch 8 [170/440] loss=0.1027 mask=0.0919 iou=0.0108
  Epoch 8 [180/440] loss=0.1027 mask=0.0918 iou=0.0109
  Epoch 8 [190/440] loss=0.1032 mask=0.0923 iou=0.0109
  Epoch 8 [200/440] loss=0.1031 mask=0.0925 iou=0.0106
  Epoch 8 [210/440] loss=0.1033 mask=0.0927 iou=0.0105
  Epoch 8 [220/440] loss=0.1031 mask=0.0927 iou=0.0104
  Epoch 8 [230/440] loss=0.1021 mask=0.0920 iou=0.0102
  Epoch 8 [240/440] loss=0.1029 mask=0.0926 iou=0.0102
  Epoch 8 [250/440] loss=0.1019 mask=0.0918 iou=0.0100
  Epoch 8 [260/440] loss=0.1024 mask=0.0924 iou=0.0099
  Epoch 8 [270/440] loss=0.1030 mask=0.0929 iou=0.0101
  Epoch 8 [280/440] loss=0.1024 mask=0.0925 iou=0.0099
  Epoch 8 [290/440] loss=0.1021 mask=0.0923 iou=0.0098
  Epoch 8 [300/440] loss=0.1016 mask=0.0918 iou=0.0098
  Epoch 8 [310/440] loss=0.1016 mask=0.0919 iou=0.0097
  Epoch 8 [320/440] loss=0.1010 mask=0.0915 iou=0.0095
  Epoch 8 [330/440] loss=0.1002 mask=0.0909 iou=0.0093
  Epoch 8 [340/440] loss=0.1005 mask=0.0912 iou=0.0094
  Epoch 8 [350/440] loss=0.0997 mask=0.0905 iou=0.0093
  Epoch 8 [360/440] loss=0.1005 mask=0.0908 iou=0.0097
  Epoch 8 [370/440] loss=0.1013 mask=0.0914 iou=0.0099
  Epoch 8 [380/440] loss=0.1011 mask=0.0912 iou=0.0099
  Epoch 8 [390/440] loss=0.1009 mask=0.0911 iou=0.0098
  Epoch 8 [400/440] loss=0.1010 mask=0.0913 iou=0.0097
  Epoch 8 [410/440] loss=0.1004 mask=0.0907 iou=0.0097
  Epoch 8 [420/440] loss=0.1001 mask=0.0904 iou=0.0097
  Epoch 8 [430/440] loss=0.0996 mask=0.0900 iou=0.0096
  Epoch 8 [440/440] loss=0.1007 mask=0.0909 iou=0.0098
  Train: loss=0.1007 mask=0.0909 iou=0.0098 time=213.3s
  Val epoch 8: loss=0.1264
  Saved best phase1 model (val_loss=0.1264)

=== Phase1 Epoch 9/49 ===
  Epoch 9 [10/440] loss=0.1211 mask=0.1145 iou=0.0066
  Epoch 9 [20/440] loss=0.0975 mask=0.0914 iou=0.0061
  Epoch 9 [30/440] loss=0.0872 mask=0.0818 iou=0.0054
  Epoch 9 [40/440] loss=0.0854 mask=0.0799 iou=0.0055
  Epoch 9 [50/440] loss=0.0891 mask=0.0833 iou=0.0059
  Epoch 9 [60/440] loss=0.0885 mask=0.0820 iou=0.0065
  Epoch 9 [70/440] loss=0.0855 mask=0.0795 iou=0.0060
  Epoch 9 [80/440] loss=0.0839 mask=0.0779 iou=0.0059
  Epoch 9 [90/440] loss=0.0870 mask=0.0807 iou=0.0063
  Epoch 9 [100/440] loss=0.0870 mask=0.0807 iou=0.0063
  Epoch 9 [110/440] loss=0.0897 mask=0.0827 iou=0.0070
  Epoch 9 [120/440] loss=0.0937 mask=0.0859 iou=0.0077
  Epoch 9 [130/440] loss=0.0934 mask=0.0859 iou=0.0075
  Epoch 9 [140/440] loss=0.0945 mask=0.0866 iou=0.0080
  Epoch 9 [150/440] loss=0.0948 mask=0.0865 iou=0.0083
  Epoch 9 [160/440] loss=0.0960 mask=0.0878 iou=0.0082
  Epoch 9 [170/440] loss=0.1006 mask=0.0911 iou=0.0095
  Epoch 9 [180/440] loss=0.1005 mask=0.0909 iou=0.0096
  Epoch 9 [190/440] loss=0.0991 mask=0.0898 iou=0.0093
  Epoch 9 [200/440] loss=0.0986 mask=0.0894 iou=0.0092
  Epoch 9 [210/440] loss=0.0982 mask=0.0891 iou=0.0090
  Epoch 9 [220/440] loss=0.0992 mask=0.0904 iou=0.0088
  Epoch 9 [230/440] loss=0.1013 mask=0.0919 iou=0.0093
  Epoch 9 [240/440] loss=0.1002 mask=0.0912 iou=0.0091
  Epoch 9 [250/440] loss=0.1016 mask=0.0921 iou=0.0096
  Epoch 9 [260/440] loss=0.1027 mask=0.0932 iou=0.0095
  Epoch 9 [270/440] loss=0.1028 mask=0.0933 iou=0.0094
  Epoch 9 [280/440] loss=0.1035 mask=0.0940 iou=0.0095
  Epoch 9 [290/440] loss=0.1037 mask=0.0940 iou=0.0097
  Epoch 9 [300/440] loss=0.1052 mask=0.0953 iou=0.0100
  Epoch 9 [310/440] loss=0.1044 mask=0.0946 iou=0.0098
  Epoch 9 [320/440] loss=0.1044 mask=0.0944 iou=0.0100
  Epoch 9 [330/440] loss=0.1059 mask=0.0955 iou=0.0104
  Epoch 9 [340/440] loss=0.1049 mask=0.0947 iou=0.0103
  Epoch 9 [350/440] loss=0.1042 mask=0.0940 iou=0.0102
  Epoch 9 [360/440] loss=0.1049 mask=0.0945 iou=0.0104
  Epoch 9 [370/440] loss=0.1043 mask=0.0940 iou=0.0103
  Epoch 9 [380/440] loss=0.1038 mask=0.0934 iou=0.0104
  Epoch 9 [390/440] loss=0.1036 mask=0.0933 iou=0.0103
  Epoch 9 [400/440] loss=0.1033 mask=0.0932 iou=0.0102
  Epoch 9 [410/440] loss=0.1025 mask=0.0925 iou=0.0100
  Epoch 9 [420/440] loss=0.1015 mask=0.0916 iou=0.0098
  Epoch 9 [430/440] loss=0.1011 mask=0.0914 iou=0.0097
  Epoch 9 [440/440] loss=0.1003 mask=0.0908 iou=0.0095
  Train: loss=0.1003 mask=0.0908 iou=0.0095 time=202.9s
  Val epoch 9: loss=0.1259
  Saved best phase1 model (val_loss=0.1259)

=== Phase1 Epoch 10/49 ===
  Epoch 10 [10/440] loss=0.1122 mask=0.0982 iou=0.0141
  Epoch 10 [20/440] loss=0.1247 mask=0.1062 iou=0.0185
  Epoch 10 [30/440] loss=0.1192 mask=0.1030 iou=0.0161
  Epoch 10 [40/440] loss=0.1164 mask=0.1008 iou=0.0156
  Epoch 10 [50/440] loss=0.1078 mask=0.0931 iou=0.0147
  Epoch 10 [60/440] loss=0.1031 mask=0.0900 iou=0.0132
  Epoch 10 [70/440] loss=0.1013 mask=0.0890 iou=0.0123
  Epoch 10 [80/440] loss=0.0997 mask=0.0882 iou=0.0115
  Epoch 10 [90/440] loss=0.1015 mask=0.0899 iou=0.0116
  Epoch 10 [100/440] loss=0.1005 mask=0.0893 iou=0.0112
  Epoch 10 [110/440] loss=0.1016 mask=0.0902 iou=0.0114
  Epoch 10 [120/440] loss=0.1003 mask=0.0894 iou=0.0109
  Epoch 10 [130/440] loss=0.0972 mask=0.0869 iou=0.0103
  Epoch 10 [140/440] loss=0.0972 mask=0.0873 iou=0.0099
  Epoch 10 [150/440] loss=0.0967 mask=0.0871 iou=0.0097
  Epoch 10 [160/440] loss=0.0961 mask=0.0867 iou=0.0095
  Epoch 10 [170/440] loss=0.0948 mask=0.0857 iou=0.0091
  Epoch 10 [180/440] loss=0.0935 mask=0.0848 iou=0.0088
  Epoch 10 [190/440] loss=0.0915 mask=0.0830 iou=0.0085
  Epoch 10 [200/440] loss=0.0907 mask=0.0825 iou=0.0083
  Epoch 10 [210/440] loss=0.0894 mask=0.0814 iou=0.0081
  Epoch 10 [220/440] loss=0.0905 mask=0.0821 iou=0.0084
  Epoch 10 [230/440] loss=0.0911 mask=0.0827 iou=0.0084
  Epoch 10 [240/440] loss=0.0908 mask=0.0823 iou=0.0085
  Epoch 10 [250/440] loss=0.0908 mask=0.0823 iou=0.0084
  Epoch 10 [260/440] loss=0.0931 mask=0.0841 iou=0.0090
  Epoch 10 [270/440] loss=0.0944 mask=0.0852 iou=0.0092
  Epoch 10 [280/440] loss=0.0934 mask=0.0843 iou=0.0091
  Epoch 10 [290/440] loss=0.0936 mask=0.0846 iou=0.0091
  Epoch 10 [300/440] loss=0.0940 mask=0.0846 iou=0.0094
  Epoch 10 [310/440] loss=0.0930 mask=0.0838 iou=0.0093
  Epoch 10 [320/440] loss=0.0935 mask=0.0843 iou=0.0092
  Epoch 10 [330/440] loss=0.0933 mask=0.0841 iou=0.0092
  Epoch 10 [340/440] loss=0.0928 mask=0.0837 iou=0.0091
  Epoch 10 [350/440] loss=0.0928 mask=0.0837 iou=0.0091
  Epoch 10 [360/440] loss=0.0924 mask=0.0833 iou=0.0090
  Epoch 10 [370/440] loss=0.0917 mask=0.0828 iou=0.0089
  Epoch 10 [380/440] loss=0.0917 mask=0.0828 iou=0.0089
  Epoch 10 [390/440] loss=0.0925 mask=0.0836 iou=0.0089
  Epoch 10 [400/440] loss=0.0931 mask=0.0842 iou=0.0089
  Epoch 10 [410/440] loss=0.0927 mask=0.0838 iou=0.0089
  Epoch 10 [420/440] loss=0.0925 mask=0.0836 iou=0.0089
  Epoch 10 [430/440] loss=0.0923 mask=0.0835 iou=0.0087
  Epoch 10 [440/440] loss=0.0932 mask=0.0844 iou=0.0088
  Train: loss=0.0932 mask=0.0844 iou=0.0088 time=211.5s
  Val epoch 10: loss=0.1265

=== Phase1 Epoch 11/49 ===
  Epoch 11 [10/440] loss=0.0861 mask=0.0785 iou=0.0077
  Epoch 11 [20/440] loss=0.0957 mask=0.0899 iou=0.0058
  Epoch 11 [30/440] loss=0.0969 mask=0.0897 iou=0.0072
  Epoch 11 [40/440] loss=0.0968 mask=0.0903 iou=0.0065
  Epoch 11 [50/440] loss=0.0904 mask=0.0844 iou=0.0060
  Epoch 11 [60/440] loss=0.0865 mask=0.0805 iou=0.0060
  Epoch 11 [70/440] loss=0.0850 mask=0.0789 iou=0.0061
  Epoch 11 [80/440] loss=0.0872 mask=0.0803 iou=0.0069
  Epoch 11 [90/440] loss=0.0880 mask=0.0810 iou=0.0070
  Epoch 11 [100/440] loss=0.0861 mask=0.0793 iou=0.0068
  Epoch 11 [110/440] loss=0.0837 mask=0.0771 iou=0.0065
  Epoch 11 [120/440] loss=0.0828 mask=0.0766 iou=0.0063
  Epoch 11 [130/440] loss=0.0817 mask=0.0757 iou=0.0060
  Epoch 11 [140/440] loss=0.0821 mask=0.0761 iou=0.0060
  Epoch 11 [150/440] loss=0.0829 mask=0.0768 iou=0.0061
  Epoch 11 [160/440] loss=0.0843 mask=0.0780 iou=0.0064
  Epoch 11 [170/440] loss=0.0834 mask=0.0773 iou=0.0062
  Epoch 11 [180/440] loss=0.0849 mask=0.0783 iou=0.0065
  Epoch 11 [190/440] loss=0.0844 mask=0.0780 iou=0.0064
  Epoch 11 [200/440] loss=0.0848 mask=0.0782 iou=0.0066
  Epoch 11 [210/440] loss=0.0853 mask=0.0786 iou=0.0067
  Epoch 11 [220/440] loss=0.0854 mask=0.0788 iou=0.0066
  Epoch 11 [230/440] loss=0.0859 mask=0.0791 iou=0.0068
  Epoch 11 [240/440] loss=0.0857 mask=0.0790 iou=0.0068
  Epoch 11 [250/440] loss=0.0864 mask=0.0796 iou=0.0068
  Epoch 11 [260/440] loss=0.0862 mask=0.0796 iou=0.0066
  Epoch 11 [270/440] loss=0.0868 mask=0.0801 iou=0.0067
  Epoch 11 [280/440] loss=0.0866 mask=0.0800 iou=0.0066
  Epoch 11 [290/440] loss=0.0867 mask=0.0802 iou=0.0065
  Epoch 11 [300/440] loss=0.0860 mask=0.0795 iou=0.0065
  Epoch 11 [310/440] loss=0.0864 mask=0.0799 iou=0.0065
  Epoch 11 [320/440] loss=0.0874 mask=0.0809 iou=0.0065
  Epoch 11 [330/440] loss=0.0868 mask=0.0803 iou=0.0065
  Epoch 11 [340/440] loss=0.0863 mask=0.0799 iou=0.0064
  Epoch 11 [350/440] loss=0.0861 mask=0.0798 iou=0.0063
  Epoch 11 [360/440] loss=0.0857 mask=0.0794 iou=0.0062
  Epoch 11 [370/440] loss=0.0854 mask=0.0791 iou=0.0063
  Epoch 11 [380/440] loss=0.0849 mask=0.0787 iou=0.0062
  Epoch 11 [390/440] loss=0.0854 mask=0.0790 iou=0.0064
  Epoch 11 [400/440] loss=0.0860 mask=0.0796 iou=0.0064
  Epoch 11 [410/440] loss=0.0863 mask=0.0799 iou=0.0064
  Epoch 11 [420/440] loss=0.0860 mask=0.0797 iou=0.0063
  Epoch 11 [430/440] loss=0.0853 mask=0.0791 iou=0.0063
  Epoch 11 [440/440] loss=0.0862 mask=0.0797 iou=0.0065
  Train: loss=0.0862 mask=0.0797 iou=0.0065 time=201.7s
  Val epoch 11: loss=0.1167
  Saved best phase1 model (val_loss=0.1167)

=== Phase1 Epoch 12/49 ===
  Epoch 12 [10/440] loss=0.0949 mask=0.0865 iou=0.0084
  Epoch 12 [20/440] loss=0.0848 mask=0.0777 iou=0.0072
  Epoch 12 [30/440] loss=0.0810 mask=0.0748 iou=0.0062
  Epoch 12 [40/440] loss=0.0955 mask=0.0875 iou=0.0080
  Epoch 12 [50/440] loss=0.0882 mask=0.0814 iou=0.0069
  Epoch 12 [60/440] loss=0.0867 mask=0.0803 iou=0.0064
  Epoch 12 [70/440] loss=0.0881 mask=0.0818 iou=0.0063
  Epoch 12 [80/440] loss=0.0859 mask=0.0798 iou=0.0060
  Epoch 12 [90/440] loss=0.0862 mask=0.0799 iou=0.0064
  Epoch 12 [100/440] loss=0.0865 mask=0.0804 iou=0.0062
  Epoch 12 [110/440] loss=0.0833 mask=0.0775 iou=0.0058
  Epoch 12 [120/440] loss=0.0805 mask=0.0749 iou=0.0056
  Epoch 12 [130/440] loss=0.0797 mask=0.0742 iou=0.0055
  Epoch 12 [140/440] loss=0.0815 mask=0.0758 iou=0.0057
  Epoch 12 [150/440] loss=0.0847 mask=0.0785 iou=0.0062
  Epoch 12 [160/440] loss=0.0841 mask=0.0781 iou=0.0060
  Epoch 12 [170/440] loss=0.0836 mask=0.0777 iou=0.0059
  Epoch 12 [180/440] loss=0.0828 mask=0.0771 iou=0.0057
  Epoch 12 [190/440] loss=0.0815 mask=0.0759 iou=0.0056
  Epoch 12 [200/440] loss=0.0823 mask=0.0765 iou=0.0058
  Epoch 12 [210/440] loss=0.0836 mask=0.0776 iou=0.0060
  Epoch 12 [220/440] loss=0.0839 mask=0.0778 iou=0.0061
  Epoch 12 [230/440] loss=0.0852 mask=0.0789 iou=0.0063
  Epoch 12 [240/440] loss=0.0860 mask=0.0796 iou=0.0064
  Epoch 12 [250/440] loss=0.0862 mask=0.0797 iou=0.0066
  Epoch 12 [260/440] loss=0.0866 mask=0.0801 iou=0.0066
  Epoch 12 [270/440] loss=0.0859 mask=0.0794 iou=0.0065
  Epoch 12 [280/440] loss=0.0863 mask=0.0797 iou=0.0066
  Epoch 12 [290/440] loss=0.0854 mask=0.0790 iou=0.0064
  Epoch 12 [300/440] loss=0.0844 mask=0.0781 iou=0.0063
  Epoch 12 [310/440] loss=0.0842 mask=0.0779 iou=0.0063
  Epoch 12 [320/440] loss=0.0849 mask=0.0785 iou=0.0065
  Epoch 12 [330/440] loss=0.0846 mask=0.0782 iou=0.0064
  Epoch 12 [340/440] loss=0.0846 mask=0.0783 iou=0.0063
  Epoch 12 [350/440] loss=0.0844 mask=0.0781 iou=0.0063
  Epoch 12 [360/440] loss=0.0845 mask=0.0782 iou=0.0062
  Epoch 12 [370/440] loss=0.0842 mask=0.0780 iou=0.0061
  Epoch 12 [380/440] loss=0.0841 mask=0.0780 iou=0.0061
  Epoch 12 [390/440] loss=0.0852 mask=0.0790 iou=0.0062
  Epoch 12 [400/440] loss=0.0855 mask=0.0792 iou=0.0062
  Epoch 12 [410/440] loss=0.0859 mask=0.0797 iou=0.0062
  Epoch 12 [420/440] loss=0.0854 mask=0.0792 iou=0.0062
  Epoch 12 [430/440] loss=0.0861 mask=0.0798 iou=0.0062
  Epoch 12 [440/440] loss=0.0861 mask=0.0799 iou=0.0062
  Train: loss=0.0861 mask=0.0799 iou=0.0062 time=204.0s
  Val epoch 12: loss=0.1150
  Saved best phase1 model (val_loss=0.1150)

=== Phase1 Epoch 13/49 ===
  Epoch 13 [10/440] loss=0.0686 mask=0.0642 iou=0.0043
  Epoch 13 [20/440] loss=0.0837 mask=0.0767 iou=0.0070
  Epoch 13 [30/440] loss=0.0860 mask=0.0780 iou=0.0080
  Epoch 13 [40/440] loss=0.0872 mask=0.0801 iou=0.0071
  Epoch 13 [50/440] loss=0.0835 mask=0.0769 iou=0.0066
  Epoch 13 [60/440] loss=0.0892 mask=0.0822 iou=0.0070
  Epoch 13 [70/440] loss=0.0880 mask=0.0814 iou=0.0065
  Epoch 13 [80/440] loss=0.0838 mask=0.0778 iou=0.0060
  Epoch 13 [90/440] loss=0.0830 mask=0.0774 iou=0.0056
  Epoch 13 [100/440] loss=0.0853 mask=0.0798 iou=0.0054
  Epoch 13 [110/440] loss=0.0881 mask=0.0823 iou=0.0058
  Epoch 13 [120/440] loss=0.0868 mask=0.0811 iou=0.0057
  Epoch 13 [130/440] loss=0.0839 mask=0.0785 iou=0.0054
  Epoch 13 [140/440] loss=0.0840 mask=0.0786 iou=0.0054
  Epoch 13 [150/440] loss=0.0848 mask=0.0793 iou=0.0054
  Epoch 13 [160/440] loss=0.0848 mask=0.0793 iou=0.0055
  Epoch 13 [170/440] loss=0.0844 mask=0.0790 iou=0.0054
  Epoch 13 [180/440] loss=0.0851 mask=0.0793 iou=0.0058
  Epoch 13 [190/440] loss=0.0846 mask=0.0790 iou=0.0057
  Epoch 13 [200/440] loss=0.0835 mask=0.0779 iou=0.0056
  Epoch 13 [210/440] loss=0.0825 mask=0.0770 iou=0.0055
  Epoch 13 [220/440] loss=0.0822 mask=0.0769 iou=0.0053
  Epoch 13 [230/440] loss=0.0818 mask=0.0765 iou=0.0053
  Epoch 13 [240/440] loss=0.0810 mask=0.0758 iou=0.0052
  Epoch 13 [250/440] loss=0.0810 mask=0.0758 iou=0.0052
  Epoch 13 [260/440] loss=0.0814 mask=0.0761 iou=0.0052
  Epoch 13 [270/440] loss=0.0815 mask=0.0762 iou=0.0053
  Epoch 13 [280/440] loss=0.0817 mask=0.0763 iou=0.0054
  Epoch 13 [290/440] loss=0.0822 mask=0.0765 iou=0.0057
  Epoch 13 [300/440] loss=0.0820 mask=0.0764 iou=0.0057
  Epoch 13 [310/440] loss=0.0825 mask=0.0768 iou=0.0056
  Epoch 13 [320/440] loss=0.0825 mask=0.0768 iou=0.0057
  Epoch 13 [330/440] loss=0.0826 mask=0.0769 iou=0.0057
  Epoch 13 [340/440] loss=0.0827 mask=0.0769 iou=0.0058
  Epoch 13 [350/440] loss=0.0823 mask=0.0765 iou=0.0057
  Epoch 13 [360/440] loss=0.0834 mask=0.0774 iou=0.0059
  Epoch 13 [370/440] loss=0.0834 mask=0.0775 iou=0.0059
  Epoch 13 [380/440] loss=0.0832 mask=0.0773 iou=0.0059
  Epoch 13 [390/440] loss=0.0831 mask=0.0772 iou=0.0059
  Epoch 13 [400/440] loss=0.0841 mask=0.0780 iou=0.0062
  Epoch 13 [410/440] loss=0.0841 mask=0.0780 iou=0.0062
  Epoch 13 [420/440] loss=0.0842 mask=0.0781 iou=0.0061
  Epoch 13 [430/440] loss=0.0841 mask=0.0780 iou=0.0061
  Epoch 13 [440/440] loss=0.0834 mask=0.0774 iou=0.0060
  Train: loss=0.0834 mask=0.0774 iou=0.0060 time=200.2s
  Val epoch 13: loss=0.1081
  Saved best phase1 model (val_loss=0.1081)

=== Phase1 Epoch 14/49 ===
  Epoch 14 [10/440] loss=0.1243 mask=0.1086 iou=0.0156
  Epoch 14 [20/440] loss=0.0955 mask=0.0861 iou=0.0094
  Epoch 14 [30/440] loss=0.0845 mask=0.0770 iou=0.0074
  Epoch 14 [40/440] loss=0.0788 mask=0.0724 iou=0.0065
  Epoch 14 [50/440] loss=0.0734 mask=0.0679 iou=0.0055
  Epoch 14 [60/440] loss=0.0718 mask=0.0668 iou=0.0050
  Epoch 14 [70/440] loss=0.0754 mask=0.0703 iou=0.0051
  Epoch 14 [80/440] loss=0.0762 mask=0.0712 iou=0.0050
  Epoch 14 [90/440] loss=0.0791 mask=0.0742 iou=0.0049
  Epoch 14 [100/440] loss=0.0791 mask=0.0744 iou=0.0048
  Epoch 14 [110/440] loss=0.0775 mask=0.0729 iou=0.0046
  Epoch 14 [120/440] loss=0.0789 mask=0.0744 iou=0.0045
  Epoch 14 [130/440] loss=0.0789 mask=0.0745 iou=0.0044
  Epoch 14 [140/440] loss=0.0774 mask=0.0730 iou=0.0044
  Epoch 14 [150/440] loss=0.0785 mask=0.0742 iou=0.0043
  Epoch 14 [160/440] loss=0.0791 mask=0.0748 iou=0.0044
  Epoch 14 [170/440] loss=0.0792 mask=0.0748 iou=0.0044
  Epoch 14 [180/440] loss=0.0792 mask=0.0747 iou=0.0044
  Epoch 14 [190/440] loss=0.0790 mask=0.0745 iou=0.0044
  Epoch 14 [200/440] loss=0.0792 mask=0.0746 iou=0.0046
  Epoch 14 [210/440] loss=0.0799 mask=0.0753 iou=0.0046
  Epoch 14 [220/440] loss=0.0793 mask=0.0748 iou=0.0045
  Epoch 14 [230/440] loss=0.0788 mask=0.0743 iou=0.0045
  Epoch 14 [240/440] loss=0.0787 mask=0.0743 iou=0.0045
  Epoch 14 [250/440] loss=0.0779 mask=0.0735 iou=0.0044
  Epoch 14 [260/440] loss=0.0775 mask=0.0732 iou=0.0043
  Epoch 14 [270/440] loss=0.0782 mask=0.0738 iou=0.0045
  Epoch 14 [280/440] loss=0.0772 mask=0.0728 iou=0.0044
  Epoch 14 [290/440] loss=0.0776 mask=0.0732 iou=0.0045
  Epoch 14 [300/440] loss=0.0769 mask=0.0725 iou=0.0044
  Epoch 14 [310/440] loss=0.0780 mask=0.0735 iou=0.0045
  Epoch 14 [320/440] loss=0.0785 mask=0.0740 iou=0.0045
  Epoch 14 [330/440] loss=0.0796 mask=0.0750 iou=0.0046
  Epoch 14 [340/440] loss=0.0793 mask=0.0748 iou=0.0045
  Epoch 14 [350/440] loss=0.0798 mask=0.0752 iou=0.0046
  Epoch 14 [360/440] loss=0.0803 mask=0.0756 iou=0.0047
  Epoch 14 [370/440] loss=0.0809 mask=0.0761 iou=0.0048
  Epoch 14 [380/440] loss=0.0806 mask=0.0759 iou=0.0048
  Epoch 14 [390/440] loss=0.0809 mask=0.0760 iou=0.0049
  Epoch 14 [400/440] loss=0.0808 mask=0.0759 iou=0.0050
  Epoch 14 [410/440] loss=0.0820 mask=0.0770 iou=0.0050
  Epoch 14 [420/440] loss=0.0817 mask=0.0768 iou=0.0050
  Epoch 14 [430/440] loss=0.0809 mask=0.0760 iou=0.0049
  Epoch 14 [440/440] loss=0.0810 mask=0.0760 iou=0.0050
  Train: loss=0.0810 mask=0.0760 iou=0.0050 time=207.0s
  Val epoch 14: loss=0.1087

=== Phase1 Epoch 15/49 ===
  Epoch 15 [10/440] loss=0.0867 mask=0.0817 iou=0.0050
  Epoch 15 [20/440] loss=0.0841 mask=0.0796 iou=0.0045
  Epoch 15 [30/440] loss=0.0801 mask=0.0762 iou=0.0040
  Epoch 15 [40/440] loss=0.0792 mask=0.0750 iou=0.0041
  Epoch 15 [50/440] loss=0.0744 mask=0.0706 iou=0.0039
  Epoch 15 [60/440] loss=0.0732 mask=0.0694 iou=0.0038
  Epoch 15 [70/440] loss=0.0739 mask=0.0697 iou=0.0041
  Epoch 15 [80/440] loss=0.0727 mask=0.0686 iou=0.0041
  Epoch 15 [90/440] loss=0.0761 mask=0.0705 iou=0.0056
  Epoch 15 [100/440] loss=0.0781 mask=0.0725 iou=0.0057
  Epoch 15 [110/440] loss=0.0768 mask=0.0714 iou=0.0054
  Epoch 15 [120/440] loss=0.0750 mask=0.0698 iou=0.0052
  Epoch 15 [130/440] loss=0.0757 mask=0.0707 iou=0.0050
  Epoch 15 [140/440] loss=0.0752 mask=0.0702 iou=0.0050
  Epoch 15 [150/440] loss=0.0771 mask=0.0720 iou=0.0051
  Epoch 15 [160/440] loss=0.0761 mask=0.0711 iou=0.0050
  Epoch 15 [170/440] loss=0.0745 mask=0.0697 iou=0.0048
  Epoch 15 [180/440] loss=0.0745 mask=0.0698 iou=0.0047
  Epoch 15 [190/440] loss=0.0751 mask=0.0704 iou=0.0047
  Epoch 15 [200/440] loss=0.0740 mask=0.0695 iou=0.0046
  Epoch 15 [210/440] loss=0.0735 mask=0.0689 iou=0.0046
  Epoch 15 [220/440] loss=0.0735 mask=0.0689 iou=0.0046
  Epoch 15 [230/440] loss=0.0748 mask=0.0698 iou=0.0050
  Epoch 15 [240/440] loss=0.0735 mask=0.0687 iou=0.0048
  Epoch 15 [250/440] loss=0.0746 mask=0.0698 iou=0.0048
  Epoch 15 [260/440] loss=0.0742 mask=0.0694 iou=0.0048
  Epoch 15 [270/440] loss=0.0750 mask=0.0702 iou=0.0048
  Epoch 15 [280/440] loss=0.0761 mask=0.0710 iou=0.0051
  Epoch 15 [290/440] loss=0.0772 mask=0.0719 iou=0.0053
  Epoch 15 [300/440] loss=0.0770 mask=0.0717 iou=0.0053
  Epoch 15 [310/440] loss=0.0767 mask=0.0716 iou=0.0052
  Epoch 15 [320/440] loss=0.0779 mask=0.0726 iou=0.0053
  Epoch 15 [330/440] loss=0.0789 mask=0.0735 iou=0.0053
  Epoch 15 [340/440] loss=0.0788 mask=0.0735 iou=0.0053
  Epoch 15 [350/440] loss=0.0785 mask=0.0732 iou=0.0053
  Epoch 15 [360/440] loss=0.0781 mask=0.0728 iou=0.0052
  Epoch 15 [370/440] loss=0.0778 mask=0.0725 iou=0.0053
  Epoch 15 [380/440] loss=0.0787 mask=0.0734 iou=0.0053
  Epoch 15 [390/440] loss=0.0788 mask=0.0735 iou=0.0053
  Epoch 15 [400/440] loss=0.0792 mask=0.0739 iou=0.0053
  Epoch 15 [410/440] loss=0.0789 mask=0.0737 iou=0.0052
  Epoch 15 [420/440] loss=0.0789 mask=0.0737 iou=0.0052
  Epoch 15 [430/440] loss=0.0793 mask=0.0741 iou=0.0052
  Epoch 15 [440/440] loss=0.0797 mask=0.0745 iou=0.0052
  Train: loss=0.0797 mask=0.0745 iou=0.0052 time=202.9s
  Val epoch 15: loss=0.1081

=== Phase1 Epoch 16/49 ===
  Epoch 16 [10/440] loss=0.1047 mask=0.1011 iou=0.0036
  Epoch 16 [20/440] loss=0.0995 mask=0.0935 iou=0.0060
  Epoch 16 [30/440] loss=0.0872 mask=0.0821 iou=0.0051
  Epoch 16 [40/440] loss=0.0848 mask=0.0799 iou=0.0049
  Epoch 16 [50/440] loss=0.0758 mask=0.0711 iou=0.0047
  Epoch 16 [60/440] loss=0.0739 mask=0.0696 iou=0.0043
  Epoch 16 [70/440] loss=0.0732 mask=0.0690 iou=0.0042
  Epoch 16 [80/440] loss=0.0731 mask=0.0689 iou=0.0042
  Epoch 16 [90/440] loss=0.0765 mask=0.0719 iou=0.0045
  Epoch 16 [100/440] loss=0.0767 mask=0.0722 iou=0.0044
  Epoch 16 [110/440] loss=0.0764 mask=0.0721 iou=0.0043
  Epoch 16 [120/440] loss=0.0770 mask=0.0725 iou=0.0045
  Epoch 16 [130/440] loss=0.0763 mask=0.0720 iou=0.0043
  Epoch 16 [140/440] loss=0.0765 mask=0.0723 iou=0.0042
  Epoch 16 [150/440] loss=0.0746 mask=0.0706 iou=0.0040
  Epoch 16 [160/440] loss=0.0752 mask=0.0710 iou=0.0042
  Epoch 16 [170/440] loss=0.0767 mask=0.0721 iou=0.0046
  Epoch 16 [180/440] loss=0.0781 mask=0.0733 iou=0.0048
  Epoch 16 [190/440] loss=0.0787 mask=0.0739 iou=0.0048
  Epoch 16 [200/440] loss=0.0784 mask=0.0735 iou=0.0049
  Epoch 16 [210/440] loss=0.0774 mask=0.0726 iou=0.0048
  Epoch 16 [220/440] loss=0.0775 mask=0.0729 iou=0.0046
  Epoch 16 [230/440] loss=0.0782 mask=0.0735 iou=0.0047
  Epoch 16 [240/440] loss=0.0787 mask=0.0740 iou=0.0047
  Epoch 16 [250/440] loss=0.0795 mask=0.0748 iou=0.0047
  Epoch 16 [260/440] loss=0.0808 mask=0.0759 iou=0.0048
  Epoch 16 [270/440] loss=0.0812 mask=0.0761 iou=0.0051
  Epoch 16 [280/440] loss=0.0821 mask=0.0768 iou=0.0053
  Epoch 16 [290/440] loss=0.0818 mask=0.0766 iou=0.0053
  Epoch 16 [300/440] loss=0.0819 mask=0.0766 iou=0.0053
  Epoch 16 [310/440] loss=0.0814 mask=0.0762 iou=0.0053
  Epoch 16 [320/440] loss=0.0810 mask=0.0758 iou=0.0052
  Epoch 16 [330/440] loss=0.0811 mask=0.0759 iou=0.0052
  Epoch 16 [340/440] loss=0.0816 mask=0.0764 iou=0.0052
  Epoch 16 [350/440] loss=0.0814 mask=0.0762 iou=0.0052
  Epoch 16 [360/440] loss=0.0817 mask=0.0765 iou=0.0052
  Epoch 16 [370/440] loss=0.0813 mask=0.0761 iou=0.0052
  Epoch 16 [380/440] loss=0.0817 mask=0.0765 iou=0.0052
  Epoch 16 [390/440] loss=0.0812 mask=0.0761 iou=0.0051
  Epoch 16 [400/440] loss=0.0818 mask=0.0767 iou=0.0052
  Epoch 16 [410/440] loss=0.0813 mask=0.0761 iou=0.0052
  Epoch 16 [420/440] loss=0.0811 mask=0.0759 iou=0.0052
  Epoch 16 [430/440] loss=0.0814 mask=0.0762 iou=0.0051
  Epoch 16 [440/440] loss=0.0810 mask=0.0759 iou=0.0051
  Train: loss=0.0810 mask=0.0759 iou=0.0051 time=205.5s
  Val epoch 16: loss=0.1095

=== Phase1 Epoch 17/49 ===
  Epoch 17 [10/440] loss=0.0585 mask=0.0568 iou=0.0017
  Epoch 17 [20/440] loss=0.0691 mask=0.0665 iou=0.0026
  Epoch 17 [30/440] loss=0.0631 mask=0.0606 iou=0.0025
  Epoch 17 [40/440] loss=0.0680 mask=0.0638 iou=0.0043
  Epoch 17 [50/440] loss=0.0650 mask=0.0610 iou=0.0040
  Epoch 17 [60/440] loss=0.0684 mask=0.0642 iou=0.0043
  Epoch 17 [70/440] loss=0.0686 mask=0.0646 iou=0.0040
  Epoch 17 [80/440] loss=0.0728 mask=0.0686 iou=0.0042
  Epoch 17 [90/440] loss=0.0733 mask=0.0690 iou=0.0043
  Epoch 17 [100/440] loss=0.0731 mask=0.0690 iou=0.0041
  Epoch 17 [110/440] loss=0.0724 mask=0.0683 iou=0.0041
  Epoch 17 [120/440] loss=0.0737 mask=0.0695 iou=0.0042
  Epoch 17 [130/440] loss=0.0722 mask=0.0681 iou=0.0040
  Epoch 17 [140/440] loss=0.0724 mask=0.0682 iou=0.0043
  Epoch 17 [150/440] loss=0.0731 mask=0.0686 iou=0.0045
  Epoch 17 [160/440] loss=0.0738 mask=0.0692 iou=0.0046
  Epoch 17 [170/440] loss=0.0738 mask=0.0692 iou=0.0045
  Epoch 17 [180/440] loss=0.0730 mask=0.0686 iou=0.0044
  Epoch 17 [190/440] loss=0.0738 mask=0.0693 iou=0.0045
  Epoch 17 [200/440] loss=0.0751 mask=0.0707 iou=0.0044
  Epoch 17 [210/440] loss=0.0751 mask=0.0707 iou=0.0043
  Epoch 17 [220/440] loss=0.0751 mask=0.0707 iou=0.0044
  Epoch 17 [230/440] loss=0.0745 mask=0.0702 iou=0.0043
  Epoch 17 [240/440] loss=0.0742 mask=0.0700 iou=0.0042
  Epoch 17 [250/440] loss=0.0754 mask=0.0710 iou=0.0044
  Epoch 17 [260/440] loss=0.0762 mask=0.0719 iou=0.0043
  Epoch 17 [270/440] loss=0.0769 mask=0.0726 iou=0.0043
  Epoch 17 [280/440] loss=0.0772 mask=0.0729 iou=0.0043
  Epoch 17 [290/440] loss=0.0782 mask=0.0736 iou=0.0045
  Epoch 17 [300/440] loss=0.0777 mask=0.0732 iou=0.0045
  Epoch 17 [310/440] loss=0.0783 mask=0.0738 iou=0.0046
  Epoch 17 [320/440] loss=0.0777 mask=0.0731 iou=0.0045
  Epoch 17 [330/440] loss=0.0780 mask=0.0734 iou=0.0046
  Epoch 17 [340/440] loss=0.0779 mask=0.0734 iou=0.0045
  Epoch 17 [350/440] loss=0.0771 mask=0.0727 iou=0.0045
  Epoch 17 [360/440] loss=0.0768 mask=0.0724 iou=0.0044
  Epoch 17 [370/440] loss=0.0762 mask=0.0718 iou=0.0044
  Epoch 17 [380/440] loss=0.0763 mask=0.0718 iou=0.0044
  Epoch 17 [390/440] loss=0.0761 mask=0.0717 iou=0.0044
  Epoch 17 [400/440] loss=0.0765 mask=0.0720 iou=0.0045
  Epoch 17 [410/440] loss=0.0768 mask=0.0722 iou=0.0045
  Epoch 17 [420/440] loss=0.0776 mask=0.0730 iou=0.0046
  Epoch 17 [430/440] loss=0.0773 mask=0.0727 iou=0.0046
  Epoch 17 [440/440] loss=0.0772 mask=0.0726 iou=0.0046
  Train: loss=0.0772 mask=0.0726 iou=0.0046 time=205.5s
  Val epoch 17: loss=0.1074
  Saved best phase1 model (val_loss=0.1074)

=== Phase1 Epoch 18/49 ===
  Epoch 18 [10/440] loss=0.0686 mask=0.0648 iou=0.0038
  Epoch 18 [20/440] loss=0.0816 mask=0.0781 iou=0.0035
  Epoch 18 [30/440] loss=0.0756 mask=0.0724 iou=0.0032
  Epoch 18 [40/440] loss=0.0735 mask=0.0698 iou=0.0037
  Epoch 18 [50/440] loss=0.0696 mask=0.0661 iou=0.0035
  Epoch 18 [60/440] loss=0.0719 mask=0.0682 iou=0.0037
  Epoch 18 [70/440] loss=0.0731 mask=0.0694 iou=0.0037
  Epoch 18 [80/440] loss=0.0763 mask=0.0722 iou=0.0041
  Epoch 18 [90/440] loss=0.0764 mask=0.0725 iou=0.0040
  Epoch 18 [100/440] loss=0.0777 mask=0.0726 iou=0.0050
  Epoch 18 [110/440] loss=0.0752 mask=0.0705 iou=0.0047
  Epoch 18 [120/440] loss=0.0732 mask=0.0687 iou=0.0045
  Epoch 18 [130/440] loss=0.0758 mask=0.0713 iou=0.0045
  Epoch 18 [140/440] loss=0.0773 mask=0.0727 iou=0.0046
  Epoch 18 [150/440] loss=0.0770 mask=0.0726 iou=0.0045
  Epoch 18 [160/440] loss=0.0775 mask=0.0731 iou=0.0044
  Epoch 18 [170/440] loss=0.0784 mask=0.0738 iou=0.0045
  Epoch 18 [180/440] loss=0.0770 mask=0.0727 iou=0.0044
  Epoch 18 [190/440] loss=0.0774 mask=0.0729 iou=0.0046
  Epoch 18 [200/440] loss=0.0769 mask=0.0725 iou=0.0044
  Epoch 18 [210/440] loss=0.0764 mask=0.0720 iou=0.0044
  Epoch 18 [220/440] loss=0.0775 mask=0.0731 iou=0.0045
  Epoch 18 [230/440] loss=0.0772 mask=0.0727 iou=0.0045
  Epoch 18 [240/440] loss=0.0770 mask=0.0726 iou=0.0044
  Epoch 18 [250/440] loss=0.0776 mask=0.0732 iou=0.0044
  Epoch 18 [260/440] loss=0.0767 mask=0.0724 iou=0.0043
  Epoch 18 [270/440] loss=0.0765 mask=0.0723 iou=0.0042
  Epoch 18 [280/440] loss=0.0756 mask=0.0714 iou=0.0041
  Epoch 18 [290/440] loss=0.0750 mask=0.0709 iou=0.0041
  Epoch 18 [300/440] loss=0.0758 mask=0.0717 iou=0.0042
  Epoch 18 [310/440] loss=0.0751 mask=0.0710 iou=0.0041
  Epoch 18 [320/440] loss=0.0747 mask=0.0706 iou=0.0041
  Epoch 18 [330/440] loss=0.0752 mask=0.0711 iou=0.0040
  Epoch 18 [340/440] loss=0.0752 mask=0.0711 iou=0.0041
  Epoch 18 [350/440] loss=0.0760 mask=0.0718 iou=0.0042
  Epoch 18 [360/440] loss=0.0758 mask=0.0716 iou=0.0042
  Epoch 18 [370/440] loss=0.0757 mask=0.0715 iou=0.0042
  Epoch 18 [380/440] loss=0.0756 mask=0.0715 iou=0.0042
  Epoch 18 [390/440] loss=0.0753 mask=0.0712 iou=0.0041
  Epoch 18 [400/440] loss=0.0748 mask=0.0707 iou=0.0041
  Epoch 18 [410/440] loss=0.0749 mask=0.0708 iou=0.0041
  Epoch 18 [420/440] loss=0.0745 mask=0.0704 iou=0.0041
  Epoch 18 [430/440] loss=0.0754 mask=0.0712 iou=0.0042
  Epoch 18 [440/440] loss=0.0751 mask=0.0709 iou=0.0042
  Train: loss=0.0751 mask=0.0709 iou=0.0042 time=200.5s
  Val epoch 18: loss=0.1042
  Saved best phase1 model (val_loss=0.1042)

=== Phase1 Epoch 19/49 ===
  Epoch 19 [10/440] loss=0.0908 mask=0.0875 iou=0.0033
  Epoch 19 [20/440] loss=0.0827 mask=0.0793 iou=0.0035
  Epoch 19 [30/440] loss=0.0760 mask=0.0728 iou=0.0033
  Epoch 19 [40/440] loss=0.0727 mask=0.0694 iou=0.0033
  Epoch 19 [50/440] loss=0.0711 mask=0.0676 iou=0.0034
  Epoch 19 [60/440] loss=0.0749 mask=0.0710 iou=0.0038
  Epoch 19 [70/440] loss=0.0733 mask=0.0696 iou=0.0036
  Epoch 19 [80/440] loss=0.0741 mask=0.0704 iou=0.0037
  Epoch 19 [90/440] loss=0.0710 mask=0.0676 iou=0.0034
  Epoch 19 [100/440] loss=0.0735 mask=0.0697 iou=0.0038
  Epoch 19 [110/440] loss=0.0718 mask=0.0682 iou=0.0036
  Epoch 19 [120/440] loss=0.0739 mask=0.0702 iou=0.0037
  Epoch 19 [130/440] loss=0.0725 mask=0.0689 iou=0.0036
  Epoch 19 [140/440] loss=0.0718 mask=0.0683 iou=0.0035
  Epoch 19 [150/440] loss=0.0705 mask=0.0671 iou=0.0034
  Epoch 19 [160/440] loss=0.0712 mask=0.0676 iou=0.0036
  Epoch 19 [170/440] loss=0.0720 mask=0.0684 iou=0.0036
  Epoch 19 [180/440] loss=0.0727 mask=0.0690 iou=0.0037
  Epoch 19 [190/440] loss=0.0730 mask=0.0692 iou=0.0039
  Epoch 19 [200/440] loss=0.0734 mask=0.0695 iou=0.0039
  Epoch 19 [210/440] loss=0.0730 mask=0.0692 iou=0.0038
  Epoch 19 [220/440] loss=0.0725 mask=0.0687 iou=0.0038
  Epoch 19 [230/440] loss=0.0736 mask=0.0698 iou=0.0038
  Epoch 19 [240/440] loss=0.0756 mask=0.0717 iou=0.0039
  Epoch 19 [250/440] loss=0.0758 mask=0.0720 iou=0.0039
  Epoch 19 [260/440] loss=0.0759 mask=0.0721 iou=0.0038
  Epoch 19 [270/440] loss=0.0760 mask=0.0722 iou=0.0038
  Epoch 19 [280/440] loss=0.0769 mask=0.0729 iou=0.0040
  Epoch 19 [290/440] loss=0.0769 mask=0.0729 iou=0.0040
  Epoch 19 [300/440] loss=0.0763 mask=0.0725 iou=0.0039
  Epoch 19 [310/440] loss=0.0773 mask=0.0734 iou=0.0039
  Epoch 19 [320/440] loss=0.0772 mask=0.0733 iou=0.0039
  Epoch 19 [330/440] loss=0.0767 mask=0.0729 iou=0.0038
  Epoch 19 [340/440] loss=0.0764 mask=0.0725 iou=0.0039
  Epoch 19 [350/440] loss=0.0764 mask=0.0726 iou=0.0038
  Epoch 19 [360/440] loss=0.0761 mask=0.0723 iou=0.0038
  Epoch 19 [370/440] loss=0.0763 mask=0.0725 iou=0.0038
  Epoch 19 [380/440] loss=0.0753 mask=0.0716 iou=0.0037
  Epoch 19 [390/440] loss=0.0749 mask=0.0712 iou=0.0037
  Epoch 19 [400/440] loss=0.0742 mask=0.0706 iou=0.0037
  Epoch 19 [410/440] loss=0.0742 mask=0.0705 iou=0.0038
  Epoch 19 [420/440] loss=0.0736 mask=0.0698 iou=0.0037
  Epoch 19 [430/440] loss=0.0736 mask=0.0698 iou=0.0037
  Epoch 19 [440/440] loss=0.0735 mask=0.0697 iou=0.0037
  Train: loss=0.0735 mask=0.0697 iou=0.0037 time=227.8s
  Val epoch 19: loss=0.1040
  Saved best phase1 model (val_loss=0.1040)

=== Phase1 Epoch 20/49 ===
  Epoch 20 [10/440] loss=0.0740 mask=0.0688 iou=0.0051
  Epoch 20 [20/440] loss=0.0700 mask=0.0650 iou=0.0050
  Epoch 20 [30/440] loss=0.0660 mask=0.0616 iou=0.0043
  Epoch 20 [40/440] loss=0.0616 mask=0.0579 iou=0.0038
  Epoch 20 [50/440] loss=0.0623 mask=0.0588 iou=0.0035
  Epoch 20 [60/440] loss=0.0613 mask=0.0580 iou=0.0033
  Epoch 20 [70/440] loss=0.0624 mask=0.0590 iou=0.0034
  Epoch 20 [80/440] loss=0.0646 mask=0.0611 iou=0.0035
  Epoch 20 [90/440] loss=0.0626 mask=0.0593 iou=0.0033
  Epoch 20 [100/440] loss=0.0647 mask=0.0614 iou=0.0033
  Epoch 20 [110/440] loss=0.0669 mask=0.0635 iou=0.0034
  Epoch 20 [120/440] loss=0.0672 mask=0.0640 iou=0.0033
  Epoch 20 [130/440] loss=0.0662 mask=0.0630 iou=0.0031
  Epoch 20 [140/440] loss=0.0678 mask=0.0645 iou=0.0034
  Epoch 20 [150/440] loss=0.0684 mask=0.0651 iou=0.0033
  Epoch 20 [160/440] loss=0.0689 mask=0.0656 iou=0.0033
  Epoch 20 [170/440] loss=0.0697 mask=0.0665 iou=0.0033
  Epoch 20 [180/440] loss=0.0686 mask=0.0653 iou=0.0033
  Epoch 20 [190/440] loss=0.0688 mask=0.0655 iou=0.0033
  Epoch 20 [200/440] loss=0.0692 mask=0.0660 iou=0.0032
  Epoch 20 [210/440] loss=0.0699 mask=0.0667 iou=0.0032
  Epoch 20 [220/440] loss=0.0708 mask=0.0676 iou=0.0032
  Epoch 20 [230/440] loss=0.0704 mask=0.0672 iou=0.0031
  Epoch 20 [240/440] loss=0.0700 mask=0.0669 iou=0.0031
  Epoch 20 [250/440] loss=0.0696 mask=0.0665 iou=0.0031
  Epoch 20 [260/440] loss=0.0695 mask=0.0664 iou=0.0031
  Epoch 20 [270/440] loss=0.0691 mask=0.0660 iou=0.0031
  Epoch 20 [280/440] loss=0.0697 mask=0.0666 iou=0.0031
  Epoch 20 [290/440] loss=0.0705 mask=0.0674 iou=0.0031
  Epoch 20 [300/440] loss=0.0703 mask=0.0672 iou=0.0031
  Epoch 20 [310/440] loss=0.0695 mask=0.0665 iou=0.0030
  Epoch 20 [320/440] loss=0.0696 mask=0.0666 iou=0.0030
  Epoch 20 [330/440] loss=0.0693 mask=0.0663 iou=0.0030
  Epoch 20 [340/440] loss=0.0701 mask=0.0670 iou=0.0031
  Epoch 20 [350/440] loss=0.0701 mask=0.0670 iou=0.0032
  Epoch 20 [360/440] loss=0.0709 mask=0.0677 iou=0.0032
  Epoch 20 [370/440] loss=0.0706 mask=0.0674 iou=0.0032
  Epoch 20 [380/440] loss=0.0706 mask=0.0673 iou=0.0033
  Epoch 20 [390/440] loss=0.0706 mask=0.0673 iou=0.0032
  Epoch 20 [400/440] loss=0.0701 mask=0.0669 iou=0.0032
  Epoch 20 [410/440] loss=0.0700 mask=0.0668 iou=0.0032
  Epoch 20 [420/440] loss=0.0701 mask=0.0668 iou=0.0032
  Epoch 20 [430/440] loss=0.0704 mask=0.0671 iou=0.0033
  Epoch 20 [440/440] loss=0.0705 mask=0.0673 iou=0.0033
  Train: loss=0.0705 mask=0.0673 iou=0.0033 time=214.9s
  Val epoch 20: loss=0.1004
  Saved best phase1 model (val_loss=0.1004)

=== Phase1 Epoch 21/49 ===
  Epoch 21 [10/440] loss=0.0536 mask=0.0515 iou=0.0021
  Epoch 21 [20/440] loss=0.0586 mask=0.0559 iou=0.0027
  Epoch 21 [30/440] loss=0.0641 mask=0.0614 iou=0.0027
  Epoch 21 [40/440] loss=0.0654 mask=0.0627 iou=0.0026
  Epoch 21 [50/440] loss=0.0682 mask=0.0651 iou=0.0031
  Epoch 21 [60/440] loss=0.0655 mask=0.0626 iou=0.0029
  Epoch 21 [70/440] loss=0.0650 mask=0.0621 iou=0.0029
  Epoch 21 [80/440] loss=0.0689 mask=0.0660 iou=0.0030
  Epoch 21 [90/440] loss=0.0696 mask=0.0668 iou=0.0028
  Epoch 21 [100/440] loss=0.0701 mask=0.0673 iou=0.0028
  Epoch 21 [110/440] loss=0.0698 mask=0.0670 iou=0.0028
  Epoch 21 [120/440] loss=0.0698 mask=0.0671 iou=0.0027
  Epoch 21 [130/440] loss=0.0720 mask=0.0692 iou=0.0028
  Epoch 21 [140/440] loss=0.0712 mask=0.0683 iou=0.0029
  Epoch 21 [150/440] loss=0.0713 mask=0.0684 iou=0.0029
  Epoch 21 [160/440] loss=0.0707 mask=0.0678 iou=0.0029
  Epoch 21 [170/440] loss=0.0714 mask=0.0686 iou=0.0029
  Epoch 21 [180/440] loss=0.0705 mask=0.0677 iou=0.0028
  Epoch 21 [190/440] loss=0.0722 mask=0.0693 iou=0.0029
  Epoch 21 [200/440] loss=0.0715 mask=0.0686 iou=0.0029
  Epoch 21 [210/440] loss=0.0708 mask=0.0679 iou=0.0029
  Epoch 21 [220/440] loss=0.0710 mask=0.0682 iou=0.0029
  Epoch 21 [230/440] loss=0.0702 mask=0.0674 iou=0.0029
  Epoch 21 [240/440] loss=0.0708 mask=0.0679 iou=0.0029
  Epoch 21 [250/440] loss=0.0718 mask=0.0687 iou=0.0030
  Epoch 21 [260/440] loss=0.0707 mask=0.0678 iou=0.0030
  Epoch 21 [270/440] loss=0.0707 mask=0.0678 iou=0.0030
  Epoch 21 [280/440] loss=0.0703 mask=0.0673 iou=0.0029
  Epoch 21 [290/440] loss=0.0706 mask=0.0676 iou=0.0030
  Epoch 21 [300/440] loss=0.0708 mask=0.0677 iou=0.0030
  Epoch 21 [310/440] loss=0.0707 mask=0.0677 iou=0.0030
  Epoch 21 [320/440] loss=0.0699 mask=0.0670 iou=0.0030
  Epoch 21 [330/440] loss=0.0700 mask=0.0670 iou=0.0030
  Epoch 21 [340/440] loss=0.0697 mask=0.0667 iou=0.0030
  Epoch 21 [350/440] loss=0.0700 mask=0.0670 iou=0.0031
  Epoch 21 [360/440] loss=0.0698 mask=0.0668 iou=0.0031
  Epoch 21 [370/440] loss=0.0699 mask=0.0668 iou=0.0031
  Epoch 21 [380/440] loss=0.0699 mask=0.0668 iou=0.0031
  Epoch 21 [390/440] loss=0.0697 mask=0.0667 iou=0.0031
  Epoch 21 [400/440] loss=0.0697 mask=0.0666 iou=0.0031
  Epoch 21 [410/440] loss=0.0695 mask=0.0664 iou=0.0031
  Epoch 21 [420/440] loss=0.0692 mask=0.0661 iou=0.0031
  Epoch 21 [430/440] loss=0.0695 mask=0.0665 iou=0.0031
  Epoch 21 [440/440] loss=0.0691 mask=0.0660 iou=0.0031
  Train: loss=0.0691 mask=0.0660 iou=0.0031 time=194.3s
  Val epoch 21: loss=0.1008

=== Phase1 Epoch 22/49 ===
  Epoch 22 [10/440] loss=0.0789 mask=0.0762 iou=0.0027
  Epoch 22 [20/440] loss=0.0759 mask=0.0738 iou=0.0021
  Epoch 22 [30/440] loss=0.0722 mask=0.0702 iou=0.0020
  Epoch 22 [40/440] loss=0.0739 mask=0.0708 iou=0.0031
  Epoch 22 [50/440] loss=0.0764 mask=0.0735 iou=0.0030
  Epoch 22 [60/440] loss=0.0748 mask=0.0717 iou=0.0031
  Epoch 22 [70/440] loss=0.0712 mask=0.0683 iou=0.0029
  Epoch 22 [80/440] loss=0.0703 mask=0.0676 iou=0.0027
  Epoch 22 [90/440] loss=0.0702 mask=0.0675 iou=0.0026
  Epoch 22 [100/440] loss=0.0712 mask=0.0684 iou=0.0029
  Epoch 22 [110/440] loss=0.0694 mask=0.0666 iou=0.0027
  Epoch 22 [120/440] loss=0.0680 mask=0.0653 iou=0.0027
  Epoch 22 [130/440] loss=0.0685 mask=0.0657 iou=0.0028
  Epoch 22 [140/440] loss=0.0705 mask=0.0675 iou=0.0030
  Epoch 22 [150/440] loss=0.0705 mask=0.0675 iou=0.0030
  Epoch 22 [160/440] loss=0.0689 mask=0.0660 iou=0.0029
  Epoch 22 [170/440] loss=0.0680 mask=0.0651 iou=0.0029
  Epoch 22 [180/440] loss=0.0671 mask=0.0643 iou=0.0029
  Epoch 22 [190/440] loss=0.0683 mask=0.0654 iou=0.0029
  Epoch 22 [200/440] loss=0.0684 mask=0.0655 iou=0.0028
  Epoch 22 [210/440] loss=0.0683 mask=0.0654 iou=0.0028
  Epoch 22 [220/440] loss=0.0682 mask=0.0653 iou=0.0029
  Epoch 22 [230/440] loss=0.0685 mask=0.0656 iou=0.0029
  Epoch 22 [240/440] loss=0.0681 mask=0.0653 iou=0.0028
  Epoch 22 [250/440] loss=0.0686 mask=0.0657 iou=0.0029
  Epoch 22 [260/440] loss=0.0698 mask=0.0668 iou=0.0029
  Epoch 22 [270/440] loss=0.0706 mask=0.0676 iou=0.0030
  Epoch 22 [280/440] loss=0.0703 mask=0.0673 iou=0.0030
  Epoch 22 [290/440] loss=0.0702 mask=0.0672 iou=0.0030
  Epoch 22 [300/440] loss=0.0708 mask=0.0678 iou=0.0030
  Epoch 22 [310/440] loss=0.0712 mask=0.0682 iou=0.0030
  Epoch 22 [320/440] loss=0.0711 mask=0.0681 iou=0.0030
  Epoch 22 [330/440] loss=0.0716 mask=0.0686 iou=0.0030
  Epoch 22 [340/440] loss=0.0713 mask=0.0683 iou=0.0030
  Epoch 22 [350/440] loss=0.0710 mask=0.0680 iou=0.0030
  Epoch 22 [360/440] loss=0.0713 mask=0.0681 iou=0.0032
  Epoch 22 [370/440] loss=0.0711 mask=0.0680 iou=0.0032
  Epoch 22 [380/440] loss=0.0705 mask=0.0673 iou=0.0031
  Epoch 22 [390/440] loss=0.0702 mask=0.0671 iou=0.0031
  Epoch 22 [400/440] loss=0.0702 mask=0.0671 iou=0.0031
  Epoch 22 [410/440] loss=0.0699 mask=0.0668 iou=0.0031
  Epoch 22 [420/440] loss=0.0697 mask=0.0666 iou=0.0031
  Epoch 22 [430/440] loss=0.0694 mask=0.0664 iou=0.0030
  Epoch 22 [440/440] loss=0.0692 mask=0.0662 iou=0.0030
  Train: loss=0.0692 mask=0.0662 iou=0.0030 time=206.7s
  Val epoch 22: loss=0.0994
  Saved best phase1 model (val_loss=0.0994)

=== Phase1 Epoch 23/49 ===
  Epoch 23 [10/440] loss=0.0986 mask=0.0949 iou=0.0037
  Epoch 23 [20/440] loss=0.0802 mask=0.0768 iou=0.0034
  Epoch 23 [30/440] loss=0.0712 mask=0.0681 iou=0.0031
  Epoch 23 [40/440] loss=0.0704 mask=0.0673 iou=0.0031
  Epoch 23 [50/440] loss=0.0682 mask=0.0653 iou=0.0030
  Epoch 23 [60/440] loss=0.0659 mask=0.0631 iou=0.0028
  Epoch 23 [70/440] loss=0.0668 mask=0.0637 iou=0.0031
  Epoch 23 [80/440] loss=0.0660 mask=0.0630 iou=0.0030
  Epoch 23 [90/440] loss=0.0691 mask=0.0658 iou=0.0033
  Epoch 23 [100/440] loss=0.0685 mask=0.0653 iou=0.0032
  Epoch 23 [110/440] loss=0.0685 mask=0.0654 iou=0.0031
  Epoch 23 [120/440] loss=0.0665 mask=0.0636 iou=0.0030
  Epoch 23 [130/440] loss=0.0670 mask=0.0639 iou=0.0030
  Epoch 23 [140/440] loss=0.0662 mask=0.0632 iou=0.0030
  Epoch 23 [150/440] loss=0.0685 mask=0.0655 iou=0.0030
  Epoch 23 [160/440] loss=0.0683 mask=0.0652 iou=0.0031
  Epoch 23 [170/440] loss=0.0680 mask=0.0649 iou=0.0031
  Epoch 23 [180/440] loss=0.0685 mask=0.0655 iou=0.0031
  Epoch 23 [190/440] loss=0.0682 mask=0.0652 iou=0.0030
  Epoch 23 [200/440] loss=0.0677 mask=0.0648 iou=0.0029
  Epoch 23 [210/440] loss=0.0668 mask=0.0639 iou=0.0029
  Epoch 23 [220/440] loss=0.0665 mask=0.0637 iou=0.0028
  Epoch 23 [230/440] loss=0.0656 mask=0.0628 iou=0.0027
  Epoch 23 [240/440] loss=0.0655 mask=0.0628 iou=0.0027
  Epoch 23 [250/440] loss=0.0653 mask=0.0626 iou=0.0027
  Epoch 23 [260/440] loss=0.0657 mask=0.0630 iou=0.0027
  Epoch 23 [270/440] loss=0.0655 mask=0.0627 iou=0.0027
  Epoch 23 [280/440] loss=0.0666 mask=0.0639 iou=0.0027
  Epoch 23 [290/440] loss=0.0668 mask=0.0641 iou=0.0028
  Epoch 23 [300/440] loss=0.0665 mask=0.0637 iou=0.0027
  Epoch 23 [310/440] loss=0.0664 mask=0.0637 iou=0.0028
  Epoch 23 [320/440] loss=0.0664 mask=0.0637 iou=0.0028
  Epoch 23 [330/440] loss=0.0664 mask=0.0636 iou=0.0027
  Epoch 23 [340/440] loss=0.0672 mask=0.0643 iou=0.0028
  Epoch 23 [350/440] loss=0.0674 mask=0.0647 iou=0.0028
  Epoch 23 [360/440] loss=0.0684 mask=0.0656 iou=0.0028
  Epoch 23 [370/440] loss=0.0693 mask=0.0665 iou=0.0029
  Epoch 23 [380/440] loss=0.0691 mask=0.0662 iou=0.0029
  Epoch 23 [390/440] loss=0.0698 mask=0.0669 iou=0.0029
  Epoch 23 [400/440] loss=0.0699 mask=0.0670 iou=0.0029
  Epoch 23 [410/440] loss=0.0695 mask=0.0666 iou=0.0029
  Epoch 23 [420/440] loss=0.0691 mask=0.0663 iou=0.0029
  Epoch 23 [430/440] loss=0.0690 mask=0.0662 iou=0.0029
  Epoch 23 [440/440] loss=0.0687 mask=0.0658 iou=0.0029
  Train: loss=0.0687 mask=0.0658 iou=0.0029 time=198.0s
  Val epoch 23: loss=0.1008

=== Phase1 Epoch 24/49 ===
  Epoch 24 [10/440] loss=0.0721 mask=0.0705 iou=0.0016
  Epoch 24 [20/440] loss=0.0720 mask=0.0693 iou=0.0027
  Epoch 24 [30/440] loss=0.0651 mask=0.0629 iou=0.0022
  Epoch 24 [40/440] loss=0.0626 mask=0.0596 iou=0.0029
  Epoch 24 [50/440] loss=0.0654 mask=0.0625 iou=0.0029
  Epoch 24 [60/440] loss=0.0625 mask=0.0596 iou=0.0029
  Epoch 24 [70/440] loss=0.0599 mask=0.0572 iou=0.0027
  Epoch 24 [80/440] loss=0.0593 mask=0.0566 iou=0.0027
  Epoch 24 [90/440] loss=0.0616 mask=0.0589 iou=0.0028
  Epoch 24 [100/440] loss=0.0607 mask=0.0579 iou=0.0027
  Epoch 24 [110/440] loss=0.0622 mask=0.0593 iou=0.0028
  Epoch 24 [120/440] loss=0.0616 mask=0.0590 iou=0.0026
  Epoch 24 [130/440] loss=0.0615 mask=0.0588 iou=0.0027
  Epoch 24 [140/440] loss=0.0621 mask=0.0594 iou=0.0027
  Epoch 24 [150/440] loss=0.0641 mask=0.0614 iou=0.0027
  Epoch 24 [160/440] loss=0.0643 mask=0.0617 iou=0.0026
  Epoch 24 [170/440] loss=0.0648 mask=0.0622 iou=0.0026
  Epoch 24 [180/440] loss=0.0651 mask=0.0625 iou=0.0026
  Epoch 24 [190/440] loss=0.0652 mask=0.0626 iou=0.0026
  Epoch 24 [200/440] loss=0.0646 mask=0.0621 iou=0.0025
  Epoch 24 [210/440] loss=0.0645 mask=0.0619 iou=0.0026
  Epoch 24 [220/440] loss=0.0654 mask=0.0628 iou=0.0026
  Epoch 24 [230/440] loss=0.0650 mask=0.0624 iou=0.0026
  Epoch 24 [240/440] loss=0.0651 mask=0.0625 iou=0.0026
  Epoch 24 [250/440] loss=0.0656 mask=0.0629 iou=0.0027
  Epoch 24 [260/440] loss=0.0659 mask=0.0633 iou=0.0027
  Epoch 24 [270/440] loss=0.0668 mask=0.0641 iou=0.0027
  Epoch 24 [280/440] loss=0.0668 mask=0.0642 iou=0.0026
  Epoch 24 [290/440] loss=0.0677 mask=0.0649 iou=0.0027
  Epoch 24 [300/440] loss=0.0670 mask=0.0643 iou=0.0027
  Epoch 24 [310/440] loss=0.0666 mask=0.0640 iou=0.0027
  Epoch 24 [320/440] loss=0.0667 mask=0.0641 iou=0.0026
  Epoch 24 [330/440] loss=0.0665 mask=0.0638 iou=0.0026
  Epoch 24 [340/440] loss=0.0661 mask=0.0635 iou=0.0026
  Epoch 24 [350/440] loss=0.0659 mask=0.0634 iou=0.0026
  Epoch 24 [360/440] loss=0.0661 mask=0.0635 iou=0.0026
  Epoch 24 [370/440] loss=0.0667 mask=0.0640 iou=0.0027
  Epoch 24 [380/440] loss=0.0677 mask=0.0649 iou=0.0028
  Epoch 24 [390/440] loss=0.0675 mask=0.0648 iou=0.0027
  Epoch 24 [400/440] loss=0.0674 mask=0.0647 iou=0.0027
  Epoch 24 [410/440] loss=0.0671 mask=0.0643 iou=0.0027
  Epoch 24 [420/440] loss=0.0670 mask=0.0643 iou=0.0027
  Epoch 24 [430/440] loss=0.0672 mask=0.0645 iou=0.0027
  Epoch 24 [440/440] loss=0.0669 mask=0.0643 iou=0.0027
  Train: loss=0.0669 mask=0.0643 iou=0.0027 time=199.1s
  Val epoch 24: loss=0.0987
  Saved best phase1 model (val_loss=0.0987)

=== Phase1 Epoch 25/49 ===
  Epoch 25 [10/440] loss=0.0692 mask=0.0644 iou=0.0048
  Epoch 25 [20/440] loss=0.0683 mask=0.0647 iou=0.0036
  Epoch 25 [30/440] loss=0.0750 mask=0.0714 iou=0.0037
  Epoch 25 [40/440] loss=0.0718 mask=0.0686 iou=0.0031
  Epoch 25 [50/440] loss=0.0667 mask=0.0638 iou=0.0029
  Epoch 25 [60/440] loss=0.0641 mask=0.0613 iou=0.0027
  Epoch 25 [70/440] loss=0.0666 mask=0.0636 iou=0.0030
  Epoch 25 [80/440] loss=0.0676 mask=0.0645 iou=0.0031
  Epoch 25 [90/440] loss=0.0673 mask=0.0643 iou=0.0030
  Epoch 25 [100/440] loss=0.0665 mask=0.0636 iou=0.0029
  Epoch 25 [110/440] loss=0.0656 mask=0.0626 iou=0.0029
  Epoch 25 [120/440] loss=0.0642 mask=0.0614 iou=0.0028
  Epoch 25 [130/440] loss=0.0642 mask=0.0614 iou=0.0028
  Epoch 25 [140/440] loss=0.0634 mask=0.0607 iou=0.0027
  Epoch 25 [150/440] loss=0.0636 mask=0.0609 iou=0.0026
  Epoch 25 [160/440] loss=0.0639 mask=0.0613 iou=0.0027
  Epoch 25 [170/440] loss=0.0635 mask=0.0609 iou=0.0027
  Epoch 25 [180/440] loss=0.0637 mask=0.0610 iou=0.0027
  Epoch 25 [190/440] loss=0.0657 mask=0.0629 iou=0.0028
  Epoch 25 [200/440] loss=0.0649 mask=0.0621 iou=0.0028
  Epoch 25 [210/440] loss=0.0658 mask=0.0630 iou=0.0028
  Epoch 25 [220/440] loss=0.0656 mask=0.0627 iou=0.0029
  Epoch 25 [230/440] loss=0.0651 mask=0.0622 iou=0.0029
  Epoch 25 [240/440] loss=0.0644 mask=0.0615 iou=0.0029
  Epoch 25 [250/440] loss=0.0648 mask=0.0620 iou=0.0029
  Epoch 25 [260/440] loss=0.0640 mask=0.0612 iou=0.0028
  Epoch 25 [270/440] loss=0.0642 mask=0.0614 iou=0.0028
  Epoch 25 [280/440] loss=0.0638 mask=0.0611 iou=0.0028
  Epoch 25 [290/440] loss=0.0640 mask=0.0612 iou=0.0029
  Epoch 25 [300/440] loss=0.0636 mask=0.0608 iou=0.0028
  Epoch 25 [310/440] loss=0.0639 mask=0.0610 iou=0.0029
  Epoch 25 [320/440] loss=0.0643 mask=0.0614 iou=0.0029
  Epoch 25 [330/440] loss=0.0647 mask=0.0616 iou=0.0030
  Epoch 25 [340/440] loss=0.0649 mask=0.0619 iou=0.0030
  Epoch 25 [350/440] loss=0.0649 mask=0.0619 iou=0.0030
  Epoch 25 [360/440] loss=0.0647 mask=0.0618 iou=0.0029
  Epoch 25 [370/440] loss=0.0654 mask=0.0624 iou=0.0029
  Epoch 25 [380/440] loss=0.0649 mask=0.0620 iou=0.0029
  Epoch 25 [390/440] loss=0.0657 mask=0.0627 iou=0.0030
  Epoch 25 [400/440] loss=0.0656 mask=0.0626 iou=0.0030
  Epoch 25 [410/440] loss=0.0669 mask=0.0638 iou=0.0030
  Epoch 25 [420/440] loss=0.0668 mask=0.0638 iou=0.0030
  Epoch 25 [430/440] loss=0.0670 mask=0.0640 iou=0.0030
  Epoch 25 [440/440] loss=0.0674 mask=0.0644 iou=0.0030
  Train: loss=0.0674 mask=0.0644 iou=0.0030 time=196.3s
  Val epoch 25: loss=0.0982
  Saved best phase1 model (val_loss=0.0982)

=== Phase1 Epoch 26/49 ===
  Epoch 26 [10/440] loss=0.0814 mask=0.0765 iou=0.0048
  Epoch 26 [20/440] loss=0.0710 mask=0.0678 iou=0.0032
  Epoch 26 [30/440] loss=0.0668 mask=0.0636 iou=0.0032
  Epoch 26 [40/440] loss=0.0706 mask=0.0676 iou=0.0030
  Epoch 26 [50/440] loss=0.0710 mask=0.0684 iou=0.0026
  Epoch 26 [60/440] loss=0.0704 mask=0.0678 iou=0.0026
  Epoch 26 [70/440] loss=0.0695 mask=0.0668 iou=0.0027
  Epoch 26 [80/440] loss=0.0726 mask=0.0699 iou=0.0027
  Epoch 26 [90/440] loss=0.0711 mask=0.0686 iou=0.0026
  Epoch 26 [100/440] loss=0.0705 mask=0.0679 iou=0.0026
  Epoch 26 [110/440] loss=0.0708 mask=0.0682 iou=0.0025
  Epoch 26 [120/440] loss=0.0694 mask=0.0667 iou=0.0027
  Epoch 26 [130/440] loss=0.0706 mask=0.0678 iou=0.0027
  Epoch 26 [140/440] loss=0.0696 mask=0.0668 iou=0.0028
  Epoch 26 [150/440] loss=0.0684 mask=0.0657 iou=0.0027
  Epoch 26 [160/440] loss=0.0674 mask=0.0647 iou=0.0026
  Epoch 26 [170/440] loss=0.0670 mask=0.0644 iou=0.0026
  Epoch 26 [180/440] loss=0.0666 mask=0.0641 iou=0.0025
  Epoch 26 [190/440] loss=0.0657 mask=0.0631 iou=0.0025
  Epoch 26 [200/440] loss=0.0660 mask=0.0633 iou=0.0027
  Epoch 26 [210/440] loss=0.0651 mask=0.0624 iou=0.0026
  Epoch 26 [220/440] loss=0.0652 mask=0.0626 iou=0.0026
  Epoch 26 [230/440] loss=0.0645 mask=0.0619 iou=0.0026
  Epoch 26 [240/440] loss=0.0644 mask=0.0619 iou=0.0025
  Epoch 26 [250/440] loss=0.0637 mask=0.0612 iou=0.0025
  Epoch 26 [260/440] loss=0.0648 mask=0.0622 iou=0.0025
  Epoch 26 [270/440] loss=0.0640 mask=0.0616 iou=0.0025
  Epoch 26 [280/440] loss=0.0637 mask=0.0612 iou=0.0025
  Epoch 26 [290/440] loss=0.0634 mask=0.0610 iou=0.0025
  Epoch 26 [300/440] loss=0.0638 mask=0.0614 iou=0.0025
  Epoch 26 [310/440] loss=0.0648 mask=0.0622 iou=0.0026
  Epoch 26 [320/440] loss=0.0644 mask=0.0618 iou=0.0026
  Epoch 26 [330/440] loss=0.0658 mask=0.0631 iou=0.0026
  Epoch 26 [340/440] loss=0.0655 mask=0.0629 iou=0.0026
  Epoch 26 [350/440] loss=0.0651 mask=0.0625 iou=0.0026
  Epoch 26 [360/440] loss=0.0663 mask=0.0637 iou=0.0026
  Epoch 26 [370/440] loss=0.0658 mask=0.0632 iou=0.0026
  Epoch 26 [380/440] loss=0.0659 mask=0.0633 iou=0.0026
  Epoch 26 [390/440] loss=0.0652 mask=0.0626 iou=0.0026
  Epoch 26 [400/440] loss=0.0647 mask=0.0621 iou=0.0026
  Epoch 26 [410/440] loss=0.0647 mask=0.0621 iou=0.0026
  Epoch 26 [420/440] loss=0.0646 mask=0.0621 iou=0.0026
  Epoch 26 [430/440] loss=0.0653 mask=0.0627 iou=0.0026
  Epoch 26 [440/440] loss=0.0654 mask=0.0628 iou=0.0026
  Train: loss=0.0654 mask=0.0628 iou=0.0026 time=202.3s
  Val epoch 26: loss=0.0968
  Saved best phase1 model (val_loss=0.0968)

=== Phase1 Epoch 27/49 ===
  Epoch 27 [10/440] loss=0.0591 mask=0.0563 iou=0.0028
  Epoch 27 [20/440] loss=0.0732 mask=0.0693 iou=0.0038
  Epoch 27 [30/440] loss=0.0728 mask=0.0697 iou=0.0032
  Epoch 27 [40/440] loss=0.0651 mask=0.0624 iou=0.0027
  Epoch 27 [50/440] loss=0.0658 mask=0.0632 iou=0.0026
  Epoch 27 [60/440] loss=0.0679 mask=0.0647 iou=0.0031
  Epoch 27 [70/440] loss=0.0647 mask=0.0617 iou=0.0030
  Epoch 27 [80/440] loss=0.0685 mask=0.0656 iou=0.0029
  Epoch 27 [90/440] loss=0.0708 mask=0.0676 iou=0.0031
  Epoch 27 [100/440] loss=0.0688 mask=0.0658 iou=0.0030
  Epoch 27 [110/440] loss=0.0668 mask=0.0639 iou=0.0029
  Epoch 27 [120/440] loss=0.0658 mask=0.0629 iou=0.0029
  Epoch 27 [130/440] loss=0.0653 mask=0.0626 iou=0.0028
  Epoch 27 [140/440] loss=0.0658 mask=0.0630 iou=0.0028
  Epoch 27 [150/440] loss=0.0650 mask=0.0623 iou=0.0027
  Epoch 27 [160/440] loss=0.0647 mask=0.0620 iou=0.0027
  Epoch 27 [170/440] loss=0.0658 mask=0.0632 iou=0.0027
  Epoch 27 [180/440] loss=0.0662 mask=0.0635 iou=0.0027
  Epoch 27 [190/440] loss=0.0663 mask=0.0636 iou=0.0027
  Epoch 27 [200/440] loss=0.0673 mask=0.0646 iou=0.0027
  Epoch 27 [210/440] loss=0.0670 mask=0.0643 iou=0.0026
  Epoch 27 [220/440] loss=0.0669 mask=0.0643 iou=0.0026
  Epoch 27 [230/440] loss=0.0670 mask=0.0644 iou=0.0026
  Epoch 27 [240/440] loss=0.0672 mask=0.0643 iou=0.0029
  Epoch 27 [250/440] loss=0.0677 mask=0.0649 iou=0.0029
  Epoch 27 [260/440] loss=0.0677 mask=0.0648 iou=0.0029
  Epoch 27 [270/440] loss=0.0677 mask=0.0648 iou=0.0029
  Epoch 27 [280/440] loss=0.0681 mask=0.0652 iou=0.0028
  Epoch 27 [290/440] loss=0.0676 mask=0.0648 iou=0.0028
  Epoch 27 [300/440] loss=0.0680 mask=0.0653 iou=0.0028
  Epoch 27 [310/440] loss=0.0679 mask=0.0652 iou=0.0027
  Epoch 27 [320/440] loss=0.0677 mask=0.0650 iou=0.0027
  Epoch 27 [330/440] loss=0.0677 mask=0.0650 iou=0.0027
  Epoch 27 [340/440] loss=0.0675 mask=0.0648 iou=0.0027
  Epoch 27 [350/440] loss=0.0676 mask=0.0650 iou=0.0027
  Epoch 27 [360/440] loss=0.0675 mask=0.0648 iou=0.0027
  Epoch 27 [370/440] loss=0.0671 mask=0.0645 iou=0.0026
  Epoch 27 [380/440] loss=0.0669 mask=0.0643 iou=0.0026
  Epoch 27 [390/440] loss=0.0671 mask=0.0645 iou=0.0026
  Epoch 27 [400/440] loss=0.0666 mask=0.0640 iou=0.0026
  Epoch 27 [410/440] loss=0.0660 mask=0.0635 iou=0.0026
  Epoch 27 [420/440] loss=0.0663 mask=0.0637 iou=0.0026
  Epoch 27 [430/440] loss=0.0660 mask=0.0635 iou=0.0026
  Epoch 27 [440/440] loss=0.0658 mask=0.0632 iou=0.0026
  Train: loss=0.0658 mask=0.0632 iou=0.0026 time=192.7s
  Val epoch 27: loss=0.0960
  Saved best phase1 model (val_loss=0.0960)

=== Phase1 Epoch 28/49 ===
  Epoch 28 [10/440] loss=0.0554 mask=0.0541 iou=0.0013
  Epoch 28 [20/440] loss=0.0568 mask=0.0556 iou=0.0012
  Epoch 28 [30/440] loss=0.0593 mask=0.0581 iou=0.0013
  Epoch 28 [40/440] loss=0.0578 mask=0.0563 iou=0.0014
  Epoch 28 [50/440] loss=0.0667 mask=0.0648 iou=0.0019
  Epoch 28 [60/440] loss=0.0674 mask=0.0654 iou=0.0019
  Epoch 28 [70/440] loss=0.0644 mask=0.0625 iou=0.0019
  Epoch 28 [80/440] loss=0.0650 mask=0.0631 iou=0.0020
  Epoch 28 [90/440] loss=0.0658 mask=0.0638 iou=0.0021
  Epoch 28 [100/440] loss=0.0653 mask=0.0633 iou=0.0020
  Epoch 28 [110/440] loss=0.0652 mask=0.0631 iou=0.0021
  Epoch 28 [120/440] loss=0.0664 mask=0.0642 iou=0.0021
  Epoch 28 [130/440] loss=0.0671 mask=0.0647 iou=0.0024
  Epoch 28 [140/440] loss=0.0654 mask=0.0631 iou=0.0023
  Epoch 28 [150/440] loss=0.0649 mask=0.0627 iou=0.0022
  Epoch 28 [160/440] loss=0.0654 mask=0.0631 iou=0.0023
  Epoch 28 [170/440] loss=0.0657 mask=0.0634 iou=0.0023
  Epoch 28 [180/440] loss=0.0654 mask=0.0630 iou=0.0024
  Epoch 28 [190/440] loss=0.0658 mask=0.0634 iou=0.0024
  Epoch 28 [200/440] loss=0.0666 mask=0.0641 iou=0.0025
  Epoch 28 [210/440] loss=0.0659 mask=0.0635 iou=0.0025
  Epoch 28 [220/440] loss=0.0652 mask=0.0628 iou=0.0024
  Epoch 28 [230/440] loss=0.0658 mask=0.0634 iou=0.0025
  Epoch 28 [240/440] loss=0.0658 mask=0.0633 iou=0.0024
  Epoch 28 [250/440] loss=0.0671 mask=0.0647 iou=0.0025
  Epoch 28 [260/440] loss=0.0672 mask=0.0647 iou=0.0025
  Epoch 28 [270/440] loss=0.0664 mask=0.0640 iou=0.0025
  Epoch 28 [280/440] loss=0.0656 mask=0.0632 iou=0.0024
  Epoch 28 [290/440] loss=0.0649 mask=0.0626 iou=0.0024
  Epoch 28 [300/440] loss=0.0647 mask=0.0624 iou=0.0023
  Epoch 28 [310/440] loss=0.0646 mask=0.0623 iou=0.0023
  Epoch 28 [320/440] loss=0.0651 mask=0.0627 iou=0.0023
  Epoch 28 [330/440] loss=0.0649 mask=0.0626 iou=0.0023
  Epoch 28 [340/440] loss=0.0652 mask=0.0628 iou=0.0023
  Epoch 28 [350/440] loss=0.0656 mask=0.0632 iou=0.0024
  Epoch 28 [360/440] loss=0.0657 mask=0.0633 iou=0.0024
  Epoch 28 [370/440] loss=0.0655 mask=0.0632 iou=0.0024
  Epoch 28 [380/440] loss=0.0654 mask=0.0630 iou=0.0024
  Epoch 28 [390/440] loss=0.0657 mask=0.0632 iou=0.0025
  Epoch 28 [400/440] loss=0.0657 mask=0.0632 iou=0.0025
  Epoch 28 [410/440] loss=0.0656 mask=0.0632 iou=0.0025
  Epoch 28 [420/440] loss=0.0657 mask=0.0633 iou=0.0025
  Epoch 28 [430/440] loss=0.0657 mask=0.0632 iou=0.0025
  Epoch 28 [440/440] loss=0.0655 mask=0.0630 iou=0.0025
  Train: loss=0.0655 mask=0.0630 iou=0.0025 time=194.2s
  Val epoch 28: loss=0.0997

=== Phase1 Epoch 29/49 ===
  Epoch 29 [10/440] loss=0.0611 mask=0.0596 iou=0.0015
  Epoch 29 [20/440] loss=0.0567 mask=0.0552 iou=0.0015
  Epoch 29 [30/440] loss=0.0586 mask=0.0569 iou=0.0018
  Epoch 29 [40/440] loss=0.0657 mask=0.0640 iou=0.0018
  Epoch 29 [50/440] loss=0.0645 mask=0.0627 iou=0.0018
  Epoch 29 [60/440] loss=0.0625 mask=0.0608 iou=0.0017
  Epoch 29 [70/440] loss=0.0615 mask=0.0599 iou=0.0016
  Epoch 29 [80/440] loss=0.0612 mask=0.0595 iou=0.0016
  Epoch 29 [90/440] loss=0.0648 mask=0.0629 iou=0.0020
  Epoch 29 [100/440] loss=0.0657 mask=0.0636 iou=0.0021
  Epoch 29 [110/440] loss=0.0655 mask=0.0633 iou=0.0022
  Epoch 29 [120/440] loss=0.0646 mask=0.0623 iou=0.0022
  Epoch 29 [130/440] loss=0.0674 mask=0.0650 iou=0.0024
  Epoch 29 [140/440] loss=0.0693 mask=0.0666 iou=0.0028
  Epoch 29 [150/440] loss=0.0678 mask=0.0651 iou=0.0027
  Epoch 29 [160/440] loss=0.0691 mask=0.0663 iou=0.0029
  Epoch 29 [170/440] loss=0.0687 mask=0.0658 iou=0.0029
  Epoch 29 [180/440] loss=0.0675 mask=0.0647 iou=0.0028
  Epoch 29 [190/440] loss=0.0687 mask=0.0658 iou=0.0028
  Epoch 29 [200/440] loss=0.0690 mask=0.0662 iou=0.0028
  Epoch 29 [210/440] loss=0.0685 mask=0.0658 iou=0.0027
  Epoch 29 [220/440] loss=0.0684 mask=0.0656 iou=0.0028
  Epoch 29 [230/440] loss=0.0689 mask=0.0661 iou=0.0028
  Epoch 29 [240/440] loss=0.0689 mask=0.0661 iou=0.0028
  Epoch 29 [250/440] loss=0.0695 mask=0.0667 iou=0.0028
  Epoch 29 [260/440] loss=0.0687 mask=0.0659 iou=0.0028
  Epoch 29 [270/440] loss=0.0687 mask=0.0659 iou=0.0027
  Epoch 29 [280/440] loss=0.0684 mask=0.0657 iou=0.0027
  Epoch 29 [290/440] loss=0.0682 mask=0.0655 iou=0.0027
  Epoch 29 [300/440] loss=0.0677 mask=0.0650 iou=0.0027
  Epoch 29 [310/440] loss=0.0670 mask=0.0643 iou=0.0026
  Epoch 29 [320/440] loss=0.0665 mask=0.0639 iou=0.0026
  Epoch 29 [330/440] loss=0.0659 mask=0.0633 iou=0.0025
  Epoch 29 [340/440] loss=0.0651 mask=0.0626 iou=0.0025
  Epoch 29 [350/440] loss=0.0649 mask=0.0624 iou=0.0025
  Epoch 29 [360/440] loss=0.0652 mask=0.0627 iou=0.0025
  Epoch 29 [370/440] loss=0.0652 mask=0.0627 iou=0.0025
  Epoch 29 [380/440] loss=0.0647 mask=0.0622 iou=0.0025
  Epoch 29 [390/440] loss=0.0647 mask=0.0621 iou=0.0025
  Epoch 29 [400/440] loss=0.0643 mask=0.0618 iou=0.0025
  Epoch 29 [410/440] loss=0.0638 mask=0.0614 iou=0.0025
  Epoch 29 [420/440] loss=0.0643 mask=0.0618 iou=0.0025
  Epoch 29 [430/440] loss=0.0645 mask=0.0619 iou=0.0025
  Epoch 29 [440/440] loss=0.0645 mask=0.0620 iou=0.0025
  Train: loss=0.0645 mask=0.0620 iou=0.0025 time=195.5s
  Val epoch 29: loss=0.0937
  Saved best phase1 model (val_loss=0.0937)

=== Phase1 Epoch 30/49 ===
  Epoch 30 [10/440] loss=0.0450 mask=0.0440 iou=0.0010
  Epoch 30 [20/440] loss=0.0719 mask=0.0699 iou=0.0021
  Epoch 30 [30/440] loss=0.0730 mask=0.0710 iou=0.0020
  Epoch 30 [40/440] loss=0.0693 mask=0.0673 iou=0.0020
  Epoch 30 [50/440] loss=0.0657 mask=0.0638 iou=0.0019
  Epoch 30 [60/440] loss=0.0655 mask=0.0635 iou=0.0020
  Epoch 30 [70/440] loss=0.0622 mask=0.0603 iou=0.0019
  Epoch 30 [80/440] loss=0.0610 mask=0.0592 iou=0.0018
  Epoch 30 [90/440] loss=0.0620 mask=0.0601 iou=0.0019
  Epoch 30 [100/440] loss=0.0621 mask=0.0602 iou=0.0019
  Epoch 30 [110/440] loss=0.0646 mask=0.0624 iou=0.0022
  Epoch 30 [120/440] loss=0.0646 mask=0.0624 iou=0.0022
  Epoch 30 [130/440] loss=0.0642 mask=0.0620 iou=0.0021
  Epoch 30 [140/440] loss=0.0649 mask=0.0628 iou=0.0021
  Epoch 30 [150/440] loss=0.0653 mask=0.0632 iou=0.0021
  Epoch 30 [160/440] loss=0.0652 mask=0.0631 iou=0.0020
  Epoch 30 [170/440] loss=0.0662 mask=0.0639 iou=0.0023
  Epoch 30 [180/440] loss=0.0665 mask=0.0640 iou=0.0024
  Epoch 30 [190/440] loss=0.0668 mask=0.0644 iou=0.0024
  Epoch 30 [200/440] loss=0.0678 mask=0.0653 iou=0.0025
  Epoch 30 [210/440] loss=0.0673 mask=0.0649 iou=0.0024
  Epoch 30 [220/440] loss=0.0670 mask=0.0646 iou=0.0024
  Epoch 30 [230/440] loss=0.0676 mask=0.0653 iou=0.0024
  Epoch 30 [240/440] loss=0.0672 mask=0.0649 iou=0.0023
  Epoch 30 [250/440] loss=0.0672 mask=0.0648 iou=0.0023
  Epoch 30 [260/440] loss=0.0668 mask=0.0645 iou=0.0023
  Epoch 30 [270/440] loss=0.0667 mask=0.0644 iou=0.0023
  Epoch 30 [280/440] loss=0.0664 mask=0.0642 iou=0.0023
  Epoch 30 [290/440] loss=0.0656 mask=0.0633 iou=0.0022
  Epoch 30 [300/440] loss=0.0652 mask=0.0630 iou=0.0022
  Epoch 30 [310/440] loss=0.0646 mask=0.0624 iou=0.0022
  Epoch 30 [320/440] loss=0.0640 mask=0.0618 iou=0.0022
  Epoch 30 [330/440] loss=0.0649 mask=0.0627 iou=0.0022
  Epoch 30 [340/440] loss=0.0655 mask=0.0632 iou=0.0022
  Epoch 30 [350/440] loss=0.0656 mask=0.0633 iou=0.0023
  Epoch 30 [360/440] loss=0.0659 mask=0.0636 iou=0.0023
  Epoch 30 [370/440] loss=0.0656 mask=0.0633 iou=0.0023
  Epoch 30 [380/440] loss=0.0652 mask=0.0630 iou=0.0022
  Epoch 30 [390/440] loss=0.0650 mask=0.0627 iou=0.0023
  Epoch 30 [400/440] loss=0.0648 mask=0.0625 iou=0.0023
  Epoch 30 [410/440] loss=0.0646 mask=0.0623 iou=0.0023
  Epoch 30 [420/440] loss=0.0645 mask=0.0622 iou=0.0023
  Epoch 30 [430/440] loss=0.0639 mask=0.0616 iou=0.0023
  Epoch 30 [440/440] loss=0.0635 mask=0.0613 iou=0.0023
  Train: loss=0.0635 mask=0.0613 iou=0.0023 time=210.6s
  Val epoch 30: loss=0.0918
  Saved best phase1 model (val_loss=0.0918)

=== Phase1 Epoch 31/49 ===
  Epoch 31 [10/440] loss=0.0726 mask=0.0705 iou=0.0021
  Epoch 31 [20/440] loss=0.0590 mask=0.0567 iou=0.0023
  Epoch 31 [30/440] loss=0.0594 mask=0.0571 iou=0.0024
  Epoch 31 [40/440] loss=0.0602 mask=0.0577 iou=0.0025
  Epoch 31 [50/440] loss=0.0605 mask=0.0579 iou=0.0025
  Epoch 31 [60/440] loss=0.0598 mask=0.0573 iou=0.0025
  Epoch 31 [70/440] loss=0.0599 mask=0.0573 iou=0.0025
  Epoch 31 [80/440] loss=0.0585 mask=0.0561 iou=0.0024
  Epoch 31 [90/440] loss=0.0596 mask=0.0569 iou=0.0027
  Epoch 31 [100/440] loss=0.0591 mask=0.0563 iou=0.0028
  Epoch 31 [110/440] loss=0.0603 mask=0.0575 iou=0.0028
  Epoch 31 [120/440] loss=0.0618 mask=0.0592 iou=0.0026
  Epoch 31 [130/440] loss=0.0629 mask=0.0600 iou=0.0029
  Epoch 31 [140/440] loss=0.0624 mask=0.0595 iou=0.0029
  Epoch 31 [150/440] loss=0.0628 mask=0.0599 iou=0.0029
  Epoch 31 [160/440] loss=0.0638 mask=0.0609 iou=0.0029
  Epoch 31 [170/440] loss=0.0630 mask=0.0602 iou=0.0028
  Epoch 31 [180/440] loss=0.0629 mask=0.0600 iou=0.0028
  Epoch 31 [190/440] loss=0.0621 mask=0.0593 iou=0.0027
  Epoch 31 [200/440] loss=0.0620 mask=0.0593 iou=0.0028
  Epoch 31 [210/440] loss=0.0628 mask=0.0601 iou=0.0027
  Epoch 31 [220/440] loss=0.0629 mask=0.0602 iou=0.0026
  Epoch 31 [230/440] loss=0.0621 mask=0.0596 iou=0.0026
  Epoch 31 [240/440] loss=0.0620 mask=0.0595 iou=0.0025
  Epoch 31 [250/440] loss=0.0619 mask=0.0595 iou=0.0024
  Epoch 31 [260/440] loss=0.0627 mask=0.0603 iou=0.0024
  Epoch 31 [270/440] loss=0.0628 mask=0.0603 iou=0.0025
  Epoch 31 [280/440] loss=0.0625 mask=0.0601 iou=0.0025
  Epoch 31 [290/440] loss=0.0625 mask=0.0601 iou=0.0024
  Epoch 31 [300/440] loss=0.0625 mask=0.0601 iou=0.0024
  Epoch 31 [310/440] loss=0.0620 mask=0.0596 iou=0.0024
  Epoch 31 [320/440] loss=0.0622 mask=0.0599 iou=0.0023
  Epoch 31 [330/440] loss=0.0631 mask=0.0607 iou=0.0024
  Epoch 31 [340/440] loss=0.0625 mask=0.0602 iou=0.0023
  Epoch 31 [350/440] loss=0.0622 mask=0.0600 iou=0.0023
  Epoch 31 [360/440] loss=0.0618 mask=0.0596 iou=0.0022
  Epoch 31 [370/440] loss=0.0613 mask=0.0591 iou=0.0022
  Epoch 31 [380/440] loss=0.0629 mask=0.0606 iou=0.0023
  Epoch 31 [390/440] loss=0.0629 mask=0.0606 iou=0.0023
  Epoch 31 [400/440] loss=0.0625 mask=0.0603 iou=0.0022
  Epoch 31 [410/440] loss=0.0626 mask=0.0603 iou=0.0023
  Epoch 31 [420/440] loss=0.0626 mask=0.0603 iou=0.0023
  Epoch 31 [430/440] loss=0.0621 mask=0.0598 iou=0.0022
  Epoch 31 [440/440] loss=0.0623 mask=0.0600 iou=0.0023
  Train: loss=0.0623 mask=0.0600 iou=0.0023 time=196.5s
  Val epoch 31: loss=0.0925

=== Phase1 Epoch 32/49 ===
  Epoch 32 [10/440] loss=0.0432 mask=0.0413 iou=0.0019
  Epoch 32 [20/440] loss=0.0585 mask=0.0559 iou=0.0026
  Epoch 32 [30/440] loss=0.0609 mask=0.0586 iou=0.0023
  Epoch 32 [40/440] loss=0.0594 mask=0.0574 iou=0.0020
  Epoch 32 [50/440] loss=0.0607 mask=0.0587 iou=0.0020
  Epoch 32 [60/440] loss=0.0604 mask=0.0583 iou=0.0022
  Epoch 32 [70/440] loss=0.0610 mask=0.0588 iou=0.0021
  Epoch 32 [80/440] loss=0.0619 mask=0.0598 iou=0.0021
  Epoch 32 [90/440] loss=0.0630 mask=0.0608 iou=0.0022
  Epoch 32 [100/440] loss=0.0631 mask=0.0610 iou=0.0021
  Epoch 32 [110/440] loss=0.0615 mask=0.0594 iou=0.0021
  Epoch 32 [120/440] loss=0.0606 mask=0.0585 iou=0.0021
  Epoch 32 [130/440] loss=0.0604 mask=0.0582 iou=0.0022
  Epoch 32 [140/440] loss=0.0611 mask=0.0587 iou=0.0024
  Epoch 32 [150/440] loss=0.0640 mask=0.0617 iou=0.0023
  Epoch 32 [160/440] loss=0.0646 mask=0.0622 iou=0.0024
  Epoch 32 [170/440] loss=0.0633 mask=0.0609 iou=0.0023
  Epoch 32 [180/440] loss=0.0626 mask=0.0602 iou=0.0023
  Epoch 32 [190/440] loss=0.0623 mask=0.0600 iou=0.0023
  Epoch 32 [200/440] loss=0.0634 mask=0.0612 iou=0.0023
  Epoch 32 [210/440] loss=0.0636 mask=0.0612 iou=0.0024
  Epoch 32 [220/440] loss=0.0633 mask=0.0608 iou=0.0024
  Epoch 32 [230/440] loss=0.0625 mask=0.0601 iou=0.0024
  Epoch 32 [240/440] loss=0.0622 mask=0.0598 iou=0.0023
  Epoch 32 [250/440] loss=0.0612 mask=0.0589 iou=0.0023
  Epoch 32 [260/440] loss=0.0628 mask=0.0604 iou=0.0023
  Epoch 32 [270/440] loss=0.0624 mask=0.0601 iou=0.0023
  Epoch 32 [280/440] loss=0.0624 mask=0.0601 iou=0.0023
  Epoch 32 [290/440] loss=0.0625 mask=0.0602 iou=0.0023
  Epoch 32 [300/440] loss=0.0629 mask=0.0605 iou=0.0024
  Epoch 32 [310/440] loss=0.0635 mask=0.0611 iou=0.0024
  Epoch 32 [320/440] loss=0.0645 mask=0.0621 iou=0.0024
  Epoch 32 [330/440] loss=0.0643 mask=0.0619 iou=0.0024
  Epoch 32 [340/440] loss=0.0636 mask=0.0613 iou=0.0023
  Epoch 32 [350/440] loss=0.0637 mask=0.0614 iou=0.0023
  Epoch 32 [360/440] loss=0.0632 mask=0.0609 iou=0.0023
  Epoch 32 [370/440] loss=0.0633 mask=0.0610 iou=0.0023
  Epoch 32 [380/440] loss=0.0630 mask=0.0607 iou=0.0023
  Epoch 32 [390/440] loss=0.0627 mask=0.0604 iou=0.0023
  Epoch 32 [400/440] loss=0.0628 mask=0.0605 iou=0.0023
  Epoch 32 [410/440] loss=0.0623 mask=0.0600 iou=0.0022
  Epoch 32 [420/440] loss=0.0623 mask=0.0601 iou=0.0022
  Epoch 32 [430/440] loss=0.0623 mask=0.0601 iou=0.0022
  Epoch 32 [440/440] loss=0.0624 mask=0.0602 iou=0.0022
  Train: loss=0.0624 mask=0.0602 iou=0.0022 time=193.3s
  Val epoch 32: loss=0.0945

=== Phase1 Epoch 33/49 ===
  Epoch 33 [10/440] loss=0.0710 mask=0.0691 iou=0.0019
  Epoch 33 [20/440] loss=0.0656 mask=0.0637 iou=0.0019
  Epoch 33 [30/440] loss=0.0636 mask=0.0620 iou=0.0016
  Epoch 33 [40/440] loss=0.0654 mask=0.0629 iou=0.0025
  Epoch 33 [50/440] loss=0.0626 mask=0.0604 iou=0.0022
  Epoch 33 [60/440] loss=0.0616 mask=0.0591 iou=0.0025
  Epoch 33 [70/440] loss=0.0624 mask=0.0600 iou=0.0024
  Epoch 33 [80/440] loss=0.0626 mask=0.0603 iou=0.0024
  Epoch 33 [90/440] loss=0.0599 mask=0.0578 iou=0.0022
  Epoch 33 [100/440] loss=0.0588 mask=0.0566 iou=0.0022
  Epoch 33 [110/440] loss=0.0589 mask=0.0567 iou=0.0022
  Epoch 33 [120/440] loss=0.0592 mask=0.0570 iou=0.0022
  Epoch 33 [130/440] loss=0.0601 mask=0.0579 iou=0.0022
  Epoch 33 [140/440] loss=0.0600 mask=0.0578 iou=0.0021
  Epoch 33 [150/440] loss=0.0612 mask=0.0590 iou=0.0022
  Epoch 33 [160/440] loss=0.0620 mask=0.0598 iou=0.0022
  Epoch 33 [170/440] loss=0.0615 mask=0.0593 iou=0.0022
  Epoch 33 [180/440] loss=0.0613 mask=0.0591 iou=0.0022
  Epoch 33 [190/440] loss=0.0610 mask=0.0588 iou=0.0022
  Epoch 33 [200/440] loss=0.0614 mask=0.0593 iou=0.0022
  Epoch 33 [210/440] loss=0.0620 mask=0.0598 iou=0.0022
  Epoch 33 [220/440] loss=0.0624 mask=0.0602 iou=0.0022
  Epoch 33 [230/440] loss=0.0623 mask=0.0600 iou=0.0023
  Epoch 33 [240/440] loss=0.0620 mask=0.0597 iou=0.0023
  Epoch 33 [250/440] loss=0.0622 mask=0.0599 iou=0.0023
  Epoch 33 [260/440] loss=0.0617 mask=0.0594 iou=0.0023
  Epoch 33 [270/440] loss=0.0624 mask=0.0601 iou=0.0023
  Epoch 33 [280/440] loss=0.0624 mask=0.0602 iou=0.0023
  Epoch 33 [290/440] loss=0.0634 mask=0.0610 iou=0.0024
  Epoch 33 [300/440] loss=0.0634 mask=0.0610 iou=0.0024
  Epoch 33 [310/440] loss=0.0638 mask=0.0614 iou=0.0024
  Epoch 33 [320/440] loss=0.0636 mask=0.0611 iou=0.0024
  Epoch 33 [330/440] loss=0.0633 mask=0.0609 iou=0.0024
  Epoch 33 [340/440] loss=0.0634 mask=0.0610 iou=0.0024
  Epoch 33 [350/440] loss=0.0632 mask=0.0608 iou=0.0023
  Epoch 33 [360/440] loss=0.0628 mask=0.0605 iou=0.0023
  Epoch 33 [370/440] loss=0.0625 mask=0.0602 iou=0.0023
  Epoch 33 [380/440] loss=0.0622 mask=0.0599 iou=0.0023
  Epoch 33 [390/440] loss=0.0626 mask=0.0603 iou=0.0023
  Epoch 33 [400/440] loss=0.0629 mask=0.0606 iou=0.0023
  Epoch 33 [410/440] loss=0.0628 mask=0.0606 iou=0.0023
  Epoch 33 [420/440] loss=0.0625 mask=0.0602 iou=0.0023
  Epoch 33 [430/440] loss=0.0625 mask=0.0602 iou=0.0022
  Epoch 33 [440/440] loss=0.0631 mask=0.0608 iou=0.0023
  Train: loss=0.0631 mask=0.0608 iou=0.0023 time=206.2s
  Val epoch 33: loss=0.0959

=== Phase1 Epoch 34/49 ===
  Epoch 34 [10/440] loss=0.0501 mask=0.0491 iou=0.0010
  Epoch 34 [20/440] loss=0.0482 mask=0.0470 iou=0.0012
  Epoch 34 [30/440] loss=0.0456 mask=0.0447 iou=0.0010
  Epoch 34 [40/440] loss=0.0504 mask=0.0492 iou=0.0012
  Epoch 34 [50/440] loss=0.0533 mask=0.0521 iou=0.0012
  Epoch 34 [60/440] loss=0.0532 mask=0.0520 iou=0.0012
  Epoch 34 [70/440] loss=0.0568 mask=0.0555 iou=0.0013
  Epoch 34 [80/440] loss=0.0598 mask=0.0584 iou=0.0013
  Epoch 34 [90/440] loss=0.0582 mask=0.0568 iou=0.0013
  Epoch 34 [100/440] loss=0.0604 mask=0.0588 iou=0.0016
  Epoch 34 [110/440] loss=0.0590 mask=0.0574 iou=0.0016
  Epoch 34 [120/440] loss=0.0597 mask=0.0581 iou=0.0016
  Epoch 34 [130/440] loss=0.0584 mask=0.0567 iou=0.0016
  Epoch 34 [140/440] loss=0.0581 mask=0.0565 iou=0.0016
  Epoch 34 [150/440] loss=0.0579 mask=0.0563 iou=0.0016
  Epoch 34 [160/440] loss=0.0588 mask=0.0570 iou=0.0017
  Epoch 34 [170/440] loss=0.0586 mask=0.0569 iou=0.0017
  Epoch 34 [180/440] loss=0.0586 mask=0.0569 iou=0.0017
  Epoch 34 [190/440] loss=0.0582 mask=0.0565 iou=0.0017
  Epoch 34 [200/440] loss=0.0590 mask=0.0572 iou=0.0018
  Epoch 34 [210/440] loss=0.0587 mask=0.0569 iou=0.0018
  Epoch 34 [220/440] loss=0.0592 mask=0.0574 iou=0.0018
  Epoch 34 [230/440] loss=0.0599 mask=0.0581 iou=0.0018
  Epoch 34 [240/440] loss=0.0600 mask=0.0582 iou=0.0018
  Epoch 34 [250/440] loss=0.0603 mask=0.0585 iou=0.0018
  Epoch 34 [260/440] loss=0.0608 mask=0.0589 iou=0.0019
  Epoch 34 [270/440] loss=0.0610 mask=0.0592 iou=0.0019
  Epoch 34 [280/440] loss=0.0609 mask=0.0591 iou=0.0019
  Epoch 34 [290/440] loss=0.0613 mask=0.0595 iou=0.0019
  Epoch 34 [300/440] loss=0.0616 mask=0.0596 iou=0.0019
  Epoch 34 [310/440] loss=0.0616 mask=0.0596 iou=0.0020
  Epoch 34 [320/440] loss=0.0614 mask=0.0595 iou=0.0020
  Epoch 34 [330/440] loss=0.0616 mask=0.0596 iou=0.0020
  Epoch 34 [340/440] loss=0.0615 mask=0.0595 iou=0.0020
  Epoch 34 [350/440] loss=0.0619 mask=0.0598 iou=0.0021
  Epoch 34 [360/440] loss=0.0622 mask=0.0601 iou=0.0021
  Epoch 34 [370/440] loss=0.0621 mask=0.0600 iou=0.0021
  Epoch 34 [380/440] loss=0.0618 mask=0.0597 iou=0.0021
  Epoch 34 [390/440] loss=0.0619 mask=0.0598 iou=0.0021
  Epoch 34 [400/440] loss=0.0627 mask=0.0606 iou=0.0021
  Epoch 34 [410/440] loss=0.0624 mask=0.0603 iou=0.0021
  Epoch 34 [420/440] loss=0.0623 mask=0.0602 iou=0.0021
  Epoch 34 [430/440] loss=0.0624 mask=0.0603 iou=0.0021
  Epoch 34 [440/440] loss=0.0620 mask=0.0600 iou=0.0021
  Train: loss=0.0620 mask=0.0600 iou=0.0021 time=196.3s
  Val epoch 34: loss=0.0938

=== Phase1 Epoch 35/49 ===
  Epoch 35 [10/440] loss=0.0890 mask=0.0862 iou=0.0028
  Epoch 35 [20/440] loss=0.0760 mask=0.0735 iou=0.0025
  Epoch 35 [30/440] loss=0.0699 mask=0.0677 iou=0.0022
  Epoch 35 [40/440] loss=0.0649 mask=0.0629 iou=0.0020
  Epoch 35 [50/440] loss=0.0652 mask=0.0633 iou=0.0018
  Epoch 35 [60/440] loss=0.0640 mask=0.0622 iou=0.0018
  Epoch 35 [70/440] loss=0.0612 mask=0.0595 iou=0.0017
  Epoch 35 [80/440] loss=0.0594 mask=0.0577 iou=0.0017
  Epoch 35 [90/440] loss=0.0596 mask=0.0577 iou=0.0018
  Epoch 35 [100/440] loss=0.0587 mask=0.0569 iou=0.0018
  Epoch 35 [110/440] loss=0.0592 mask=0.0575 iou=0.0017
  Epoch 35 [120/440] loss=0.0598 mask=0.0578 iou=0.0020
  Epoch 35 [130/440] loss=0.0616 mask=0.0596 iou=0.0019
  Epoch 35 [140/440] loss=0.0622 mask=0.0602 iou=0.0020
  Epoch 35 [150/440] loss=0.0618 mask=0.0599 iou=0.0019
  Epoch 35 [160/440] loss=0.0617 mask=0.0597 iou=0.0020
  Epoch 35 [170/440] loss=0.0617 mask=0.0597 iou=0.0020
  Epoch 35 [180/440] loss=0.0614 mask=0.0594 iou=0.0021
  Epoch 35 [190/440] loss=0.0622 mask=0.0602 iou=0.0020
  Epoch 35 [200/440] loss=0.0615 mask=0.0595 iou=0.0020
  Epoch 35 [210/440] loss=0.0631 mask=0.0610 iou=0.0022
  Epoch 35 [220/440] loss=0.0628 mask=0.0606 iou=0.0022
  Epoch 35 [230/440] loss=0.0629 mask=0.0607 iou=0.0022
  Epoch 35 [240/440] loss=0.0632 mask=0.0610 iou=0.0022
  Epoch 35 [250/440] loss=0.0635 mask=0.0613 iou=0.0022
  Epoch 35 [260/440] loss=0.0631 mask=0.0609 iou=0.0022
  Epoch 35 [270/440] loss=0.0628 mask=0.0606 iou=0.0022
  Epoch 35 [280/440] loss=0.0624 mask=0.0602 iou=0.0022
  Epoch 35 [290/440] loss=0.0627 mask=0.0606 iou=0.0021
  Epoch 35 [300/440] loss=0.0627 mask=0.0605 iou=0.0021
  Epoch 35 [310/440] loss=0.0626 mask=0.0604 iou=0.0022
  Epoch 35 [320/440] loss=0.0632 mask=0.0611 iou=0.0021
  Epoch 35 [330/440] loss=0.0631 mask=0.0609 iou=0.0021
  Epoch 35 [340/440] loss=0.0627 mask=0.0606 iou=0.0021
  Epoch 35 [350/440] loss=0.0622 mask=0.0601 iou=0.0021
  Epoch 35 [360/440] loss=0.0618 mask=0.0597 iou=0.0021
  Epoch 35 [370/440] loss=0.0619 mask=0.0598 iou=0.0021
  Epoch 35 [380/440] loss=0.0620 mask=0.0599 iou=0.0021
  Epoch 35 [390/440] loss=0.0619 mask=0.0598 iou=0.0021
  Epoch 35 [400/440] loss=0.0625 mask=0.0604 iou=0.0021
  Epoch 35 [410/440] loss=0.0622 mask=0.0601 iou=0.0021
  Epoch 35 [420/440] loss=0.0619 mask=0.0598 iou=0.0021
  Epoch 35 [430/440] loss=0.0617 mask=0.0597 iou=0.0020
  Epoch 35 [440/440] loss=0.0614 mask=0.0594 iou=0.0020
  Train: loss=0.0614 mask=0.0594 iou=0.0020 time=198.7s
  Val epoch 35: loss=0.0928

=== Phase1 Epoch 36/49 ===
  Epoch 36 [10/440] loss=0.0726 mask=0.0697 iou=0.0029
  Epoch 36 [20/440] loss=0.0640 mask=0.0616 iou=0.0024
  Epoch 36 [30/440] loss=0.0605 mask=0.0584 iou=0.0021
  Epoch 36 [40/440] loss=0.0612 mask=0.0592 iou=0.0019
  Epoch 36 [50/440] loss=0.0591 mask=0.0573 iou=0.0019
  Epoch 36 [60/440] loss=0.0590 mask=0.0567 iou=0.0023
  Epoch 36 [70/440] loss=0.0657 mask=0.0634 iou=0.0023
  Epoch 36 [80/440] loss=0.0687 mask=0.0664 iou=0.0023
  Epoch 36 [90/440] loss=0.0672 mask=0.0649 iou=0.0022
  Epoch 36 [100/440] loss=0.0690 mask=0.0663 iou=0.0026
  Epoch 36 [110/440] loss=0.0687 mask=0.0662 iou=0.0025
  Epoch 36 [120/440] loss=0.0678 mask=0.0652 iou=0.0026
  Epoch 36 [130/440] loss=0.0663 mask=0.0638 iou=0.0025
  Epoch 36 [140/440] loss=0.0658 mask=0.0632 iou=0.0026
  Epoch 36 [150/440] loss=0.0664 mask=0.0639 iou=0.0025
  Epoch 36 [160/440] loss=0.0650 mask=0.0625 iou=0.0025
  Epoch 36 [170/440] loss=0.0648 mask=0.0624 iou=0.0024
  Epoch 36 [180/440] loss=0.0645 mask=0.0620 iou=0.0024
  Epoch 36 [190/440] loss=0.0637 mask=0.0614 iou=0.0024
  Epoch 36 [200/440] loss=0.0652 mask=0.0627 iou=0.0025
  Epoch 36 [210/440] loss=0.0652 mask=0.0627 iou=0.0025
  Epoch 36 [220/440] loss=0.0646 mask=0.0622 iou=0.0024
  Epoch 36 [230/440] loss=0.0651 mask=0.0626 iou=0.0024
  Epoch 36 [240/440] loss=0.0640 mask=0.0617 iou=0.0024
  Epoch 36 [250/440] loss=0.0640 mask=0.0617 iou=0.0023
  Epoch 36 [260/440] loss=0.0643 mask=0.0620 iou=0.0023
  Epoch 36 [270/440] loss=0.0642 mask=0.0619 iou=0.0023
  Epoch 36 [280/440] loss=0.0637 mask=0.0615 iou=0.0022
  Epoch 36 [290/440] loss=0.0636 mask=0.0614 iou=0.0022
  Epoch 36 [300/440] loss=0.0633 mask=0.0611 iou=0.0022
  Epoch 36 [310/440] loss=0.0627 mask=0.0605 iou=0.0022
  Epoch 36 [320/440] loss=0.0624 mask=0.0602 iou=0.0022
  Epoch 36 [330/440] loss=0.0629 mask=0.0607 iou=0.0022
  Epoch 36 [340/440] loss=0.0628 mask=0.0605 iou=0.0023
  Epoch 36 [350/440] loss=0.0625 mask=0.0602 iou=0.0023
  Epoch 36 [360/440] loss=0.0625 mask=0.0602 iou=0.0023
  Epoch 36 [370/440] loss=0.0626 mask=0.0603 iou=0.0023
  Epoch 36 [380/440] loss=0.0623 mask=0.0601 iou=0.0022
  Epoch 36 [390/440] loss=0.0619 mask=0.0597 iou=0.0022
  Epoch 36 [400/440] loss=0.0624 mask=0.0602 iou=0.0022
  Epoch 36 [410/440] loss=0.0624 mask=0.0602 iou=0.0022
  Epoch 36 [420/440] loss=0.0623 mask=0.0601 iou=0.0022
  Epoch 36 [430/440] loss=0.0621 mask=0.0599 iou=0.0022
  Epoch 36 [440/440] loss=0.0619 mask=0.0598 iou=0.0022
  Train: loss=0.0619 mask=0.0598 iou=0.0022 time=196.0s
  Val epoch 36: loss=0.0904
  Saved best phase1 model (val_loss=0.0904)

=== Phase1 Epoch 37/49 ===
  Epoch 37 [10/440] loss=0.0535 mask=0.0516 iou=0.0019
  Epoch 37 [20/440] loss=0.0543 mask=0.0525 iou=0.0018
  Epoch 37 [30/440] loss=0.0556 mask=0.0539 iou=0.0017
  Epoch 37 [40/440] loss=0.0560 mask=0.0542 iou=0.0017
  Epoch 37 [50/440] loss=0.0598 mask=0.0581 iou=0.0018
  Epoch 37 [60/440] loss=0.0588 mask=0.0570 iou=0.0018
  Epoch 37 [70/440] loss=0.0570 mask=0.0553 iou=0.0017
  Epoch 37 [80/440] loss=0.0591 mask=0.0573 iou=0.0018
  Epoch 37 [90/440] loss=0.0569 mask=0.0552 iou=0.0017
  Epoch 37 [100/440] loss=0.0577 mask=0.0558 iou=0.0019
  Epoch 37 [110/440] loss=0.0577 mask=0.0559 iou=0.0018
  Epoch 37 [120/440] loss=0.0586 mask=0.0569 iou=0.0018
  Epoch 37 [130/440] loss=0.0584 mask=0.0565 iou=0.0019
  Epoch 37 [140/440] loss=0.0590 mask=0.0570 iou=0.0020
  Epoch 37 [150/440] loss=0.0598 mask=0.0577 iou=0.0020
  Epoch 37 [160/440] loss=0.0605 mask=0.0584 iou=0.0022
  Epoch 37 [170/440] loss=0.0617 mask=0.0596 iou=0.0021
  Epoch 37 [180/440] loss=0.0619 mask=0.0598 iou=0.0021
  Epoch 37 [190/440] loss=0.0615 mask=0.0593 iou=0.0021
  Epoch 37 [200/440] loss=0.0610 mask=0.0589 iou=0.0021
  Epoch 37 [210/440] loss=0.0605 mask=0.0585 iou=0.0021
  Epoch 37 [220/440] loss=0.0605 mask=0.0584 iou=0.0021
  Epoch 37 [230/440] loss=0.0604 mask=0.0583 iou=0.0020
  Epoch 37 [240/440] loss=0.0597 mask=0.0577 iou=0.0020
  Epoch 37 [250/440] loss=0.0599 mask=0.0579 iou=0.0020
  Epoch 37 [260/440] loss=0.0590 mask=0.0571 iou=0.0020
  Epoch 37 [270/440] loss=0.0589 mask=0.0569 iou=0.0020
  Epoch 37 [280/440] loss=0.0593 mask=0.0573 iou=0.0020
  Epoch 37 [290/440] loss=0.0600 mask=0.0580 iou=0.0020
  Epoch 37 [300/440] loss=0.0597 mask=0.0577 iou=0.0020
  Epoch 37 [310/440] loss=0.0593 mask=0.0573 iou=0.0020
  Epoch 37 [320/440] loss=0.0597 mask=0.0576 iou=0.0020
  Epoch 37 [330/440] loss=0.0596 mask=0.0576 iou=0.0020
  Epoch 37 [340/440] loss=0.0597 mask=0.0577 iou=0.0020
  Epoch 37 [350/440] loss=0.0594 mask=0.0575 iou=0.0020
  Epoch 37 [360/440] loss=0.0594 mask=0.0574 iou=0.0020
  Epoch 37 [370/440] loss=0.0598 mask=0.0578 iou=0.0020
  Epoch 37 [380/440] loss=0.0601 mask=0.0580 iou=0.0020
  Epoch 37 [390/440] loss=0.0601 mask=0.0581 iou=0.0020
  Epoch 37 [400/440] loss=0.0612 mask=0.0591 iou=0.0021
  Epoch 37 [410/440] loss=0.0615 mask=0.0594 iou=0.0021
  Epoch 37 [420/440] loss=0.0612 mask=0.0592 iou=0.0021
  Epoch 37 [430/440] loss=0.0610 mask=0.0589 iou=0.0021
  Epoch 37 [440/440] loss=0.0614 mask=0.0593 iou=0.0021
  Train: loss=0.0614 mask=0.0593 iou=0.0021 time=196.0s
  Val epoch 37: loss=0.0914

=== Phase1 Epoch 38/49 ===
  Epoch 38 [10/440] loss=0.0563 mask=0.0548 iou=0.0016
  Epoch 38 [20/440] loss=0.0472 mask=0.0458 iou=0.0014
  Epoch 38 [30/440] loss=0.0637 mask=0.0620 iou=0.0017
  Epoch 38 [40/440] loss=0.0622 mask=0.0601 iou=0.0021
  Epoch 38 [50/440] loss=0.0580 mask=0.0560 iou=0.0020
  Epoch 38 [60/440] loss=0.0588 mask=0.0567 iou=0.0021
  Epoch 38 [70/440] loss=0.0576 mask=0.0556 iou=0.0020
  Epoch 38 [80/440] loss=0.0603 mask=0.0581 iou=0.0022
  Epoch 38 [90/440] loss=0.0597 mask=0.0576 iou=0.0021
  Epoch 38 [100/440] loss=0.0626 mask=0.0605 iou=0.0021
  Epoch 38 [110/440] loss=0.0622 mask=0.0603 iou=0.0020
  Epoch 38 [120/440] loss=0.0625 mask=0.0606 iou=0.0019
  Epoch 38 [130/440] loss=0.0625 mask=0.0605 iou=0.0019
  Epoch 38 [140/440] loss=0.0620 mask=0.0599 iou=0.0020
  Epoch 38 [150/440] loss=0.0616 mask=0.0596 iou=0.0020
  Epoch 38 [160/440] loss=0.0611 mask=0.0591 iou=0.0020
  Epoch 38 [170/440] loss=0.0603 mask=0.0584 iou=0.0019
  Epoch 38 [180/440] loss=0.0601 mask=0.0582 iou=0.0019
  Epoch 38 [190/440] loss=0.0603 mask=0.0584 iou=0.0019
  Epoch 38 [200/440] loss=0.0598 mask=0.0579 iou=0.0019
  Epoch 38 [210/440] loss=0.0611 mask=0.0592 iou=0.0019
  Epoch 38 [220/440] loss=0.0606 mask=0.0587 iou=0.0019
  Epoch 38 [230/440] loss=0.0611 mask=0.0592 iou=0.0019
  Epoch 38 [240/440] loss=0.0607 mask=0.0588 iou=0.0019
  Epoch 38 [250/440] loss=0.0606 mask=0.0587 iou=0.0019
  Epoch 38 [260/440] loss=0.0611 mask=0.0592 iou=0.0019
  Epoch 38 [270/440] loss=0.0612 mask=0.0593 iou=0.0020
  Epoch 38 [280/440] loss=0.0616 mask=0.0596 iou=0.0020
  Epoch 38 [290/440] loss=0.0615 mask=0.0595 iou=0.0020
  Epoch 38 [300/440] loss=0.0618 mask=0.0598 iou=0.0020
  Epoch 38 [310/440] loss=0.0621 mask=0.0601 iou=0.0020
  Epoch 38 [320/440] loss=0.0619 mask=0.0599 iou=0.0020
  Epoch 38 [330/440] loss=0.0616 mask=0.0596 iou=0.0020
  Epoch 38 [340/440] loss=0.0612 mask=0.0592 iou=0.0020
  Epoch 38 [350/440] loss=0.0612 mask=0.0592 iou=0.0020
  Epoch 38 [360/440] loss=0.0608 mask=0.0589 iou=0.0020
  Epoch 38 [370/440] loss=0.0609 mask=0.0590 iou=0.0020
  Epoch 38 [380/440] loss=0.0607 mask=0.0587 iou=0.0020
  Epoch 38 [390/440] loss=0.0606 mask=0.0586 iou=0.0019
  Epoch 38 [400/440] loss=0.0610 mask=0.0590 iou=0.0020
  Epoch 38 [410/440] loss=0.0611 mask=0.0591 iou=0.0020
  Epoch 38 [420/440] loss=0.0609 mask=0.0589 iou=0.0020
  Epoch 38 [430/440] loss=0.0611 mask=0.0590 iou=0.0021
  Epoch 38 [440/440] loss=0.0610 mask=0.0590 iou=0.0021
  Train: loss=0.0610 mask=0.0590 iou=0.0021 time=208.7s
  Val epoch 38: loss=0.0913

=== Phase1 Epoch 39/49 ===
  Epoch 39 [10/440] loss=0.0699 mask=0.0680 iou=0.0019
  Epoch 39 [20/440] loss=0.0751 mask=0.0707 iou=0.0043
  Epoch 39 [30/440] loss=0.0654 mask=0.0620 iou=0.0034
  Epoch 39 [40/440] loss=0.0630 mask=0.0598 iou=0.0031
  Epoch 39 [50/440] loss=0.0642 mask=0.0611 iou=0.0031
  Epoch 39 [60/440] loss=0.0611 mask=0.0581 iou=0.0029
  Epoch 39 [70/440] loss=0.0637 mask=0.0609 iou=0.0028
  Epoch 39 [80/440] loss=0.0624 mask=0.0598 iou=0.0026
  Epoch 39 [90/440] loss=0.0622 mask=0.0596 iou=0.0026
  Epoch 39 [100/440] loss=0.0622 mask=0.0595 iou=0.0027
  Epoch 39 [110/440] loss=0.0613 mask=0.0586 iou=0.0027
  Epoch 39 [120/440] loss=0.0622 mask=0.0597 iou=0.0026
  Epoch 39 [130/440] loss=0.0603 mask=0.0579 iou=0.0024
  Epoch 39 [140/440] loss=0.0598 mask=0.0574 iou=0.0023
  Epoch 39 [150/440] loss=0.0592 mask=0.0569 iou=0.0023
  Epoch 39 [160/440] loss=0.0594 mask=0.0572 iou=0.0022
  Epoch 39 [170/440] loss=0.0594 mask=0.0572 iou=0.0022
  Epoch 39 [180/440] loss=0.0590 mask=0.0568 iou=0.0022
  Epoch 39 [190/440] loss=0.0584 mask=0.0563 iou=0.0021
  Epoch 39 [200/440] loss=0.0578 mask=0.0557 iou=0.0021
  Epoch 39 [210/440] loss=0.0592 mask=0.0571 iou=0.0021
  Epoch 39 [220/440] loss=0.0593 mask=0.0572 iou=0.0021
  Epoch 39 [230/440] loss=0.0595 mask=0.0574 iou=0.0021
  Epoch 39 [240/440] loss=0.0590 mask=0.0570 iou=0.0020
  Epoch 39 [250/440] loss=0.0597 mask=0.0576 iou=0.0021
  Epoch 39 [260/440] loss=0.0602 mask=0.0581 iou=0.0021
  Epoch 39 [270/440] loss=0.0601 mask=0.0579 iou=0.0021
  Epoch 39 [280/440] loss=0.0596 mask=0.0575 iou=0.0021
  Epoch 39 [290/440] loss=0.0593 mask=0.0572 iou=0.0021
  Epoch 39 [300/440] loss=0.0603 mask=0.0581 iou=0.0022
  Epoch 39 [310/440] loss=0.0605 mask=0.0584 iou=0.0022
  Epoch 39 [320/440] loss=0.0603 mask=0.0581 iou=0.0022
  Epoch 39 [330/440] loss=0.0606 mask=0.0585 iou=0.0021
  Epoch 39 [340/440] loss=0.0612 mask=0.0591 iou=0.0021
  Epoch 39 [350/440] loss=0.0614 mask=0.0593 iou=0.0022
  Epoch 39 [360/440] loss=0.0611 mask=0.0590 iou=0.0022
  Epoch 39 [370/440] loss=0.0609 mask=0.0587 iou=0.0021
  Epoch 39 [380/440] loss=0.0605 mask=0.0584 iou=0.0021
  Epoch 39 [390/440] loss=0.0604 mask=0.0583 iou=0.0021
  Epoch 39 [400/440] loss=0.0607 mask=0.0586 iou=0.0021
  Epoch 39 [410/440] loss=0.0605 mask=0.0584 iou=0.0021
  Epoch 39 [420/440] loss=0.0604 mask=0.0583 iou=0.0021
  Epoch 39 [430/440] loss=0.0605 mask=0.0585 iou=0.0021
  Epoch 39 [440/440] loss=0.0609 mask=0.0589 iou=0.0021
  Train: loss=0.0609 mask=0.0589 iou=0.0021 time=197.4s
  Val epoch 39: loss=0.0913

=== Phase1 Epoch 40/49 ===
  Epoch 40 [10/440] loss=0.0615 mask=0.0590 iou=0.0026
  Epoch 40 [20/440] loss=0.0603 mask=0.0585 iou=0.0018
  Epoch 40 [30/440] loss=0.0564 mask=0.0548 iou=0.0016
  Epoch 40 [40/440] loss=0.0574 mask=0.0558 iou=0.0017
  Epoch 40 [50/440] loss=0.0624 mask=0.0604 iou=0.0020
  Epoch 40 [60/440] loss=0.0635 mask=0.0614 iou=0.0020
  Epoch 40 [70/440] loss=0.0628 mask=0.0607 iou=0.0021
  Epoch 40 [80/440] loss=0.0633 mask=0.0612 iou=0.0020
  Epoch 40 [90/440] loss=0.0619 mask=0.0600 iou=0.0020
  Epoch 40 [100/440] loss=0.0617 mask=0.0597 iou=0.0020
  Epoch 40 [110/440] loss=0.0610 mask=0.0591 iou=0.0019
  Epoch 40 [120/440] loss=0.0618 mask=0.0599 iou=0.0020
  Epoch 40 [130/440] loss=0.0635 mask=0.0614 iou=0.0021
  Epoch 40 [140/440] loss=0.0639 mask=0.0617 iou=0.0022
  Epoch 40 [150/440] loss=0.0635 mask=0.0612 iou=0.0023
  Epoch 40 [160/440] loss=0.0621 mask=0.0599 iou=0.0022
  Epoch 40 [170/440] loss=0.0627 mask=0.0605 iou=0.0022
  Epoch 40 [180/440] loss=0.0626 mask=0.0604 iou=0.0022
  Epoch 40 [190/440] loss=0.0619 mask=0.0597 iou=0.0021
  Epoch 40 [200/440] loss=0.0616 mask=0.0595 iou=0.0022
  Epoch 40 [210/440] loss=0.0612 mask=0.0591 iou=0.0021
  Epoch 40 [220/440] loss=0.0610 mask=0.0589 iou=0.0021
  Epoch 40 [230/440] loss=0.0603 mask=0.0582 iou=0.0021
  Epoch 40 [240/440] loss=0.0599 mask=0.0579 iou=0.0021
  Epoch 40 [250/440] loss=0.0604 mask=0.0584 iou=0.0021
  Epoch 40 [260/440] loss=0.0609 mask=0.0588 iou=0.0021
  Epoch 40 [270/440] loss=0.0604 mask=0.0584 iou=0.0021
  Epoch 40 [280/440] loss=0.0605 mask=0.0584 iou=0.0021
  Epoch 40 [290/440] loss=0.0607 mask=0.0586 iou=0.0020
  Epoch 40 [300/440] loss=0.0607 mask=0.0587 iou=0.0020
  Epoch 40 [310/440] loss=0.0605 mask=0.0585 iou=0.0020
  Epoch 40 [320/440] loss=0.0598 mask=0.0579 iou=0.0019
  Epoch 40 [330/440] loss=0.0605 mask=0.0585 iou=0.0020
  Epoch 40 [340/440] loss=0.0601 mask=0.0582 iou=0.0019
  Epoch 40 [350/440] loss=0.0601 mask=0.0582 iou=0.0019
  Epoch 40 [360/440] loss=0.0600 mask=0.0581 iou=0.0019
  Epoch 40 [370/440] loss=0.0599 mask=0.0580 iou=0.0019
  Epoch 40 [380/440] loss=0.0600 mask=0.0581 iou=0.0019
  Epoch 40 [390/440] loss=0.0598 mask=0.0579 iou=0.0019
  Epoch 40 [400/440] loss=0.0595 mask=0.0576 iou=0.0019
  Epoch 40 [410/440] loss=0.0595 mask=0.0576 iou=0.0019
  Epoch 40 [420/440] loss=0.0599 mask=0.0580 iou=0.0019
  Epoch 40 [430/440] loss=0.0600 mask=0.0581 iou=0.0019
  Epoch 40 [440/440] loss=0.0600 mask=0.0581 iou=0.0019
  Train: loss=0.0600 mask=0.0581 iou=0.0019 time=200.7s
  Val epoch 40: loss=0.0904

=== Phase1 Epoch 41/49 ===
  Epoch 41 [10/440] loss=0.0646 mask=0.0625 iou=0.0020
  Epoch 41 [20/440] loss=0.0629 mask=0.0611 iou=0.0017
  Epoch 41 [30/440] loss=0.0721 mask=0.0701 iou=0.0020
  Epoch 41 [40/440] loss=0.0682 mask=0.0662 iou=0.0019
  Epoch 41 [50/440] loss=0.0668 mask=0.0650 iou=0.0018
  Epoch 41 [60/440] loss=0.0637 mask=0.0620 iou=0.0017
  Epoch 41 [70/440] loss=0.0630 mask=0.0614 iou=0.0016
  Epoch 41 [80/440] loss=0.0632 mask=0.0615 iou=0.0017
  Epoch 41 [90/440] loss=0.0622 mask=0.0604 iou=0.0017
  Epoch 41 [100/440] loss=0.0610 mask=0.0593 iou=0.0017
  Epoch 41 [110/440] loss=0.0619 mask=0.0602 iou=0.0017
  Epoch 41 [120/440] loss=0.0612 mask=0.0595 iou=0.0017
  Epoch 41 [130/440] loss=0.0615 mask=0.0599 iou=0.0016
  Epoch 41 [140/440] loss=0.0637 mask=0.0619 iou=0.0018
  Epoch 41 [150/440] loss=0.0634 mask=0.0616 iou=0.0018
  Epoch 41 [160/440] loss=0.0625 mask=0.0607 iou=0.0018
  Epoch 41 [170/440] loss=0.0629 mask=0.0611 iou=0.0018
  Epoch 41 [180/440] loss=0.0639 mask=0.0621 iou=0.0018
  Epoch 41 [190/440] loss=0.0632 mask=0.0614 iou=0.0018
  Epoch 41 [200/440] loss=0.0632 mask=0.0614 iou=0.0018
  Epoch 41 [210/440] loss=0.0623 mask=0.0606 iou=0.0018
  Epoch 41 [220/440] loss=0.0621 mask=0.0604 iou=0.0018
  Epoch 41 [230/440] loss=0.0612 mask=0.0595 iou=0.0018
  Epoch 41 [240/440] loss=0.0612 mask=0.0594 iou=0.0018
  Epoch 41 [250/440] loss=0.0611 mask=0.0593 iou=0.0018
  Epoch 41 [260/440] loss=0.0613 mask=0.0595 iou=0.0018
  Epoch 41 [270/440] loss=0.0609 mask=0.0591 iou=0.0018
  Epoch 41 [280/440] loss=0.0602 mask=0.0584 iou=0.0018
  Epoch 41 [290/440] loss=0.0604 mask=0.0586 iou=0.0018
  Epoch 41 [300/440] loss=0.0596 mask=0.0579 iou=0.0017
  Epoch 41 [310/440] loss=0.0599 mask=0.0581 iou=0.0018
  Epoch 41 [320/440] loss=0.0596 mask=0.0578 iou=0.0018
  Epoch 41 [330/440] loss=0.0594 mask=0.0576 iou=0.0018
  Epoch 41 [340/440] loss=0.0591 mask=0.0573 iou=0.0018
  Epoch 41 [350/440] loss=0.0594 mask=0.0576 iou=0.0018
  Epoch 41 [360/440] loss=0.0590 mask=0.0572 iou=0.0018
  Epoch 41 [370/440] loss=0.0588 mask=0.0571 iou=0.0018
  Epoch 41 [380/440] loss=0.0586 mask=0.0568 iou=0.0018
  Epoch 41 [390/440] loss=0.0584 mask=0.0566 iou=0.0018
  Epoch 41 [400/440] loss=0.0583 mask=0.0565 iou=0.0018
  Epoch 41 [410/440] loss=0.0585 mask=0.0567 iou=0.0018
  Epoch 41 [420/440] loss=0.0586 mask=0.0568 iou=0.0018
  Epoch 41 [430/440] loss=0.0589 mask=0.0571 iou=0.0018
  Epoch 41 [440/440] loss=0.0590 mask=0.0573 iou=0.0018
  Train: loss=0.0590 mask=0.0573 iou=0.0018 time=197.7s
  Val epoch 41: loss=0.0906

=== Phase1 Epoch 42/49 ===
  Epoch 42 [10/440] loss=0.0657 mask=0.0636 iou=0.0022
  Epoch 42 [20/440] loss=0.0584 mask=0.0569 iou=0.0016
  Epoch 42 [30/440] loss=0.0577 mask=0.0559 iou=0.0018
  Epoch 42 [40/440] loss=0.0582 mask=0.0566 iou=0.0016
  Epoch 42 [50/440] loss=0.0566 mask=0.0551 iou=0.0016
  Epoch 42 [60/440] loss=0.0583 mask=0.0566 iou=0.0017
  Epoch 42 [70/440] loss=0.0599 mask=0.0583 iou=0.0017
  Epoch 42 [80/440] loss=0.0597 mask=0.0580 iou=0.0017
  Epoch 42 [90/440] loss=0.0596 mask=0.0577 iou=0.0018
  Epoch 42 [100/440] loss=0.0579 mask=0.0562 iou=0.0017
  Epoch 42 [110/440] loss=0.0576 mask=0.0559 iou=0.0017
  Epoch 42 [120/440] loss=0.0603 mask=0.0584 iou=0.0018
  Epoch 42 [130/440] loss=0.0607 mask=0.0588 iou=0.0019
  Epoch 42 [140/440] loss=0.0600 mask=0.0580 iou=0.0020
  Epoch 42 [150/440] loss=0.0605 mask=0.0585 iou=0.0020
  Epoch 42 [160/440] loss=0.0606 mask=0.0586 iou=0.0020
  Epoch 42 [170/440] loss=0.0606 mask=0.0585 iou=0.0021
  Epoch 42 [180/440] loss=0.0599 mask=0.0579 iou=0.0020
  Epoch 42 [190/440] loss=0.0595 mask=0.0575 iou=0.0020
  Epoch 42 [200/440] loss=0.0588 mask=0.0568 iou=0.0020
  Epoch 42 [210/440] loss=0.0577 mask=0.0558 iou=0.0020
  Epoch 42 [220/440] loss=0.0598 mask=0.0579 iou=0.0020
  Epoch 42 [230/440] loss=0.0599 mask=0.0579 iou=0.0020
  Epoch 42 [240/440] loss=0.0599 mask=0.0579 iou=0.0020
  Epoch 42 [250/440] loss=0.0615 mask=0.0595 iou=0.0020
  Epoch 42 [260/440] loss=0.0607 mask=0.0587 iou=0.0020
  Epoch 42 [270/440] loss=0.0604 mask=0.0585 iou=0.0019
  Epoch 42 [280/440] loss=0.0603 mask=0.0584 iou=0.0019
  Epoch 42 [290/440] loss=0.0599 mask=0.0580 iou=0.0019
  Epoch 42 [300/440] loss=0.0603 mask=0.0584 iou=0.0019
  Epoch 42 [310/440] loss=0.0603 mask=0.0583 iou=0.0019
  Epoch 42 [320/440] loss=0.0602 mask=0.0583 iou=0.0019
  Epoch 42 [330/440] loss=0.0605 mask=0.0586 iou=0.0019
  Epoch 42 [340/440] loss=0.0601 mask=0.0583 iou=0.0019
  Epoch 42 [350/440] loss=0.0599 mask=0.0580 iou=0.0018
  Epoch 42 [360/440] loss=0.0595 mask=0.0576 iou=0.0018
  Epoch 42 [370/440] loss=0.0599 mask=0.0581 iou=0.0019
  Epoch 42 [380/440] loss=0.0602 mask=0.0583 iou=0.0019
  Epoch 42 [390/440] loss=0.0600 mask=0.0581 iou=0.0019
  Epoch 42 [400/440] loss=0.0601 mask=0.0583 iou=0.0019
  Epoch 42 [410/440] loss=0.0599 mask=0.0580 iou=0.0019
  Epoch 42 [420/440] loss=0.0599 mask=0.0580 iou=0.0019
  Epoch 42 [430/440] loss=0.0600 mask=0.0581 iou=0.0019
  Epoch 42 [440/440] loss=0.0597 mask=0.0578 iou=0.0019
  Train: loss=0.0597 mask=0.0578 iou=0.0019 time=278.9s
  Val epoch 42: loss=0.0921

=== Phase1 Epoch 43/49 ===
  Epoch 43 [10/440] loss=0.0601 mask=0.0556 iou=0.0045
  Epoch 43 [20/440] loss=0.0593 mask=0.0564 iou=0.0029
  Epoch 43 [30/440] loss=0.0561 mask=0.0539 iou=0.0022
  Epoch 43 [40/440] loss=0.0580 mask=0.0561 iou=0.0020
  Epoch 43 [50/440] loss=0.0606 mask=0.0587 iou=0.0018
  Epoch 43 [60/440] loss=0.0562 mask=0.0545 iou=0.0017
  Epoch 43 [70/440] loss=0.0541 mask=0.0525 iou=0.0016
  Epoch 43 [80/440] loss=0.0525 mask=0.0509 iou=0.0016
  Epoch 43 [90/440] loss=0.0560 mask=0.0543 iou=0.0017
  Epoch 43 [100/440] loss=0.0580 mask=0.0563 iou=0.0017
  Epoch 43 [110/440] loss=0.0576 mask=0.0559 iou=0.0016
  Epoch 43 [120/440] loss=0.0562 mask=0.0547 iou=0.0016
  Epoch 43 [130/440] loss=0.0577 mask=0.0560 iou=0.0017
  Epoch 43 [140/440] loss=0.0577 mask=0.0558 iou=0.0018
  Epoch 43 [150/440] loss=0.0574 mask=0.0556 iou=0.0018
  Epoch 43 [160/440] loss=0.0566 mask=0.0548 iou=0.0018
  Epoch 43 [170/440] loss=0.0561 mask=0.0544 iou=0.0017
  Epoch 43 [180/440] loss=0.0562 mask=0.0545 iou=0.0017
  Epoch 43 [190/440] loss=0.0570 mask=0.0553 iou=0.0017
  Epoch 43 [200/440] loss=0.0566 mask=0.0549 iou=0.0017
  Epoch 43 [210/440] loss=0.0574 mask=0.0557 iou=0.0018
  Epoch 43 [220/440] loss=0.0582 mask=0.0563 iou=0.0018
  Epoch 43 [230/440] loss=0.0581 mask=0.0562 iou=0.0019
  Epoch 43 [240/440] loss=0.0578 mask=0.0560 iou=0.0019
  Epoch 43 [250/440] loss=0.0576 mask=0.0558 iou=0.0019
  Epoch 43 [260/440] loss=0.0577 mask=0.0558 iou=0.0019
  Epoch 43 [270/440] loss=0.0580 mask=0.0561 iou=0.0019
  Epoch 43 [280/440] loss=0.0578 mask=0.0558 iou=0.0019
  Epoch 43 [290/440] loss=0.0582 mask=0.0563 iou=0.0019
  Epoch 43 [300/440] loss=0.0585 mask=0.0565 iou=0.0020
  Epoch 43 [310/440] loss=0.0584 mask=0.0564 iou=0.0019
  Epoch 43 [320/440] loss=0.0584 mask=0.0564 iou=0.0020
  Epoch 43 [330/440] loss=0.0586 mask=0.0566 iou=0.0020
  Epoch 43 [340/440] loss=0.0584 mask=0.0564 iou=0.0020
  Epoch 43 [350/440] loss=0.0590 mask=0.0570 iou=0.0020
  Epoch 43 [360/440] loss=0.0590 mask=0.0571 iou=0.0019
  Epoch 43 [370/440] loss=0.0588 mask=0.0569 iou=0.0019
  Epoch 43 [380/440] loss=0.0589 mask=0.0570 iou=0.0019
  Epoch 43 [390/440] loss=0.0587 mask=0.0568 iou=0.0019
  Epoch 43 [400/440] loss=0.0589 mask=0.0570 iou=0.0019
  Epoch 43 [410/440] loss=0.0590 mask=0.0572 iou=0.0019
  Epoch 43 [420/440] loss=0.0595 mask=0.0576 iou=0.0019
  Epoch 43 [430/440] loss=0.0597 mask=0.0578 iou=0.0019
  Epoch 43 [440/440] loss=0.0596 mask=0.0577 iou=0.0019
  Train: loss=0.0596 mask=0.0577 iou=0.0019 time=314.6s
  Val epoch 43: loss=0.0905

=== Phase1 Epoch 44/49 ===
  Epoch 44 [10/440] loss=0.0473 mask=0.0458 iou=0.0014
  Epoch 44 [20/440] loss=0.0455 mask=0.0440 iou=0.0016
  Epoch 44 [30/440] loss=0.0477 mask=0.0461 iou=0.0016
  Epoch 44 [40/440] loss=0.0573 mask=0.0555 iou=0.0018
  Epoch 44 [50/440] loss=0.0607 mask=0.0587 iou=0.0020
  Epoch 44 [60/440] loss=0.0594 mask=0.0575 iou=0.0019
  Epoch 44 [70/440] loss=0.0584 mask=0.0566 iou=0.0019
  Epoch 44 [80/440] loss=0.0589 mask=0.0568 iou=0.0021
  Epoch 44 [90/440] loss=0.0580 mask=0.0559 iou=0.0020
  Epoch 44 [100/440] loss=0.0577 mask=0.0558 iou=0.0019
  Epoch 44 [110/440] loss=0.0598 mask=0.0578 iou=0.0019
  Epoch 44 [120/440] loss=0.0603 mask=0.0584 iou=0.0019
  Epoch 44 [130/440] loss=0.0599 mask=0.0581 iou=0.0018
  Epoch 44 [140/440] loss=0.0596 mask=0.0578 iou=0.0018
  Epoch 44 [150/440] loss=0.0598 mask=0.0579 iou=0.0018
  Epoch 44 [160/440] loss=0.0602 mask=0.0584 iou=0.0018
  Epoch 44 [170/440] loss=0.0593 mask=0.0576 iou=0.0018
  Epoch 44 [180/440] loss=0.0588 mask=0.0571 iou=0.0017
  Epoch 44 [190/440] loss=0.0593 mask=0.0576 iou=0.0017
  Epoch 44 [200/440] loss=0.0600 mask=0.0583 iou=0.0017
  Epoch 44 [210/440] loss=0.0588 mask=0.0571 iou=0.0017
  Epoch 44 [220/440] loss=0.0588 mask=0.0571 iou=0.0017
  Epoch 44 [230/440] loss=0.0590 mask=0.0573 iou=0.0017
  Epoch 44 [240/440] loss=0.0594 mask=0.0576 iou=0.0018
  Epoch 44 [250/440] loss=0.0592 mask=0.0574 iou=0.0018
  Epoch 44 [260/440] loss=0.0597 mask=0.0579 iou=0.0018
  Epoch 44 [270/440] loss=0.0594 mask=0.0576 iou=0.0018
  Epoch 44 [280/440] loss=0.0588 mask=0.0570 iou=0.0018
  Epoch 44 [290/440] loss=0.0592 mask=0.0573 iou=0.0018
  Epoch 44 [300/440] loss=0.0592 mask=0.0574 iou=0.0018
  Epoch 44 [310/440] loss=0.0589 mask=0.0571 iou=0.0018
  Epoch 44 [320/440] loss=0.0588 mask=0.0570 iou=0.0018
  Epoch 44 [330/440] loss=0.0591 mask=0.0573 iou=0.0018
  Epoch 44 [340/440] loss=0.0596 mask=0.0577 iou=0.0018
  Epoch 44 [350/440] loss=0.0595 mask=0.0576 iou=0.0019
  Epoch 44 [360/440] loss=0.0594 mask=0.0575 iou=0.0019
  Epoch 44 [370/440] loss=0.0592 mask=0.0573 iou=0.0019
  Epoch 44 [380/440] loss=0.0593 mask=0.0575 iou=0.0019
  Epoch 44 [390/440] loss=0.0591 mask=0.0573 iou=0.0018
  Epoch 44 [400/440] loss=0.0591 mask=0.0573 iou=0.0018
  Epoch 44 [410/440] loss=0.0598 mask=0.0579 iou=0.0019
  Epoch 44 [420/440] loss=0.0595 mask=0.0577 iou=0.0019
  Epoch 44 [430/440] loss=0.0597 mask=0.0578 iou=0.0019
  Epoch 44 [440/440] loss=0.0596 mask=0.0578 iou=0.0019
  Train: loss=0.0596 mask=0.0578 iou=0.0019 time=325.4s
  Val epoch 44: loss=0.0912

=== Phase1 Epoch 45/49 ===
  Epoch 45 [10/440] loss=0.0662 mask=0.0650 iou=0.0012
  Epoch 45 [20/440] loss=0.0721 mask=0.0707 iou=0.0014
  Epoch 45 [30/440] loss=0.0643 mask=0.0629 iou=0.0014
  Epoch 45 [40/440] loss=0.0633 mask=0.0616 iou=0.0017
  Epoch 45 [50/440] loss=0.0631 mask=0.0612 iou=0.0019
  Epoch 45 [60/440] loss=0.0651 mask=0.0631 iou=0.0021
  Epoch 45 [70/440] loss=0.0649 mask=0.0628 iou=0.0021
  Epoch 45 [80/440] loss=0.0671 mask=0.0651 iou=0.0021
  Epoch 45 [90/440] loss=0.0651 mask=0.0631 iou=0.0019
  Epoch 45 [100/440] loss=0.0650 mask=0.0631 iou=0.0019
  Epoch 45 [110/440] loss=0.0645 mask=0.0625 iou=0.0020
  Epoch 45 [120/440] loss=0.0640 mask=0.0621 iou=0.0019
  Epoch 45 [130/440] loss=0.0628 mask=0.0610 iou=0.0018
  Epoch 45 [140/440] loss=0.0630 mask=0.0612 iou=0.0018
  Epoch 45 [150/440] loss=0.0628 mask=0.0610 iou=0.0018
  Epoch 45 [160/440] loss=0.0621 mask=0.0603 iou=0.0017
  Epoch 45 [170/440] loss=0.0617 mask=0.0599 iou=0.0017
  Epoch 45 [180/440] loss=0.0633 mask=0.0616 iou=0.0017
  Epoch 45 [190/440] loss=0.0625 mask=0.0608 iou=0.0017
  Epoch 45 [200/440] loss=0.0624 mask=0.0607 iou=0.0017
  Epoch 45 [210/440] loss=0.0616 mask=0.0599 iou=0.0017
  Epoch 45 [220/440] loss=0.0613 mask=0.0596 iou=0.0017
  Epoch 45 [230/440] loss=0.0612 mask=0.0595 iou=0.0017
  Epoch 45 [240/440] loss=0.0615 mask=0.0597 iou=0.0017
  Epoch 45 [250/440] loss=0.0614 mask=0.0597 iou=0.0017
  Epoch 45 [260/440] loss=0.0610 mask=0.0593 iou=0.0017
  Epoch 45 [270/440] loss=0.0610 mask=0.0593 iou=0.0018
  Epoch 45 [280/440] loss=0.0608 mask=0.0590 iou=0.0018
  Epoch 45 [290/440] loss=0.0610 mask=0.0592 iou=0.0018
  Epoch 45 [300/440] loss=0.0603 mask=0.0585 iou=0.0018
  Epoch 45 [310/440] loss=0.0602 mask=0.0585 iou=0.0018
  Epoch 45 [320/440] loss=0.0599 mask=0.0581 iou=0.0018
  Epoch 45 [330/440] loss=0.0597 mask=0.0580 iou=0.0018
  Epoch 45 [340/440] loss=0.0601 mask=0.0584 iou=0.0018
  Epoch 45 [350/440] loss=0.0596 mask=0.0579 iou=0.0017
  Epoch 45 [360/440] loss=0.0593 mask=0.0576 iou=0.0017
  Epoch 45 [370/440] loss=0.0596 mask=0.0578 iou=0.0018
  Epoch 45 [380/440] loss=0.0599 mask=0.0581 iou=0.0018
  Epoch 45 [390/440] loss=0.0600 mask=0.0582 iou=0.0018
  Epoch 45 [400/440] loss=0.0597 mask=0.0579 iou=0.0018
  Epoch 45 [410/440] loss=0.0594 mask=0.0576 iou=0.0018
  Epoch 45 [420/440] loss=0.0591 mask=0.0573 iou=0.0018
  Epoch 45 [430/440] loss=0.0587 mask=0.0569 iou=0.0018
  Epoch 45 [440/440] loss=0.0590 mask=0.0571 iou=0.0018
  Train: loss=0.0590 mask=0.0571 iou=0.0018 time=321.0s
  Val epoch 45: loss=0.0913

=== Phase1 Epoch 46/49 ===
  Epoch 46 [10/440] loss=0.0469 mask=0.0462 iou=0.0006
  Epoch 46 [20/440] loss=0.0504 mask=0.0490 iou=0.0014
  Epoch 46 [30/440] loss=0.0489 mask=0.0476 iou=0.0013
  Epoch 46 [40/440] loss=0.0532 mask=0.0519 iou=0.0013
  Epoch 46 [50/440] loss=0.0564 mask=0.0544 iou=0.0019
  Epoch 46 [60/440] loss=0.0628 mask=0.0609 iou=0.0019
  Epoch 46 [70/440] loss=0.0620 mask=0.0601 iou=0.0019
  Epoch 46 [80/440] loss=0.0618 mask=0.0599 iou=0.0019
  Epoch 46 [90/440] loss=0.0587 mask=0.0570 iou=0.0017
  Epoch 46 [100/440] loss=0.0587 mask=0.0569 iou=0.0018
  Epoch 46 [110/440] loss=0.0575 mask=0.0557 iou=0.0017
  Epoch 46 [120/440] loss=0.0572 mask=0.0554 iou=0.0017
  Epoch 46 [130/440] loss=0.0578 mask=0.0560 iou=0.0018
  Epoch 46 [140/440] loss=0.0578 mask=0.0561 iou=0.0017
  Epoch 46 [150/440] loss=0.0570 mask=0.0553 iou=0.0017
  Epoch 46 [160/440] loss=0.0581 mask=0.0563 iou=0.0017
  Epoch 46 [170/440] loss=0.0581 mask=0.0564 iou=0.0017
  Epoch 46 [180/440] loss=0.0580 mask=0.0563 iou=0.0017
  Epoch 46 [190/440] loss=0.0583 mask=0.0564 iou=0.0018
  Epoch 46 [200/440] loss=0.0584 mask=0.0566 iou=0.0018
  Epoch 46 [210/440] loss=0.0584 mask=0.0565 iou=0.0019
  Epoch 46 [220/440] loss=0.0586 mask=0.0567 iou=0.0019
  Epoch 46 [230/440] loss=0.0579 mask=0.0560 iou=0.0019
  Epoch 46 [240/440] loss=0.0595 mask=0.0576 iou=0.0019
  Epoch 46 [250/440] loss=0.0594 mask=0.0576 iou=0.0019
  Epoch 46 [260/440] loss=0.0593 mask=0.0574 iou=0.0019
  Epoch 46 [270/440] loss=0.0598 mask=0.0579 iou=0.0019
  Epoch 46 [280/440] loss=0.0592 mask=0.0573 iou=0.0019
  Epoch 46 [290/440] loss=0.0601 mask=0.0583 iou=0.0019
  Epoch 46 [300/440] loss=0.0602 mask=0.0583 iou=0.0019
  Epoch 46 [310/440] loss=0.0599 mask=0.0580 iou=0.0019
  Epoch 46 [320/440] loss=0.0595 mask=0.0577 iou=0.0018
  Epoch 46 [330/440] loss=0.0597 mask=0.0578 iou=0.0019
  Epoch 46 [340/440] loss=0.0595 mask=0.0577 iou=0.0019
  Epoch 46 [350/440] loss=0.0593 mask=0.0575 iou=0.0019
  Epoch 46 [360/440] loss=0.0592 mask=0.0574 iou=0.0019
  Epoch 46 [370/440] loss=0.0595 mask=0.0577 iou=0.0019
  Epoch 46 [380/440] loss=0.0593 mask=0.0575 iou=0.0018
  Epoch 46 [390/440] loss=0.0594 mask=0.0576 iou=0.0018
  Epoch 46 [400/440] loss=0.0590 mask=0.0571 iou=0.0018
  Epoch 46 [410/440] loss=0.0591 mask=0.0572 iou=0.0018
  Epoch 46 [420/440] loss=0.0592 mask=0.0574 iou=0.0018
  Epoch 46 [430/440] loss=0.0589 mask=0.0571 iou=0.0018
  Epoch 46 [440/440] loss=0.0588 mask=0.0570 iou=0.0018
  Train: loss=0.0588 mask=0.0570 iou=0.0018 time=312.1s
  Val epoch 46: loss=0.0900
  Saved best phase1 model (val_loss=0.0900)

=== Phase1 Epoch 47/49 ===
  Epoch 47 [10/440] loss=0.0637 mask=0.0603 iou=0.0034
  Epoch 47 [20/440] loss=0.0566 mask=0.0544 iou=0.0021
  Epoch 47 [30/440] loss=0.0566 mask=0.0545 iou=0.0020
  Epoch 47 [40/440] loss=0.0592 mask=0.0571 iou=0.0021
  Epoch 47 [50/440] loss=0.0594 mask=0.0574 iou=0.0020
  Epoch 47 [60/440] loss=0.0595 mask=0.0574 iou=0.0020
  Epoch 47 [70/440] loss=0.0570 mask=0.0551 iou=0.0019
  Epoch 47 [80/440] loss=0.0592 mask=0.0573 iou=0.0019
  Epoch 47 [90/440] loss=0.0569 mask=0.0552 iou=0.0017
  Epoch 47 [100/440] loss=0.0550 mask=0.0534 iou=0.0016
  Epoch 47 [110/440] loss=0.0543 mask=0.0527 iou=0.0016
  Epoch 47 [120/440] loss=0.0548 mask=0.0532 iou=0.0016
  Epoch 47 [130/440] loss=0.0561 mask=0.0545 iou=0.0016
  Epoch 47 [140/440] loss=0.0564 mask=0.0548 iou=0.0016
  Epoch 47 [150/440] loss=0.0562 mask=0.0547 iou=0.0016
  Epoch 47 [160/440] loss=0.0570 mask=0.0554 iou=0.0016
  Epoch 47 [170/440] loss=0.0564 mask=0.0549 iou=0.0016
  Epoch 47 [180/440] loss=0.0559 mask=0.0543 iou=0.0016
  Epoch 47 [190/440] loss=0.0558 mask=0.0542 iou=0.0016
  Epoch 47 [200/440] loss=0.0553 mask=0.0538 iou=0.0015
  Epoch 47 [210/440] loss=0.0563 mask=0.0548 iou=0.0015
  Epoch 47 [220/440] loss=0.0564 mask=0.0548 iou=0.0016
  Epoch 47 [230/440] loss=0.0567 mask=0.0551 iou=0.0016
  Epoch 47 [240/440] loss=0.0563 mask=0.0548 iou=0.0016
  Epoch 47 [250/440] loss=0.0564 mask=0.0548 iou=0.0016
  Epoch 47 [260/440] loss=0.0569 mask=0.0553 iou=0.0016
  Epoch 47 [270/440] loss=0.0565 mask=0.0549 iou=0.0016
  Epoch 47 [280/440] loss=0.0567 mask=0.0552 iou=0.0016
  Epoch 47 [290/440] loss=0.0577 mask=0.0561 iou=0.0017
  Epoch 47 [300/440] loss=0.0577 mask=0.0561 iou=0.0016
  Epoch 47 [310/440] loss=0.0578 mask=0.0562 iou=0.0016
  Epoch 47 [320/440] loss=0.0573 mask=0.0556 iou=0.0016
  Epoch 47 [330/440] loss=0.0573 mask=0.0556 iou=0.0016
  Epoch 47 [340/440] loss=0.0574 mask=0.0557 iou=0.0017
  Epoch 47 [350/440] loss=0.0572 mask=0.0556 iou=0.0016
  Epoch 47 [360/440] loss=0.0572 mask=0.0555 iou=0.0017
  Epoch 47 [370/440] loss=0.0576 mask=0.0559 iou=0.0017
  Epoch 47 [380/440] loss=0.0575 mask=0.0558 iou=0.0017
  Epoch 47 [390/440] loss=0.0578 mask=0.0562 iou=0.0017
  Epoch 47 [400/440] loss=0.0581 mask=0.0564 iou=0.0017
  Epoch 47 [410/440] loss=0.0582 mask=0.0565 iou=0.0017
  Epoch 47 [420/440] loss=0.0581 mask=0.0564 iou=0.0017
  Epoch 47 [430/440] loss=0.0588 mask=0.0570 iou=0.0018
  Epoch 47 [440/440] loss=0.0588 mask=0.0570 iou=0.0017
  Train: loss=0.0588 mask=0.0570 iou=0.0017 time=314.2s
  Val epoch 47: loss=0.0901

=== Phase1 Epoch 48/49 ===
  Epoch 48 [10/440] loss=0.0789 mask=0.0759 iou=0.0030
  Epoch 48 [20/440] loss=0.0904 mask=0.0879 iou=0.0024
  Epoch 48 [30/440] loss=0.0817 mask=0.0798 iou=0.0019
  Epoch 48 [40/440] loss=0.0763 mask=0.0747 iou=0.0016
  Epoch 48 [50/440] loss=0.0748 mask=0.0733 iou=0.0015
  Epoch 48 [60/440] loss=0.0698 mask=0.0684 iou=0.0014
  Epoch 48 [70/440] loss=0.0674 mask=0.0660 iou=0.0014
  Epoch 48 [80/440] loss=0.0693 mask=0.0677 iou=0.0015
  Epoch 48 [90/440] loss=0.0677 mask=0.0662 iou=0.0015
  Epoch 48 [100/440] loss=0.0653 mask=0.0639 iou=0.0015
  Epoch 48 [110/440] loss=0.0645 mask=0.0630 iou=0.0014
  Epoch 48 [120/440] loss=0.0630 mask=0.0614 iou=0.0016
  Epoch 48 [130/440] loss=0.0620 mask=0.0605 iou=0.0016
  Epoch 48 [140/440] loss=0.0612 mask=0.0596 iou=0.0016
  Epoch 48 [150/440] loss=0.0605 mask=0.0590 iou=0.0015
  Epoch 48 [160/440] loss=0.0601 mask=0.0585 iou=0.0016
  Epoch 48 [170/440] loss=0.0595 mask=0.0579 iou=0.0016
  Epoch 48 [180/440] loss=0.0595 mask=0.0580 iou=0.0016
  Epoch 48 [190/440] loss=0.0593 mask=0.0578 iou=0.0015
  Epoch 48 [200/440] loss=0.0589 mask=0.0574 iou=0.0015
  Epoch 48 [210/440] loss=0.0586 mask=0.0571 iou=0.0015
  Epoch 48 [220/440] loss=0.0592 mask=0.0576 iou=0.0016
  Epoch 48 [230/440] loss=0.0582 mask=0.0566 iou=0.0016
  Epoch 48 [240/440] loss=0.0584 mask=0.0569 iou=0.0015
  Epoch 48 [250/440] loss=0.0582 mask=0.0567 iou=0.0015
  Epoch 48 [260/440] loss=0.0580 mask=0.0565 iou=0.0015
  Epoch 48 [270/440] loss=0.0575 mask=0.0560 iou=0.0015
  Epoch 48 [280/440] loss=0.0572 mask=0.0557 iou=0.0015
  Epoch 48 [290/440] loss=0.0573 mask=0.0559 iou=0.0015
  Epoch 48 [300/440] loss=0.0571 mask=0.0556 iou=0.0015
  Epoch 48 [310/440] loss=0.0566 mask=0.0551 iou=0.0015
  Epoch 48 [320/440] loss=0.0571 mask=0.0556 iou=0.0015
  Epoch 48 [330/440] loss=0.0571 mask=0.0556 iou=0.0015
  Epoch 48 [340/440] loss=0.0573 mask=0.0557 iou=0.0016
  Epoch 48 [350/440] loss=0.0577 mask=0.0561 iou=0.0016
  Epoch 48 [360/440] loss=0.0575 mask=0.0559 iou=0.0016
  Epoch 48 [370/440] loss=0.0580 mask=0.0564 iou=0.0016
  Epoch 48 [380/440] loss=0.0579 mask=0.0564 iou=0.0016
  Epoch 48 [390/440] loss=0.0580 mask=0.0564 iou=0.0016
  Epoch 48 [400/440] loss=0.0578 mask=0.0563 iou=0.0016
  Epoch 48 [410/440] loss=0.0583 mask=0.0567 iou=0.0016
  Epoch 48 [420/440] loss=0.0580 mask=0.0565 iou=0.0016
  Epoch 48 [430/440] loss=0.0582 mask=0.0566 iou=0.0016
  Epoch 48 [440/440] loss=0.0581 mask=0.0565 iou=0.0016
  Train: loss=0.0581 mask=0.0565 iou=0.0016 time=319.1s
  Val epoch 48: loss=0.0898
  Saved best phase1 model (val_loss=0.0898)

=== Phase1 Epoch 49/49 ===
  Epoch 49 [10/440] loss=0.0445 mask=0.0437 iou=0.0008
  Epoch 49 [20/440] loss=0.0528 mask=0.0517 iou=0.0011
  Epoch 49 [30/440] loss=0.0648 mask=0.0630 iou=0.0018
  Epoch 49 [40/440] loss=0.0622 mask=0.0606 iou=0.0017
  Epoch 49 [50/440] loss=0.0612 mask=0.0595 iou=0.0017
  Epoch 49 [60/440] loss=0.0612 mask=0.0595 iou=0.0017
  Epoch 49 [70/440] loss=0.0596 mask=0.0580 iou=0.0016
  Epoch 49 [80/440] loss=0.0586 mask=0.0571 iou=0.0015
  Epoch 49 [90/440] loss=0.0592 mask=0.0577 iou=0.0015
  Epoch 49 [100/440] loss=0.0610 mask=0.0595 iou=0.0015
  Epoch 49 [110/440] loss=0.0608 mask=0.0593 iou=0.0015
  Epoch 49 [120/440] loss=0.0603 mask=0.0588 iou=0.0015
  Epoch 49 [130/440] loss=0.0604 mask=0.0588 iou=0.0016
  Epoch 49 [140/440] loss=0.0592 mask=0.0577 iou=0.0016
  Epoch 49 [150/440] loss=0.0589 mask=0.0573 iou=0.0016
  Epoch 49 [160/440] loss=0.0595 mask=0.0579 iou=0.0016
  Epoch 49 [170/440] loss=0.0600 mask=0.0585 iou=0.0015
  Epoch 49 [180/440] loss=0.0587 mask=0.0572 iou=0.0015
  Epoch 49 [190/440] loss=0.0593 mask=0.0576 iou=0.0016
  Epoch 49 [200/440] loss=0.0601 mask=0.0584 iou=0.0016
  Epoch 49 [210/440] loss=0.0597 mask=0.0580 iou=0.0016
  Epoch 49 [220/440] loss=0.0603 mask=0.0586 iou=0.0017
  Epoch 49 [230/440] loss=0.0619 mask=0.0602 iou=0.0017
  Epoch 49 [240/440] loss=0.0614 mask=0.0598 iou=0.0016
  Epoch 49 [250/440] loss=0.0607 mask=0.0591 iou=0.0016
  Epoch 49 [260/440] loss=0.0600 mask=0.0584 iou=0.0016
  Epoch 49 [270/440] loss=0.0596 mask=0.0580 iou=0.0016
  Epoch 49 [280/440] loss=0.0596 mask=0.0580 iou=0.0016
  Epoch 49 [290/440] loss=0.0592 mask=0.0576 iou=0.0016
  Epoch 49 [300/440] loss=0.0589 mask=0.0573 iou=0.0015
  Epoch 49 [310/440] loss=0.0595 mask=0.0580 iou=0.0016
  Epoch 49 [320/440] loss=0.0599 mask=0.0582 iou=0.0017
  Epoch 49 [330/440] loss=0.0595 mask=0.0578 iou=0.0016
  Epoch 49 [340/440] loss=0.0592 mask=0.0576 iou=0.0016
  Epoch 49 [350/440] loss=0.0589 mask=0.0573 iou=0.0016
  Epoch 49 [360/440] loss=0.0587 mask=0.0571 iou=0.0016
  Epoch 49 [370/440] loss=0.0587 mask=0.0570 iou=0.0016
  Epoch 49 [380/440] loss=0.0584 mask=0.0568 iou=0.0016
  Epoch 49 [390/440] loss=0.0581 mask=0.0565 iou=0.0016
  Epoch 49 [400/440] loss=0.0576 mask=0.0560 iou=0.0016
  Epoch 49 [410/440] loss=0.0582 mask=0.0565 iou=0.0017
  Epoch 49 [420/440] loss=0.0586 mask=0.0569 iou=0.0017
  Epoch 49 [430/440] loss=0.0583 mask=0.0566 iou=0.0017
  Epoch 49 [440/440] loss=0.0584 mask=0.0567 iou=0.0017
  Train: loss=0.0584 mask=0.0567 iou=0.0017 time=321.8s
  Val epoch 49: loss=0.0896
  Saved best phase1 model (val_loss=0.0896)

Phase 1 complete. Best val loss: 0.0896

============================================================
PHASE 2: Depth training (depth loss, only depth branch trainable)
============================================================
Loading phase 1 checkpoint: /data3/LXT/DINOv3-SAM/model_sam/SAM_5_12/phase1_best.pt
Initialized depth branch from SAM inner weights (depth_prediction_head random)
Phase 2: Total params: 97,379,069  Trainable: 3,643,597

=== Phase2 Epoch 0/49 ===
  Epoch 0 [10/440] loss=0.4103 mask=0.2430 depth=0.4103
  Epoch 0 [20/440] loss=0.3177 mask=0.2300 depth=0.3177
  Epoch 0 [30/440] loss=0.3308 mask=0.2582 depth=0.3308
  Epoch 0 [40/440] loss=0.3482 mask=0.2523 depth=0.3482
  Epoch 0 [50/440] loss=0.3580 mask=0.2911 depth=0.3580
  Epoch 0 [60/440] loss=0.3639 mask=0.3091 depth=0.3639
  Epoch 0 [70/440] loss=0.3519 mask=0.3352 depth=0.3519
  Epoch 0 [80/440] loss=0.3527 mask=0.3493 depth=0.3527
  Epoch 0 [90/440] loss=0.3588 mask=0.3419 depth=0.3588
  Epoch 0 [100/440] loss=0.3645 mask=0.3562 depth=0.3645
  Epoch 0 [110/440] loss=0.3544 mask=0.3582 depth=0.3544
  Epoch 0 [120/440] loss=0.3632 mask=0.3706 depth=0.3632
  Epoch 0 [130/440] loss=0.3569 mask=0.3739 depth=0.3569
  Epoch 0 [140/440] loss=0.3588 mask=0.3694 depth=0.3588
  Epoch 0 [150/440] loss=0.3697 mask=0.3710 depth=0.3697
  Epoch 0 [160/440] loss=0.3714 mask=0.3673 depth=0.3714
  Epoch 0 [170/440] loss=0.3640 mask=0.3579 depth=0.3640
  Epoch 0 [180/440] loss=0.3603 mask=0.3507 depth=0.3603
  Epoch 0 [190/440] loss=0.3543 mask=0.3398 depth=0.3543
  Epoch 0 [200/440] loss=0.3477 mask=0.3364 depth=0.3477
  Epoch 0 [210/440] loss=0.3498 mask=0.3362 depth=0.3498
  Epoch 0 [220/440] loss=0.3465 mask=0.3346 depth=0.3465
  Epoch 0 [230/440] loss=0.3465 mask=0.3363 depth=0.3465
  Epoch 0 [240/440] loss=0.3436 mask=0.3368 depth=0.3436
  Epoch 0 [250/440] loss=0.3425 mask=0.3331 depth=0.3425
  Epoch 0 [260/440] loss=0.3407 mask=0.3324 depth=0.3407
  Epoch 0 [270/440] loss=0.3352 mask=0.3365 depth=0.3352
  Epoch 0 [280/440] loss=0.3302 mask=0.3355 depth=0.3302
  Epoch 0 [290/440] loss=0.3263 mask=0.3369 depth=0.3263
  Epoch 0 [300/440] loss=0.3268 mask=0.3408 depth=0.3268
  Epoch 0 [310/440] loss=0.3276 mask=0.3386 depth=0.3276
  Epoch 0 [320/440] loss=0.3254 mask=0.3327 depth=0.3254
  Epoch 0 [330/440] loss=0.3238 mask=0.3262 depth=0.3238
  Epoch 0 [340/440] loss=0.3196 mask=0.3200 depth=0.3196
  Epoch 0 [350/440] loss=0.3179 mask=0.3169 depth=0.3179
  Epoch 0 [360/440] loss=0.3157 mask=0.3171 depth=0.3157
  Epoch 0 [370/440] loss=0.3163 mask=0.3167 depth=0.3163
  Epoch 0 [380/440] loss=0.3158 mask=0.3160 depth=0.3158
  Epoch 0 [390/440] loss=0.3153 mask=0.3155 depth=0.3153
  Epoch 0 [400/440] loss=0.3138 mask=0.3127 depth=0.3138
  Epoch 0 [410/440] loss=0.3146 mask=0.3110 depth=0.3146
  Epoch 0 [420/440] loss=0.3140 mask=0.3095 depth=0.3140
  Epoch 0 [430/440] loss=0.3129 mask=0.3099 depth=0.3129
  Epoch 0 [440/440] loss=0.3096 mask=0.3054 depth=0.3096
  Train: loss=0.3096 mask=0.3054 depth=0.3096 time=292.9s
  Val epoch 0: loss=0.3392
  Saved best phase2 model (val_loss=0.3392)

=== Phase2 Epoch 1/49 ===
  Epoch 1 [10/440] loss=0.2579 mask=0.1353 depth=0.2579
  Epoch 1 [20/440] loss=0.2864 mask=0.1531 depth=0.2864
  Epoch 1 [30/440] loss=0.2214 mask=0.1934 depth=0.2214
  Epoch 1 [40/440] loss=0.2266 mask=0.2120 depth=0.2266
  Epoch 1 [50/440] loss=0.2262 mask=0.2116 depth=0.2262
  Epoch 1 [60/440] loss=0.2192 mask=0.2029 depth=0.2192
  Epoch 1 [70/440] loss=0.2107 mask=0.1882 depth=0.2107
  Epoch 1 [80/440] loss=0.2036 mask=0.1847 depth=0.2036
  Epoch 1 [90/440] loss=0.1996 mask=0.1784 depth=0.1996
  Epoch 1 [100/440] loss=0.2054 mask=0.1817 depth=0.2054
  Epoch 1 [110/440] loss=0.2108 mask=0.1786 depth=0.2108
  Epoch 1 [120/440] loss=0.2089 mask=0.1750 depth=0.2089
  Epoch 1 [130/440] loss=0.2132 mask=0.1769 depth=0.2132
  Epoch 1 [140/440] loss=0.2091 mask=0.1753 depth=0.2091
  Epoch 1 [150/440] loss=0.2082 mask=0.1704 depth=0.2082
  Epoch 1 [160/440] loss=0.2070 mask=0.1667 depth=0.2070
  Epoch 1 [170/440] loss=0.2052 mask=0.1641 depth=0.2052
  Epoch 1 [180/440] loss=0.2029 mask=0.1628 depth=0.2029
  Epoch 1 [190/440] loss=0.1992 mask=0.1651 depth=0.1992
  Epoch 1 [200/440] loss=0.1973 mask=0.1660 depth=0.1973
  Epoch 1 [210/440] loss=0.1948 mask=0.1682 depth=0.1948
  Epoch 1 [220/440] loss=0.1922 mask=0.1665 depth=0.1922
  Epoch 1 [230/440] loss=0.1883 mask=0.1650 depth=0.1883
  Epoch 1 [240/440] loss=0.1861 mask=0.1618 depth=0.1861
  Epoch 1 [250/440] loss=0.1870 mask=0.1609 depth=0.1870
  Epoch 1 [260/440] loss=0.1865 mask=0.1631 depth=0.1865
  Epoch 1 [270/440] loss=0.1878 mask=0.1618 depth=0.1878
  Epoch 1 [280/440] loss=0.1839 mask=0.1597 depth=0.1839
  Epoch 1 [290/440] loss=0.1843 mask=0.1585 depth=0.1843
  Epoch 1 [300/440] loss=0.1837 mask=0.1588 depth=0.1837
  Epoch 1 [310/440] loss=0.1854 mask=0.1614 depth=0.1854
  Epoch 1 [320/440] loss=0.1890 mask=0.1726 depth=0.1890
  Epoch 1 [330/440] loss=0.1902 mask=0.1791 depth=0.1902
  Epoch 1 [340/440] loss=0.1914 mask=0.1883 depth=0.1914
  Epoch 1 [350/440] loss=0.1948 mask=0.1955 depth=0.1948
  Epoch 1 [360/440] loss=0.1931 mask=0.2021 depth=0.1931
  Epoch 1 [370/440] loss=0.1916 mask=0.2042 depth=0.1916
  Epoch 1 [380/440] loss=0.1911 mask=0.2061 depth=0.1911
  Epoch 1 [390/440] loss=0.1891 mask=0.2043 depth=0.1891
  Epoch 1 [400/440] loss=0.1876 mask=0.2027 depth=0.1876
  Epoch 1 [410/440] loss=0.1884 mask=0.2033 depth=0.1884
  Epoch 1 [420/440] loss=0.1880 mask=0.2034 depth=0.1880
  Epoch 1 [430/440] loss=0.1869 mask=0.2041 depth=0.1869
  Epoch 1 [440/440] loss=0.1863 mask=0.2025 depth=0.1863
  Train: loss=0.1863 mask=0.2025 depth=0.1863 time=292.7s
  Val epoch 1: loss=0.2726
  Saved best phase2 model (val_loss=0.2726)

=== Phase2 Epoch 2/49 ===
  Epoch 2 [10/440] loss=0.1960 mask=0.1094 depth=0.1960
  Epoch 2 [20/440] loss=0.1721 mask=0.0907 depth=0.1721
  Epoch 2 [30/440] loss=0.1703 mask=0.1240 depth=0.1703
  Epoch 2 [40/440] loss=0.1564 mask=0.1398 depth=0.1564
  Epoch 2 [50/440] loss=0.1542 mask=0.1292 depth=0.1542
  Epoch 2 [60/440] loss=0.1507 mask=0.1326 depth=0.1507
  Epoch 2 [70/440] loss=0.1406 mask=0.1320 depth=0.1406
  Epoch 2 [80/440] loss=0.1426 mask=0.1330 depth=0.1426
  Epoch 2 [90/440] loss=0.1402 mask=0.1270 depth=0.1402
  Epoch 2 [100/440] loss=0.1389 mask=0.1278 depth=0.1389
  Epoch 2 [110/440] loss=0.1336 mask=0.1256 depth=0.1336
  Epoch 2 [120/440] loss=0.1335 mask=0.1272 depth=0.1335
  Epoch 2 [130/440] loss=0.1292 mask=0.1246 depth=0.1292
  Epoch 2 [140/440] loss=0.1253 mask=0.1240 depth=0.1253
  Epoch 2 [150/440] loss=0.1227 mask=0.1261 depth=0.1227
  Epoch 2 [160/440] loss=0.1223 mask=0.1277 depth=0.1223
  Epoch 2 [170/440] loss=0.1238 mask=0.1270 depth=0.1238
  Epoch 2 [180/440] loss=0.1229 mask=0.1268 depth=0.1229
  Epoch 2 [190/440] loss=0.1203 mask=0.1262 depth=0.1203
  Epoch 2 [200/440] loss=0.1189 mask=0.1271 depth=0.1189
  Epoch 2 [210/440] loss=0.1166 mask=0.1264 depth=0.1166
  Epoch 2 [220/440] loss=0.1155 mask=0.1253 depth=0.1155
  Epoch 2 [230/440] loss=0.1182 mask=0.1253 depth=0.1182
  Epoch 2 [240/440] loss=0.1185 mask=0.1280 depth=0.1185
  Epoch 2 [250/440] loss=0.1190 mask=0.1291 depth=0.1190
  Epoch 2 [260/440] loss=0.1224 mask=0.1346 depth=0.1224
  Epoch 2 [270/440] loss=0.1232 mask=0.1378 depth=0.1232
  Epoch 2 [280/440] loss=0.1207 mask=0.1368 depth=0.1207
  Epoch 2 [290/440] loss=0.1225 mask=0.1375 depth=0.1225
  Epoch 2 [300/440] loss=0.1252 mask=0.1427 depth=0.1252
  Epoch 2 [310/440] loss=0.1297 mask=0.1541 depth=0.1297
  Epoch 2 [320/440] loss=0.1319 mask=0.1649 depth=0.1319
  Epoch 2 [330/440] loss=0.1329 mask=0.1673 depth=0.1329
  Epoch 2 [340/440] loss=0.1313 mask=0.1671 depth=0.1313
  Epoch 2 [350/440] loss=0.1302 mask=0.1671 depth=0.1302
  Epoch 2 [360/440] loss=0.1305 mask=0.1672 depth=0.1305
  Epoch 2 [370/440] loss=0.1308 mask=0.1667 depth=0.1308
  Epoch 2 [380/440] loss=0.1311 mask=0.1647 depth=0.1311
  Epoch 2 [390/440] loss=0.1325 mask=0.1654 depth=0.1325
  Epoch 2 [400/440] loss=0.1335 mask=0.1652 depth=0.1335
  Epoch 2 [410/440] loss=0.1318 mask=0.1639 depth=0.1318
  Epoch 2 [420/440] loss=0.1299 mask=0.1629 depth=0.1299
  Epoch 2 [430/440] loss=0.1301 mask=0.1629 depth=0.1301
  Epoch 2 [440/440] loss=0.1286 mask=0.1624 depth=0.1286
  Train: loss=0.1286 mask=0.1624 depth=0.1286 time=305.6s
  Val epoch 2: loss=0.2669
  Saved best phase2 model (val_loss=0.2669)

=== Phase2 Epoch 3/49 ===
  Epoch 3 [10/440] loss=0.0431 mask=0.1219 depth=0.0431
  Epoch 3 [20/440] loss=0.0416 mask=0.1328 depth=0.0416
  Epoch 3 [30/440] loss=0.0507 mask=0.1247 depth=0.0507
  Epoch 3 [40/440] loss=0.0564 mask=0.1377 depth=0.0564
  Epoch 3 [50/440] loss=0.0565 mask=0.1391 depth=0.0565
  Epoch 3 [60/440] loss=0.0639 mask=0.1358 depth=0.0639
  Epoch 3 [70/440] loss=0.0677 mask=0.1326 depth=0.0677
  Epoch 3 [80/440] loss=0.0635 mask=0.1329 depth=0.0635
  Epoch 3 [90/440] loss=0.0676 mask=0.1295 depth=0.0676
  Epoch 3 [100/440] loss=0.0645 mask=0.1399 depth=0.0645
  Epoch 3 [110/440] loss=0.0621 mask=0.1353 depth=0.0621
  Epoch 3 [120/440] loss=0.0675 mask=0.1465 depth=0.0675
  Epoch 3 [130/440] loss=0.0747 mask=0.1474 depth=0.0747
  Epoch 3 [140/440] loss=0.0718 mask=0.1453 depth=0.0718
  Epoch 3 [150/440] loss=0.0708 mask=0.1480 depth=0.0708
  Epoch 3 [160/440] loss=0.0707 mask=0.1465 depth=0.0707
  Epoch 3 [170/440] loss=0.0724 mask=0.1519 depth=0.0724
  Epoch 3 [180/440] loss=0.0734 mask=0.1598 depth=0.0734
  Epoch 3 [190/440] loss=0.0793 mask=0.1582 depth=0.0793
  Epoch 3 [200/440] loss=0.0789 mask=0.1583 depth=0.0789
  Epoch 3 [210/440] loss=0.0806 mask=0.1574 depth=0.0806
  Epoch 3 [220/440] loss=0.0831 mask=0.1571 depth=0.0831
  Epoch 3 [230/440] loss=0.0901 mask=0.1578 depth=0.0901
  Epoch 3 [240/440] loss=0.0917 mask=0.1613 depth=0.0917
  Epoch 3 [250/440] loss=0.0915 mask=0.1655 depth=0.0915
  Epoch 3 [260/440] loss=0.0931 mask=0.1701 depth=0.0931
  Epoch 3 [270/440] loss=0.0933 mask=0.1715 depth=0.0933
  Epoch 3 [280/440] loss=0.0937 mask=0.1722 depth=0.0937
  Epoch 3 [290/440] loss=0.0924 mask=0.1706 depth=0.0924
  Epoch 3 [300/440] loss=0.0914 mask=0.1689 depth=0.0914
  Epoch 3 [310/440] loss=0.0898 mask=0.1670 depth=0.0898
  Epoch 3 [320/440] loss=0.0881 mask=0.1656 depth=0.0881
  Epoch 3 [330/440] loss=0.0872 mask=0.1678 depth=0.0872
  Epoch 3 [340/440] loss=0.0867 mask=0.1663 depth=0.0867
  Epoch 3 [350/440] loss=0.0866 mask=0.1667 depth=0.0866
  Epoch 3 [360/440] loss=0.0856 mask=0.1662 depth=0.0856
  Epoch 3 [370/440] loss=0.0841 mask=0.1652 depth=0.0841
  Epoch 3 [380/440] loss=0.0849 mask=0.1640 depth=0.0849
  Epoch 3 [390/440] loss=0.0837 mask=0.1651 depth=0.0837
  Epoch 3 [400/440] loss=0.0834 mask=0.1653 depth=0.0834
  Epoch 3 [410/440] loss=0.0828 mask=0.1662 depth=0.0828
  Epoch 3 [420/440] loss=0.0818 mask=0.1653 depth=0.0818
  Epoch 3 [430/440] loss=0.0812 mask=0.1646 depth=0.0812
  Epoch 3 [440/440] loss=0.0816 mask=0.1646 depth=0.0816
  Train: loss=0.0816 mask=0.1646 depth=0.0816 time=307.0s
  Val epoch 3: loss=0.2606
  Saved best phase2 model (val_loss=0.2606)

=== Phase2 Epoch 4/49 ===
  Epoch 4 [10/440] loss=0.0346 mask=0.0901 depth=0.0346
  Epoch 4 [20/440] loss=0.0539 mask=0.1406 depth=0.0539
  Epoch 4 [30/440] loss=0.0539 mask=0.1465 depth=0.0539
  Epoch 4 [40/440] loss=0.0637 mask=0.1408 depth=0.0637
  Epoch 4 [50/440] loss=0.0609 mask=0.1537 depth=0.0609
  Epoch 4 [60/440] loss=0.0635 mask=0.1505 depth=0.0635
  Epoch 4 [70/440] loss=0.0605 mask=0.1558 depth=0.0605
  Epoch 4 [80/440] loss=0.0586 mask=0.1535 depth=0.0586
  Epoch 4 [90/440] loss=0.0567 mask=0.1701 depth=0.0567
  Epoch 4 [100/440] loss=0.0551 mask=0.1700 depth=0.0551
  Epoch 4 [110/440] loss=0.0546 mask=0.1672 depth=0.0546
  Epoch 4 [120/440] loss=0.0525 mask=0.1676 depth=0.0525
  Epoch 4 [130/440] loss=0.0580 mask=0.1646 depth=0.0580
  Epoch 4 [140/440] loss=0.0571 mask=0.1611 depth=0.0571
  Epoch 4 [150/440] loss=0.0587 mask=0.1604 depth=0.0587
  Epoch 4 [160/440] loss=0.0603 mask=0.1620 depth=0.0603
  Epoch 4 [170/440] loss=0.0595 mask=0.1687 depth=0.0595
  Epoch 4 [180/440] loss=0.0580 mask=0.1767 depth=0.0580
  Epoch 4 [190/440] loss=0.0570 mask=0.1806 depth=0.0570
  Epoch 4 [200/440] loss=0.0568 mask=0.1771 depth=0.0568
  Epoch 4 [210/440] loss=0.0576 mask=0.1819 depth=0.0576
  Epoch 4 [220/440] loss=0.0565 mask=0.1913 depth=0.0565
  Epoch 4 [230/440] loss=0.0571 mask=0.1932 depth=0.0571
  Epoch 4 [240/440] loss=0.0565 mask=0.1910 depth=0.0565
  Epoch 4 [250/440] loss=0.0552 mask=0.1901 depth=0.0552
  Epoch 4 [260/440] loss=0.0556 mask=0.1867 depth=0.0556
  Epoch 4 [270/440] loss=0.0562 mask=0.1846 depth=0.0562
  Epoch 4 [280/440] loss=0.0555 mask=0.1811 depth=0.0555
  Epoch 4 [290/440] loss=0.0548 mask=0.1808 depth=0.0548
  Epoch 4 [300/440] loss=0.0567 mask=0.1789 depth=0.0567
  Epoch 4 [310/440] loss=0.0567 mask=0.1781 depth=0.0567
  Epoch 4 [320/440] loss=0.0557 mask=0.1777 depth=0.0557
  Epoch 4 [330/440] loss=0.0551 mask=0.1759 depth=0.0551
  Epoch 4 [340/440] loss=0.0548 mask=0.1752 depth=0.0548
  Epoch 4 [350/440] loss=0.0552 mask=0.1747 depth=0.0552
  Epoch 4 [360/440] loss=0.0544 mask=0.1760 depth=0.0544
  Epoch 4 [370/440] loss=0.0545 mask=0.1768 depth=0.0545
  Epoch 4 [380/440] loss=0.0552 mask=0.1773 depth=0.0552
  Epoch 4 [390/440] loss=0.0550 mask=0.1763 depth=0.0550
  Epoch 4 [400/440] loss=0.0540 mask=0.1757 depth=0.0540
  Epoch 4 [410/440] loss=0.0542 mask=0.1765 depth=0.0542
  Epoch 4 [420/440] loss=0.0542 mask=0.1756 depth=0.0542
  Epoch 4 [430/440] loss=0.0539 mask=0.1747 depth=0.0539
  Epoch 4 [440/440] loss=0.0547 mask=0.1736 depth=0.0547
  Train: loss=0.0547 mask=0.1736 depth=0.0547 time=297.8s
  Val epoch 4: loss=0.2304
  Saved best phase2 model (val_loss=0.2304)

=== Phase2 Epoch 5/49 ===
  Epoch 5 [10/440] loss=0.0439 mask=0.1384 depth=0.0439
  Epoch 5 [20/440] loss=0.0730 mask=0.1712 depth=0.0730
  Epoch 5 [30/440] loss=0.0731 mask=0.1918 depth=0.0731
  Epoch 5 [40/440] loss=0.0616 mask=0.1918 depth=0.0616
  Epoch 5 [50/440] loss=0.0595 mask=0.1888 depth=0.0595
  Epoch 5 [60/440] loss=0.0531 mask=0.2142 depth=0.0531
  Epoch 5 [70/440] loss=0.0518 mask=0.2042 depth=0.0518
  Epoch 5 [80/440] loss=0.0503 mask=0.2041 depth=0.0503
  Epoch 5 [90/440] loss=0.0464 mask=0.1949 depth=0.0464
  Epoch 5 [100/440] loss=0.0450 mask=0.1856 depth=0.0450
  Epoch 5 [110/440] loss=0.0429 mask=0.1803 depth=0.0429
  Epoch 5 [120/440] loss=0.0430 mask=0.1819 depth=0.0430
  Epoch 5 [130/440] loss=0.0405 mask=0.1791 depth=0.0405
  Epoch 5 [140/440] loss=0.0414 mask=0.1749 depth=0.0414
  Epoch 5 [150/440] loss=0.0411 mask=0.1690 depth=0.0411
  Epoch 5 [160/440] loss=0.0398 mask=0.1679 depth=0.0398
  Epoch 5 [170/440] loss=0.0396 mask=0.1728 depth=0.0396
  Epoch 5 [180/440] loss=0.0403 mask=0.1753 depth=0.0403
  Epoch 5 [190/440] loss=0.0387 mask=0.1765 depth=0.0387
  Epoch 5 [200/440] loss=0.0384 mask=0.1802 depth=0.0384
  Epoch 5 [210/440] loss=0.0381 mask=0.1773 depth=0.0381
  Epoch 5 [220/440] loss=0.0407 mask=0.1764 depth=0.0407
  Epoch 5 [230/440] loss=0.0410 mask=0.1781 depth=0.0410
  Epoch 5 [240/440] loss=0.0411 mask=0.1770 depth=0.0411
  Epoch 5 [250/440] loss=0.0405 mask=0.1791 depth=0.0405
  Epoch 5 [260/440] loss=0.0396 mask=0.1789 depth=0.0396
  Epoch 5 [270/440] loss=0.0390 mask=0.1778 depth=0.0390
  Epoch 5 [280/440] loss=0.0386 mask=0.1787 depth=0.0386
  Epoch 5 [290/440] loss=0.0389 mask=0.1772 depth=0.0389
  Epoch 5 [300/440] loss=0.0391 mask=0.1777 depth=0.0391
  Epoch 5 [310/440] loss=0.0387 mask=0.1751 depth=0.0387
  Epoch 5 [320/440] loss=0.0388 mask=0.1749 depth=0.0388
  Epoch 5 [330/440] loss=0.0407 mask=0.1744 depth=0.0407
  Epoch 5 [340/440] loss=0.0401 mask=0.1719 depth=0.0401
  Epoch 5 [350/440] loss=0.0406 mask=0.1698 depth=0.0406
  Epoch 5 [360/440] loss=0.0412 mask=0.1683 depth=0.0412
  Epoch 5 [370/440] loss=0.0414 mask=0.1693 depth=0.0414
  Epoch 5 [380/440] loss=0.0411 mask=0.1709 depth=0.0411
  Epoch 5 [390/440] loss=0.0408 mask=0.1715 depth=0.0408
  Epoch 5 [400/440] loss=0.0405 mask=0.1727 depth=0.0405
  Epoch 5 [410/440] loss=0.0411 mask=0.1724 depth=0.0411
  Epoch 5 [420/440] loss=0.0411 mask=0.1727 depth=0.0411
  Epoch 5 [430/440] loss=0.0413 mask=0.1722 depth=0.0413
  Epoch 5 [440/440] loss=0.0412 mask=0.1718 depth=0.0412
  Train: loss=0.0412 mask=0.1718 depth=0.0412 time=296.5s
  Val epoch 5: loss=0.2074
  Saved best phase2 model (val_loss=0.2074)

=== Phase2 Epoch 6/49 ===
  Epoch 6 [10/440] loss=0.0270 mask=0.1734 depth=0.0270
  Epoch 6 [20/440] loss=0.0242 mask=0.1785 depth=0.0242
  Epoch 6 [30/440] loss=0.0234 mask=0.1587 depth=0.0234
  Epoch 6 [40/440] loss=0.0251 mask=0.1548 depth=0.0251
  Epoch 6 [50/440] loss=0.0243 mask=0.1531 depth=0.0243
  Epoch 6 [60/440] loss=0.0236 mask=0.1592 depth=0.0236
  Epoch 6 [70/440] loss=0.0309 mask=0.1557 depth=0.0309
  Epoch 6 [80/440] loss=0.0322 mask=0.1703 depth=0.0322
  Epoch 6 [90/440] loss=0.0318 mask=0.1751 depth=0.0318
  Epoch 6 [100/440] loss=0.0311 mask=0.1712 depth=0.0311
  Epoch 6 [110/440] loss=0.0309 mask=0.1684 depth=0.0309
  Epoch 6 [120/440] loss=0.0311 mask=0.1671 depth=0.0311
  Epoch 6 [130/440] loss=0.0314 mask=0.1694 depth=0.0314
  Epoch 6 [140/440] loss=0.0311 mask=0.1633 depth=0.0311
  Epoch 6 [150/440] loss=0.0305 mask=0.1573 depth=0.0305
  Epoch 6 [160/440] loss=0.0300 mask=0.1538 depth=0.0300
  Epoch 6 [170/440] loss=0.0308 mask=0.1573 depth=0.0308
  Epoch 6 [180/440] loss=0.0310 mask=0.1571 depth=0.0310
  Epoch 6 [190/440] loss=0.0314 mask=0.1567 depth=0.0314
  Epoch 6 [200/440] loss=0.0326 mask=0.1521 depth=0.0326
  Epoch 6 [210/440] loss=0.0322 mask=0.1494 depth=0.0322
  Epoch 6 [220/440] loss=0.0325 mask=0.1500 depth=0.0325
  Epoch 6 [230/440] loss=0.0343 mask=0.1489 depth=0.0343
  Epoch 6 [240/440] loss=0.0354 mask=0.1530 depth=0.0354
  Epoch 6 [250/440] loss=0.0352 mask=0.1547 depth=0.0352
  Epoch 6 [260/440] loss=0.0350 mask=0.1553 depth=0.0350
  Epoch 6 [270/440] loss=0.0364 mask=0.1539 depth=0.0364
  Epoch 6 [280/440] loss=0.0363 mask=0.1540 depth=0.0363
  Epoch 6 [290/440] loss=0.0370 mask=0.1523 depth=0.0370
  Epoch 6 [300/440] loss=0.0370 mask=0.1509 depth=0.0370
  Epoch 6 [310/440] loss=0.0366 mask=0.1496 depth=0.0366
  Epoch 6 [320/440] loss=0.0380 mask=0.1476 depth=0.0380
  Epoch 6 [330/440] loss=0.0382 mask=0.1471 depth=0.0382
  Epoch 6 [340/440] loss=0.0379 mask=0.1474 depth=0.0379
  Epoch 6 [350/440] loss=0.0387 mask=0.1494 depth=0.0387
  Epoch 6 [360/440] loss=0.0382 mask=0.1526 depth=0.0382
  Epoch 6 [370/440] loss=0.0377 mask=0.1532 depth=0.0377
  Epoch 6 [380/440] loss=0.0372 mask=0.1530 depth=0.0372
  Epoch 6 [390/440] loss=0.0373 mask=0.1530 depth=0.0373
  Epoch 6 [400/440] loss=0.0371 mask=0.1538 depth=0.0371
  Epoch 6 [410/440] loss=0.0371 mask=0.1529 depth=0.0371
  Epoch 6 [420/440] loss=0.0380 mask=0.1538 depth=0.0380
  Epoch 6 [430/440] loss=0.0386 mask=0.1527 depth=0.0386
  Epoch 6 [440/440] loss=0.0396 mask=0.1524 depth=0.0396
  Train: loss=0.0396 mask=0.1524 depth=0.0396 time=300.6s
  Val epoch 6: loss=0.1576
  Saved best phase2 model (val_loss=0.1576)

=== Phase2 Epoch 7/49 ===
  Epoch 7 [10/440] loss=0.0255 mask=0.1519 depth=0.0255
  Epoch 7 [20/440] loss=0.0270 mask=0.1341 depth=0.0270
  Epoch 7 [30/440] loss=0.0258 mask=0.1425 depth=0.0258
  Epoch 7 [40/440] loss=0.0214 mask=0.1615 depth=0.0214
  Epoch 7 [50/440] loss=0.0211 mask=0.1616 depth=0.0211
  Epoch 7 [60/440] loss=0.0267 mask=0.1595 depth=0.0267
  Epoch 7 [70/440] loss=0.0286 mask=0.1534 depth=0.0286
  Epoch 7 [80/440] loss=0.0274 mask=0.1664 depth=0.0274
  Epoch 7 [90/440] loss=0.0264 mask=0.1680 depth=0.0264
  Epoch 7 [100/440] loss=0.0251 mask=0.1660 depth=0.0251
  Epoch 7 [110/440] loss=0.0269 mask=0.1703 depth=0.0269
  Epoch 7 [120/440] loss=0.0262 mask=0.1658 depth=0.0262
  Epoch 7 [130/440] loss=0.0270 mask=0.1652 depth=0.0270
  Epoch 7 [140/440] loss=0.0260 mask=0.1652 depth=0.0260
  Epoch 7 [150/440] loss=0.0251 mask=0.1599 depth=0.0251
  Epoch 7 [160/440] loss=0.0249 mask=0.1548 depth=0.0249
  Epoch 7 [170/440] loss=0.0246 mask=0.1545 depth=0.0246
  Epoch 7 [180/440] loss=0.0243 mask=0.1562 depth=0.0243
  Epoch 7 [190/440] loss=0.0239 mask=0.1618 depth=0.0239
  Epoch 7 [200/440] loss=0.0236 mask=0.1622 depth=0.0236
  Epoch 7 [210/440] loss=0.0236 mask=0.1581 depth=0.0236
  Epoch 7 [220/440] loss=0.0242 mask=0.1599 depth=0.0242
  Epoch 7 [230/440] loss=0.0243 mask=0.1611 depth=0.0243
  Epoch 7 [240/440] loss=0.0242 mask=0.1617 depth=0.0242
  Epoch 7 [250/440] loss=0.0246 mask=0.1660 depth=0.0246
  Epoch 7 [260/440] loss=0.0254 mask=0.1647 depth=0.0254
  Epoch 7 [270/440] loss=0.0257 mask=0.1661 depth=0.0257
  Epoch 7 [280/440] loss=0.0258 mask=0.1650 depth=0.0258
  Epoch 7 [290/440] loss=0.0255 mask=0.1640 depth=0.0255
  Epoch 7 [300/440] loss=0.0262 mask=0.1610 depth=0.0262
  Epoch 7 [310/440] loss=0.0272 mask=0.1588 depth=0.0272
  Epoch 7 [320/440] loss=0.0274 mask=0.1576 depth=0.0274
  Epoch 7 [330/440] loss=0.0280 mask=0.1587 depth=0.0280
  Epoch 7 [340/440] loss=0.0281 mask=0.1612 depth=0.0281
  Epoch 7 [350/440] loss=0.0280 mask=0.1611 depth=0.0280
  Epoch 7 [360/440] loss=0.0282 mask=0.1606 depth=0.0282
  Epoch 7 [370/440] loss=0.0277 mask=0.1647 depth=0.0277
  Epoch 7 [380/440] loss=0.0277 mask=0.1686 depth=0.0277
  Epoch 7 [390/440] loss=0.0276 mask=0.1686 depth=0.0276
  Epoch 7 [400/440] loss=0.0277 mask=0.1715 depth=0.0277
  Epoch 7 [410/440] loss=0.0278 mask=0.1751 depth=0.0278
  Epoch 7 [420/440] loss=0.0275 mask=0.1767 depth=0.0275
  Epoch 7 [430/440] loss=0.0276 mask=0.1781 depth=0.0276
  Epoch 7 [440/440] loss=0.0273 mask=0.1763 depth=0.0273
  Train: loss=0.0273 mask=0.1763 depth=0.0273 time=296.4s
  Val epoch 7: loss=0.2172

=== Phase2 Epoch 8/49 ===
  Epoch 8 [10/440] loss=0.0081 mask=0.0978 depth=0.0081
  Epoch 8 [20/440] loss=0.0179 mask=0.1110 depth=0.0179
  Epoch 8 [30/440] loss=0.0191 mask=0.1650 depth=0.0191
  Epoch 8 [40/440] loss=0.0211 mask=0.1859 depth=0.0211
  Epoch 8 [50/440] loss=0.0211 mask=0.2020 depth=0.0211
  Epoch 8 [60/440] loss=0.0193 mask=0.1940 depth=0.0193
  Epoch 8 [70/440] loss=0.0183 mask=0.1788 depth=0.0183
  Epoch 8 [80/440] loss=0.0180 mask=0.1688 depth=0.0180
  Epoch 8 [90/440] loss=0.0172 mask=0.1629 depth=0.0172
  Epoch 8 [100/440] loss=0.0169 mask=0.1633 depth=0.0169
  Epoch 8 [110/440] loss=0.0168 mask=0.1605 depth=0.0168
  Epoch 8 [120/440] loss=0.0165 mask=0.1699 depth=0.0165
  Epoch 8 [130/440] loss=0.0166 mask=0.1669 depth=0.0166
  Epoch 8 [140/440] loss=0.0165 mask=0.1685 depth=0.0165
  Epoch 8 [150/440] loss=0.0165 mask=0.1691 depth=0.0165
  Epoch 8 [160/440] loss=0.0167 mask=0.1671 depth=0.0167
  Epoch 8 [170/440] loss=0.0175 mask=0.1673 depth=0.0175
  Epoch 8 [180/440] loss=0.0174 mask=0.1645 depth=0.0174
  Epoch 8 [190/440] loss=0.0181 mask=0.1629 depth=0.0181
  Epoch 8 [200/440] loss=0.0186 mask=0.1608 depth=0.0186
  Epoch 8 [210/440] loss=0.0188 mask=0.1599 depth=0.0188
  Epoch 8 [220/440] loss=0.0188 mask=0.1569 depth=0.0188
  Epoch 8 [230/440] loss=0.0185 mask=0.1599 depth=0.0185
  Epoch 8 [240/440] loss=0.0185 mask=0.1632 depth=0.0185
  Epoch 8 [250/440] loss=0.0188 mask=0.1645 depth=0.0188
  Epoch 8 [260/440] loss=0.0187 mask=0.1672 depth=0.0187
  Epoch 8 [270/440] loss=0.0186 mask=0.1703 depth=0.0186
  Epoch 8 [280/440] loss=0.0184 mask=0.1696 depth=0.0184
  Epoch 8 [290/440] loss=0.0180 mask=0.1686 depth=0.0180
  Epoch 8 [300/440] loss=0.0179 mask=0.1718 depth=0.0179
  Epoch 8 [310/440] loss=0.0179 mask=0.1732 depth=0.0179
  Epoch 8 [320/440] loss=0.0180 mask=0.1727 depth=0.0180
  Epoch 8 [330/440] loss=0.0182 mask=0.1718 depth=0.0182
  Epoch 8 [340/440] loss=0.0183 mask=0.1732 depth=0.0183
  Epoch 8 [350/440] loss=0.0183 mask=0.1729 depth=0.0183
  Epoch 8 [360/440] loss=0.0186 mask=0.1722 depth=0.0186
  Epoch 8 [370/440] loss=0.0187 mask=0.1717 depth=0.0187
  Epoch 8 [380/440] loss=0.0187 mask=0.1723 depth=0.0187
  Epoch 8 [390/440] loss=0.0188 mask=0.1697 depth=0.0188
  Epoch 8 [400/440] loss=0.0192 mask=0.1706 depth=0.0192
  Epoch 8 [410/440] loss=0.0190 mask=0.1715 depth=0.0190
  Epoch 8 [420/440] loss=0.0190 mask=0.1723 depth=0.0190
  Epoch 8 [430/440] loss=0.0190 mask=0.1738 depth=0.0190
  Epoch 8 [440/440] loss=0.0190 mask=0.1725 depth=0.0190
  Train: loss=0.0190 mask=0.1725 depth=0.0190 time=302.0s
  Val epoch 8: loss=0.1676

=== Phase2 Epoch 9/49 ===
  Epoch 9 [10/440] loss=0.0206 mask=0.1246 depth=0.0206
  Epoch 9 [20/440] loss=0.0184 mask=0.1756 depth=0.0184
  Epoch 9 [30/440] loss=0.0176 mask=0.1777 depth=0.0176
  Epoch 9 [40/440] loss=0.0162 mask=0.1934 depth=0.0162
  Epoch 9 [50/440] loss=0.0164 mask=0.1950 depth=0.0164
  Epoch 9 [60/440] loss=0.0163 mask=0.1864 depth=0.0163
  Epoch 9 [70/440] loss=0.0152 mask=0.1863 depth=0.0152
  Epoch 9 [80/440] loss=0.0152 mask=0.1821 depth=0.0152
  Epoch 9 [90/440] loss=0.0167 mask=0.1836 depth=0.0167
  Epoch 9 [100/440] loss=0.0166 mask=0.1788 depth=0.0166
  Epoch 9 [110/440] loss=0.0161 mask=0.1830 depth=0.0161
  Epoch 9 [120/440] loss=0.0155 mask=0.1837 depth=0.0155
  Epoch 9 [130/440] loss=0.0152 mask=0.1854 depth=0.0152
  Epoch 9 [140/440] loss=0.0150 mask=0.1861 depth=0.0150
  Epoch 9 [150/440] loss=0.0149 mask=0.1850 depth=0.0149
  Epoch 9 [160/440] loss=0.0152 mask=0.1830 depth=0.0152
  Epoch 9 [170/440] loss=0.0150 mask=0.1820 depth=0.0150
  Epoch 9 [180/440] loss=0.0149 mask=0.1781 depth=0.0149
  Epoch 9 [190/440] loss=0.0149 mask=0.1758 depth=0.0149
  Epoch 9 [200/440] loss=0.0147 mask=0.1744 depth=0.0147
  Epoch 9 [210/440] loss=0.0149 mask=0.1806 depth=0.0149
  Epoch 9 [220/440] loss=0.0151 mask=0.1861 depth=0.0151
  Epoch 9 [230/440] loss=0.0148 mask=0.1856 depth=0.0148
  Epoch 9 [240/440] loss=0.0146 mask=0.1852 depth=0.0146
  Epoch 9 [250/440] loss=0.0144 mask=0.1868 depth=0.0144
  Epoch 9 [260/440] loss=0.0146 mask=0.1870 depth=0.0146
  Epoch 9 [270/440] loss=0.0144 mask=0.1860 depth=0.0144
  Epoch 9 [280/440] loss=0.0145 mask=0.1874 depth=0.0145
  Epoch 9 [290/440] loss=0.0145 mask=0.1855 depth=0.0145
  Epoch 9 [300/440] loss=0.0142 mask=0.1864 depth=0.0142
  Epoch 9 [310/440] loss=0.0144 mask=0.1860 depth=0.0144
  Epoch 9 [320/440] loss=0.0146 mask=0.1858 depth=0.0146
  Epoch 9 [330/440] loss=0.0147 mask=0.1838 depth=0.0147
  Epoch 9 [340/440] loss=0.0152 mask=0.1824 depth=0.0152
  Epoch 9 [350/440] loss=0.0158 mask=0.1819 depth=0.0158
  Epoch 9 [360/440] loss=0.0160 mask=0.1805 depth=0.0160
  Epoch 9 [370/440] loss=0.0164 mask=0.1822 depth=0.0164
  Epoch 9 [380/440] loss=0.0169 mask=0.1808 depth=0.0169
  Epoch 9 [390/440] loss=0.0170 mask=0.1828 depth=0.0170
  Epoch 9 [400/440] loss=0.0169 mask=0.1820 depth=0.0169
  Epoch 9 [410/440] loss=0.0169 mask=0.1827 depth=0.0169
  Epoch 9 [420/440] loss=0.0170 mask=0.1818 depth=0.0170
  Epoch 9 [430/440] loss=0.0169 mask=0.1805 depth=0.0169
  Epoch 9 [440/440] loss=0.0167 mask=0.1830 depth=0.0167
  Train: loss=0.0167 mask=0.1830 depth=0.0167 time=303.2s
  Val epoch 9: loss=0.1675

=== Phase2 Epoch 10/49 ===
  Epoch 10 [10/440] loss=0.0115 mask=0.1331 depth=0.0115
  Epoch 10 [20/440] loss=0.0106 mask=0.2254 depth=0.0106
  Epoch 10 [30/440] loss=0.0098 mask=0.1968 depth=0.0098
  Epoch 10 [40/440] loss=0.0102 mask=0.2024 depth=0.0102
  Epoch 10 [50/440] loss=0.0098 mask=0.1804 depth=0.0098
  Epoch 10 [60/440] loss=0.0109 mask=0.1884 depth=0.0109
  Epoch 10 [70/440] loss=0.0119 mask=0.1869 depth=0.0119
  Epoch 10 [80/440] loss=0.0113 mask=0.1955 depth=0.0113
  Epoch 10 [90/440] loss=0.0116 mask=0.1983 depth=0.0116
  Epoch 10 [100/440] loss=0.0114 mask=0.1989 depth=0.0114
  Epoch 10 [110/440] loss=0.0113 mask=0.1970 depth=0.0113
  Epoch 10 [120/440] loss=0.0113 mask=0.1992 depth=0.0113
  Epoch 10 [130/440] loss=0.0112 mask=0.1949 depth=0.0112
  Epoch 10 [140/440] loss=0.0109 mask=0.1970 depth=0.0109
  Epoch 10 [150/440] loss=0.0105 mask=0.1925 depth=0.0105
  Epoch 10 [160/440] loss=0.0102 mask=0.1925 depth=0.0102
  Epoch 10 [170/440] loss=0.0100 mask=0.1931 depth=0.0100
  Epoch 10 [180/440] loss=0.0101 mask=0.1903 depth=0.0101
  Epoch 10 [190/440] loss=0.0100 mask=0.1891 depth=0.0100
  Epoch 10 [200/440] loss=0.0102 mask=0.1889 depth=0.0102
  Epoch 10 [210/440] loss=0.0102 mask=0.1861 depth=0.0102
  Epoch 10 [220/440] loss=0.0102 mask=0.1864 depth=0.0102
  Epoch 10 [230/440] loss=0.0107 mask=0.1847 depth=0.0107
  Epoch 10 [240/440] loss=0.0111 mask=0.1808 depth=0.0111
  Epoch 10 [250/440] loss=0.0110 mask=0.1818 depth=0.0110
  Epoch 10 [260/440] loss=0.0108 mask=0.1813 depth=0.0108
  Epoch 10 [270/440] loss=0.0107 mask=0.1795 depth=0.0107
  Epoch 10 [280/440] loss=0.0107 mask=0.1769 depth=0.0107
  Epoch 10 [290/440] loss=0.0106 mask=0.1802 depth=0.0106
  Epoch 10 [300/440] loss=0.0107 mask=0.1800 depth=0.0107
  Epoch 10 [310/440] loss=0.0109 mask=0.1796 depth=0.0109
  Epoch 10 [320/440] loss=0.0107 mask=0.1795 depth=0.0107
  Epoch 10 [330/440] loss=0.0106 mask=0.1797 depth=0.0106
  Epoch 10 [340/440] loss=0.0105 mask=0.1780 depth=0.0105
  Epoch 10 [350/440] loss=0.0105 mask=0.1778 depth=0.0105
  Epoch 10 [360/440] loss=0.0104 mask=0.1791 depth=0.0104
  Epoch 10 [370/440] loss=0.0103 mask=0.1824 depth=0.0103
  Epoch 10 [380/440] loss=0.0103 mask=0.1811 depth=0.0103
  Epoch 10 [390/440] loss=0.0103 mask=0.1816 depth=0.0103
  Epoch 10 [400/440] loss=0.0104 mask=0.1819 depth=0.0104
  Epoch 10 [410/440] loss=0.0104 mask=0.1828 depth=0.0104
  Epoch 10 [420/440] loss=0.0104 mask=0.1811 depth=0.0104
  Epoch 10 [430/440] loss=0.0105 mask=0.1827 depth=0.0105
  Epoch 10 [440/440] loss=0.0105 mask=0.1815 depth=0.0105
  Train: loss=0.0105 mask=0.1815 depth=0.0105 time=299.4s
  Val epoch 10: loss=0.1615

=== Phase2 Epoch 11/49 ===
  Epoch 11 [10/440] loss=0.0074 mask=0.1712 depth=0.0074
  Epoch 11 [20/440] loss=0.0093 mask=0.1980 depth=0.0093
  Epoch 11 [30/440] loss=0.0088 mask=0.2044 depth=0.0088
  Epoch 11 [40/440] loss=0.0087 mask=0.1859 depth=0.0087
  Epoch 11 [50/440] loss=0.0082 mask=0.1753 depth=0.0082
  Epoch 11 [60/440] loss=0.0095 mask=0.1739 depth=0.0095
  Epoch 11 [70/440] loss=0.0094 mask=0.1664 depth=0.0094
  Epoch 11 [80/440] loss=0.0095 mask=0.1576 depth=0.0095
  Epoch 11 [90/440] loss=0.0101 mask=0.1542 depth=0.0101
  Epoch 11 [100/440] loss=0.0098 mask=0.1573 depth=0.0098
  Epoch 11 [110/440] loss=0.0096 mask=0.1568 depth=0.0096
  Epoch 11 [120/440] loss=0.0093 mask=0.1639 depth=0.0093
  Epoch 11 [130/440] loss=0.0091 mask=0.1646 depth=0.0091
  Epoch 11 [140/440] loss=0.0088 mask=0.1618 depth=0.0088
  Epoch 11 [150/440] loss=0.0088 mask=0.1580 depth=0.0088
  Epoch 11 [160/440] loss=0.0088 mask=0.1581 depth=0.0088
  Epoch 11 [170/440] loss=0.0087 mask=0.1613 depth=0.0087
  Epoch 11 [180/440] loss=0.0088 mask=0.1619 depth=0.0088
  Epoch 11 [190/440] loss=0.0089 mask=0.1603 depth=0.0089
  Epoch 11 [200/440] loss=0.0092 mask=0.1639 depth=0.0092
  Epoch 11 [210/440] loss=0.0091 mask=0.1635 depth=0.0091
  Epoch 11 [220/440] loss=0.0094 mask=0.1625 depth=0.0094
  Epoch 11 [230/440] loss=0.0093 mask=0.1610 depth=0.0093
  Epoch 11 [240/440] loss=0.0094 mask=0.1611 depth=0.0094
  Epoch 11 [250/440] loss=0.0094 mask=0.1628 depth=0.0094
  Epoch 11 [260/440] loss=0.0094 mask=0.1623 depth=0.0094
  Epoch 11 [270/440] loss=0.0095 mask=0.1696 depth=0.0095
  Epoch 11 [280/440] loss=0.0094 mask=0.1689 depth=0.0094
  Epoch 11 [290/440] loss=0.0094 mask=0.1726 depth=0.0094
  Epoch 11 [300/440] loss=0.0094 mask=0.1738 depth=0.0094
  Epoch 11 [310/440] loss=0.0095 mask=0.1733 depth=0.0095
  Epoch 11 [320/440] loss=0.0095 mask=0.1731 depth=0.0095
  Epoch 11 [330/440] loss=0.0094 mask=0.1745 depth=0.0094
  Epoch 11 [340/440] loss=0.0094 mask=0.1758 depth=0.0094
  Epoch 11 [350/440] loss=0.0094 mask=0.1769 depth=0.0094
  Epoch 11 [360/440] loss=0.0093 mask=0.1774 depth=0.0093
  Epoch 11 [370/440] loss=0.0092 mask=0.1773 depth=0.0092
  Epoch 11 [380/440] loss=0.0092 mask=0.1777 depth=0.0092
  Epoch 11 [390/440] loss=0.0091 mask=0.1764 depth=0.0091
  Epoch 11 [400/440] loss=0.0091 mask=0.1759 depth=0.0091
  Epoch 11 [410/440] loss=0.0090 mask=0.1735 depth=0.0090
  Epoch 11 [420/440] loss=0.0090 mask=0.1763 depth=0.0090
  Epoch 11 [430/440] loss=0.0089 mask=0.1744 depth=0.0089
  Epoch 11 [440/440] loss=0.0090 mask=0.1738 depth=0.0090
  Train: loss=0.0090 mask=0.1738 depth=0.0090 time=307.6s
  Val epoch 11: loss=0.1677

=== Phase2 Epoch 12/49 ===
  Epoch 12 [10/440] loss=0.0042 mask=0.2230 depth=0.0042
  Epoch 12 [20/440] loss=0.0058 mask=0.1799 depth=0.0058
  Epoch 12 [30/440] loss=0.0066 mask=0.1904 depth=0.0066
  Epoch 12 [40/440] loss=0.0063 mask=0.1795 depth=0.0063
  Epoch 12 [50/440] loss=0.0062 mask=0.1812 depth=0.0062
  Epoch 12 [60/440] loss=0.0060 mask=0.1789 depth=0.0060
  Epoch 12 [70/440] loss=0.0068 mask=0.1824 depth=0.0068
  Epoch 12 [80/440] loss=0.0066 mask=0.1786 depth=0.0066
  Epoch 12 [90/440] loss=0.0069 mask=0.1848 depth=0.0069
  Epoch 12 [100/440] loss=0.0068 mask=0.1927 depth=0.0068
  Epoch 12 [110/440] loss=0.0071 mask=0.1985 depth=0.0071
  Epoch 12 [120/440] loss=0.0071 mask=0.1933 depth=0.0071
  Epoch 12 [130/440] loss=0.0071 mask=0.1908 depth=0.0071
  Epoch 12 [140/440] loss=0.0069 mask=0.1918 depth=0.0069
  Epoch 12 [150/440] loss=0.0070 mask=0.1906 depth=0.0070
  Epoch 12 [160/440] loss=0.0070 mask=0.1860 depth=0.0070
  Epoch 12 [170/440] loss=0.0070 mask=0.1820 depth=0.0070
  Epoch 12 [180/440] loss=0.0070 mask=0.1803 depth=0.0070
  Epoch 12 [190/440] loss=0.0070 mask=0.1810 depth=0.0070
  Epoch 12 [200/440] loss=0.0070 mask=0.1866 depth=0.0070
  Epoch 12 [210/440] loss=0.0070 mask=0.1831 depth=0.0070
  Epoch 12 [220/440] loss=0.0069 mask=0.1816 depth=0.0069
  Epoch 12 [230/440] loss=0.0070 mask=0.1802 depth=0.0070
  Epoch 12 [240/440] loss=0.0070 mask=0.1782 depth=0.0070
  Epoch 12 [250/440] loss=0.0070 mask=0.1787 depth=0.0070
  Epoch 12 [260/440] loss=0.0073 mask=0.1799 depth=0.0073
  Epoch 12 [270/440] loss=0.0073 mask=0.1782 depth=0.0073
  Epoch 12 [280/440] loss=0.0072 mask=0.1781 depth=0.0072
  Epoch 12 [290/440] loss=0.0072 mask=0.1814 depth=0.0072
  Epoch 12 [300/440] loss=0.0072 mask=0.1794 depth=0.0072
  Epoch 12 [310/440] loss=0.0072 mask=0.1809 depth=0.0072
  Epoch 12 [320/440] loss=0.0074 mask=0.1806 depth=0.0074
  Epoch 12 [330/440] loss=0.0074 mask=0.1782 depth=0.0074
  Epoch 12 [340/440] loss=0.0075 mask=0.1790 depth=0.0075
  Epoch 12 [350/440] loss=0.0075 mask=0.1802 depth=0.0075
  Epoch 12 [360/440] loss=0.0075 mask=0.1794 depth=0.0075
  Epoch 12 [370/440] loss=0.0075 mask=0.1803 depth=0.0075
  Epoch 12 [380/440] loss=0.0075 mask=0.1795 depth=0.0075
  Epoch 12 [390/440] loss=0.0076 mask=0.1809 depth=0.0076
  Epoch 12 [400/440] loss=0.0075 mask=0.1817 depth=0.0075
  Epoch 12 [410/440] loss=0.0074 mask=0.1803 depth=0.0074
  Epoch 12 [420/440] loss=0.0074 mask=0.1794 depth=0.0074
  Epoch 12 [430/440] loss=0.0073 mask=0.1790 depth=0.0073
  Epoch 12 [440/440] loss=0.0073 mask=0.1794 depth=0.0073
  Train: loss=0.0073 mask=0.1794 depth=0.0073 time=298.3s
  Val epoch 12: loss=0.1475
  Saved best phase2 model (val_loss=0.1475)

=== Phase2 Epoch 13/49 ===
  Epoch 13 [10/440] loss=0.0058 mask=0.1107 depth=0.0058
  Epoch 13 [20/440] loss=0.0063 mask=0.1148 depth=0.0063
  Epoch 13 [30/440] loss=0.0062 mask=0.1414 depth=0.0062
  Epoch 13 [40/440] loss=0.0062 mask=0.1304 depth=0.0062
  Epoch 13 [50/440] loss=0.0067 mask=0.1359 depth=0.0067
  Epoch 13 [60/440] loss=0.0064 mask=0.1267 depth=0.0064
  Epoch 13 [70/440] loss=0.0066 mask=0.1492 depth=0.0066
  Epoch 13 [80/440] loss=0.0070 mask=0.1527 depth=0.0070
  Epoch 13 [90/440] loss=0.0069 mask=0.1596 depth=0.0069
  Epoch 13 [100/440] loss=0.0069 mask=0.1618 depth=0.0069
  Epoch 13 [110/440] loss=0.0070 mask=0.1642 depth=0.0070
  Epoch 13 [120/440] loss=0.0067 mask=0.1615 depth=0.0067
  Epoch 13 [130/440] loss=0.0067 mask=0.1599 depth=0.0067
  Epoch 13 [140/440] loss=0.0067 mask=0.1587 depth=0.0067
  Epoch 13 [150/440] loss=0.0068 mask=0.1639 depth=0.0068
  Epoch 13 [160/440] loss=0.0067 mask=0.1648 depth=0.0067
  Epoch 13 [170/440] loss=0.0067 mask=0.1676 depth=0.0067
  Epoch 13 [180/440] loss=0.0067 mask=0.1698 depth=0.0067
  Epoch 13 [190/440] loss=0.0066 mask=0.1668 depth=0.0066
  Epoch 13 [200/440] loss=0.0067 mask=0.1638 depth=0.0067
  Epoch 13 [210/440] loss=0.0068 mask=0.1627 depth=0.0068
  Epoch 13 [220/440] loss=0.0069 mask=0.1657 depth=0.0069
  Epoch 13 [230/440] loss=0.0070 mask=0.1666 depth=0.0070
  Epoch 13 [240/440] loss=0.0075 mask=0.1644 depth=0.0075
  Epoch 13 [250/440] loss=0.0075 mask=0.1666 depth=0.0075
  Epoch 13 [260/440] loss=0.0075 mask=0.1697 depth=0.0075
  Epoch 13 [270/440] loss=0.0077 mask=0.1705 depth=0.0077
  Epoch 13 [280/440] loss=0.0079 mask=0.1709 depth=0.0079
  Epoch 13 [290/440] loss=0.0079 mask=0.1703 depth=0.0079
  Epoch 13 [300/440] loss=0.0079 mask=0.1721 depth=0.0079
  Epoch 13 [310/440] loss=0.0079 mask=0.1776 depth=0.0079
  Epoch 13 [320/440] loss=0.0079 mask=0.1756 depth=0.0079
  Epoch 13 [330/440] loss=0.0078 mask=0.1790 depth=0.0078
  Epoch 13 [340/440] loss=0.0078 mask=0.1810 depth=0.0078
  Epoch 13 [350/440] loss=0.0077 mask=0.1828 depth=0.0077
  Epoch 13 [360/440] loss=0.0077 mask=0.1820 depth=0.0077
  Epoch 13 [370/440] loss=0.0076 mask=0.1844 depth=0.0076
  Epoch 13 [380/440] loss=0.0076 mask=0.1863 depth=0.0076
  Epoch 13 [390/440] loss=0.0076 mask=0.1872 depth=0.0076
  Epoch 13 [400/440] loss=0.0076 mask=0.1881 depth=0.0076
  Epoch 13 [410/440] loss=0.0077 mask=0.1891 depth=0.0077
  Epoch 13 [420/440] loss=0.0077 mask=0.1904 depth=0.0077
  Epoch 13 [430/440] loss=0.0077 mask=0.1897 depth=0.0077
  Epoch 13 [440/440] loss=0.0077 mask=0.1876 depth=0.0077
  Train: loss=0.0077 mask=0.1876 depth=0.0077 time=298.2s
  Val epoch 13: loss=0.1654

=== Phase2 Epoch 14/49 ===
  Epoch 14 [10/440] loss=0.0122 mask=0.1426 depth=0.0122
  Epoch 14 [20/440] loss=0.0098 mask=0.1422 depth=0.0098
  Epoch 14 [30/440] loss=0.0079 mask=0.1488 depth=0.0079
  Epoch 14 [40/440] loss=0.0085 mask=0.1624 depth=0.0085
  Epoch 14 [50/440] loss=0.0077 mask=0.1915 depth=0.0077
  Epoch 14 [60/440] loss=0.0073 mask=0.1865 depth=0.0073
  Epoch 14 [70/440] loss=0.0067 mask=0.1829 depth=0.0067
  Epoch 14 [80/440] loss=0.0065 mask=0.1824 depth=0.0065
  Epoch 14 [90/440] loss=0.0064 mask=0.1800 depth=0.0064
  Epoch 14 [100/440] loss=0.0064 mask=0.1764 depth=0.0064
  Epoch 14 [110/440] loss=0.0065 mask=0.1787 depth=0.0065
  Epoch 14 [120/440] loss=0.0065 mask=0.1844 depth=0.0065
  Epoch 14 [130/440] loss=0.0066 mask=0.1872 depth=0.0066
  Epoch 14 [140/440] loss=0.0067 mask=0.1851 depth=0.0067
  Epoch 14 [150/440] loss=0.0067 mask=0.1838 depth=0.0067
  Epoch 14 [160/440] loss=0.0066 mask=0.1805 depth=0.0066
  Epoch 14 [170/440] loss=0.0066 mask=0.1777 depth=0.0066
  Epoch 14 [180/440] loss=0.0065 mask=0.1792 depth=0.0065
  Epoch 14 [190/440] loss=0.0065 mask=0.1758 depth=0.0065
  Epoch 14 [200/440] loss=0.0064 mask=0.1754 depth=0.0064
  Epoch 14 [210/440] loss=0.0064 mask=0.1728 depth=0.0064
  Epoch 14 [220/440] loss=0.0063 mask=0.1683 depth=0.0063
  Epoch 14 [230/440] loss=0.0063 mask=0.1699 depth=0.0063
  Epoch 14 [240/440] loss=0.0063 mask=0.1701 depth=0.0063
  Epoch 14 [250/440] loss=0.0063 mask=0.1732 depth=0.0063
  Epoch 14 [260/440] loss=0.0062 mask=0.1723 depth=0.0062
  Epoch 14 [270/440] loss=0.0062 mask=0.1744 depth=0.0062
  Epoch 14 [280/440] loss=0.0062 mask=0.1719 depth=0.0062
  Epoch 14 [290/440] loss=0.0061 mask=0.1754 depth=0.0061
  Epoch 14 [300/440] loss=0.0061 mask=0.1725 depth=0.0061
  Epoch 14 [310/440] loss=0.0060 mask=0.1739 depth=0.0060
  Epoch 14 [320/440] loss=0.0060 mask=0.1737 depth=0.0060
  Epoch 14 [330/440] loss=0.0059 mask=0.1736 depth=0.0059
  Epoch 14 [340/440] loss=0.0060 mask=0.1769 depth=0.0060
  Epoch 14 [350/440] loss=0.0060 mask=0.1773 depth=0.0060
  Epoch 14 [360/440] loss=0.0060 mask=0.1763 depth=0.0060
  Epoch 14 [370/440] loss=0.0060 mask=0.1763 depth=0.0060
  Epoch 14 [380/440] loss=0.0060 mask=0.1744 depth=0.0060
  Epoch 14 [390/440] loss=0.0060 mask=0.1740 depth=0.0060
  Epoch 14 [400/440] loss=0.0061 mask=0.1739 depth=0.0061
  Epoch 14 [410/440] loss=0.0062 mask=0.1744 depth=0.0062
  Epoch 14 [420/440] loss=0.0062 mask=0.1740 depth=0.0062
  Epoch 14 [430/440] loss=0.0062 mask=0.1747 depth=0.0062
  Epoch 14 [440/440] loss=0.0063 mask=0.1756 depth=0.0063
  Train: loss=0.0063 mask=0.1756 depth=0.0063 time=297.6s
  Val epoch 14: loss=0.1432
  Saved best phase2 model (val_loss=0.1432)

=== Phase2 Epoch 15/49 ===
  Epoch 15 [10/440] loss=0.0081 mask=0.1526 depth=0.0081
  Epoch 15 [20/440] loss=0.0063 mask=0.1711 depth=0.0063
  Epoch 15 [30/440] loss=0.0055 mask=0.1398 depth=0.0055
  Epoch 15 [40/440] loss=0.0054 mask=0.1364 depth=0.0054
  Epoch 15 [50/440] loss=0.0054 mask=0.1444 depth=0.0054
  Epoch 15 [60/440] loss=0.0056 mask=0.1588 depth=0.0056
  Epoch 15 [70/440] loss=0.0057 mask=0.1739 depth=0.0057
  Epoch 15 [80/440] loss=0.0057 mask=0.1636 depth=0.0057
  Epoch 15 [90/440] loss=0.0057 mask=0.1689 depth=0.0057
  Epoch 15 [100/440] loss=0.0056 mask=0.1630 depth=0.0056
  Epoch 15 [110/440] loss=0.0057 mask=0.1627 depth=0.0057
  Epoch 15 [120/440] loss=0.0056 mask=0.1611 depth=0.0056
  Epoch 15 [130/440] loss=0.0055 mask=0.1633 depth=0.0055
  Epoch 15 [140/440] loss=0.0055 mask=0.1638 depth=0.0055
  Epoch 15 [150/440] loss=0.0054 mask=0.1635 depth=0.0054
  Epoch 15 [160/440] loss=0.0053 mask=0.1635 depth=0.0053
  Epoch 15 [170/440] loss=0.0056 mask=0.1635 depth=0.0056
  Epoch 15 [180/440] loss=0.0058 mask=0.1652 depth=0.0058
  Epoch 15 [190/440] loss=0.0058 mask=0.1717 depth=0.0058
  Epoch 15 [200/440] loss=0.0058 mask=0.1696 depth=0.0058
  Epoch 15 [210/440] loss=0.0058 mask=0.1654 depth=0.0058
  Epoch 15 [220/440] loss=0.0058 mask=0.1638 depth=0.0058
  Epoch 15 [230/440] loss=0.0058 mask=0.1673 depth=0.0058
  Epoch 15 [240/440] loss=0.0058 mask=0.1677 depth=0.0058
  Epoch 15 [250/440] loss=0.0059 mask=0.1704 depth=0.0059
  Epoch 15 [260/440] loss=0.0058 mask=0.1752 depth=0.0058
  Epoch 15 [270/440] loss=0.0057 mask=0.1740 depth=0.0057
  Epoch 15 [280/440] loss=0.0057 mask=0.1713 depth=0.0057
  Epoch 15 [290/440] loss=0.0057 mask=0.1695 depth=0.0057
  Epoch 15 [300/440] loss=0.0057 mask=0.1687 depth=0.0057
  Epoch 15 [310/440] loss=0.0058 mask=0.1683 depth=0.0058
  Epoch 15 [320/440] loss=0.0058 mask=0.1667 depth=0.0058
  Epoch 15 [330/440] loss=0.0058 mask=0.1650 depth=0.0058
  Epoch 15 [340/440] loss=0.0058 mask=0.1657 depth=0.0058
  Epoch 15 [350/440] loss=0.0058 mask=0.1683 depth=0.0058
  Epoch 15 [360/440] loss=0.0058 mask=0.1685 depth=0.0058
  Epoch 15 [370/440] loss=0.0058 mask=0.1680 depth=0.0058
  Epoch 15 [380/440] loss=0.0058 mask=0.1686 depth=0.0058
  Epoch 15 [390/440] loss=0.0058 mask=0.1712 depth=0.0058
  Epoch 15 [400/440] loss=0.0059 mask=0.1756 depth=0.0059
  Epoch 15 [410/440] loss=0.0059 mask=0.1752 depth=0.0059
  Epoch 15 [420/440] loss=0.0059 mask=0.1771 depth=0.0059
  Epoch 15 [430/440] loss=0.0059 mask=0.1775 depth=0.0059
  Epoch 15 [440/440] loss=0.0059 mask=0.1779 depth=0.0059
  Train: loss=0.0059 mask=0.1779 depth=0.0059 time=289.0s
  Val epoch 15: loss=0.1435

=== Phase2 Epoch 16/49 ===
  Epoch 16 [10/440] loss=0.0057 mask=0.1926 depth=0.0057
  Epoch 16 [20/440] loss=0.0064 mask=0.1957 depth=0.0064
  Epoch 16 [30/440] loss=0.0062 mask=0.2386 depth=0.0062
  Epoch 16 [40/440] loss=0.0058 mask=0.2597 depth=0.0058
  Epoch 16 [50/440] loss=0.0055 mask=0.2232 depth=0.0055
  Epoch 16 [60/440] loss=0.0053 mask=0.1975 depth=0.0053
  Epoch 16 [70/440] loss=0.0054 mask=0.1919 depth=0.0054
  Epoch 16 [80/440] loss=0.0061 mask=0.1953 depth=0.0061
  Epoch 16 [90/440] loss=0.0063 mask=0.1943 depth=0.0063
  Epoch 16 [100/440] loss=0.0062 mask=0.1959 depth=0.0062
  Epoch 16 [110/440] loss=0.0061 mask=0.1975 depth=0.0061
  Epoch 16 [120/440] loss=0.0060 mask=0.1972 depth=0.0060
  Epoch 16 [130/440] loss=0.0059 mask=0.1963 depth=0.0059
  Epoch 16 [140/440] loss=0.0057 mask=0.1947 depth=0.0057
  Epoch 16 [150/440] loss=0.0057 mask=0.1955 depth=0.0057
  Epoch 16 [160/440] loss=0.0058 mask=0.1983 depth=0.0058
  Epoch 16 [170/440] loss=0.0057 mask=0.1998 depth=0.0057
  Epoch 16 [180/440] loss=0.0055 mask=0.1980 depth=0.0055
  Epoch 16 [190/440] loss=0.0054 mask=0.1974 depth=0.0054
  Epoch 16 [200/440] loss=0.0055 mask=0.1961 depth=0.0055
  Epoch 16 [210/440] loss=0.0055 mask=0.1972 depth=0.0055
  Epoch 16 [220/440] loss=0.0054 mask=0.1999 depth=0.0054
  Epoch 16 [230/440] loss=0.0057 mask=0.1985 depth=0.0057
  Epoch 16 [240/440] loss=0.0057 mask=0.1985 depth=0.0057
  Epoch 16 [250/440] loss=0.0056 mask=0.1988 depth=0.0056
  Epoch 16 [260/440] loss=0.0056 mask=0.1950 depth=0.0056
  Epoch 16 [270/440] loss=0.0058 mask=0.1958 depth=0.0058
  Epoch 16 [280/440] loss=0.0059 mask=0.1971 depth=0.0059
  Epoch 16 [290/440] loss=0.0059 mask=0.1954 depth=0.0059
  Epoch 16 [300/440] loss=0.0058 mask=0.1934 depth=0.0058
  Epoch 16 [310/440] loss=0.0057 mask=0.1926 depth=0.0057
  Epoch 16 [320/440] loss=0.0057 mask=0.1902 depth=0.0057
  Epoch 16 [330/440] loss=0.0056 mask=0.1879 depth=0.0056
  Epoch 16 [340/440] loss=0.0056 mask=0.1913 depth=0.0056
  Epoch 16 [350/440] loss=0.0056 mask=0.1911 depth=0.0056
  Epoch 16 [360/440] loss=0.0056 mask=0.1900 depth=0.0056
  Epoch 16 [370/440] loss=0.0056 mask=0.1881 depth=0.0056
  Epoch 16 [380/440] loss=0.0055 mask=0.1878 depth=0.0055
  Epoch 16 [390/440] loss=0.0055 mask=0.1900 depth=0.0055
  Epoch 16 [400/440] loss=0.0055 mask=0.1903 depth=0.0055
  Epoch 16 [410/440] loss=0.0054 mask=0.1900 depth=0.0054
  Epoch 16 [420/440] loss=0.0054 mask=0.1898 depth=0.0054
  Epoch 16 [430/440] loss=0.0053 mask=0.1885 depth=0.0053
  Epoch 16 [440/440] loss=0.0053 mask=0.1887 depth=0.0053
  Train: loss=0.0053 mask=0.1887 depth=0.0053 time=297.9s
  Val epoch 16: loss=0.1487

=== Phase2 Epoch 17/49 ===
  Epoch 17 [10/440] loss=0.0033 mask=0.1656 depth=0.0033
  Epoch 17 [20/440] loss=0.0035 mask=0.1532 depth=0.0035
  Epoch 17 [30/440] loss=0.0037 mask=0.1775 depth=0.0037
  Epoch 17 [40/440] loss=0.0037 mask=0.2063 depth=0.0037
  Epoch 17 [50/440] loss=0.0036 mask=0.2023 depth=0.0036
  Epoch 17 [60/440] loss=0.0039 mask=0.2317 depth=0.0039
  Epoch 17 [70/440] loss=0.0039 mask=0.2170 depth=0.0039
  Epoch 17 [80/440] loss=0.0040 mask=0.2063 depth=0.0040
  Epoch 17 [90/440] loss=0.0039 mask=0.2128 depth=0.0039
  Epoch 17 [100/440] loss=0.0039 mask=0.2038 depth=0.0039
  Epoch 17 [110/440] loss=0.0041 mask=0.2024 depth=0.0041
  Epoch 17 [120/440] loss=0.0044 mask=0.1976 depth=0.0044
  Epoch 17 [130/440] loss=0.0044 mask=0.1989 depth=0.0044
  Epoch 17 [140/440] loss=0.0044 mask=0.1969 depth=0.0044
  Epoch 17 [150/440] loss=0.0044 mask=0.1947 depth=0.0044
  Epoch 17 [160/440] loss=0.0043 mask=0.1956 depth=0.0043
  Epoch 17 [170/440] loss=0.0044 mask=0.1941 depth=0.0044
  Epoch 17 [180/440] loss=0.0044 mask=0.1940 depth=0.0044
  Epoch 17 [190/440] loss=0.0045 mask=0.1918 depth=0.0045
  Epoch 17 [200/440] loss=0.0045 mask=0.1958 depth=0.0045
  Epoch 17 [210/440] loss=0.0045 mask=0.1949 depth=0.0045
  Epoch 17 [220/440] loss=0.0047 mask=0.1905 depth=0.0047
  Epoch 17 [230/440] loss=0.0047 mask=0.1887 depth=0.0047
  Epoch 17 [240/440] loss=0.0048 mask=0.1878 depth=0.0048
  Epoch 17 [250/440] loss=0.0049 mask=0.1841 depth=0.0049
  Epoch 17 [260/440] loss=0.0049 mask=0.1858 depth=0.0049
  Epoch 17 [270/440] loss=0.0049 mask=0.1842 depth=0.0049
  Epoch 17 [280/440] loss=0.0048 mask=0.1855 depth=0.0048
  Epoch 17 [290/440] loss=0.0048 mask=0.1845 depth=0.0048
  Epoch 17 [300/440] loss=0.0048 mask=0.1876 depth=0.0048
  Epoch 17 [310/440] loss=0.0049 mask=0.1893 depth=0.0049
  Epoch 17 [320/440] loss=0.0049 mask=0.1901 depth=0.0049
  Epoch 17 [330/440] loss=0.0050 mask=0.1927 depth=0.0050
  Epoch 17 [340/440] loss=0.0049 mask=0.1950 depth=0.0049
  Epoch 17 [350/440] loss=0.0050 mask=0.1952 depth=0.0050
  Epoch 17 [360/440] loss=0.0050 mask=0.1953 depth=0.0050
  Epoch 17 [370/440] loss=0.0051 mask=0.1940 depth=0.0051
  Epoch 17 [380/440] loss=0.0052 mask=0.1928 depth=0.0052
  Epoch 17 [390/440] loss=0.0051 mask=0.1950 depth=0.0051
  Epoch 17 [400/440] loss=0.0051 mask=0.1939 depth=0.0051
  Epoch 17 [410/440] loss=0.0051 mask=0.1924 depth=0.0051
  Epoch 17 [420/440] loss=0.0051 mask=0.1904 depth=0.0051
  Epoch 17 [430/440] loss=0.0051 mask=0.1898 depth=0.0051
  Epoch 17 [440/440] loss=0.0051 mask=0.1915 depth=0.0051
  Train: loss=0.0051 mask=0.1915 depth=0.0051 time=309.7s
  Val epoch 17: loss=0.1434

=== Phase2 Epoch 18/49 ===
  Epoch 18 [10/440] loss=0.0042 mask=0.1114 depth=0.0042
  Epoch 18 [20/440] loss=0.0044 mask=0.2056 depth=0.0044
  Epoch 18 [30/440] loss=0.0042 mask=0.2164 depth=0.0042
  Epoch 18 [40/440] loss=0.0041 mask=0.2035 depth=0.0041
  Epoch 18 [50/440] loss=0.0043 mask=0.1984 depth=0.0043
  Epoch 18 [60/440] loss=0.0041 mask=0.1974 depth=0.0041
  Epoch 18 [70/440] loss=0.0042 mask=0.1947 depth=0.0042
  Epoch 18 [80/440] loss=0.0040 mask=0.1995 depth=0.0040
  Epoch 18 [90/440] loss=0.0041 mask=0.1938 depth=0.0041
  Epoch 18 [100/440] loss=0.0041 mask=0.1876 depth=0.0041
  Epoch 18 [110/440] loss=0.0040 mask=0.1927 depth=0.0040
  Epoch 18 [120/440] loss=0.0040 mask=0.1877 depth=0.0040
  Epoch 18 [130/440] loss=0.0040 mask=0.1843 depth=0.0040
  Epoch 18 [140/440] loss=0.0040 mask=0.1919 depth=0.0040
  Epoch 18 [150/440] loss=0.0040 mask=0.1913 depth=0.0040
  Epoch 18 [160/440] loss=0.0039 mask=0.1944 depth=0.0039
  Epoch 18 [170/440] loss=0.0039 mask=0.1894 depth=0.0039
  Epoch 18 [180/440] loss=0.0038 mask=0.1863 depth=0.0038
  Epoch 18 [190/440] loss=0.0037 mask=0.1840 depth=0.0037
  Epoch 18 [200/440] loss=0.0037 mask=0.1814 depth=0.0037
  Epoch 18 [210/440] loss=0.0037 mask=0.1868 depth=0.0037
  Epoch 18 [220/440] loss=0.0037 mask=0.1846 depth=0.0037
  Epoch 18 [230/440] loss=0.0039 mask=0.1859 depth=0.0039
  Epoch 18 [240/440] loss=0.0039 mask=0.1866 depth=0.0039
  Epoch 18 [250/440] loss=0.0039 mask=0.1888 depth=0.0039
  Epoch 18 [260/440] loss=0.0040 mask=0.1875 depth=0.0040
  Epoch 18 [270/440] loss=0.0040 mask=0.1890 depth=0.0040
  Epoch 18 [280/440] loss=0.0040 mask=0.1908 depth=0.0040
  Epoch 18 [290/440] loss=0.0040 mask=0.1909 depth=0.0040
  Epoch 18 [300/440] loss=0.0040 mask=0.1884 depth=0.0040
  Epoch 18 [310/440] loss=0.0040 mask=0.1893 depth=0.0040
  Epoch 18 [320/440] loss=0.0041 mask=0.1890 depth=0.0041
  Epoch 18 [330/440] loss=0.0041 mask=0.1881 depth=0.0041
  Epoch 18 [340/440] loss=0.0042 mask=0.1877 depth=0.0042
  Epoch 18 [350/440] loss=0.0042 mask=0.1876 depth=0.0042
  Epoch 18 [360/440] loss=0.0042 mask=0.1864 depth=0.0042
  Epoch 18 [370/440] loss=0.0042 mask=0.1852 depth=0.0042
  Epoch 18 [380/440] loss=0.0042 mask=0.1869 depth=0.0042
  Epoch 18 [390/440] loss=0.0042 mask=0.1881 depth=0.0042
  Epoch 18 [400/440] loss=0.0042 mask=0.1878 depth=0.0042
  Epoch 18 [410/440] loss=0.0043 mask=0.1889 depth=0.0043
  Epoch 18 [420/440] loss=0.0044 mask=0.1883 depth=0.0044
  Epoch 18 [430/440] loss=0.0045 mask=0.1906 depth=0.0045
  Epoch 18 [440/440] loss=0.0046 mask=0.1931 depth=0.0046
  Train: loss=0.0046 mask=0.1931 depth=0.0046 time=304.5s
  Val epoch 18: loss=0.1316
  Saved best phase2 model (val_loss=0.1316)

=== Phase2 Epoch 19/49 ===
  Epoch 19 [10/440] loss=0.0060 mask=0.1565 depth=0.0060
  Epoch 19 [20/440] loss=0.0059 mask=0.1175 depth=0.0059
  Epoch 19 [30/440] loss=0.0066 mask=0.1714 depth=0.0066
  Epoch 19 [40/440] loss=0.0063 mask=0.1683 depth=0.0063
  Epoch 19 [50/440] loss=0.0063 mask=0.1964 depth=0.0063
  Epoch 19 [60/440] loss=0.0061 mask=0.1982 depth=0.0061
  Epoch 19 [70/440] loss=0.0066 mask=0.1880 depth=0.0066
  Epoch 19 [80/440] loss=0.0066 mask=0.1877 depth=0.0066
  Epoch 19 [90/440] loss=0.0068 mask=0.1971 depth=0.0068
  Epoch 19 [100/440] loss=0.0064 mask=0.1931 depth=0.0064
  Epoch 19 [110/440] loss=0.0063 mask=0.1960 depth=0.0063
  Epoch 19 [120/440] loss=0.0061 mask=0.1919 depth=0.0061
  Epoch 19 [130/440] loss=0.0060 mask=0.1949 depth=0.0060
  Epoch 19 [140/440] loss=0.0060 mask=0.1940 depth=0.0060
  Epoch 19 [150/440] loss=0.0058 mask=0.1947 depth=0.0058
  Epoch 19 [160/440] loss=0.0058 mask=0.1894 depth=0.0058
  Epoch 19 [170/440] loss=0.0058 mask=0.1928 depth=0.0058
  Epoch 19 [180/440] loss=0.0058 mask=0.1881 depth=0.0058
  Epoch 19 [190/440] loss=0.0058 mask=0.1880 depth=0.0058
  Epoch 19 [200/440] loss=0.0057 mask=0.1891 depth=0.0057
  Epoch 19 [210/440] loss=0.0057 mask=0.1888 depth=0.0057
  Epoch 19 [220/440] loss=0.0057 mask=0.1950 depth=0.0057
  Epoch 19 [230/440] loss=0.0056 mask=0.1927 depth=0.0056
  Epoch 19 [240/440] loss=0.0056 mask=0.1915 depth=0.0056
  Epoch 19 [250/440] loss=0.0056 mask=0.1926 depth=0.0056
  Epoch 19 [260/440] loss=0.0056 mask=0.1924 depth=0.0056
  Epoch 19 [270/440] loss=0.0055 mask=0.1934 depth=0.0055
  Epoch 19 [280/440] loss=0.0054 mask=0.1926 depth=0.0054
  Epoch 19 [290/440] loss=0.0053 mask=0.1909 depth=0.0053
  Epoch 19 [300/440] loss=0.0053 mask=0.1912 depth=0.0053
  Epoch 19 [310/440] loss=0.0053 mask=0.1933 depth=0.0053
  Epoch 19 [320/440] loss=0.0054 mask=0.1917 depth=0.0054
  Epoch 19 [330/440] loss=0.0054 mask=0.1912 depth=0.0054
  Epoch 19 [340/440] loss=0.0054 mask=0.1914 depth=0.0054
  Epoch 19 [350/440] loss=0.0054 mask=0.1895 depth=0.0054
  Epoch 19 [360/440] loss=0.0053 mask=0.1893 depth=0.0053
  Epoch 19 [370/440] loss=0.0054 mask=0.1910 depth=0.0054
  Epoch 19 [380/440] loss=0.0054 mask=0.1939 depth=0.0054
  Epoch 19 [390/440] loss=0.0053 mask=0.1927 depth=0.0053
  Epoch 19 [400/440] loss=0.0053 mask=0.1910 depth=0.0053
  Epoch 19 [410/440] loss=0.0053 mask=0.1894 depth=0.0053
  Epoch 19 [420/440] loss=0.0052 mask=0.1874 depth=0.0052
  Epoch 19 [430/440] loss=0.0052 mask=0.1870 depth=0.0052
  Epoch 19 [440/440] loss=0.0052 mask=0.1878 depth=0.0052
  Train: loss=0.0052 mask=0.1878 depth=0.0052 time=297.7s
  Val epoch 19: loss=0.1600

=== Phase2 Epoch 20/49 ===
  Epoch 20 [10/440] loss=0.0032 mask=0.1542 depth=0.0032
  Epoch 20 [20/440] loss=0.0030 mask=0.1184 depth=0.0030
  Epoch 20 [30/440] loss=0.0027 mask=0.1530 depth=0.0027
  Epoch 20 [40/440] loss=0.0027 mask=0.1450 depth=0.0027
  Epoch 20 [50/440] loss=0.0027 mask=0.1436 depth=0.0027
  Epoch 20 [60/440] loss=0.0029 mask=0.1589 depth=0.0029
  Epoch 20 [70/440] loss=0.0029 mask=0.1579 depth=0.0029
  Epoch 20 [80/440] loss=0.0030 mask=0.1505 depth=0.0030
  Epoch 20 [90/440] loss=0.0032 mask=0.1547 depth=0.0032
  Epoch 20 [100/440] loss=0.0033 mask=0.1528 depth=0.0033
  Epoch 20 [110/440] loss=0.0033 mask=0.1517 depth=0.0033
  Epoch 20 [120/440] loss=0.0034 mask=0.1514 depth=0.0034
  Epoch 20 [130/440] loss=0.0034 mask=0.1597 depth=0.0034
  Epoch 20 [140/440] loss=0.0037 mask=0.1582 depth=0.0037
  Epoch 20 [150/440] loss=0.0038 mask=0.1668 depth=0.0038
  Epoch 20 [160/440] loss=0.0037 mask=0.1697 depth=0.0037
  Epoch 20 [170/440] loss=0.0037 mask=0.1749 depth=0.0037
  Epoch 20 [180/440] loss=0.0037 mask=0.1792 depth=0.0037
  Epoch 20 [190/440] loss=0.0037 mask=0.1812 depth=0.0037
  Epoch 20 [200/440] loss=0.0036 mask=0.1829 depth=0.0036
  Epoch 20 [210/440] loss=0.0036 mask=0.1787 depth=0.0036
  Epoch 20 [220/440] loss=0.0035 mask=0.1778 depth=0.0035
  Epoch 20 [230/440] loss=0.0037 mask=0.1779 depth=0.0037
  Epoch 20 [240/440] loss=0.0037 mask=0.1793 depth=0.0037
  Epoch 20 [250/440] loss=0.0036 mask=0.1778 depth=0.0036
  Epoch 20 [260/440] loss=0.0036 mask=0.1762 depth=0.0036
  Epoch 20 [270/440] loss=0.0036 mask=0.1760 depth=0.0036
  Epoch 20 [280/440] loss=0.0036 mask=0.1744 depth=0.0036
  Epoch 20 [290/440] loss=0.0035 mask=0.1734 depth=0.0035
  Epoch 20 [300/440] loss=0.0035 mask=0.1735 depth=0.0035
  Epoch 20 [310/440] loss=0.0034 mask=0.1713 depth=0.0034
  Epoch 20 [320/440] loss=0.0035 mask=0.1710 depth=0.0035
  Epoch 20 [330/440] loss=0.0035 mask=0.1712 depth=0.0035
  Epoch 20 [340/440] loss=0.0034 mask=0.1710 depth=0.0034
  Epoch 20 [350/440] loss=0.0035 mask=0.1702 depth=0.0035
  Epoch 20 [360/440] loss=0.0034 mask=0.1691 depth=0.0034
  Epoch 20 [370/440] loss=0.0034 mask=0.1685 depth=0.0034
  Epoch 20 [380/440] loss=0.0034 mask=0.1715 depth=0.0034
  Epoch 20 [390/440] loss=0.0034 mask=0.1728 depth=0.0034
  Epoch 20 [400/440] loss=0.0034 mask=0.1730 depth=0.0034
  Epoch 20 [410/440] loss=0.0034 mask=0.1764 depth=0.0034
  Epoch 20 [420/440] loss=0.0034 mask=0.1779 depth=0.0034
  Epoch 20 [430/440] loss=0.0034 mask=0.1776 depth=0.0034
  Epoch 20 [440/440] loss=0.0034 mask=0.1786 depth=0.0034
  Train: loss=0.0034 mask=0.1786 depth=0.0034 time=291.5s
  Val epoch 20: loss=0.1491

=== Phase2 Epoch 21/49 ===
  Epoch 21 [10/440] loss=0.0024 mask=0.1618 depth=0.0024
  Epoch 21 [20/440] loss=0.0023 mask=0.2417 depth=0.0023
  Epoch 21 [30/440] loss=0.0024 mask=0.2209 depth=0.0024
  Epoch 21 [40/440] loss=0.0024 mask=0.2054 depth=0.0024
  Epoch 21 [50/440] loss=0.0023 mask=0.1950 depth=0.0023
  Epoch 21 [60/440] loss=0.0027 mask=0.1870 depth=0.0027
  Epoch 21 [70/440] loss=0.0028 mask=0.1894 depth=0.0028
  Epoch 21 [80/440] loss=0.0029 mask=0.1906 depth=0.0029
  Epoch 21 [90/440] loss=0.0028 mask=0.1827 depth=0.0028
  Epoch 21 [100/440] loss=0.0028 mask=0.1747 depth=0.0028
  Epoch 21 [110/440] loss=0.0028 mask=0.1673 depth=0.0028
  Epoch 21 [120/440] loss=0.0028 mask=0.1645 depth=0.0028
  Epoch 21 [130/440] loss=0.0027 mask=0.1811 depth=0.0027
  Epoch 21 [140/440] loss=0.0028 mask=0.1891 depth=0.0028
  Epoch 21 [150/440] loss=0.0028 mask=0.1846 depth=0.0028
  Epoch 21 [160/440] loss=0.0027 mask=0.1836 depth=0.0027
  Epoch 21 [170/440] loss=0.0028 mask=0.1828 depth=0.0028
  Epoch 21 [180/440] loss=0.0029 mask=0.1792 depth=0.0029
  Epoch 21 [190/440] loss=0.0029 mask=0.1804 depth=0.0029
  Epoch 21 [200/440] loss=0.0029 mask=0.1826 depth=0.0029
  Epoch 21 [210/440] loss=0.0029 mask=0.1811 depth=0.0029
  Epoch 21 [220/440] loss=0.0029 mask=0.1803 depth=0.0029
  Epoch 21 [230/440] loss=0.0028 mask=0.1787 depth=0.0028
  Epoch 21 [240/440] loss=0.0028 mask=0.1764 depth=0.0028
  Epoch 21 [250/440] loss=0.0029 mask=0.1752 depth=0.0029
  Epoch 21 [260/440] loss=0.0028 mask=0.1742 depth=0.0028
  Epoch 21 [270/440] loss=0.0028 mask=0.1766 depth=0.0028
  Epoch 21 [280/440] loss=0.0028 mask=0.1764 depth=0.0028
  Epoch 21 [290/440] loss=0.0028 mask=0.1821 depth=0.0028
  Epoch 21 [300/440] loss=0.0029 mask=0.1819 depth=0.0029
  Epoch 21 [310/440] loss=0.0029 mask=0.1798 depth=0.0029
  Epoch 21 [320/440] loss=0.0029 mask=0.1802 depth=0.0029
  Epoch 21 [330/440] loss=0.0029 mask=0.1798 depth=0.0029
  Epoch 21 [340/440] loss=0.0029 mask=0.1766 depth=0.0029
  Epoch 21 [350/440] loss=0.0029 mask=0.1795 depth=0.0029
  Epoch 21 [360/440] loss=0.0029 mask=0.1790 depth=0.0029
  Epoch 21 [370/440] loss=0.0029 mask=0.1802 depth=0.0029
  Epoch 21 [380/440] loss=0.0029 mask=0.1777 depth=0.0029
  Epoch 21 [390/440] loss=0.0029 mask=0.1785 depth=0.0029
  Epoch 21 [400/440] loss=0.0029 mask=0.1818 depth=0.0029
  Epoch 21 [410/440] loss=0.0029 mask=0.1809 depth=0.0029
  Epoch 21 [420/440] loss=0.0029 mask=0.1790 depth=0.0029
  Epoch 21 [430/440] loss=0.0029 mask=0.1803 depth=0.0029
  Epoch 21 [440/440] loss=0.0029 mask=0.1810 depth=0.0029
  Train: loss=0.0029 mask=0.1810 depth=0.0029 time=298.7s
  Val epoch 21: loss=0.1465

=== Phase2 Epoch 22/49 ===
  Epoch 22 [10/440] loss=0.0020 mask=0.1683 depth=0.0020
  Epoch 22 [20/440] loss=0.0027 mask=0.2427 depth=0.0027
  Epoch 22 [30/440] loss=0.0027 mask=0.2209 depth=0.0027
  Epoch 22 [40/440] loss=0.0025 mask=0.2158 depth=0.0025
  Epoch 22 [50/440] loss=0.0026 mask=0.2131 depth=0.0026
  Epoch 22 [60/440] loss=0.0026 mask=0.2031 depth=0.0026
  Epoch 22 [70/440] loss=0.0024 mask=0.1996 depth=0.0024
  Epoch 22 [80/440] loss=0.0023 mask=0.2008 depth=0.0023
  Epoch 22 [90/440] loss=0.0023 mask=0.1998 depth=0.0023
  Epoch 22 [100/440] loss=0.0023 mask=0.1984 depth=0.0023
  Epoch 22 [110/440] loss=0.0023 mask=0.1878 depth=0.0023
  Epoch 22 [120/440] loss=0.0023 mask=0.1832 depth=0.0023
  Epoch 22 [130/440] loss=0.0023 mask=0.1762 depth=0.0023
  Epoch 22 [140/440] loss=0.0024 mask=0.1785 depth=0.0024
  Epoch 22 [150/440] loss=0.0024 mask=0.1696 depth=0.0024
  Epoch 22 [160/440] loss=0.0024 mask=0.1689 depth=0.0024
  Epoch 22 [170/440] loss=0.0024 mask=0.1709 depth=0.0024
  Epoch 22 [180/440] loss=0.0024 mask=0.1721 depth=0.0024
  Epoch 22 [190/440] loss=0.0025 mask=0.1712 depth=0.0025
  Epoch 22 [200/440] loss=0.0025 mask=0.1733 depth=0.0025
  Epoch 22 [210/440] loss=0.0025 mask=0.1738 depth=0.0025
  Epoch 22 [220/440] loss=0.0025 mask=0.1796 depth=0.0025
  Epoch 22 [230/440] loss=0.0027 mask=0.1817 depth=0.0027
  Epoch 22 [240/440] loss=0.0026 mask=0.1800 depth=0.0026
  Epoch 22 [250/440] loss=0.0027 mask=0.1827 depth=0.0027
  Epoch 22 [260/440] loss=0.0026 mask=0.1825 depth=0.0026
  Epoch 22 [270/440] loss=0.0026 mask=0.1841 depth=0.0026
  Epoch 22 [280/440] loss=0.0026 mask=0.1864 depth=0.0026
  Epoch 22 [290/440] loss=0.0027 mask=0.1839 depth=0.0027
  Epoch 22 [300/440] loss=0.0026 mask=0.1828 depth=0.0026
  Epoch 22 [310/440] loss=0.0027 mask=0.1841 depth=0.0027
  Epoch 22 [320/440] loss=0.0027 mask=0.1842 depth=0.0027
  Epoch 22 [330/440] loss=0.0027 mask=0.1876 depth=0.0027
  Epoch 22 [340/440] loss=0.0027 mask=0.1887 depth=0.0027
  Epoch 22 [350/440] loss=0.0027 mask=0.1867 depth=0.0027
  Epoch 22 [360/440] loss=0.0027 mask=0.1873 depth=0.0027
  Epoch 22 [370/440] loss=0.0027 mask=0.1861 depth=0.0027
  Epoch 22 [380/440] loss=0.0026 mask=0.1866 depth=0.0026
  Epoch 22 [390/440] loss=0.0026 mask=0.1879 depth=0.0026
  Epoch 22 [400/440] loss=0.0026 mask=0.1885 depth=0.0026
  Epoch 22 [410/440] loss=0.0026 mask=0.1889 depth=0.0026
  Epoch 22 [420/440] loss=0.0026 mask=0.1878 depth=0.0026
  Epoch 22 [430/440] loss=0.0026 mask=0.1865 depth=0.0026
  Epoch 22 [440/440] loss=0.0026 mask=0.1875 depth=0.0026
  Train: loss=0.0026 mask=0.1875 depth=0.0026 time=302.0s
  Val epoch 22: loss=0.1363

=== Phase2 Epoch 23/49 ===
  Epoch 23 [10/440] loss=0.0022 mask=0.2964 depth=0.0022
  Epoch 23 [20/440] loss=0.0030 mask=0.2232 depth=0.0030
  Epoch 23 [30/440] loss=0.0030 mask=0.2171 depth=0.0030
  Epoch 23 [40/440] loss=0.0027 mask=0.2574 depth=0.0027
  Epoch 23 [50/440] loss=0.0035 mask=0.2616 depth=0.0035
  Epoch 23 [60/440] loss=0.0035 mask=0.2393 depth=0.0035
  Epoch 23 [70/440] loss=0.0034 mask=0.2330 depth=0.0034
  Epoch 23 [80/440] loss=0.0036 mask=0.2195 depth=0.0036
  Epoch 23 [90/440] loss=0.0036 mask=0.2095 depth=0.0036
  Epoch 23 [100/440] loss=0.0034 mask=0.2043 depth=0.0034
  Epoch 23 [110/440] loss=0.0034 mask=0.2033 depth=0.0034
  Epoch 23 [120/440] loss=0.0033 mask=0.2087 depth=0.0033
  Epoch 23 [130/440] loss=0.0032 mask=0.2043 depth=0.0032
  Epoch 23 [140/440] loss=0.0032 mask=0.2010 depth=0.0032
  Epoch 23 [150/440] loss=0.0032 mask=0.1972 depth=0.0032
  Epoch 23 [160/440] loss=0.0031 mask=0.2051 depth=0.0031
  Epoch 23 [170/440] loss=0.0031 mask=0.2034 depth=0.0031
  Epoch 23 [180/440] loss=0.0031 mask=0.2067 depth=0.0031
  Epoch 23 [190/440] loss=0.0030 mask=0.2124 depth=0.0030
  Epoch 23 [200/440] loss=0.0030 mask=0.2042 depth=0.0030
  Epoch 23 [210/440] loss=0.0030 mask=0.2039 depth=0.0030
  Epoch 23 [220/440] loss=0.0029 mask=0.2008 depth=0.0029
  Epoch 23 [230/440] loss=0.0029 mask=0.2001 depth=0.0029
  Epoch 23 [240/440] loss=0.0029 mask=0.1986 depth=0.0029
  Epoch 23 [250/440] loss=0.0030 mask=0.1971 depth=0.0030
  Epoch 23 [260/440] loss=0.0029 mask=0.1979 depth=0.0029
  Epoch 23 [270/440] loss=0.0029 mask=0.1985 depth=0.0029
  Epoch 23 [280/440] loss=0.0029 mask=0.1957 depth=0.0029
  Epoch 23 [290/440] loss=0.0029 mask=0.1950 depth=0.0029
  Epoch 23 [300/440] loss=0.0029 mask=0.1949 depth=0.0029
  Epoch 23 [310/440] loss=0.0029 mask=0.1935 depth=0.0029
  Epoch 23 [320/440] loss=0.0029 mask=0.1925 depth=0.0029
  Epoch 23 [330/440] loss=0.0029 mask=0.1894 depth=0.0029
  Epoch 23 [340/440] loss=0.0029 mask=0.1878 depth=0.0029
  Epoch 23 [350/440] loss=0.0029 mask=0.1875 depth=0.0029
  Epoch 23 [360/440] loss=0.0029 mask=0.1852 depth=0.0029
  Epoch 23 [370/440] loss=0.0028 mask=0.1838 depth=0.0028
  Epoch 23 [380/440] loss=0.0028 mask=0.1842 depth=0.0028
  Epoch 23 [390/440] loss=0.0028 mask=0.1844 depth=0.0028
  Epoch 23 [400/440] loss=0.0028 mask=0.1842 depth=0.0028
  Epoch 23 [410/440] loss=0.0028 mask=0.1829 depth=0.0028
  Epoch 23 [420/440] loss=0.0028 mask=0.1818 depth=0.0028
  Epoch 23 [430/440] loss=0.0028 mask=0.1822 depth=0.0028
  Epoch 23 [440/440] loss=0.0028 mask=0.1820 depth=0.0028
  Train: loss=0.0028 mask=0.1820 depth=0.0028 time=290.3s
  Val epoch 23: loss=0.1403

=== Phase2 Epoch 24/49 ===
  Epoch 24 [10/440] loss=0.0028 mask=0.1616 depth=0.0028
  Epoch 24 [20/440] loss=0.0034 mask=0.1768 depth=0.0034
  Epoch 24 [30/440] loss=0.0030 mask=0.1640 depth=0.0030
  Epoch 24 [40/440] loss=0.0026 mask=0.1807 depth=0.0026
  Epoch 24 [50/440] loss=0.0026 mask=0.1921 depth=0.0026
  Epoch 24 [60/440] loss=0.0026 mask=0.1871 depth=0.0026
  Epoch 24 [70/440] loss=0.0026 mask=0.1958 depth=0.0026
  Epoch 24 [80/440] loss=0.0026 mask=0.1814 depth=0.0026
  Epoch 24 [90/440] loss=0.0026 mask=0.1786 depth=0.0026
  Epoch 24 [100/440] loss=0.0026 mask=0.1766 depth=0.0026
  Epoch 24 [110/440] loss=0.0025 mask=0.1788 depth=0.0025
  Epoch 24 [120/440] loss=0.0024 mask=0.1739 depth=0.0024
  Epoch 24 [130/440] loss=0.0024 mask=0.1779 depth=0.0024
  Epoch 24 [140/440] loss=0.0024 mask=0.1781 depth=0.0024
  Epoch 24 [150/440] loss=0.0024 mask=0.1778 depth=0.0024
  Epoch 24 [160/440] loss=0.0024 mask=0.1779 depth=0.0024
  Epoch 24 [170/440] loss=0.0024 mask=0.1777 depth=0.0024
  Epoch 24 [180/440] loss=0.0024 mask=0.1776 depth=0.0024
  Epoch 24 [190/440] loss=0.0025 mask=0.1807 depth=0.0025
  Epoch 24 [200/440] loss=0.0024 mask=0.1793 depth=0.0024
  Epoch 24 [210/440] loss=0.0024 mask=0.1797 depth=0.0024
  Epoch 24 [220/440] loss=0.0023 mask=0.1800 depth=0.0023
  Epoch 24 [230/440] loss=0.0023 mask=0.1800 depth=0.0023
  Epoch 24 [240/440] loss=0.0023 mask=0.1791 depth=0.0023
  Epoch 24 [250/440] loss=0.0024 mask=0.1784 depth=0.0024
  Epoch 24 [260/440] loss=0.0023 mask=0.1798 depth=0.0023
  Epoch 24 [270/440] loss=0.0023 mask=0.1769 depth=0.0023
  Epoch 24 [280/440] loss=0.0023 mask=0.1765 depth=0.0023
  Epoch 24 [290/440] loss=0.0023 mask=0.1803 depth=0.0023
  Epoch 24 [300/440] loss=0.0023 mask=0.1792 depth=0.0023
  Epoch 24 [310/440] loss=0.0024 mask=0.1800 depth=0.0024
  Epoch 24 [320/440] loss=0.0024 mask=0.1783 depth=0.0024
  Epoch 24 [330/440] loss=0.0024 mask=0.1763 depth=0.0024
  Epoch 24 [340/440] loss=0.0024 mask=0.1794 depth=0.0024
  Epoch 24 [350/440] loss=0.0024 mask=0.1810 depth=0.0024
  Epoch 24 [360/440] loss=0.0024 mask=0.1843 depth=0.0024
  Epoch 24 [370/440] loss=0.0024 mask=0.1821 depth=0.0024
  Epoch 24 [380/440] loss=0.0024 mask=0.1809 depth=0.0024
  Epoch 24 [390/440] loss=0.0024 mask=0.1821 depth=0.0024
  Epoch 24 [400/440] loss=0.0024 mask=0.1821 depth=0.0024
  Epoch 24 [410/440] loss=0.0024 mask=0.1824 depth=0.0024
  Epoch 24 [420/440] loss=0.0024 mask=0.1802 depth=0.0024
  Epoch 24 [430/440] loss=0.0024 mask=0.1823 depth=0.0024
  Epoch 24 [440/440] loss=0.0023 mask=0.1815 depth=0.0023
  Train: loss=0.0023 mask=0.1815 depth=0.0023 time=304.8s
  Val epoch 24: loss=0.1513

=== Phase2 Epoch 25/49 ===
  Epoch 25 [10/440] loss=0.0032 mask=0.1128 depth=0.0032
  Epoch 25 [20/440] loss=0.0021 mask=0.1407 depth=0.0021
  Epoch 25 [30/440] loss=0.0021 mask=0.1563 depth=0.0021
  Epoch 25 [40/440] loss=0.0021 mask=0.1771 depth=0.0021
  Epoch 25 [50/440] loss=0.0020 mask=0.1749 depth=0.0020
  Epoch 25 [60/440] loss=0.0019 mask=0.1751 depth=0.0019
  Epoch 25 [70/440] loss=0.0019 mask=0.1680 depth=0.0019
  Epoch 25 [80/440] loss=0.0019 mask=0.1705 depth=0.0019
  Epoch 25 [90/440] loss=0.0019 mask=0.1792 depth=0.0019
  Epoch 25 [100/440] loss=0.0019 mask=0.1806 depth=0.0019
  Epoch 25 [110/440] loss=0.0019 mask=0.1803 depth=0.0019
  Epoch 25 [120/440] loss=0.0020 mask=0.1854 depth=0.0020
  Epoch 25 [130/440] loss=0.0020 mask=0.1808 depth=0.0020
  Epoch 25 [140/440] loss=0.0020 mask=0.1912 depth=0.0020
  Epoch 25 [150/440] loss=0.0020 mask=0.1897 depth=0.0020
  Epoch 25 [160/440] loss=0.0020 mask=0.1807 depth=0.0020
  Epoch 25 [170/440] loss=0.0020 mask=0.1855 depth=0.0020
  Epoch 25 [180/440] loss=0.0021 mask=0.1840 depth=0.0021
  Epoch 25 [190/440] loss=0.0021 mask=0.1878 depth=0.0021
  Epoch 25 [200/440] loss=0.0021 mask=0.1841 depth=0.0021
  Epoch 25 [210/440] loss=0.0021 mask=0.1859 depth=0.0021
  Epoch 25 [220/440] loss=0.0021 mask=0.1843 depth=0.0021
  Epoch 25 [230/440] loss=0.0021 mask=0.1843 depth=0.0021
  Epoch 25 [240/440] loss=0.0021 mask=0.1884 depth=0.0021
  Epoch 25 [250/440] loss=0.0021 mask=0.1884 depth=0.0021
  Epoch 25 [260/440] loss=0.0021 mask=0.1873 depth=0.0021
  Epoch 25 [270/440] loss=0.0021 mask=0.1845 depth=0.0021
  Epoch 25 [280/440] loss=0.0022 mask=0.1861 depth=0.0022
  Epoch 25 [290/440] loss=0.0022 mask=0.1838 depth=0.0022
  Epoch 25 [300/440] loss=0.0022 mask=0.1840 depth=0.0022
  Epoch 25 [310/440] loss=0.0022 mask=0.1822 depth=0.0022
  Epoch 25 [320/440] loss=0.0022 mask=0.1826 depth=0.0022
  Epoch 25 [330/440] loss=0.0022 mask=0.1842 depth=0.0022
  Epoch 25 [340/440] loss=0.0022 mask=0.1874 depth=0.0022
  Epoch 25 [350/440] loss=0.0022 mask=0.1877 depth=0.0022
  Epoch 25 [360/440] loss=0.0023 mask=0.1884 depth=0.0023
  Epoch 25 [370/440] loss=0.0023 mask=0.1876 depth=0.0023
  Epoch 25 [380/440] loss=0.0023 mask=0.1887 depth=0.0023
  Epoch 25 [390/440] loss=0.0023 mask=0.1862 depth=0.0023
  Epoch 25 [400/440] loss=0.0023 mask=0.1856 depth=0.0023
  Epoch 25 [410/440] loss=0.0023 mask=0.1854 depth=0.0023
  Epoch 25 [420/440] loss=0.0023 mask=0.1854 depth=0.0023
  Epoch 25 [430/440] loss=0.0023 mask=0.1871 depth=0.0023
  Epoch 25 [440/440] loss=0.0023 mask=0.1880 depth=0.0023
  Train: loss=0.0023 mask=0.1880 depth=0.0023 time=300.7s
  Val epoch 25: loss=0.1527

=== Phase2 Epoch 26/49 ===
  Epoch 26 [10/440] loss=0.0021 mask=0.1395 depth=0.0021
  Epoch 26 [20/440] loss=0.0020 mask=0.1636 depth=0.0020
  Epoch 26 [30/440] loss=0.0018 mask=0.1658 depth=0.0018
  Epoch 26 [40/440] loss=0.0019 mask=0.1579 depth=0.0019
  Epoch 26 [50/440] loss=0.0020 mask=0.1533 depth=0.0020
  Epoch 26 [60/440] loss=0.0019 mask=0.1568 depth=0.0019
  Epoch 26 [70/440] loss=0.0019 mask=0.1633 depth=0.0019
  Epoch 26 [80/440] loss=0.0019 mask=0.1766 depth=0.0019
  Epoch 26 [90/440] loss=0.0020 mask=0.1816 depth=0.0020
  Epoch 26 [100/440] loss=0.0020 mask=0.1775 depth=0.0020
  Epoch 26 [110/440] loss=0.0020 mask=0.1708 depth=0.0020
  Epoch 26 [120/440] loss=0.0020 mask=0.1796 depth=0.0020
  Epoch 26 [130/440] loss=0.0020 mask=0.1840 depth=0.0020
  Epoch 26 [140/440] loss=0.0020 mask=0.1824 depth=0.0020
  Epoch 26 [150/440] loss=0.0020 mask=0.1775 depth=0.0020
  Epoch 26 [160/440] loss=0.0020 mask=0.1764 depth=0.0020
  Epoch 26 [170/440] loss=0.0020 mask=0.1783 depth=0.0020
  Epoch 26 [180/440] loss=0.0020 mask=0.1749 depth=0.0020
  Epoch 26 [190/440] loss=0.0021 mask=0.1749 depth=0.0021
  Epoch 26 [200/440] loss=0.0021 mask=0.1784 depth=0.0021
  Epoch 26 [210/440] loss=0.0021 mask=0.1848 depth=0.0021
  Epoch 26 [220/440] loss=0.0021 mask=0.1835 depth=0.0021
  Epoch 26 [230/440] loss=0.0021 mask=0.1811 depth=0.0021
  Epoch 26 [240/440] loss=0.0021 mask=0.1857 depth=0.0021
  Epoch 26 [250/440] loss=0.0021 mask=0.1827 depth=0.0021
  Epoch 26 [260/440] loss=0.0021 mask=0.1828 depth=0.0021
  Epoch 26 [270/440] loss=0.0022 mask=0.1823 depth=0.0022
  Epoch 26 [280/440] loss=0.0021 mask=0.1851 depth=0.0021
  Epoch 26 [290/440] loss=0.0022 mask=0.1834 depth=0.0022
  Epoch 26 [300/440] loss=0.0022 mask=0.1833 depth=0.0022
  Epoch 26 [310/440] loss=0.0022 mask=0.1837 depth=0.0022
  Epoch 26 [320/440] loss=0.0022 mask=0.1827 depth=0.0022
  Epoch 26 [330/440] loss=0.0022 mask=0.1839 depth=0.0022
  Epoch 26 [340/440] loss=0.0022 mask=0.1825 depth=0.0022
  Epoch 26 [350/440] loss=0.0022 mask=0.1821 depth=0.0022
  Epoch 26 [360/440] loss=0.0022 mask=0.1823 depth=0.0022
  Epoch 26 [370/440] loss=0.0022 mask=0.1819 depth=0.0022
  Epoch 26 [380/440] loss=0.0022 mask=0.1830 depth=0.0022
  Epoch 26 [390/440] loss=0.0022 mask=0.1833 depth=0.0022
  Epoch 26 [400/440] loss=0.0022 mask=0.1845 depth=0.0022
  Epoch 26 [410/440] loss=0.0023 mask=0.1882 depth=0.0023
  Epoch 26 [420/440] loss=0.0023 mask=0.1884 depth=0.0023
  Epoch 26 [430/440] loss=0.0023 mask=0.1865 depth=0.0023
  Epoch 26 [440/440] loss=0.0023 mask=0.1870 depth=0.0023
  Train: loss=0.0023 mask=0.1870 depth=0.0023 time=301.5s
  Val epoch 26: loss=0.1444

=== Phase2 Epoch 27/49 ===
  Epoch 27 [10/440] loss=0.0022 mask=0.1333 depth=0.0022
  Epoch 27 [20/440] loss=0.0019 mask=0.1696 depth=0.0019
  Epoch 27 [30/440] loss=0.0019 mask=0.1881 depth=0.0019
  Epoch 27 [40/440] loss=0.0018 mask=0.1843 depth=0.0018
  Epoch 27 [50/440] loss=0.0018 mask=0.1940 depth=0.0018
  Epoch 27 [60/440] loss=0.0018 mask=0.1828 depth=0.0018
  Epoch 27 [70/440] loss=0.0018 mask=0.1751 depth=0.0018
  Epoch 27 [80/440] loss=0.0017 mask=0.1638 depth=0.0017
  Epoch 27 [90/440] loss=0.0017 mask=0.1638 depth=0.0017
  Epoch 27 [100/440] loss=0.0017 mask=0.1750 depth=0.0017
  Epoch 27 [110/440] loss=0.0017 mask=0.1699 depth=0.0017
  Epoch 27 [120/440] loss=0.0017 mask=0.1721 depth=0.0017
  Epoch 27 [130/440] loss=0.0018 mask=0.1804 depth=0.0018
  Epoch 27 [140/440] loss=0.0018 mask=0.1813 depth=0.0018
  Epoch 27 [150/440] loss=0.0019 mask=0.1777 depth=0.0019
  Epoch 27 [160/440] loss=0.0019 mask=0.1799 depth=0.0019
  Epoch 27 [170/440] loss=0.0019 mask=0.1748 depth=0.0019
  Epoch 27 [180/440] loss=0.0019 mask=0.1784 depth=0.0019
  Epoch 27 [190/440] loss=0.0019 mask=0.1802 depth=0.0019
  Epoch 27 [200/440] loss=0.0019 mask=0.1816 depth=0.0019
  Epoch 27 [210/440] loss=0.0019 mask=0.1782 depth=0.0019
  Epoch 27 [220/440] loss=0.0020 mask=0.1826 depth=0.0020
  Epoch 27 [230/440] loss=0.0020 mask=0.1819 depth=0.0020
  Epoch 27 [240/440] loss=0.0020 mask=0.1823 depth=0.0020
  Epoch 27 [250/440] loss=0.0020 mask=0.1840 depth=0.0020
  Epoch 27 [260/440] loss=0.0019 mask=0.1853 depth=0.0019
  Epoch 27 [270/440] loss=0.0020 mask=0.1844 depth=0.0020
  Epoch 27 [280/440] loss=0.0020 mask=0.1850 depth=0.0020
  Epoch 27 [290/440] loss=0.0020 mask=0.1871 depth=0.0020
  Epoch 27 [300/440] loss=0.0020 mask=0.1871 depth=0.0020
  Epoch 27 [310/440] loss=0.0020 mask=0.1874 depth=0.0020
  Epoch 27 [320/440] loss=0.0020 mask=0.1886 depth=0.0020
  Epoch 27 [330/440] loss=0.0020 mask=0.1892 depth=0.0020
  Epoch 27 [340/440] loss=0.0020 mask=0.1874 depth=0.0020
  Epoch 27 [350/440] loss=0.0019 mask=0.1872 depth=0.0019
  Epoch 27 [360/440] loss=0.0019 mask=0.1881 depth=0.0019
  Epoch 27 [370/440] loss=0.0019 mask=0.1857 depth=0.0019
  Epoch 27 [380/440] loss=0.0020 mask=0.1875 depth=0.0020
  Epoch 27 [390/440] loss=0.0020 mask=0.1875 depth=0.0020
  Epoch 27 [400/440] loss=0.0020 mask=0.1866 depth=0.0020
  Epoch 27 [410/440] loss=0.0020 mask=0.1857 depth=0.0020
  Epoch 27 [420/440] loss=0.0020 mask=0.1849 depth=0.0020
  Epoch 27 [430/440] loss=0.0020 mask=0.1837 depth=0.0020
  Epoch 27 [440/440] loss=0.0020 mask=0.1841 depth=0.0020
  Train: loss=0.0020 mask=0.1841 depth=0.0020 time=292.7s
  Val epoch 27: loss=0.1339

=== Phase2 Epoch 28/49 ===
  Epoch 28 [10/440] loss=0.0021 mask=0.1899 depth=0.0021
  Epoch 28 [20/440] loss=0.0017 mask=0.1649 depth=0.0017
  Epoch 28 [30/440] loss=0.0016 mask=0.1429 depth=0.0016
  Epoch 28 [40/440] loss=0.0019 mask=0.1383 depth=0.0019
  Epoch 28 [50/440] loss=0.0022 mask=0.1355 depth=0.0022
  Epoch 28 [60/440] loss=0.0023 mask=0.1395 depth=0.0023
  Epoch 28 [70/440] loss=0.0022 mask=0.1435 depth=0.0022
  Epoch 28 [80/440] loss=0.0020 mask=0.1362 depth=0.0020
  Epoch 28 [90/440] loss=0.0020 mask=0.1317 depth=0.0020
  Epoch 28 [100/440] loss=0.0020 mask=0.1360 depth=0.0020
  Epoch 28 [110/440] loss=0.0020 mask=0.1464 depth=0.0020
  Epoch 28 [120/440] loss=0.0021 mask=0.1521 depth=0.0021
  Epoch 28 [130/440] loss=0.0020 mask=0.1548 depth=0.0020
  Epoch 28 [140/440] loss=0.0020 mask=0.1541 depth=0.0020
  Epoch 28 [150/440] loss=0.0020 mask=0.1609 depth=0.0020
  Epoch 28 [160/440] loss=0.0020 mask=0.1544 depth=0.0020
  Epoch 28 [170/440] loss=0.0020 mask=0.1571 depth=0.0020
  Epoch 28 [180/440] loss=0.0020 mask=0.1555 depth=0.0020
  Epoch 28 [190/440] loss=0.0020 mask=0.1543 depth=0.0020
  Epoch 28 [200/440] loss=0.0020 mask=0.1616 depth=0.0020
  Epoch 28 [210/440] loss=0.0020 mask=0.1629 depth=0.0020
  Epoch 28 [220/440] loss=0.0020 mask=0.1620 depth=0.0020
  Epoch 28 [230/440] loss=0.0020 mask=0.1684 depth=0.0020
  Epoch 28 [240/440] loss=0.0020 mask=0.1718 depth=0.0020
  Epoch 28 [250/440] loss=0.0020 mask=0.1742 depth=0.0020
  Epoch 28 [260/440] loss=0.0020 mask=0.1754 depth=0.0020
  Epoch 28 [270/440] loss=0.0020 mask=0.1777 depth=0.0020
  Epoch 28 [280/440] loss=0.0020 mask=0.1794 depth=0.0020
  Epoch 28 [290/440] loss=0.0020 mask=0.1784 depth=0.0020
  Epoch 28 [300/440] loss=0.0020 mask=0.1802 depth=0.0020
  Epoch 28 [310/440] loss=0.0020 mask=0.1803 depth=0.0020
  Epoch 28 [320/440] loss=0.0020 mask=0.1800 depth=0.0020
  Epoch 28 [330/440] loss=0.0019 mask=0.1784 depth=0.0019
  Epoch 28 [340/440] loss=0.0019 mask=0.1789 depth=0.0019
  Epoch 28 [350/440] loss=0.0020 mask=0.1796 depth=0.0020
  Epoch 28 [360/440] loss=0.0020 mask=0.1778 depth=0.0020
  Epoch 28 [370/440] loss=0.0020 mask=0.1800 depth=0.0020
  Epoch 28 [380/440] loss=0.0020 mask=0.1800 depth=0.0020
  Epoch 28 [390/440] loss=0.0020 mask=0.1803 depth=0.0020
  Epoch 28 [400/440] loss=0.0020 mask=0.1817 depth=0.0020
  Epoch 28 [410/440] loss=0.0020 mask=0.1824 depth=0.0020
  Epoch 28 [420/440] loss=0.0020 mask=0.1824 depth=0.0020
  Epoch 28 [430/440] loss=0.0020 mask=0.1840 depth=0.0020
  Epoch 28 [440/440] loss=0.0020 mask=0.1855 depth=0.0020
  Train: loss=0.0020 mask=0.1855 depth=0.0020 time=307.8s
  Val epoch 28: loss=0.1463

=== Phase2 Epoch 29/49 ===
  Epoch 29 [10/440] loss=0.0016 mask=0.1998 depth=0.0016
  Epoch 29 [20/440] loss=0.0017 mask=0.2422 depth=0.0017
  Epoch 29 [30/440] loss=0.0017 mask=0.2095 depth=0.0017
  Epoch 29 [40/440] loss=0.0017 mask=0.2106 depth=0.0017
  Epoch 29 [50/440] loss=0.0017 mask=0.1935 depth=0.0017
  Epoch 29 [60/440] loss=0.0018 mask=0.2000 depth=0.0018
  Epoch 29 [70/440] loss=0.0018 mask=0.1942 depth=0.0018
  Epoch 29 [80/440] loss=0.0018 mask=0.1818 depth=0.0018
  Epoch 29 [90/440] loss=0.0018 mask=0.1788 depth=0.0018
  Epoch 29 [100/440] loss=0.0018 mask=0.1807 depth=0.0018
  Epoch 29 [110/440] loss=0.0019 mask=0.1810 depth=0.0019
  Epoch 29 [120/440] loss=0.0019 mask=0.1838 depth=0.0019
  Epoch 29 [130/440] loss=0.0019 mask=0.1839 depth=0.0019
  Epoch 29 [140/440] loss=0.0019 mask=0.1876 depth=0.0019
  Epoch 29 [150/440] loss=0.0019 mask=0.1908 depth=0.0019
  Epoch 29 [160/440] loss=0.0019 mask=0.1856 depth=0.0019
  Epoch 29 [170/440] loss=0.0019 mask=0.1830 depth=0.0019
  Epoch 29 [180/440] loss=0.0019 mask=0.1807 depth=0.0019
  Epoch 29 [190/440] loss=0.0019 mask=0.1804 depth=0.0019
  Epoch 29 [200/440] loss=0.0019 mask=0.1839 depth=0.0019
  Epoch 29 [210/440] loss=0.0019 mask=0.1828 depth=0.0019
  Epoch 29 [220/440] loss=0.0019 mask=0.1789 depth=0.0019
  Epoch 29 [230/440] loss=0.0019 mask=0.1798 depth=0.0019
  Epoch 29 [240/440] loss=0.0019 mask=0.1775 depth=0.0019
  Epoch 29 [250/440] loss=0.0019 mask=0.1772 depth=0.0019
  Epoch 29 [260/440] loss=0.0019 mask=0.1805 depth=0.0019
  Epoch 29 [270/440] loss=0.0019 mask=0.1786 depth=0.0019
  Epoch 29 [280/440] loss=0.0019 mask=0.1805 depth=0.0019
  Epoch 29 [290/440] loss=0.0019 mask=0.1819 depth=0.0019
  Epoch 29 [300/440] loss=0.0019 mask=0.1819 depth=0.0019
  Epoch 29 [310/440] loss=0.0019 mask=0.1816 depth=0.0019
  Epoch 29 [320/440] loss=0.0019 mask=0.1796 depth=0.0019
  Epoch 29 [330/440] loss=0.0019 mask=0.1794 depth=0.0019
  Epoch 29 [340/440] loss=0.0019 mask=0.1792 depth=0.0019
  Epoch 29 [350/440] loss=0.0019 mask=0.1766 depth=0.0019
  Epoch 29 [360/440] loss=0.0019 mask=0.1773 depth=0.0019
  Epoch 29 [370/440] loss=0.0019 mask=0.1769 depth=0.0019
  Epoch 29 [380/440] loss=0.0018 mask=0.1778 depth=0.0018
  Epoch 29 [390/440] loss=0.0019 mask=0.1804 depth=0.0019
  Epoch 29 [400/440] loss=0.0019 mask=0.1812 depth=0.0019
  Epoch 29 [410/440] loss=0.0019 mask=0.1794 depth=0.0019
  Epoch 29 [420/440] loss=0.0019 mask=0.1788 depth=0.0019
  Epoch 29 [430/440] loss=0.0019 mask=0.1800 depth=0.0019
  Epoch 29 [440/440] loss=0.0019 mask=0.1809 depth=0.0019
  Train: loss=0.0019 mask=0.1809 depth=0.0019 time=293.5s
  Val epoch 29: loss=0.1377

=== Phase2 Epoch 30/49 ===
  Epoch 30 [10/440] loss=0.0020 mask=0.1946 depth=0.0020
  Epoch 30 [20/440] loss=0.0019 mask=0.2260 depth=0.0019
  Epoch 30 [30/440] loss=0.0016 mask=0.2057 depth=0.0016
  Epoch 30 [40/440] loss=0.0016 mask=0.1974 depth=0.0016
  Epoch 30 [50/440] loss=0.0015 mask=0.1993 depth=0.0015
  Epoch 30 [60/440] loss=0.0015 mask=0.2031 depth=0.0015
  Epoch 30 [70/440] loss=0.0015 mask=0.2090 depth=0.0015
  Epoch 30 [80/440] loss=0.0015 mask=0.1989 depth=0.0015
  Epoch 30 [90/440] loss=0.0015 mask=0.2020 depth=0.0015
  Epoch 30 [100/440] loss=0.0015 mask=0.1895 depth=0.0015
  Epoch 30 [110/440] loss=0.0016 mask=0.1906 depth=0.0016
  Epoch 30 [120/440] loss=0.0016 mask=0.1862 depth=0.0016
  Epoch 30 [130/440] loss=0.0016 mask=0.1770 depth=0.0016
  Epoch 30 [140/440] loss=0.0016 mask=0.1840 depth=0.0016
  Epoch 30 [150/440] loss=0.0016 mask=0.1823 depth=0.0016
  Epoch 30 [160/440] loss=0.0016 mask=0.1869 depth=0.0016
  Epoch 30 [170/440] loss=0.0017 mask=0.1948 depth=0.0017
  Epoch 30 [180/440] loss=0.0017 mask=0.1927 depth=0.0017
  Epoch 30 [190/440] loss=0.0017 mask=0.1992 depth=0.0017
  Epoch 30 [200/440] loss=0.0017 mask=0.1954 depth=0.0017
  Epoch 30 [210/440] loss=0.0017 mask=0.1921 depth=0.0017
  Epoch 30 [220/440] loss=0.0017 mask=0.1911 depth=0.0017
  Epoch 30 [230/440] loss=0.0017 mask=0.1901 depth=0.0017
  Epoch 30 [240/440] loss=0.0017 mask=0.1885 depth=0.0017
  Epoch 30 [250/440] loss=0.0017 mask=0.1855 depth=0.0017
  Epoch 30 [260/440] loss=0.0017 mask=0.1859 depth=0.0017
  Epoch 30 [270/440] loss=0.0017 mask=0.1853 depth=0.0017
  Epoch 30 [280/440] loss=0.0016 mask=0.1827 depth=0.0016
  Epoch 30 [290/440] loss=0.0016 mask=0.1814 depth=0.0016
  Epoch 30 [300/440] loss=0.0016 mask=0.1812 depth=0.0016
  Epoch 30 [310/440] loss=0.0016 mask=0.1814 depth=0.0016
  Epoch 30 [320/440] loss=0.0016 mask=0.1817 depth=0.0016
  Epoch 30 [330/440] loss=0.0016 mask=0.1850 depth=0.0016
  Epoch 30 [340/440] loss=0.0016 mask=0.1855 depth=0.0016
  Epoch 30 [350/440] loss=0.0017 mask=0.1851 depth=0.0017
  Epoch 30 [360/440] loss=0.0016 mask=0.1870 depth=0.0016
  Epoch 30 [370/440] loss=0.0016 mask=0.1899 depth=0.0016
  Epoch 30 [380/440] loss=0.0016 mask=0.1887 depth=0.0016
  Epoch 30 [390/440] loss=0.0016 mask=0.1884 depth=0.0016
  Epoch 30 [400/440] loss=0.0016 mask=0.1870 depth=0.0016
  Epoch 30 [410/440] loss=0.0016 mask=0.1857 depth=0.0016
  Epoch 30 [420/440] loss=0.0016 mask=0.1860 depth=0.0016
  Epoch 30 [430/440] loss=0.0016 mask=0.1887 depth=0.0016
  Epoch 30 [440/440] loss=0.0016 mask=0.1866 depth=0.0016
  Train: loss=0.0016 mask=0.1866 depth=0.0016 time=304.3s
  Val epoch 30: loss=0.1371

=== Phase2 Epoch 31/49 ===
  Epoch 31 [10/440] loss=0.0013 mask=0.1530 depth=0.0013
  Epoch 31 [20/440] loss=0.0012 mask=0.1593 depth=0.0012
  Epoch 31 [30/440] loss=0.0013 mask=0.1762 depth=0.0013
  Epoch 31 [40/440] loss=0.0013 mask=0.1788 depth=0.0013
  Epoch 31 [50/440] loss=0.0013 mask=0.1858 depth=0.0013
  Epoch 31 [60/440] loss=0.0013 mask=0.1804 depth=0.0013
  Epoch 31 [70/440] loss=0.0013 mask=0.1974 depth=0.0013
  Epoch 31 [80/440] loss=0.0014 mask=0.2085 depth=0.0014
  Epoch 31 [90/440] loss=0.0014 mask=0.2054 depth=0.0014
  Epoch 31 [100/440] loss=0.0013 mask=0.2124 depth=0.0013
  Epoch 31 [110/440] loss=0.0013 mask=0.2149 depth=0.0013
  Epoch 31 [120/440] loss=0.0013 mask=0.2147 depth=0.0013
  Epoch 31 [130/440] loss=0.0013 mask=0.2125 depth=0.0013
  Epoch 31 [140/440] loss=0.0013 mask=0.2041 depth=0.0013
  Epoch 31 [150/440] loss=0.0013 mask=0.1995 depth=0.0013
  Epoch 31 [160/440] loss=0.0013 mask=0.1953 depth=0.0013
  Epoch 31 [170/440] loss=0.0013 mask=0.1957 depth=0.0013
  Epoch 31 [180/440] loss=0.0013 mask=0.1939 depth=0.0013
  Epoch 31 [190/440] loss=0.0013 mask=0.1981 depth=0.0013
  Epoch 31 [200/440] loss=0.0013 mask=0.1932 depth=0.0013
  Epoch 31 [210/440] loss=0.0014 mask=0.1931 depth=0.0014
  Epoch 31 [220/440] loss=0.0014 mask=0.1953 depth=0.0014
  Epoch 31 [230/440] loss=0.0014 mask=0.1946 depth=0.0014
  Epoch 31 [240/440] loss=0.0014 mask=0.1957 depth=0.0014
  Epoch 31 [250/440] loss=0.0014 mask=0.1932 depth=0.0014
  Epoch 31 [260/440] loss=0.0014 mask=0.1993 depth=0.0014
  Epoch 31 [270/440] loss=0.0014 mask=0.1995 depth=0.0014
  Epoch 31 [280/440] loss=0.0014 mask=0.1966 depth=0.0014
  Epoch 31 [290/440] loss=0.0014 mask=0.1967 depth=0.0014
  Epoch 31 [300/440] loss=0.0014 mask=0.1935 depth=0.0014
  Epoch 31 [310/440] loss=0.0014 mask=0.1929 depth=0.0014
  Epoch 31 [320/440] loss=0.0014 mask=0.1928 depth=0.0014
  Epoch 31 [330/440] loss=0.0014 mask=0.1931 depth=0.0014
  Epoch 31 [340/440] loss=0.0014 mask=0.1911 depth=0.0014
  Epoch 31 [350/440] loss=0.0014 mask=0.1886 depth=0.0014
  Epoch 31 [360/440] loss=0.0014 mask=0.1874 depth=0.0014
  Epoch 31 [370/440] loss=0.0014 mask=0.1878 depth=0.0014
  Epoch 31 [380/440] loss=0.0014 mask=0.1862 depth=0.0014
  Epoch 31 [390/440] loss=0.0014 mask=0.1863 depth=0.0014
  Epoch 31 [400/440] loss=0.0014 mask=0.1884 depth=0.0014
  Epoch 31 [410/440] loss=0.0014 mask=0.1869 depth=0.0014
  Epoch 31 [420/440] loss=0.0014 mask=0.1876 depth=0.0014
  Epoch 31 [430/440] loss=0.0014 mask=0.1876 depth=0.0014
  Epoch 31 [440/440] loss=0.0014 mask=0.1848 depth=0.0014
  Train: loss=0.0014 mask=0.1848 depth=0.0014 time=302.1s
  Val epoch 31: loss=0.1430

=== Phase2 Epoch 32/49 ===
  Epoch 32 [10/440] loss=0.0008 mask=0.1875 depth=0.0008
  Epoch 32 [20/440] loss=0.0009 mask=0.2044 depth=0.0009
  Epoch 32 [30/440] loss=0.0011 mask=0.2057 depth=0.0011
  Epoch 32 [40/440] loss=0.0011 mask=0.2300 depth=0.0011
  Epoch 32 [50/440] loss=0.0012 mask=0.2165 depth=0.0012
  Epoch 32 [60/440] loss=0.0012 mask=0.2319 depth=0.0012
  Epoch 32 [70/440] loss=0.0012 mask=0.2245 depth=0.0012
  Epoch 32 [80/440] loss=0.0012 mask=0.2144 depth=0.0012
  Epoch 32 [90/440] loss=0.0012 mask=0.2054 depth=0.0012
  Epoch 32 [100/440] loss=0.0012 mask=0.2027 depth=0.0012
  Epoch 32 [110/440] loss=0.0011 mask=0.1988 depth=0.0011
  Epoch 32 [120/440] loss=0.0011 mask=0.1977 depth=0.0011
  Epoch 32 [130/440] loss=0.0011 mask=0.1998 depth=0.0011
  Epoch 32 [140/440] loss=0.0011 mask=0.1937 depth=0.0011
  Epoch 32 [150/440] loss=0.0011 mask=0.1926 depth=0.0011
  Epoch 32 [160/440] loss=0.0012 mask=0.1876 depth=0.0012
  Epoch 32 [170/440] loss=0.0012 mask=0.1837 depth=0.0012
  Epoch 32 [180/440] loss=0.0012 mask=0.1866 depth=0.0012
  Epoch 32 [190/440] loss=0.0012 mask=0.1886 depth=0.0012
  Epoch 32 [200/440] loss=0.0012 mask=0.1867 depth=0.0012
  Epoch 32 [210/440] loss=0.0012 mask=0.1856 depth=0.0012
  Epoch 32 [220/440] loss=0.0012 mask=0.1826 depth=0.0012
  Epoch 32 [230/440] loss=0.0012 mask=0.1801 depth=0.0012
  Epoch 32 [240/440] loss=0.0012 mask=0.1759 depth=0.0012
  Epoch 32 [250/440] loss=0.0012 mask=0.1747 depth=0.0012
  Epoch 32 [260/440] loss=0.0013 mask=0.1781 depth=0.0013
  Epoch 32 [270/440] loss=0.0013 mask=0.1827 depth=0.0013
  Epoch 32 [280/440] loss=0.0013 mask=0.1844 depth=0.0013
  Epoch 32 [290/440] loss=0.0013 mask=0.1841 depth=0.0013
  Epoch 32 [300/440] loss=0.0013 mask=0.1864 depth=0.0013
  Epoch 32 [310/440] loss=0.0013 mask=0.1857 depth=0.0013
  Epoch 32 [320/440] loss=0.0013 mask=0.1903 depth=0.0013
  Epoch 32 [330/440] loss=0.0013 mask=0.1871 depth=0.0013
  Epoch 32 [340/440] loss=0.0013 mask=0.1865 depth=0.0013
  Epoch 32 [350/440] loss=0.0013 mask=0.1863 depth=0.0013
  Epoch 32 [360/440] loss=0.0013 mask=0.1841 depth=0.0013
  Epoch 32 [370/440] loss=0.0013 mask=0.1840 depth=0.0013
  Epoch 32 [380/440] loss=0.0013 mask=0.1839 depth=0.0013
  Epoch 32 [390/440] loss=0.0013 mask=0.1858 depth=0.0013
  Epoch 32 [400/440] loss=0.0013 mask=0.1857 depth=0.0013
  Epoch 32 [410/440] loss=0.0013 mask=0.1860 depth=0.0013
  Epoch 32 [420/440] loss=0.0013 mask=0.1866 depth=0.0013
  Epoch 32 [430/440] loss=0.0013 mask=0.1890 depth=0.0013
  Epoch 32 [440/440] loss=0.0013 mask=0.1872 depth=0.0013
  Train: loss=0.0013 mask=0.1872 depth=0.0013 time=297.3s
  Val epoch 32: loss=0.1446

=== Phase2 Epoch 33/49 ===
  Epoch 33 [10/440] loss=0.0015 mask=0.1952 depth=0.0015
  Epoch 33 [20/440] loss=0.0014 mask=0.1314 depth=0.0014
  Epoch 33 [30/440] loss=0.0014 mask=0.1450 depth=0.0014
  Epoch 33 [40/440] loss=0.0013 mask=0.1428 depth=0.0013
  Epoch 33 [50/440] loss=0.0013 mask=0.1494 depth=0.0013
  Epoch 33 [60/440] loss=0.0013 mask=0.1521 depth=0.0013
  Epoch 33 [70/440] loss=0.0013 mask=0.1529 depth=0.0013
  Epoch 33 [80/440] loss=0.0013 mask=0.1551 depth=0.0013
  Epoch 33 [90/440] loss=0.0013 mask=0.1632 depth=0.0013
  Epoch 33 [100/440] loss=0.0013 mask=0.1601 depth=0.0013
  Epoch 33 [110/440] loss=0.0013 mask=0.1637 depth=0.0013
  Epoch 33 [120/440] loss=0.0013 mask=0.1758 depth=0.0013
  Epoch 33 [130/440] loss=0.0013 mask=0.1724 depth=0.0013
  Epoch 33 [140/440] loss=0.0013 mask=0.1702 depth=0.0013
  Epoch 33 [150/440] loss=0.0013 mask=0.1702 depth=0.0013
  Epoch 33 [160/440] loss=0.0013 mask=0.1663 depth=0.0013
  Epoch 33 [170/440] loss=0.0013 mask=0.1682 depth=0.0013
  Epoch 33 [180/440] loss=0.0013 mask=0.1711 depth=0.0013
  Epoch 33 [190/440] loss=0.0013 mask=0.1785 depth=0.0013
  Epoch 33 [200/440] loss=0.0013 mask=0.1784 depth=0.0013
  Epoch 33 [210/440] loss=0.0013 mask=0.1827 depth=0.0013
  Epoch 33 [220/440] loss=0.0013 mask=0.1842 depth=0.0013
  Epoch 33 [230/440] loss=0.0013 mask=0.1814 depth=0.0013
  Epoch 33 [240/440] loss=0.0013 mask=0.1784 depth=0.0013
  Epoch 33 [250/440] loss=0.0013 mask=0.1788 depth=0.0013
  Epoch 33 [260/440] loss=0.0013 mask=0.1812 depth=0.0013
  Epoch 33 [270/440] loss=0.0013 mask=0.1828 depth=0.0013
  Epoch 33 [280/440] loss=0.0013 mask=0.1832 depth=0.0013
  Epoch 33 [290/440] loss=0.0013 mask=0.1861 depth=0.0013
  Epoch 33 [300/440] loss=0.0013 mask=0.1891 depth=0.0013
  Epoch 33 [310/440] loss=0.0013 mask=0.1881 depth=0.0013
  Epoch 33 [320/440] loss=0.0013 mask=0.1867 depth=0.0013
  Epoch 33 [330/440] loss=0.0013 mask=0.1858 depth=0.0013
  Epoch 33 [340/440] loss=0.0013 mask=0.1838 depth=0.0013
  Epoch 33 [350/440] loss=0.0013 mask=0.1838 depth=0.0013
  Epoch 33 [360/440] loss=0.0013 mask=0.1825 depth=0.0013
  Epoch 33 [370/440] loss=0.0013 mask=0.1837 depth=0.0013
  Epoch 33 [380/440] loss=0.0013 mask=0.1808 depth=0.0013
  Epoch 33 [390/440] loss=0.0013 mask=0.1794 depth=0.0013
  Epoch 33 [400/440] loss=0.0013 mask=0.1797 depth=0.0013
  Epoch 33 [410/440] loss=0.0013 mask=0.1774 depth=0.0013
  Epoch 33 [420/440] loss=0.0013 mask=0.1804 depth=0.0013
  Epoch 33 [430/440] loss=0.0013 mask=0.1809 depth=0.0013
  Epoch 33 [440/440] loss=0.0013 mask=0.1816 depth=0.0013
  Train: loss=0.0013 mask=0.1816 depth=0.0013 time=295.6s
  Val epoch 33: loss=0.1421

=== Phase2 Epoch 34/49 ===
  Epoch 34 [10/440] loss=0.0010 mask=0.1907 depth=0.0010
  Epoch 34 [20/440] loss=0.0011 mask=0.1579 depth=0.0011
  Epoch 34 [30/440] loss=0.0011 mask=0.1797 depth=0.0011
  Epoch 34 [40/440] loss=0.0011 mask=0.2073 depth=0.0011
  Epoch 34 [50/440] loss=0.0011 mask=0.2029 depth=0.0011
  Epoch 34 [60/440] loss=0.0011 mask=0.1966 depth=0.0011
  Epoch 34 [70/440] loss=0.0011 mask=0.1834 depth=0.0011
  Epoch 34 [80/440] loss=0.0011 mask=0.1866 depth=0.0011
  Epoch 34 [90/440] loss=0.0012 mask=0.1931 depth=0.0012
  Epoch 34 [100/440] loss=0.0012 mask=0.1968 depth=0.0012
  Epoch 34 [110/440] loss=0.0012 mask=0.1964 depth=0.0012
  Epoch 34 [120/440] loss=0.0012 mask=0.1960 depth=0.0012
  Epoch 34 [130/440] loss=0.0011 mask=0.1942 depth=0.0011
  Epoch 34 [140/440] loss=0.0011 mask=0.1959 depth=0.0011
  Epoch 34 [150/440] loss=0.0011 mask=0.1938 depth=0.0011
  Epoch 34 [160/440] loss=0.0011 mask=0.1943 depth=0.0011
  Epoch 34 [170/440] loss=0.0011 mask=0.1918 depth=0.0011
  Epoch 34 [180/440] loss=0.0011 mask=0.1937 depth=0.0011
  Epoch 34 [190/440] loss=0.0011 mask=0.2001 depth=0.0011
  Epoch 34 [200/440] loss=0.0011 mask=0.1981 depth=0.0011
  Epoch 34 [210/440] loss=0.0012 mask=0.1971 depth=0.0012
  Epoch 34 [220/440] loss=0.0012 mask=0.1941 depth=0.0012
  Epoch 34 [230/440] loss=0.0012 mask=0.1927 depth=0.0012
  Epoch 34 [240/440] loss=0.0011 mask=0.1915 depth=0.0011
  Epoch 34 [250/440] loss=0.0012 mask=0.1940 depth=0.0012
  Epoch 34 [260/440] loss=0.0012 mask=0.1927 depth=0.0012
  Epoch 34 [270/440] loss=0.0012 mask=0.1932 depth=0.0012
  Epoch 34 [280/440] loss=0.0012 mask=0.1913 depth=0.0012
  Epoch 34 [290/440] loss=0.0012 mask=0.1926 depth=0.0012
  Epoch 34 [300/440] loss=0.0012 mask=0.1907 depth=0.0012
  Epoch 34 [310/440] loss=0.0012 mask=0.1908 depth=0.0012
  Epoch 34 [320/440] loss=0.0012 mask=0.1897 depth=0.0012
  Epoch 34 [330/440] loss=0.0012 mask=0.1894 depth=0.0012
  Epoch 34 [340/440] loss=0.0012 mask=0.1882 depth=0.0012
  Epoch 34 [350/440] loss=0.0012 mask=0.1904 depth=0.0012
  Epoch 34 [360/440] loss=0.0012 mask=0.1924 depth=0.0012
  Epoch 34 [370/440] loss=0.0012 mask=0.1920 depth=0.0012
  Epoch 34 [380/440] loss=0.0012 mask=0.1930 depth=0.0012
  Epoch 34 [390/440] loss=0.0012 mask=0.1930 depth=0.0012
  Epoch 34 [400/440] loss=0.0012 mask=0.1912 depth=0.0012
  Epoch 34 [410/440] loss=0.0012 mask=0.1895 depth=0.0012
  Epoch 34 [420/440] loss=0.0012 mask=0.1878 depth=0.0012
  Epoch 34 [430/440] loss=0.0012 mask=0.1883 depth=0.0012
  Epoch 34 [440/440] loss=0.0012 mask=0.1876 depth=0.0012
  Train: loss=0.0012 mask=0.1876 depth=0.0012 time=302.7s
  Val epoch 34: loss=0.1439

=== Phase2 Epoch 35/49 ===
  Epoch 35 [10/440] loss=0.0011 mask=0.2279 depth=0.0011
  Epoch 35 [20/440] loss=0.0010 mask=0.1740 depth=0.0010
  Epoch 35 [30/440] loss=0.0012 mask=0.1501 depth=0.0012
  Epoch 35 [40/440] loss=0.0012 mask=0.1525 depth=0.0012
  Epoch 35 [50/440] loss=0.0013 mask=0.1452 depth=0.0013
  Epoch 35 [60/440] loss=0.0013 mask=0.1549 depth=0.0013
  Epoch 35 [70/440] loss=0.0013 mask=0.1489 depth=0.0013
  Epoch 35 [80/440] loss=0.0013 mask=0.1592 depth=0.0013
  Epoch 35 [90/440] loss=0.0012 mask=0.1645 depth=0.0012
  Epoch 35 [100/440] loss=0.0013 mask=0.1602 depth=0.0013
  Epoch 35 [110/440] loss=0.0013 mask=0.1715 depth=0.0013
  Epoch 35 [120/440] loss=0.0013 mask=0.1750 depth=0.0013
  Epoch 35 [130/440] loss=0.0012 mask=0.1712 depth=0.0012
  Epoch 35 [140/440] loss=0.0012 mask=0.1712 depth=0.0012
  Epoch 35 [150/440] loss=0.0012 mask=0.1657 depth=0.0012
  Epoch 35 [160/440] loss=0.0012 mask=0.1644 depth=0.0012
  Epoch 35 [170/440] loss=0.0012 mask=0.1610 depth=0.0012
  Epoch 35 [180/440] loss=0.0011 mask=0.1672 depth=0.0011
  Epoch 35 [190/440] loss=0.0011 mask=0.1677 depth=0.0011
  Epoch 35 [200/440] loss=0.0011 mask=0.1639 depth=0.0011
  Epoch 35 [210/440] loss=0.0011 mask=0.1618 depth=0.0011
  Epoch 35 [220/440] loss=0.0011 mask=0.1662 depth=0.0011
  Epoch 35 [230/440] loss=0.0012 mask=0.1684 depth=0.0012
  Epoch 35 [240/440] loss=0.0012 mask=0.1664 depth=0.0012
  Epoch 35 [250/440] loss=0.0011 mask=0.1672 depth=0.0011
  Epoch 35 [260/440] loss=0.0011 mask=0.1664 depth=0.0011
  Epoch 35 [270/440] loss=0.0011 mask=0.1651 depth=0.0011
  Epoch 35 [280/440] loss=0.0011 mask=0.1689 depth=0.0011
  Epoch 35 [290/440] loss=0.0011 mask=0.1682 depth=0.0011
  Epoch 35 [300/440] loss=0.0011 mask=0.1692 depth=0.0011
  Epoch 35 [310/440] loss=0.0011 mask=0.1708 depth=0.0011
  Epoch 35 [320/440] loss=0.0011 mask=0.1711 depth=0.0011
  Epoch 35 [330/440] loss=0.0011 mask=0.1720 depth=0.0011
  Epoch 35 [340/440] loss=0.0011 mask=0.1758 depth=0.0011
  Epoch 35 [350/440] loss=0.0011 mask=0.1776 depth=0.0011
  Epoch 35 [360/440] loss=0.0011 mask=0.1779 depth=0.0011
  Epoch 35 [370/440] loss=0.0011 mask=0.1785 depth=0.0011
  Epoch 35 [380/440] loss=0.0011 mask=0.1811 depth=0.0011
  Epoch 35 [390/440] loss=0.0011 mask=0.1800 depth=0.0011
  Epoch 35 [400/440] loss=0.0011 mask=0.1807 depth=0.0011
  Epoch 35 [410/440] loss=0.0011 mask=0.1789 depth=0.0011
  Epoch 35 [420/440] loss=0.0012 mask=0.1831 depth=0.0012
  Epoch 35 [430/440] loss=0.0012 mask=0.1852 depth=0.0012
  Epoch 35 [440/440] loss=0.0012 mask=0.1865 depth=0.0012
  Train: loss=0.0012 mask=0.1865 depth=0.0012 time=306.2s
  Val epoch 35: loss=0.1317

=== Phase2 Epoch 36/49 ===
  Epoch 36 [10/440] loss=0.0011 mask=0.2288 depth=0.0011
  Epoch 36 [20/440] loss=0.0011 mask=0.2500 depth=0.0011
  Epoch 36 [30/440] loss=0.0012 mask=0.2136 depth=0.0012
  Epoch 36 [40/440] loss=0.0010 mask=0.2100 depth=0.0010
  Epoch 36 [50/440] loss=0.0012 mask=0.1968 depth=0.0012
  Epoch 36 [60/440] loss=0.0012 mask=0.1975 depth=0.0012
  Epoch 36 [70/440] loss=0.0013 mask=0.2113 depth=0.0013
  Epoch 36 [80/440] loss=0.0013 mask=0.2138 depth=0.0013
  Epoch 36 [90/440] loss=0.0013 mask=0.2102 depth=0.0013
  Epoch 36 [100/440] loss=0.0013 mask=0.2034 depth=0.0013
  Epoch 36 [110/440] loss=0.0013 mask=0.1969 depth=0.0013
  Epoch 36 [120/440] loss=0.0013 mask=0.1926 depth=0.0013
  Epoch 36 [130/440] loss=0.0013 mask=0.1967 depth=0.0013
  Epoch 36 [140/440] loss=0.0013 mask=0.1950 depth=0.0013
  Epoch 36 [150/440] loss=0.0013 mask=0.1910 depth=0.0013
  Epoch 36 [160/440] loss=0.0013 mask=0.1869 depth=0.0013
  Epoch 36 [170/440] loss=0.0013 mask=0.1832 depth=0.0013
  Epoch 36 [180/440] loss=0.0013 mask=0.1835 depth=0.0013
  Epoch 36 [190/440] loss=0.0013 mask=0.1853 depth=0.0013
  Epoch 36 [200/440] loss=0.0013 mask=0.1833 depth=0.0013
  Epoch 36 [210/440] loss=0.0013 mask=0.1807 depth=0.0013
  Epoch 36 [220/440] loss=0.0013 mask=0.1790 depth=0.0013
  Epoch 36 [230/440] loss=0.0013 mask=0.1754 depth=0.0013
  Epoch 36 [240/440] loss=0.0013 mask=0.1748 depth=0.0013
  Epoch 36 [250/440] loss=0.0013 mask=0.1756 depth=0.0013
  Epoch 36 [260/440] loss=0.0013 mask=0.1752 depth=0.0013
  Epoch 36 [270/440] loss=0.0013 mask=0.1753 depth=0.0013
  Epoch 36 [280/440] loss=0.0013 mask=0.1761 depth=0.0013
  Epoch 36 [290/440] loss=0.0013 mask=0.1789 depth=0.0013
  Epoch 36 [300/440] loss=0.0013 mask=0.1815 depth=0.0013
  Epoch 36 [310/440] loss=0.0013 mask=0.1825 depth=0.0013
  Epoch 36 [320/440] loss=0.0013 mask=0.1814 depth=0.0013
  Epoch 36 [330/440] loss=0.0013 mask=0.1833 depth=0.0013
  Epoch 36 [340/440] loss=0.0013 mask=0.1846 depth=0.0013
  Epoch 36 [350/440] loss=0.0013 mask=0.1838 depth=0.0013
  Epoch 36 [360/440] loss=0.0013 mask=0.1831 depth=0.0013
  Epoch 36 [370/440] loss=0.0013 mask=0.1826 depth=0.0013
  Epoch 36 [380/440] loss=0.0013 mask=0.1829 depth=0.0013
  Epoch 36 [390/440] loss=0.0013 mask=0.1823 depth=0.0013
  Epoch 36 [400/440] loss=0.0012 mask=0.1862 depth=0.0012
  Epoch 36 [410/440] loss=0.0012 mask=0.1850 depth=0.0012
  Epoch 36 [420/440] loss=0.0012 mask=0.1862 depth=0.0012
  Epoch 36 [430/440] loss=0.0013 mask=0.1855 depth=0.0013
  Epoch 36 [440/440] loss=0.0012 mask=0.1841 depth=0.0012
  Train: loss=0.0012 mask=0.1841 depth=0.0012 time=306.1s
  Val epoch 36: loss=0.1353

=== Phase2 Epoch 37/49 ===
  Epoch 37 [10/440] loss=0.0011 mask=0.1135 depth=0.0011
  Epoch 37 [20/440] loss=0.0011 mask=0.1636 depth=0.0011
  Epoch 37 [30/440] loss=0.0010 mask=0.1753 depth=0.0010
  Epoch 37 [40/440] loss=0.0011 mask=0.1653 depth=0.0011
  Epoch 37 [50/440] loss=0.0010 mask=0.1683 depth=0.0010
  Epoch 37 [60/440] loss=0.0011 mask=0.1608 depth=0.0011
  Epoch 37 [70/440] loss=0.0012 mask=0.1661 depth=0.0012
  Epoch 37 [80/440] loss=0.0012 mask=0.1806 depth=0.0012
  Epoch 37 [90/440] loss=0.0012 mask=0.1692 depth=0.0012
  Epoch 37 [100/440] loss=0.0012 mask=0.1718 depth=0.0012
  Epoch 37 [110/440] loss=0.0012 mask=0.1784 depth=0.0012
  Epoch 37 [120/440] loss=0.0012 mask=0.1751 depth=0.0012
  Epoch 37 [130/440] loss=0.0012 mask=0.1813 depth=0.0012
  Epoch 37 [140/440] loss=0.0011 mask=0.1794 depth=0.0011
  Epoch 37 [150/440] loss=0.0012 mask=0.1854 depth=0.0012
  Epoch 37 [160/440] loss=0.0012 mask=0.1851 depth=0.0012
  Epoch 37 [170/440] loss=0.0012 mask=0.1846 depth=0.0012
  Epoch 37 [180/440] loss=0.0012 mask=0.1889 depth=0.0012
  Epoch 37 [190/440] loss=0.0012 mask=0.1878 depth=0.0012
  Epoch 37 [200/440] loss=0.0012 mask=0.1870 depth=0.0012
  Epoch 37 [210/440] loss=0.0011 mask=0.1865 depth=0.0011
  Epoch 37 [220/440] loss=0.0011 mask=0.1859 depth=0.0011
  Epoch 37 [230/440] loss=0.0012 mask=0.1848 depth=0.0012
  Epoch 37 [240/440] loss=0.0012 mask=0.1824 depth=0.0012
  Epoch 37 [250/440] loss=0.0012 mask=0.1850 depth=0.0012
  Epoch 37 [260/440] loss=0.0012 mask=0.1898 depth=0.0012
  Epoch 37 [270/440] loss=0.0012 mask=0.1900 depth=0.0012
  Epoch 37 [280/440] loss=0.0012 mask=0.1891 depth=0.0012
  Epoch 37 [290/440] loss=0.0012 mask=0.1884 depth=0.0012
  Epoch 37 [300/440] loss=0.0012 mask=0.1878 depth=0.0012
  Epoch 37 [310/440] loss=0.0012 mask=0.1887 depth=0.0012
  Epoch 37 [320/440] loss=0.0011 mask=0.1857 depth=0.0011
  Epoch 37 [330/440] loss=0.0011 mask=0.1848 depth=0.0011
  Epoch 37 [340/440] loss=0.0011 mask=0.1855 depth=0.0011
  Epoch 37 [350/440] loss=0.0011 mask=0.1835 depth=0.0011
  Epoch 37 [360/440] loss=0.0011 mask=0.1827 depth=0.0011
  Epoch 37 [370/440] loss=0.0011 mask=0.1823 depth=0.0011
  Epoch 37 [380/440] loss=0.0012 mask=0.1835 depth=0.0012
  Epoch 37 [390/440] loss=0.0012 mask=0.1816 depth=0.0012
  Epoch 37 [400/440] loss=0.0012 mask=0.1814 depth=0.0012
  Epoch 37 [410/440] loss=0.0012 mask=0.1823 depth=0.0012
  Epoch 37 [420/440] loss=0.0012 mask=0.1813 depth=0.0012
  Epoch 37 [430/440] loss=0.0012 mask=0.1812 depth=0.0012
  Epoch 37 [440/440] loss=0.0012 mask=0.1821 depth=0.0012
  Train: loss=0.0012 mask=0.1821 depth=0.0012 time=307.0s
  Val epoch 37: loss=0.1395

=== Phase2 Epoch 38/49 ===
  Epoch 38 [10/440] loss=0.0009 mask=0.1793 depth=0.0009
  Epoch 38 [20/440] loss=0.0009 mask=0.1687 depth=0.0009
  Epoch 38 [30/440] loss=0.0010 mask=0.1811 depth=0.0010
  Epoch 38 [40/440] loss=0.0010 mask=0.2055 depth=0.0010
  Epoch 38 [50/440] loss=0.0010 mask=0.1921 depth=0.0010
  Epoch 38 [60/440] loss=0.0010 mask=0.1840 depth=0.0010
  Epoch 38 [70/440] loss=0.0010 mask=0.1793 depth=0.0010
  Epoch 38 [80/440] loss=0.0010 mask=0.1775 depth=0.0010
  Epoch 38 [90/440] loss=0.0010 mask=0.1726 depth=0.0010
  Epoch 38 [100/440] loss=0.0010 mask=0.1772 depth=0.0010
  Epoch 38 [110/440] loss=0.0010 mask=0.1768 depth=0.0010
  Epoch 38 [120/440] loss=0.0010 mask=0.1823 depth=0.0010
  Epoch 38 [130/440] loss=0.0010 mask=0.1902 depth=0.0010
  Epoch 38 [140/440] loss=0.0010 mask=0.1975 depth=0.0010
  Epoch 38 [150/440] loss=0.0010 mask=0.1935 depth=0.0010
  Epoch 38 [160/440] loss=0.0010 mask=0.1957 depth=0.0010
  Epoch 38 [170/440] loss=0.0010 mask=0.1927 depth=0.0010
  Epoch 38 [180/440] loss=0.0010 mask=0.1893 depth=0.0010
  Epoch 38 [190/440] loss=0.0010 mask=0.1884 depth=0.0010
  Epoch 38 [200/440] loss=0.0010 mask=0.1893 depth=0.0010
  Epoch 38 [210/440] loss=0.0010 mask=0.1866 depth=0.0010
  Epoch 38 [220/440] loss=0.0010 mask=0.1853 depth=0.0010
  Epoch 38 [230/440] loss=0.0010 mask=0.1885 depth=0.0010
  Epoch 38 [240/440] loss=0.0010 mask=0.1930 depth=0.0010
  Epoch 38 [250/440] loss=0.0010 mask=0.1943 depth=0.0010
  Epoch 38 [260/440] loss=0.0010 mask=0.1925 depth=0.0010
  Epoch 38 [270/440] loss=0.0010 mask=0.1902 depth=0.0010
  Epoch 38 [280/440] loss=0.0010 mask=0.1903 depth=0.0010
  Epoch 38 [290/440] loss=0.0010 mask=0.1923 depth=0.0010
  Epoch 38 [300/440] loss=0.0010 mask=0.1908 depth=0.0010
  Epoch 38 [310/440] loss=0.0010 mask=0.1903 depth=0.0010
  Epoch 38 [320/440] loss=0.0009 mask=0.1868 depth=0.0009
  Epoch 38 [330/440] loss=0.0009 mask=0.1887 depth=0.0009
  Epoch 38 [340/440] loss=0.0010 mask=0.1887 depth=0.0010
  Epoch 38 [350/440] loss=0.0010 mask=0.1863 depth=0.0010
  Epoch 38 [360/440] loss=0.0010 mask=0.1860 depth=0.0010
  Epoch 38 [370/440] loss=0.0010 mask=0.1853 depth=0.0010
  Epoch 38 [380/440] loss=0.0010 mask=0.1845 depth=0.0010
  Epoch 38 [390/440] loss=0.0010 mask=0.1859 depth=0.0010
  Epoch 38 [400/440] loss=0.0010 mask=0.1848 depth=0.0010
  Epoch 38 [410/440] loss=0.0010 mask=0.1867 depth=0.0010
  Epoch 38 [420/440] loss=0.0010 mask=0.1871 depth=0.0010
  Epoch 38 [430/440] loss=0.0010 mask=0.1875 depth=0.0010
  Epoch 38 [440/440] loss=0.0011 mask=0.1867 depth=0.0011
  Train: loss=0.0011 mask=0.1867 depth=0.0011 time=294.7s
  Val epoch 38: loss=0.1308
  Saved best phase2 model (val_loss=0.1308)

=== Phase2 Epoch 39/49 ===
  Epoch 39 [10/440] loss=0.0010 mask=0.1714 depth=0.0010
  Epoch 39 [20/440] loss=0.0009 mask=0.1245 depth=0.0009
  Epoch 39 [30/440] loss=0.0009 mask=0.1306 depth=0.0009
  Epoch 39 [40/440] loss=0.0009 mask=0.1386 depth=0.0009
  Epoch 39 [50/440] loss=0.0009 mask=0.1369 depth=0.0009
  Epoch 39 [60/440] loss=0.0009 mask=0.1396 depth=0.0009
  Epoch 39 [70/440] loss=0.0010 mask=0.1583 depth=0.0010
  Epoch 39 [80/440] loss=0.0010 mask=0.1665 depth=0.0010
  Epoch 39 [90/440] loss=0.0009 mask=0.1781 depth=0.0009
  Epoch 39 [100/440] loss=0.0009 mask=0.1714 depth=0.0009
  Epoch 39 [110/440] loss=0.0009 mask=0.1711 depth=0.0009
  Epoch 39 [120/440] loss=0.0009 mask=0.1753 depth=0.0009
  Epoch 39 [130/440] loss=0.0009 mask=0.1740 depth=0.0009
  Epoch 39 [140/440] loss=0.0010 mask=0.1746 depth=0.0010
  Epoch 39 [150/440] loss=0.0010 mask=0.1747 depth=0.0010
  Epoch 39 [160/440] loss=0.0010 mask=0.1811 depth=0.0010
  Epoch 39 [170/440] loss=0.0010 mask=0.1873 depth=0.0010
  Epoch 39 [180/440] loss=0.0010 mask=0.1847 depth=0.0010
  Epoch 39 [190/440] loss=0.0010 mask=0.1816 depth=0.0010
  Epoch 39 [200/440] loss=0.0010 mask=0.1852 depth=0.0010
  Epoch 39 [210/440] loss=0.0010 mask=0.1850 depth=0.0010
  Epoch 39 [220/440] loss=0.0010 mask=0.1851 depth=0.0010
  Epoch 39 [230/440] loss=0.0010 mask=0.1801 depth=0.0010
  Epoch 39 [240/440] loss=0.0010 mask=0.1828 depth=0.0010
  Epoch 39 [250/440] loss=0.0011 mask=0.1801 depth=0.0011
  Epoch 39 [260/440] loss=0.0011 mask=0.1848 depth=0.0011
  Epoch 39 [270/440] loss=0.0010 mask=0.1854 depth=0.0010
  Epoch 39 [280/440] loss=0.0010 mask=0.1867 depth=0.0010
  Epoch 39 [290/440] loss=0.0010 mask=0.1848 depth=0.0010
  Epoch 39 [300/440] loss=0.0010 mask=0.1872 depth=0.0010
  Epoch 39 [310/440] loss=0.0010 mask=0.1859 depth=0.0010
  Epoch 39 [320/440] loss=0.0010 mask=0.1877 depth=0.0010
  Epoch 39 [330/440] loss=0.0010 mask=0.1906 depth=0.0010
  Epoch 39 [340/440] loss=0.0010 mask=0.1891 depth=0.0010
  Epoch 39 [350/440] loss=0.0010 mask=0.1898 depth=0.0010
  Epoch 39 [360/440] loss=0.0010 mask=0.1907 depth=0.0010
  Epoch 39 [370/440] loss=0.0010 mask=0.1913 depth=0.0010
  Epoch 39 [380/440] loss=0.0010 mask=0.1893 depth=0.0010
  Epoch 39 [390/440] loss=0.0010 mask=0.1874 depth=0.0010
  Epoch 39 [400/440] loss=0.0010 mask=0.1875 depth=0.0010
  Epoch 39 [410/440] loss=0.0010 mask=0.1858 depth=0.0010
  Epoch 39 [420/440] loss=0.0010 mask=0.1856 depth=0.0010
  Epoch 39 [430/440] loss=0.0010 mask=0.1856 depth=0.0010
  Epoch 39 [440/440] loss=0.0011 mask=0.1861 depth=0.0011
  Train: loss=0.0011 mask=0.1861 depth=0.0011 time=301.0s
  Val epoch 39: loss=0.1293
  Saved best phase2 model (val_loss=0.1293)

=== Phase2 Epoch 40/49 ===
  Epoch 40 [10/440] loss=0.0010 mask=0.1472 depth=0.0010
  Epoch 40 [20/440] loss=0.0008 mask=0.1561 depth=0.0008
  Epoch 40 [30/440] loss=0.0008 mask=0.1506 depth=0.0008
  Epoch 40 [40/440] loss=0.0008 mask=0.1837 depth=0.0008
  Epoch 40 [50/440] loss=0.0009 mask=0.1891 depth=0.0009
  Epoch 40 [60/440] loss=0.0009 mask=0.1851 depth=0.0009
  Epoch 40 [70/440] loss=0.0008 mask=0.1913 depth=0.0008
  Epoch 40 [80/440] loss=0.0008 mask=0.2058 depth=0.0008
  Epoch 40 [90/440] loss=0.0009 mask=0.2054 depth=0.0009
  Epoch 40 [100/440] loss=0.0009 mask=0.1932 depth=0.0009
  Epoch 40 [110/440] loss=0.0009 mask=0.2049 depth=0.0009
  Epoch 40 [120/440] loss=0.0009 mask=0.2018 depth=0.0009
  Epoch 40 [130/440] loss=0.0009 mask=0.2085 depth=0.0009
  Epoch 40 [140/440] loss=0.0009 mask=0.2079 depth=0.0009
  Epoch 40 [150/440] loss=0.0009 mask=0.2042 depth=0.0009
  Epoch 40 [160/440] loss=0.0009 mask=0.2018 depth=0.0009
  Epoch 40 [170/440] loss=0.0009 mask=0.2058 depth=0.0009
  Epoch 40 [180/440] loss=0.0009 mask=0.2035 depth=0.0009
  Epoch 40 [190/440] loss=0.0009 mask=0.2003 depth=0.0009
  Epoch 40 [200/440] loss=0.0009 mask=0.2001 depth=0.0009
  Epoch 40 [210/440] loss=0.0009 mask=0.1965 depth=0.0009
  Epoch 40 [220/440] loss=0.0009 mask=0.1957 depth=0.0009
  Epoch 40 [230/440] loss=0.0009 mask=0.1976 depth=0.0009
  Epoch 40 [240/440] loss=0.0009 mask=0.1947 depth=0.0009
  Epoch 40 [250/440] loss=0.0009 mask=0.1912 depth=0.0009
  Epoch 40 [260/440] loss=0.0009 mask=0.1901 depth=0.0009
  Epoch 40 [270/440] loss=0.0009 mask=0.1896 depth=0.0009
  Epoch 40 [280/440] loss=0.0009 mask=0.1908 depth=0.0009
  Epoch 40 [290/440] loss=0.0009 mask=0.1914 depth=0.0009
  Epoch 40 [300/440] loss=0.0009 mask=0.1889 depth=0.0009
  Epoch 40 [310/440] loss=0.0009 mask=0.1895 depth=0.0009
  Epoch 40 [320/440] loss=0.0009 mask=0.1911 depth=0.0009
  Epoch 40 [330/440] loss=0.0009 mask=0.1898 depth=0.0009
  Epoch 40 [340/440] loss=0.0009 mask=0.1899 depth=0.0009
  Epoch 40 [350/440] loss=0.0009 mask=0.1910 depth=0.0009
  Epoch 40 [360/440] loss=0.0009 mask=0.1930 depth=0.0009
  Epoch 40 [370/440] loss=0.0009 mask=0.1908 depth=0.0009
  Epoch 40 [380/440] loss=0.0009 mask=0.1893 depth=0.0009
  Epoch 40 [390/440] loss=0.0009 mask=0.1879 depth=0.0009
  Epoch 40 [400/440] loss=0.0009 mask=0.1873 depth=0.0009
  Epoch 40 [410/440] loss=0.0009 mask=0.1877 depth=0.0009
  Epoch 40 [420/440] loss=0.0009 mask=0.1869 depth=0.0009
  Epoch 40 [430/440] loss=0.0009 mask=0.1864 depth=0.0009
  Epoch 40 [440/440] loss=0.0009 mask=0.1852 depth=0.0009
  Train: loss=0.0009 mask=0.1852 depth=0.0009 time=305.0s
  Val epoch 40: loss=0.1316

=== Phase2 Epoch 41/49 ===
  Epoch 41 [10/440] loss=0.0011 mask=0.1638 depth=0.0011
  Epoch 41 [20/440] loss=0.0011 mask=0.2003 depth=0.0011
  Epoch 41 [30/440] loss=0.0009 mask=0.2071 depth=0.0009
  Epoch 41 [40/440] loss=0.0008 mask=0.1885 depth=0.0008
  Epoch 41 [50/440] loss=0.0009 mask=0.1887 depth=0.0009
  Epoch 41 [60/440] loss=0.0008 mask=0.1837 depth=0.0008
  Epoch 41 [70/440] loss=0.0008 mask=0.1821 depth=0.0008
  Epoch 41 [80/440] loss=0.0008 mask=0.1781 depth=0.0008
  Epoch 41 [90/440] loss=0.0008 mask=0.1765 depth=0.0008
  Epoch 41 [100/440] loss=0.0008 mask=0.1791 depth=0.0008
  Epoch 41 [110/440] loss=0.0009 mask=0.1727 depth=0.0009
  Epoch 41 [120/440] loss=0.0009 mask=0.1720 depth=0.0009
  Epoch 41 [130/440] loss=0.0009 mask=0.1679 depth=0.0009
  Epoch 41 [140/440] loss=0.0009 mask=0.1689 depth=0.0009
  Epoch 41 [150/440] loss=0.0009 mask=0.1705 depth=0.0009
  Epoch 41 [160/440] loss=0.0009 mask=0.1652 depth=0.0009
  Epoch 41 [170/440] loss=0.0009 mask=0.1667 depth=0.0009
  Epoch 41 [180/440] loss=0.0009 mask=0.1712 depth=0.0009
  Epoch 41 [190/440] loss=0.0009 mask=0.1677 depth=0.0009
  Epoch 41 [200/440] loss=0.0009 mask=0.1651 depth=0.0009
  Epoch 41 [210/440] loss=0.0009 mask=0.1655 depth=0.0009
  Epoch 41 [220/440] loss=0.0009 mask=0.1652 depth=0.0009
  Epoch 41 [230/440] loss=0.0009 mask=0.1658 depth=0.0009
  Epoch 41 [240/440] loss=0.0009 mask=0.1645 depth=0.0009
  Epoch 41 [250/440] loss=0.0009 mask=0.1615 depth=0.0009
  Epoch 41 [260/440] loss=0.0009 mask=0.1658 depth=0.0009
  Epoch 41 [270/440] loss=0.0009 mask=0.1652 depth=0.0009
  Epoch 41 [280/440] loss=0.0009 mask=0.1642 depth=0.0009
  Epoch 41 [290/440] loss=0.0009 mask=0.1683 depth=0.0009
  Epoch 41 [300/440] loss=0.0009 mask=0.1732 depth=0.0009
  Epoch 41 [310/440] loss=0.0009 mask=0.1731 depth=0.0009
  Epoch 41 [320/440] loss=0.0009 mask=0.1747 depth=0.0009
  Epoch 41 [330/440] loss=0.0009 mask=0.1748 depth=0.0009
  Epoch 41 [340/440] loss=0.0009 mask=0.1754 depth=0.0009
  Epoch 41 [350/440] loss=0.0009 mask=0.1758 depth=0.0009
  Epoch 41 [360/440] loss=0.0009 mask=0.1757 depth=0.0009
  Epoch 41 [370/440] loss=0.0009 mask=0.1776 depth=0.0009
  Epoch 41 [380/440] loss=0.0009 mask=0.1799 depth=0.0009
  Epoch 41 [390/440] loss=0.0009 mask=0.1815 depth=0.0009
  Epoch 41 [400/440] loss=0.0009 mask=0.1815 depth=0.0009
  Epoch 41 [410/440] loss=0.0009 mask=0.1836 depth=0.0009
  Epoch 41 [420/440] loss=0.0009 mask=0.1815 depth=0.0009
  Epoch 41 [430/440] loss=0.0009 mask=0.1854 depth=0.0009
  Epoch 41 [440/440] loss=0.0009 mask=0.1863 depth=0.0009
  Train: loss=0.0009 mask=0.1863 depth=0.0009 time=299.2s
  Val epoch 41: loss=0.1353

=== Phase2 Epoch 42/49 ===
  Epoch 42 [10/440] loss=0.0008 mask=0.0780 depth=0.0008
  Epoch 42 [20/440] loss=0.0009 mask=0.1000 depth=0.0009
  Epoch 42 [30/440] loss=0.0009 mask=0.1299 depth=0.0009
  Epoch 42 [40/440] loss=0.0009 mask=0.1629 depth=0.0009
  Epoch 42 [50/440] loss=0.0009 mask=0.1651 depth=0.0009
  Epoch 42 [60/440] loss=0.0009 mask=0.1600 depth=0.0009
  Epoch 42 [70/440] loss=0.0009 mask=0.1628 depth=0.0009
  Epoch 42 [80/440] loss=0.0009 mask=0.1796 depth=0.0009
  Epoch 42 [90/440] loss=0.0009 mask=0.1953 depth=0.0009
  Epoch 42 [100/440] loss=0.0009 mask=0.2016 depth=0.0009
  Epoch 42 [110/440] loss=0.0009 mask=0.1938 depth=0.0009
  Epoch 42 [120/440] loss=0.0009 mask=0.1972 depth=0.0009
  Epoch 42 [130/440] loss=0.0010 mask=0.2009 depth=0.0010
  Epoch 42 [140/440] loss=0.0010 mask=0.2029 depth=0.0010
  Epoch 42 [150/440] loss=0.0010 mask=0.2047 depth=0.0010
  Epoch 42 [160/440] loss=0.0010 mask=0.2008 depth=0.0010
  Epoch 42 [170/440] loss=0.0010 mask=0.1988 depth=0.0010
  Epoch 42 [180/440] loss=0.0010 mask=0.1968 depth=0.0010
  Epoch 42 [190/440] loss=0.0010 mask=0.1992 depth=0.0010
  Epoch 42 [200/440] loss=0.0010 mask=0.1963 depth=0.0010
  Epoch 42 [210/440] loss=0.0010 mask=0.1916 depth=0.0010
  Epoch 42 [220/440] loss=0.0010 mask=0.1922 depth=0.0010
  Epoch 42 [230/440] loss=0.0010 mask=0.1921 depth=0.0010
  Epoch 42 [240/440] loss=0.0010 mask=0.1913 depth=0.0010
  Epoch 42 [250/440] loss=0.0010 mask=0.1918 depth=0.0010
  Epoch 42 [260/440] loss=0.0010 mask=0.1886 depth=0.0010
  Epoch 42 [270/440] loss=0.0009 mask=0.1883 depth=0.0009
  Epoch 42 [280/440] loss=0.0009 mask=0.1901 depth=0.0009
  Epoch 42 [290/440] loss=0.0009 mask=0.1923 depth=0.0009
  Epoch 42 [300/440] loss=0.0009 mask=0.1885 depth=0.0009
  Epoch 42 [310/440] loss=0.0009 mask=0.1885 depth=0.0009
  Epoch 42 [320/440] loss=0.0009 mask=0.1883 depth=0.0009
  Epoch 42 [330/440] loss=0.0009 mask=0.1878 depth=0.0009
  Epoch 42 [340/440] loss=0.0009 mask=0.1845 depth=0.0009
  Epoch 42 [350/440] loss=0.0009 mask=0.1824 depth=0.0009
  Epoch 42 [360/440] loss=0.0009 mask=0.1804 depth=0.0009
  Epoch 42 [370/440] loss=0.0009 mask=0.1835 depth=0.0009
  Epoch 42 [380/440] loss=0.0009 mask=0.1832 depth=0.0009
  Epoch 42 [390/440] loss=0.0009 mask=0.1829 depth=0.0009
  Epoch 42 [400/440] loss=0.0009 mask=0.1849 depth=0.0009
  Epoch 42 [410/440] loss=0.0009 mask=0.1839 depth=0.0009
  Epoch 42 [420/440] loss=0.0009 mask=0.1864 depth=0.0009
  Epoch 42 [430/440] loss=0.0009 mask=0.1850 depth=0.0009
  Epoch 42 [440/440] loss=0.0009 mask=0.1852 depth=0.0009
  Train: loss=0.0009 mask=0.1852 depth=0.0009 time=303.2s
  Val epoch 42: loss=0.1321

=== Phase2 Epoch 43/49 ===
  Epoch 43 [10/440] loss=0.0011 mask=0.2882 depth=0.0011
  Epoch 43 [20/440] loss=0.0010 mask=0.2943 depth=0.0010
  Epoch 43 [30/440] loss=0.0010 mask=0.2400 depth=0.0010
  Epoch 43 [40/440] loss=0.0009 mask=0.2182 depth=0.0009
  Epoch 43 [50/440] loss=0.0009 mask=0.2144 depth=0.0009
  Epoch 43 [60/440] loss=0.0009 mask=0.2349 depth=0.0009
  Epoch 43 [70/440] loss=0.0009 mask=0.2325 depth=0.0009
  Epoch 43 [80/440] loss=0.0009 mask=0.2288 depth=0.0009
  Epoch 43 [90/440] loss=0.0008 mask=0.2216 depth=0.0008
  Epoch 43 [100/440] loss=0.0009 mask=0.2219 depth=0.0009
  Epoch 43 [110/440] loss=0.0008 mask=0.2194 depth=0.0008
  Epoch 43 [120/440] loss=0.0008 mask=0.2129 depth=0.0008
  Epoch 43 [130/440] loss=0.0008 mask=0.2048 depth=0.0008
  Epoch 43 [140/440] loss=0.0008 mask=0.2061 depth=0.0008
  Epoch 43 [150/440] loss=0.0008 mask=0.2117 depth=0.0008
  Epoch 43 [160/440] loss=0.0008 mask=0.2155 depth=0.0008
  Epoch 43 [170/440] loss=0.0008 mask=0.2153 depth=0.0008
  Epoch 43 [180/440] loss=0.0008 mask=0.2147 depth=0.0008
  Epoch 43 [190/440] loss=0.0008 mask=0.2145 depth=0.0008
  Epoch 43 [200/440] loss=0.0008 mask=0.2112 depth=0.0008
  Epoch 43 [210/440] loss=0.0008 mask=0.2075 depth=0.0008
  Epoch 43 [220/440] loss=0.0008 mask=0.2017 depth=0.0008
  Epoch 43 [230/440] loss=0.0008 mask=0.2029 depth=0.0008
  Epoch 43 [240/440] loss=0.0008 mask=0.2016 depth=0.0008
  Epoch 43 [250/440] loss=0.0008 mask=0.2005 depth=0.0008
  Epoch 43 [260/440] loss=0.0009 mask=0.1996 depth=0.0009
  Epoch 43 [270/440] loss=0.0009 mask=0.2000 depth=0.0009
  Epoch 43 [280/440] loss=0.0009 mask=0.2006 depth=0.0009
  Epoch 43 [290/440] loss=0.0008 mask=0.2027 depth=0.0008
  Epoch 43 [300/440] loss=0.0008 mask=0.2010 depth=0.0008
  Epoch 43 [310/440] loss=0.0008 mask=0.1980 depth=0.0008
  Epoch 43 [320/440] loss=0.0008 mask=0.1979 depth=0.0008
  Epoch 43 [330/440] loss=0.0008 mask=0.1972 depth=0.0008
  Epoch 43 [340/440] loss=0.0008 mask=0.1941 depth=0.0008
  Epoch 43 [350/440] loss=0.0008 mask=0.1930 depth=0.0008
  Epoch 43 [360/440] loss=0.0008 mask=0.1935 depth=0.0008
  Epoch 43 [370/440] loss=0.0009 mask=0.1931 depth=0.0009
  Epoch 43 [380/440] loss=0.0008 mask=0.1905 depth=0.0008
  Epoch 43 [390/440] loss=0.0009 mask=0.1926 depth=0.0009
  Epoch 43 [400/440] loss=0.0009 mask=0.1903 depth=0.0009
  Epoch 43 [410/440] loss=0.0008 mask=0.1883 depth=0.0008
  Epoch 43 [420/440] loss=0.0009 mask=0.1872 depth=0.0009
  Epoch 43 [430/440] loss=0.0009 mask=0.1858 depth=0.0009
  Epoch 43 [440/440] loss=0.0009 mask=0.1869 depth=0.0009
  Train: loss=0.0009 mask=0.1869 depth=0.0009 time=277.9s
  Val epoch 43: loss=0.1324

=== Phase2 Epoch 44/49 ===
  Epoch 44 [10/440] loss=0.0007 mask=0.1786 depth=0.0007
  Epoch 44 [20/440] loss=0.0008 mask=0.1889 depth=0.0008
  Epoch 44 [30/440] loss=0.0008 mask=0.1710 depth=0.0008
  Epoch 44 [40/440] loss=0.0008 mask=0.1878 depth=0.0008
  Epoch 44 [50/440] loss=0.0009 mask=0.1767 depth=0.0009
  Epoch 44 [60/440] loss=0.0009 mask=0.1914 depth=0.0009
  Epoch 44 [70/440] loss=0.0010 mask=0.1896 depth=0.0010
  Epoch 44 [80/440] loss=0.0010 mask=0.1860 depth=0.0010
  Epoch 44 [90/440] loss=0.0010 mask=0.1884 depth=0.0010
  Epoch 44 [100/440] loss=0.0009 mask=0.1831 depth=0.0009
  Epoch 44 [110/440] loss=0.0009 mask=0.1811 depth=0.0009
  Epoch 44 [120/440] loss=0.0009 mask=0.1828 depth=0.0009
  Epoch 44 [130/440] loss=0.0009 mask=0.1845 depth=0.0009
  Epoch 44 [140/440] loss=0.0009 mask=0.1798 depth=0.0009
  Epoch 44 [150/440] loss=0.0008 mask=0.1806 depth=0.0008
  Epoch 44 [160/440] loss=0.0009 mask=0.1793 depth=0.0009
  Epoch 44 [170/440] loss=0.0009 mask=0.1763 depth=0.0009
  Epoch 44 [180/440] loss=0.0009 mask=0.1851 depth=0.0009
  Epoch 44 [190/440] loss=0.0009 mask=0.1873 depth=0.0009
  Epoch 44 [200/440] loss=0.0009 mask=0.1935 depth=0.0009
  Epoch 44 [210/440] loss=0.0009 mask=0.1919 depth=0.0009
  Epoch 44 [220/440] loss=0.0009 mask=0.1914 depth=0.0009
  Epoch 44 [230/440] loss=0.0009 mask=0.1925 depth=0.0009
  Epoch 44 [240/440] loss=0.0009 mask=0.1912 depth=0.0009
  Epoch 44 [250/440] loss=0.0009 mask=0.1891 depth=0.0009
  Epoch 44 [260/440] loss=0.0009 mask=0.1936 depth=0.0009
  Epoch 44 [270/440] loss=0.0009 mask=0.1908 depth=0.0009
  Epoch 44 [280/440] loss=0.0009 mask=0.1906 depth=0.0009
  Epoch 44 [290/440] loss=0.0009 mask=0.1910 depth=0.0009
  Epoch 44 [300/440] loss=0.0009 mask=0.1915 depth=0.0009
  Epoch 44 [310/440] loss=0.0009 mask=0.1891 depth=0.0009
  Epoch 44 [320/440] loss=0.0009 mask=0.1894 depth=0.0009
  Epoch 44 [330/440] loss=0.0009 mask=0.1898 depth=0.0009
  Epoch 44 [340/440] loss=0.0009 mask=0.1889 depth=0.0009
  Epoch 44 [350/440] loss=0.0009 mask=0.1865 depth=0.0009
  Epoch 44 [360/440] loss=0.0009 mask=0.1862 depth=0.0009
  Epoch 44 [370/440] loss=0.0009 mask=0.1842 depth=0.0009
  Epoch 44 [380/440] loss=0.0009 mask=0.1838 depth=0.0009
  Epoch 44 [390/440] loss=0.0009 mask=0.1829 depth=0.0009
  Epoch 44 [400/440] loss=0.0009 mask=0.1862 depth=0.0009
  Epoch 44 [410/440] loss=0.0009 mask=0.1858 depth=0.0009
  Epoch 44 [420/440] loss=0.0009 mask=0.1870 depth=0.0009
  Epoch 44 [430/440] loss=0.0009 mask=0.1863 depth=0.0009
  Epoch 44 [440/440] loss=0.0009 mask=0.1870 depth=0.0009
  Train: loss=0.0009 mask=0.1870 depth=0.0009 time=272.7s
  Val epoch 44: loss=0.1293
  Saved best phase2 model (val_loss=0.1293)

=== Phase2 Epoch 45/49 ===
  Epoch 45 [10/440] loss=0.0008 mask=0.2778 depth=0.0008
  Epoch 45 [20/440] loss=0.0007 mask=0.2202 depth=0.0007
  Epoch 45 [30/440] loss=0.0008 mask=0.2059 depth=0.0008
  Epoch 45 [40/440] loss=0.0007 mask=0.1817 depth=0.0007
  Epoch 45 [50/440] loss=0.0008 mask=0.1952 depth=0.0008
  Epoch 45 [60/440] loss=0.0008 mask=0.2093 depth=0.0008
  Epoch 45 [70/440] loss=0.0008 mask=0.2059 depth=0.0008
  Epoch 45 [80/440] loss=0.0008 mask=0.1987 depth=0.0008
  Epoch 45 [90/440] loss=0.0008 mask=0.1871 depth=0.0008
  Epoch 45 [100/440] loss=0.0008 mask=0.1948 depth=0.0008
  Epoch 45 [110/440] loss=0.0007 mask=0.1906 depth=0.0007
  Epoch 45 [120/440] loss=0.0007 mask=0.1867 depth=0.0007
  Epoch 45 [130/440] loss=0.0007 mask=0.1854 depth=0.0007
  Epoch 45 [140/440] loss=0.0007 mask=0.1905 depth=0.0007
  Epoch 45 [150/440] loss=0.0007 mask=0.1867 depth=0.0007
  Epoch 45 [160/440] loss=0.0007 mask=0.1848 depth=0.0007
  Epoch 45 [170/440] loss=0.0007 mask=0.1858 depth=0.0007
  Epoch 45 [180/440] loss=0.0007 mask=0.1839 depth=0.0007
  Epoch 45 [190/440] loss=0.0007 mask=0.1853 depth=0.0007
  Epoch 45 [200/440] loss=0.0007 mask=0.1889 depth=0.0007
  Epoch 45 [210/440] loss=0.0007 mask=0.1885 depth=0.0007
  Epoch 45 [220/440] loss=0.0007 mask=0.1888 depth=0.0007
  Epoch 45 [230/440] loss=0.0007 mask=0.1916 depth=0.0007
  Epoch 45 [240/440] loss=0.0007 mask=0.1910 depth=0.0007
  Epoch 45 [250/440] loss=0.0007 mask=0.1880 depth=0.0007
  Epoch 45 [260/440] loss=0.0007 mask=0.1861 depth=0.0007
  Epoch 45 [270/440] loss=0.0008 mask=0.1869 depth=0.0008
  Epoch 45 [280/440] loss=0.0008 mask=0.1889 depth=0.0008
  Epoch 45 [290/440] loss=0.0008 mask=0.1895 depth=0.0008
  Epoch 45 [300/440] loss=0.0008 mask=0.1874 depth=0.0008
  Epoch 45 [310/440] loss=0.0008 mask=0.1885 depth=0.0008
  Epoch 45 [320/440] loss=0.0008 mask=0.1886 depth=0.0008
  Epoch 45 [330/440] loss=0.0008 mask=0.1859 depth=0.0008
  Epoch 45 [340/440] loss=0.0008 mask=0.1841 depth=0.0008
  Epoch 45 [350/440] loss=0.0008 mask=0.1826 depth=0.0008
  Epoch 45 [360/440] loss=0.0008 mask=0.1849 depth=0.0008
  Epoch 45 [370/440] loss=0.0008 mask=0.1840 depth=0.0008
  Epoch 45 [380/440] loss=0.0008 mask=0.1857 depth=0.0008
  Epoch 45 [390/440] loss=0.0008 mask=0.1884 depth=0.0008
  Epoch 45 [400/440] loss=0.0008 mask=0.1882 depth=0.0008
  Epoch 45 [410/440] loss=0.0008 mask=0.1865 depth=0.0008
  Epoch 45 [420/440] loss=0.0008 mask=0.1864 depth=0.0008
  Epoch 45 [430/440] loss=0.0008 mask=0.1866 depth=0.0008
  Epoch 45 [440/440] loss=0.0008 mask=0.1857 depth=0.0008
  Train: loss=0.0008 mask=0.1857 depth=0.0008 time=273.3s
  Val epoch 45: loss=0.1343

=== Phase2 Epoch 46/49 ===
  Epoch 46 [10/440] loss=0.0006 mask=0.1910 depth=0.0006
  Epoch 46 [20/440] loss=0.0008 mask=0.1568 depth=0.0008
  Epoch 46 [30/440] loss=0.0007 mask=0.1609 depth=0.0007
  Epoch 46 [40/440] loss=0.0007 mask=0.1669 depth=0.0007
  Epoch 46 [50/440] loss=0.0008 mask=0.2057 depth=0.0008
  Epoch 46 [60/440] loss=0.0007 mask=0.2123 depth=0.0007
  Epoch 46 [70/440] loss=0.0008 mask=0.1990 depth=0.0008
  Epoch 46 [80/440] loss=0.0008 mask=0.1969 depth=0.0008
  Epoch 46 [90/440] loss=0.0008 mask=0.1878 depth=0.0008
  Epoch 46 [100/440] loss=0.0008 mask=0.1980 depth=0.0008
  Epoch 46 [110/440] loss=0.0009 mask=0.1908 depth=0.0009
  Epoch 46 [120/440] loss=0.0009 mask=0.1941 depth=0.0009
  Epoch 46 [130/440] loss=0.0009 mask=0.2046 depth=0.0009
  Epoch 46 [140/440] loss=0.0009 mask=0.1974 depth=0.0009
  Epoch 46 [150/440] loss=0.0009 mask=0.1943 depth=0.0009
  Epoch 46 [160/440] loss=0.0008 mask=0.1953 depth=0.0008
  Epoch 46 [170/440] loss=0.0008 mask=0.1908 depth=0.0008
  Epoch 46 [180/440] loss=0.0008 mask=0.1878 depth=0.0008
  Epoch 46 [190/440] loss=0.0008 mask=0.1840 depth=0.0008
  Epoch 46 [200/440] loss=0.0008 mask=0.1833 depth=0.0008
  Epoch 46 [210/440] loss=0.0008 mask=0.1817 depth=0.0008
  Epoch 46 [220/440] loss=0.0008 mask=0.1850 depth=0.0008
  Epoch 46 [230/440] loss=0.0008 mask=0.1821 depth=0.0008
  Epoch 46 [240/440] loss=0.0008 mask=0.1833 depth=0.0008
  Epoch 46 [250/440] loss=0.0008 mask=0.1808 depth=0.0008
  Epoch 46 [260/440] loss=0.0008 mask=0.1775 depth=0.0008
  Epoch 46 [270/440] loss=0.0008 mask=0.1767 depth=0.0008
  Epoch 46 [280/440] loss=0.0008 mask=0.1773 depth=0.0008
  Epoch 46 [290/440] loss=0.0009 mask=0.1776 depth=0.0009
  Epoch 46 [300/440] loss=0.0009 mask=0.1760 depth=0.0009
  Epoch 46 [310/440] loss=0.0009 mask=0.1789 depth=0.0009
  Epoch 46 [320/440] loss=0.0009 mask=0.1799 depth=0.0009
  Epoch 46 [330/440] loss=0.0009 mask=0.1788 depth=0.0009
  Epoch 46 [340/440] loss=0.0009 mask=0.1830 depth=0.0009
  Epoch 46 [350/440] loss=0.0009 mask=0.1819 depth=0.0009
  Epoch 46 [360/440] loss=0.0008 mask=0.1788 depth=0.0008
  Epoch 46 [370/440] loss=0.0008 mask=0.1772 depth=0.0008
  Epoch 46 [380/440] loss=0.0008 mask=0.1799 depth=0.0008
  Epoch 46 [390/440] loss=0.0008 mask=0.1795 depth=0.0008
  Epoch 46 [400/440] loss=0.0008 mask=0.1803 depth=0.0008
  Epoch 46 [410/440] loss=0.0008 mask=0.1813 depth=0.0008
  Epoch 46 [420/440] loss=0.0009 mask=0.1847 depth=0.0009
  Epoch 46 [430/440] loss=0.0008 mask=0.1863 depth=0.0008
  Epoch 46 [440/440] loss=0.0009 mask=0.1866 depth=0.0009
  Train: loss=0.0009 mask=0.1866 depth=0.0009 time=274.3s
  Val epoch 46: loss=0.1323

=== Phase2 Epoch 47/49 ===
  Epoch 47 [10/440] loss=0.0010 mask=0.2297 depth=0.0010
  Epoch 47 [20/440] loss=0.0008 mask=0.2214 depth=0.0008
  Epoch 47 [30/440] loss=0.0007 mask=0.2449 depth=0.0007
  Epoch 47 [40/440] loss=0.0007 mask=0.2095 depth=0.0007
  Epoch 47 [50/440] loss=0.0007 mask=0.1952 depth=0.0007
  Epoch 47 [60/440] loss=0.0007 mask=0.2038 depth=0.0007
  Epoch 47 [70/440] loss=0.0007 mask=0.2021 depth=0.0007
  Epoch 47 [80/440] loss=0.0008 mask=0.2054 depth=0.0008
  Epoch 47 [90/440] loss=0.0008 mask=0.2006 depth=0.0008
  Epoch 47 [100/440] loss=0.0008 mask=0.2008 depth=0.0008
  Epoch 47 [110/440] loss=0.0008 mask=0.2083 depth=0.0008
  Epoch 47 [120/440] loss=0.0008 mask=0.2011 depth=0.0008
  Epoch 47 [130/440] loss=0.0008 mask=0.1971 depth=0.0008
  Epoch 47 [140/440] loss=0.0008 mask=0.1920 depth=0.0008
  Epoch 47 [150/440] loss=0.0008 mask=0.1884 depth=0.0008
  Epoch 47 [160/440] loss=0.0008 mask=0.1821 depth=0.0008
  Epoch 47 [170/440] loss=0.0008 mask=0.1887 depth=0.0008
  Epoch 47 [180/440] loss=0.0008 mask=0.1886 depth=0.0008
  Epoch 47 [190/440] loss=0.0008 mask=0.1849 depth=0.0008
  Epoch 47 [200/440] loss=0.0008 mask=0.1881 depth=0.0008
  Epoch 47 [210/440] loss=0.0008 mask=0.1863 depth=0.0008
  Epoch 47 [220/440] loss=0.0008 mask=0.1841 depth=0.0008
  Epoch 47 [230/440] loss=0.0008 mask=0.1844 depth=0.0008
  Epoch 47 [240/440] loss=0.0008 mask=0.1858 depth=0.0008
  Epoch 47 [250/440] loss=0.0008 mask=0.1843 depth=0.0008
  Epoch 47 [260/440] loss=0.0008 mask=0.1868 depth=0.0008
  Epoch 47 [270/440] loss=0.0008 mask=0.1868 depth=0.0008
  Epoch 47 [280/440] loss=0.0008 mask=0.1867 depth=0.0008
  Epoch 47 [290/440] loss=0.0008 mask=0.1868 depth=0.0008
  Epoch 47 [300/440] loss=0.0008 mask=0.1876 depth=0.0008
  Epoch 47 [310/440] loss=0.0008 mask=0.1861 depth=0.0008
  Epoch 47 [320/440] loss=0.0008 mask=0.1850 depth=0.0008
  Epoch 47 [330/440] loss=0.0008 mask=0.1865 depth=0.0008
  Epoch 47 [340/440] loss=0.0008 mask=0.1840 depth=0.0008
  Epoch 47 [350/440] loss=0.0008 mask=0.1849 depth=0.0008
  Epoch 47 [360/440] loss=0.0008 mask=0.1836 depth=0.0008
  Epoch 47 [370/440] loss=0.0008 mask=0.1825 depth=0.0008
  Epoch 47 [380/440] loss=0.0008 mask=0.1797 depth=0.0008
  Epoch 47 [390/440] loss=0.0008 mask=0.1820 depth=0.0008
  Epoch 47 [400/440] loss=0.0008 mask=0.1834 depth=0.0008
  Epoch 47 [410/440] loss=0.0008 mask=0.1829 depth=0.0008
  Epoch 47 [420/440] loss=0.0008 mask=0.1859 depth=0.0008
  Epoch 47 [430/440] loss=0.0008 mask=0.1856 depth=0.0008
  Epoch 47 [440/440] loss=0.0008 mask=0.1865 depth=0.0008
  Train: loss=0.0008 mask=0.1865 depth=0.0008 time=274.6s
  Val epoch 47: loss=0.1330

=== Phase2 Epoch 48/49 ===
  Epoch 48 [10/440] loss=0.0006 mask=0.1804 depth=0.0006
  Epoch 48 [20/440] loss=0.0008 mask=0.1268 depth=0.0008
  Epoch 48 [30/440] loss=0.0007 mask=0.1539 depth=0.0007
  Epoch 48 [40/440] loss=0.0008 mask=0.1402 depth=0.0008
  Epoch 48 [50/440] loss=0.0007 mask=0.1607 depth=0.0007
  Epoch 48 [60/440] loss=0.0007 mask=0.1502 depth=0.0007
  Epoch 48 [70/440] loss=0.0006 mask=0.1617 depth=0.0006
  Epoch 48 [80/440] loss=0.0006 mask=0.1754 depth=0.0006
  Epoch 48 [90/440] loss=0.0006 mask=0.1760 depth=0.0006
  Epoch 48 [100/440] loss=0.0007 mask=0.1946 depth=0.0007
  Epoch 48 [110/440] loss=0.0006 mask=0.1875 depth=0.0006
  Epoch 48 [120/440] loss=0.0006 mask=0.1907 depth=0.0006
  Epoch 48 [130/440] loss=0.0007 mask=0.1987 depth=0.0007
  Epoch 48 [140/440] loss=0.0007 mask=0.1971 depth=0.0007
  Epoch 48 [150/440] loss=0.0007 mask=0.1980 depth=0.0007
  Epoch 48 [160/440] loss=0.0007 mask=0.1967 depth=0.0007
  Epoch 48 [170/440] loss=0.0007 mask=0.1916 depth=0.0007
  Epoch 48 [180/440] loss=0.0007 mask=0.1935 depth=0.0007
  Epoch 48 [190/440] loss=0.0007 mask=0.1904 depth=0.0007
  Epoch 48 [200/440] loss=0.0007 mask=0.1913 depth=0.0007
  Epoch 48 [210/440] loss=0.0007 mask=0.1913 depth=0.0007
  Epoch 48 [220/440] loss=0.0007 mask=0.1938 depth=0.0007
  Epoch 48 [230/440] loss=0.0007 mask=0.1917 depth=0.0007
  Epoch 48 [240/440] loss=0.0008 mask=0.1919 depth=0.0008
  Epoch 48 [250/440] loss=0.0008 mask=0.1937 depth=0.0008
  Epoch 48 [260/440] loss=0.0008 mask=0.1910 depth=0.0008
  Epoch 48 [270/440] loss=0.0008 mask=0.1938 depth=0.0008
  Epoch 48 [280/440] loss=0.0008 mask=0.1919 depth=0.0008
  Epoch 48 [290/440] loss=0.0007 mask=0.1916 depth=0.0007
  Epoch 48 [300/440] loss=0.0007 mask=0.1886 depth=0.0007
  Epoch 48 [310/440] loss=0.0007 mask=0.1856 depth=0.0007
  Epoch 48 [320/440] loss=0.0007 mask=0.1850 depth=0.0007
  Epoch 48 [330/440] loss=0.0007 mask=0.1825 depth=0.0007
  Epoch 48 [340/440] loss=0.0007 mask=0.1836 depth=0.0007
  Epoch 48 [350/440] loss=0.0008 mask=0.1840 depth=0.0008
  Epoch 48 [360/440] loss=0.0008 mask=0.1859 depth=0.0008
  Epoch 48 [370/440] loss=0.0008 mask=0.1868 depth=0.0008
  Epoch 48 [380/440] loss=0.0008 mask=0.1863 depth=0.0008
  Epoch 48 [390/440] loss=0.0008 mask=0.1854 depth=0.0008
  Epoch 48 [400/440] loss=0.0008 mask=0.1870 depth=0.0008
  Epoch 48 [410/440] loss=0.0008 mask=0.1852 depth=0.0008
  Epoch 48 [420/440] loss=0.0008 mask=0.1853 depth=0.0008
  Epoch 48 [430/440] loss=0.0008 mask=0.1872 depth=0.0008
  Epoch 48 [440/440] loss=0.0008 mask=0.1876 depth=0.0008
  Train: loss=0.0008 mask=0.1876 depth=0.0008 time=275.5s
  Val epoch 48: loss=0.1325

=== Phase2 Epoch 49/49 ===
  Epoch 49 [10/440] loss=0.0007 mask=0.1123 depth=0.0007
  Epoch 49 [20/440] loss=0.0006 mask=0.1571 depth=0.0006
  Epoch 49 [30/440] loss=0.0006 mask=0.1506 depth=0.0006
  Epoch 49 [40/440] loss=0.0007 mask=0.1805 depth=0.0007
  Epoch 49 [50/440] loss=0.0007 mask=0.1858 depth=0.0007
  Epoch 49 [60/440] loss=0.0008 mask=0.1865 depth=0.0008
  Epoch 49 [70/440] loss=0.0008 mask=0.1819 depth=0.0008
  Epoch 49 [80/440] loss=0.0007 mask=0.1876 depth=0.0007
  Epoch 49 [90/440] loss=0.0008 mask=0.1880 depth=0.0008
  Epoch 49 [100/440] loss=0.0008 mask=0.1890 depth=0.0008
  Epoch 49 [110/440] loss=0.0008 mask=0.1839 depth=0.0008
  Epoch 49 [120/440] loss=0.0008 mask=0.1821 depth=0.0008
  Epoch 49 [130/440] loss=0.0008 mask=0.1768 depth=0.0008
  Epoch 49 [140/440] loss=0.0008 mask=0.1715 depth=0.0008
  Epoch 49 [150/440] loss=0.0008 mask=0.1712 depth=0.0008
  Epoch 49 [160/440] loss=0.0008 mask=0.1753 depth=0.0008
  Epoch 49 [170/440] loss=0.0008 mask=0.1763 depth=0.0008
  Epoch 49 [180/440] loss=0.0008 mask=0.1780 depth=0.0008
  Epoch 49 [190/440] loss=0.0008 mask=0.1799 depth=0.0008
  Epoch 49 [200/440] loss=0.0008 mask=0.1781 depth=0.0008
  Epoch 49 [210/440] loss=0.0008 mask=0.1814 depth=0.0008
  Epoch 49 [220/440] loss=0.0008 mask=0.1812 depth=0.0008
  Epoch 49 [230/440] loss=0.0008 mask=0.1816 depth=0.0008
  Epoch 49 [240/440] loss=0.0008 mask=0.1798 depth=0.0008
  Epoch 49 [250/440] loss=0.0008 mask=0.1748 depth=0.0008
  Epoch 49 [260/440] loss=0.0008 mask=0.1783 depth=0.0008
  Epoch 49 [270/440] loss=0.0008 mask=0.1786 depth=0.0008
  Epoch 49 [280/440] loss=0.0008 mask=0.1812 depth=0.0008
  Epoch 49 [290/440] loss=0.0008 mask=0.1793 depth=0.0008
  Epoch 49 [300/440] loss=0.0008 mask=0.1772 depth=0.0008
  Epoch 49 [310/440] loss=0.0008 mask=0.1787 depth=0.0008
  Epoch 49 [320/440] loss=0.0008 mask=0.1815 depth=0.0008
  Epoch 49 [330/440] loss=0.0008 mask=0.1791 depth=0.0008
  Epoch 49 [340/440] loss=0.0008 mask=0.1826 depth=0.0008
  Epoch 49 [350/440] loss=0.0008 mask=0.1848 depth=0.0008
  Epoch 49 [360/440] loss=0.0008 mask=0.1843 depth=0.0008
  Epoch 49 [370/440] loss=0.0008 mask=0.1838 depth=0.0008
  Epoch 49 [380/440] loss=0.0008 mask=0.1824 depth=0.0008
  Epoch 49 [390/440] loss=0.0008 mask=0.1831 depth=0.0008
  Epoch 49 [400/440] loss=0.0008 mask=0.1848 depth=0.0008
  Epoch 49 [410/440] loss=0.0008 mask=0.1843 depth=0.0008
  Epoch 49 [420/440] loss=0.0008 mask=0.1863 depth=0.0008
  Epoch 49 [430/440] loss=0.0008 mask=0.1859 depth=0.0008
  Epoch 49 [440/440] loss=0.0008 mask=0.1869 depth=0.0008
  Train: loss=0.0008 mask=0.1869 depth=0.0008 time=208.6s
  Val epoch 49: loss=0.1321

Phase 2 complete. Best val loss: 0.1293
