nohup: ignoring input
/home/LXT/.conda/envs/dinov3-sam/lib/python3.10/runpy.py:126: RuntimeWarning: 'dinosam.train.trainer' found in sys.modules after import of package 'dinosam.train', but prior to execution of 'dinosam.train.trainer'; this may result in unpredictable behaviour
  warn(RuntimeWarning(msg))
Initialized depth branch from SAM inner weights (depth_prediction_head random)
Train samples: 2145  Val samples: 543

============================================================
PHASE 1: Mask-only training (dice + iou loss)
============================================================
Phase 1: Total params: 97,379,069  Trainable: 4,064,560

=== Phase1 Epoch 0/49 ===
  Epoch 0 [10/537] loss=1.2134 mask=0.8541 iou=0.3593
  Epoch 0 [20/537] loss=1.0772 mask=0.8295 iou=0.2477
  Epoch 0 [30/537] loss=0.9716 mask=0.7854 iou=0.1862
  Epoch 0 [40/537] loss=0.8508 mask=0.6935 iou=0.1573
  Epoch 0 [50/537] loss=0.7674 mask=0.6239 iou=0.1435
  Epoch 0 [60/537] loss=0.6942 mask=0.5646 iou=0.1296
  Epoch 0 [70/537] loss=0.6365 mask=0.5182 iou=0.1183
  Epoch 0 [80/537] loss=0.5885 mask=0.4790 iou=0.1095
  Epoch 0 [90/537] loss=0.5447 mask=0.4425 iou=0.1021
  Epoch 0 [100/537] loss=0.5168 mask=0.4190 iou=0.0978
  Epoch 0 [110/537] loss=0.4923 mask=0.3988 iou=0.0935
  Epoch 0 [120/537] loss=0.4703 mask=0.3811 iou=0.0891
  Epoch 0 [130/537] loss=0.4477 mask=0.3627 iou=0.0850
  Epoch 0 [140/537] loss=0.4361 mask=0.3532 iou=0.0829
  Epoch 0 [150/537] loss=0.4205 mask=0.3406 iou=0.0799
  Epoch 0 [160/537] loss=0.4118 mask=0.3328 iou=0.0790
  Epoch 0 [170/537] loss=0.3969 mask=0.3211 iou=0.0758
  Epoch 0 [180/537] loss=0.3904 mask=0.3155 iou=0.0749
  Epoch 0 [190/537] loss=0.3783 mask=0.3059 iou=0.0724
  Epoch 0 [200/537] loss=0.3704 mask=0.2991 iou=0.0714
  Epoch 0 [210/537] loss=0.3617 mask=0.2926 iou=0.0691
  Epoch 0 [220/537] loss=0.3572 mask=0.2891 iou=0.0681
  Epoch 0 [230/537] loss=0.3504 mask=0.2837 iou=0.0667
  Epoch 0 [240/537] loss=0.3445 mask=0.2792 iou=0.0653
  Epoch 0 [250/537] loss=0.3386 mask=0.2745 iou=0.0641
  Epoch 0 [260/537] loss=0.3332 mask=0.2698 iou=0.0634
  Epoch 0 [270/537] loss=0.3277 mask=0.2652 iou=0.0625
  Epoch 0 [280/537] loss=0.3220 mask=0.2605 iou=0.0614
  Epoch 0 [290/537] loss=0.3156 mask=0.2557 iou=0.0599
  Epoch 0 [300/537] loss=0.3119 mask=0.2528 iou=0.0591
  Epoch 0 [310/537] loss=0.3082 mask=0.2498 iou=0.0584
  Epoch 0 [320/537] loss=0.3050 mask=0.2473 iou=0.0577
  Epoch 0 [330/537] loss=0.3024 mask=0.2451 iou=0.0574
  Epoch 0 [340/537] loss=0.2991 mask=0.2425 iou=0.0566
  Epoch 0 [350/537] loss=0.2951 mask=0.2392 iou=0.0559
  Epoch 0 [360/537] loss=0.2911 mask=0.2359 iou=0.0551
  Epoch 0 [370/537] loss=0.2885 mask=0.2337 iou=0.0548
  Epoch 0 [380/537] loss=0.2867 mask=0.2321 iou=0.0546
  Epoch 0 [390/537] loss=0.2844 mask=0.2303 iou=0.0540
  Epoch 0 [400/537] loss=0.2828 mask=0.2291 iou=0.0537
  Epoch 0 [410/537] loss=0.2802 mask=0.2270 iou=0.0532
  Epoch 0 [420/537] loss=0.2763 mask=0.2238 iou=0.0524
  Epoch 0 [430/537] loss=0.2737 mask=0.2220 iou=0.0517
  Epoch 0 [440/537] loss=0.2705 mask=0.2195 iou=0.0510
  Epoch 0 [450/537] loss=0.2688 mask=0.2182 iou=0.0506
  Epoch 0 [460/537] loss=0.2679 mask=0.2173 iou=0.0506
  Epoch 0 [470/537] loss=0.2673 mask=0.2167 iou=0.0505
  Epoch 0 [480/537] loss=0.2653 mask=0.2152 iou=0.0501
  Epoch 0 [490/537] loss=0.2631 mask=0.2136 iou=0.0496
  Epoch 0 [500/537] loss=0.2610 mask=0.2118 iou=0.0491
  Epoch 0 [510/537] loss=0.2582 mask=0.2096 iou=0.0486
  Epoch 0 [520/537] loss=0.2567 mask=0.2084 iou=0.0483
  Epoch 0 [530/537] loss=0.2550 mask=0.2070 iou=0.0480
  Train: loss=0.2558 mask=0.2075 iou=0.0483 time=454.3s
  Val epoch 0: loss=0.2344
  Saved best phase1 model (val_loss=0.2344)

=== Phase1 Epoch 1/49 ===
  Epoch 1 [10/537] loss=0.1023 mask=0.0839 iou=0.0184
  Epoch 1 [20/537] loss=0.1309 mask=0.1032 iou=0.0277
  Epoch 1 [30/537] loss=0.1375 mask=0.1081 iou=0.0294
  Epoch 1 [40/537] loss=0.1393 mask=0.1109 iou=0.0284
  Epoch 1 [50/537] loss=0.1442 mask=0.1175 iou=0.0267
  Epoch 1 [60/537] loss=0.1413 mask=0.1154 iou=0.0258
  Epoch 1 [70/537] loss=0.1458 mask=0.1185 iou=0.0273
  Epoch 1 [80/537] loss=0.1493 mask=0.1213 iou=0.0280
  Epoch 1 [90/537] loss=0.1499 mask=0.1220 iou=0.0279
  Epoch 1 [100/537] loss=0.1537 mask=0.1243 iou=0.0294
  Epoch 1 [110/537] loss=0.1518 mask=0.1231 iou=0.0287
  Epoch 1 [120/537] loss=0.1489 mask=0.1207 iou=0.0282
  Epoch 1 [130/537] loss=0.1532 mask=0.1232 iou=0.0301
  Epoch 1 [140/537] loss=0.1519 mask=0.1222 iou=0.0298
  Epoch 1 [150/537] loss=0.1497 mask=0.1207 iou=0.0290
  Epoch 1 [160/537] loss=0.1537 mask=0.1238 iou=0.0299
  Epoch 1 [170/537] loss=0.1536 mask=0.1238 iou=0.0297
  Epoch 1 [180/537] loss=0.1532 mask=0.1236 iou=0.0297
  Epoch 1 [190/537] loss=0.1519 mask=0.1228 iou=0.0291
  Epoch 1 [200/537] loss=0.1512 mask=0.1223 iou=0.0289
  Epoch 1 [210/537] loss=0.1509 mask=0.1220 iou=0.0289
  Epoch 1 [220/537] loss=0.1502 mask=0.1215 iou=0.0287
  Epoch 1 [230/537] loss=0.1492 mask=0.1210 iou=0.0282
  Epoch 1 [240/537] loss=0.1491 mask=0.1211 iou=0.0279
  Epoch 1 [250/537] loss=0.1489 mask=0.1212 iou=0.0277
  Epoch 1 [260/537] loss=0.1481 mask=0.1208 iou=0.0273
  Epoch 1 [270/537] loss=0.1467 mask=0.1199 iou=0.0269
  Epoch 1 [280/537] loss=0.1480 mask=0.1211 iou=0.0269
  Epoch 1 [290/537] loss=0.1487 mask=0.1216 iou=0.0271
  Epoch 1 [300/537] loss=0.1478 mask=0.1210 iou=0.0268
  Epoch 1 [310/537] loss=0.1468 mask=0.1202 iou=0.0266
  Epoch 1 [320/537] loss=0.1464 mask=0.1199 iou=0.0265
  Epoch 1 [330/537] loss=0.1478 mask=0.1207 iou=0.0272
  Epoch 1 [340/537] loss=0.1481 mask=0.1208 iou=0.0273
  Epoch 1 [350/537] loss=0.1475 mask=0.1205 iou=0.0270
  Epoch 1 [360/537] loss=0.1473 mask=0.1204 iou=0.0269
  Epoch 1 [370/537] loss=0.1471 mask=0.1202 iou=0.0269
  Epoch 1 [380/537] loss=0.1472 mask=0.1200 iou=0.0272
  Epoch 1 [390/537] loss=0.1477 mask=0.1204 iou=0.0273
  Epoch 1 [400/537] loss=0.1483 mask=0.1210 iou=0.0273
  Epoch 1 [410/537] loss=0.1489 mask=0.1213 iou=0.0276
  Epoch 1 [420/537] loss=0.1495 mask=0.1219 iou=0.0277
  Epoch 1 [430/537] loss=0.1491 mask=0.1216 iou=0.0275
  Epoch 1 [440/537] loss=0.1490 mask=0.1216 iou=0.0275
  Epoch 1 [450/537] loss=0.1483 mask=0.1209 iou=0.0274
  Epoch 1 [460/537] loss=0.1475 mask=0.1202 iou=0.0273
  Epoch 1 [470/537] loss=0.1472 mask=0.1199 iou=0.0273
  Epoch 1 [480/537] loss=0.1472 mask=0.1199 iou=0.0272
  Epoch 1 [490/537] loss=0.1468 mask=0.1196 iou=0.0271
  Epoch 1 [500/537] loss=0.1472 mask=0.1199 iou=0.0273
  Epoch 1 [510/537] loss=0.1471 mask=0.1197 iou=0.0273
  Epoch 1 [520/537] loss=0.1475 mask=0.1201 iou=0.0274
  Epoch 1 [530/537] loss=0.1466 mask=0.1194 iou=0.0272
  Train: loss=0.1485 mask=0.1211 iou=0.0274 time=456.6s
  Val epoch 1: loss=0.2071
  Saved best phase1 model (val_loss=0.2071)

=== Phase1 Epoch 2/49 ===
  Epoch 2 [10/537] loss=0.1227 mask=0.1028 iou=0.0199
  Epoch 2 [20/537] loss=0.1180 mask=0.0981 iou=0.0199
  Epoch 2 [30/537] loss=0.1244 mask=0.1037 iou=0.0207
  Epoch 2 [40/537] loss=0.1283 mask=0.1050 iou=0.0233
  Epoch 2 [50/537] loss=0.1254 mask=0.1025 iou=0.0229
  Epoch 2 [60/537] loss=0.1284 mask=0.1052 iou=0.0231
  Epoch 2 [70/537] loss=0.1258 mask=0.1041 iou=0.0217
  Epoch 2 [80/537] loss=0.1256 mask=0.1030 iou=0.0226
  Epoch 2 [90/537] loss=0.1228 mask=0.1006 iou=0.0222
  Epoch 2 [100/537] loss=0.1206 mask=0.0992 iou=0.0214
  Epoch 2 [110/537] loss=0.1276 mask=0.1045 iou=0.0231
  Epoch 2 [120/537] loss=0.1266 mask=0.1039 iou=0.0227
  Epoch 2 [130/537] loss=0.1286 mask=0.1056 iou=0.0230
  Epoch 2 [140/537] loss=0.1272 mask=0.1045 iou=0.0227
  Epoch 2 [150/537] loss=0.1258 mask=0.1037 iou=0.0221
  Epoch 2 [160/537] loss=0.1238 mask=0.1024 iou=0.0214
  Epoch 2 [170/537] loss=0.1241 mask=0.1028 iou=0.0213
  Epoch 2 [180/537] loss=0.1242 mask=0.1029 iou=0.0212
  Epoch 2 [190/537] loss=0.1248 mask=0.1032 iou=0.0216
  Epoch 2 [200/537] loss=0.1247 mask=0.1028 iou=0.0219
  Epoch 2 [210/537] loss=0.1255 mask=0.1034 iou=0.0221
  Epoch 2 [220/537] loss=0.1252 mask=0.1034 iou=0.0218
  Epoch 2 [230/537] loss=0.1279 mask=0.1056 iou=0.0223
  Epoch 2 [240/537] loss=0.1293 mask=0.1068 iou=0.0225
  Epoch 2 [250/537] loss=0.1295 mask=0.1067 iou=0.0227
  Epoch 2 [260/537] loss=0.1299 mask=0.1069 iou=0.0230
  Epoch 2 [270/537] loss=0.1295 mask=0.1066 iou=0.0229
  Epoch 2 [280/537] loss=0.1301 mask=0.1068 iou=0.0234
  Epoch 2 [290/537] loss=0.1296 mask=0.1063 iou=0.0234
  Epoch 2 [300/537] loss=0.1285 mask=0.1055 iou=0.0231
  Epoch 2 [310/537] loss=0.1299 mask=0.1063 iou=0.0237
  Epoch 2 [320/537] loss=0.1295 mask=0.1061 iou=0.0234
  Epoch 2 [330/537] loss=0.1280 mask=0.1049 iou=0.0231
  Epoch 2 [340/537] loss=0.1278 mask=0.1047 iou=0.0231
  Epoch 2 [350/537] loss=0.1285 mask=0.1051 iou=0.0233
  Epoch 2 [360/537] loss=0.1274 mask=0.1044 iou=0.0230
  Epoch 2 [370/537] loss=0.1292 mask=0.1055 iou=0.0237
  Epoch 2 [380/537] loss=0.1292 mask=0.1055 iou=0.0237
  Epoch 2 [390/537] loss=0.1296 mask=0.1058 iou=0.0238
  Epoch 2 [400/537] loss=0.1289 mask=0.1051 iou=0.0238
  Epoch 2 [410/537] loss=0.1280 mask=0.1045 iou=0.0235
  Epoch 2 [420/537] loss=0.1280 mask=0.1045 iou=0.0235
  Epoch 2 [430/537] loss=0.1272 mask=0.1040 iou=0.0232
  Epoch 2 [440/537] loss=0.1270 mask=0.1037 iou=0.0233
  Epoch 2 [450/537] loss=0.1269 mask=0.1036 iou=0.0233
  Epoch 2 [460/537] loss=0.1262 mask=0.1030 iou=0.0231
  Epoch 2 [470/537] loss=0.1258 mask=0.1028 iou=0.0230
  Epoch 2 [480/537] loss=0.1257 mask=0.1026 iou=0.0230
  Epoch 2 [490/537] loss=0.1268 mask=0.1035 iou=0.0233
  Epoch 2 [500/537] loss=0.1258 mask=0.1027 iou=0.0231
  Epoch 2 [510/537] loss=0.1255 mask=0.1024 iou=0.0231
  Epoch 2 [520/537] loss=0.1257 mask=0.1025 iou=0.0231
  Epoch 2 [530/537] loss=0.1256 mask=0.1025 iou=0.0231
  Train: loss=0.1282 mask=0.1047 iou=0.0235 time=449.3s
  Val epoch 2: loss=0.2216

=== Phase1 Epoch 3/49 ===
  Epoch 3 [10/537] loss=0.1297 mask=0.0990 iou=0.0307
  Epoch 3 [20/537] loss=0.1260 mask=0.1008 iou=0.0252
  Epoch 3 [30/537] loss=0.1126 mask=0.0911 iou=0.0215
  Epoch 3 [40/537] loss=0.1170 mask=0.0946 iou=0.0224
  Epoch 3 [50/537] loss=0.1137 mask=0.0924 iou=0.0214
  Epoch 3 [60/537] loss=0.1177 mask=0.0961 iou=0.0216
  Epoch 3 [70/537] loss=0.1194 mask=0.0975 iou=0.0219
  Epoch 3 [80/537] loss=0.1180 mask=0.0964 iou=0.0216
  Epoch 3 [90/537] loss=0.1161 mask=0.0952 iou=0.0210
  Epoch 3 [100/537] loss=0.1148 mask=0.0943 iou=0.0205
  Epoch 3 [110/537] loss=0.1139 mask=0.0933 iou=0.0206
  Epoch 3 [120/537] loss=0.1178 mask=0.0967 iou=0.0211
  Epoch 3 [130/537] loss=0.1194 mask=0.0977 iou=0.0217
  Epoch 3 [140/537] loss=0.1201 mask=0.0983 iou=0.0217
  Epoch 3 [150/537] loss=0.1190 mask=0.0979 iou=0.0212
  Epoch 3 [160/537] loss=0.1159 mask=0.0954 iou=0.0205
  Epoch 3 [170/537] loss=0.1163 mask=0.0957 iou=0.0206
  Epoch 3 [180/537] loss=0.1172 mask=0.0961 iou=0.0211
  Epoch 3 [190/537] loss=0.1158 mask=0.0949 iou=0.0209
  Epoch 3 [200/537] loss=0.1148 mask=0.0942 iou=0.0206
  Epoch 3 [210/537] loss=0.1141 mask=0.0938 iou=0.0203
  Epoch 3 [220/537] loss=0.1147 mask=0.0943 iou=0.0204
  Epoch 3 [230/537] loss=0.1138 mask=0.0937 iou=0.0202
  Epoch 3 [240/537] loss=0.1142 mask=0.0941 iou=0.0201
  Epoch 3 [250/537] loss=0.1132 mask=0.0935 iou=0.0197
  Epoch 3 [260/537] loss=0.1131 mask=0.0934 iou=0.0197
  Epoch 3 [270/537] loss=0.1134 mask=0.0937 iou=0.0197
  Epoch 3 [280/537] loss=0.1136 mask=0.0938 iou=0.0198
  Epoch 3 [290/537] loss=0.1142 mask=0.0942 iou=0.0200
  Epoch 3 [300/537] loss=0.1141 mask=0.0937 iou=0.0204
  Epoch 3 [310/537] loss=0.1139 mask=0.0938 iou=0.0201
  Epoch 3 [320/537] loss=0.1137 mask=0.0936 iou=0.0201
  Epoch 3 [330/537] loss=0.1127 mask=0.0928 iou=0.0199
  Epoch 3 [340/537] loss=0.1119 mask=0.0922 iou=0.0197
  Epoch 3 [350/537] loss=0.1139 mask=0.0934 iou=0.0204
  Epoch 3 [360/537] loss=0.1135 mask=0.0932 iou=0.0204
  Epoch 3 [370/537] loss=0.1144 mask=0.0939 iou=0.0205
  Epoch 3 [380/537] loss=0.1138 mask=0.0933 iou=0.0205
  Epoch 3 [390/537] loss=0.1140 mask=0.0934 iou=0.0205
  Epoch 3 [400/537] loss=0.1138 mask=0.0933 iou=0.0204
  Epoch 3 [410/537] loss=0.1135 mask=0.0930 iou=0.0205
  Epoch 3 [420/537] loss=0.1143 mask=0.0934 iou=0.0209
  Epoch 3 [430/537] loss=0.1136 mask=0.0929 iou=0.0207
  Epoch 3 [440/537] loss=0.1136 mask=0.0930 iou=0.0206
  Epoch 3 [450/537] loss=0.1130 mask=0.0926 iou=0.0204
  Epoch 3 [460/537] loss=0.1131 mask=0.0926 iou=0.0205
  Epoch 3 [470/537] loss=0.1149 mask=0.0939 iou=0.0210
  Epoch 3 [480/537] loss=0.1149 mask=0.0937 iou=0.0212
  Epoch 3 [490/537] loss=0.1143 mask=0.0933 iou=0.0210
  Epoch 3 [500/537] loss=0.1138 mask=0.0931 iou=0.0208
  Epoch 3 [510/537] loss=0.1136 mask=0.0929 iou=0.0207
  Epoch 3 [520/537] loss=0.1142 mask=0.0933 iou=0.0209
  Epoch 3 [530/537] loss=0.1138 mask=0.0929 iou=0.0209
  Train: loss=0.1158 mask=0.0949 iou=0.0210 time=451.2s
  Val epoch 3: loss=0.2041
  Saved best phase1 model (val_loss=0.2041)

=== Phase1 Epoch 4/49 ===
  Epoch 4 [10/537] loss=0.0771 mask=0.0684 iou=0.0087
  Epoch 4 [20/537] loss=0.0976 mask=0.0813 iou=0.0163
  Epoch 4 [30/537] loss=0.0938 mask=0.0794 iou=0.0144
  Epoch 4 [40/537] loss=0.1001 mask=0.0825 iou=0.0176
  Epoch 4 [50/537] loss=0.1011 mask=0.0835 iou=0.0176
  Epoch 4 [60/537] loss=0.1048 mask=0.0870 iou=0.0179
  Epoch 4 [70/537] loss=0.1041 mask=0.0862 iou=0.0179
  Epoch 4 [80/537] loss=0.1084 mask=0.0894 iou=0.0189
  Epoch 4 [90/537] loss=0.1067 mask=0.0884 iou=0.0183
  Epoch 4 [100/537] loss=0.1058 mask=0.0881 iou=0.0177
  Epoch 4 [110/537] loss=0.1078 mask=0.0893 iou=0.0185
  Epoch 4 [120/537] loss=0.1056 mask=0.0874 iou=0.0181
  Epoch 4 [130/537] loss=0.1051 mask=0.0869 iou=0.0181
  Epoch 4 [140/537] loss=0.1042 mask=0.0862 iou=0.0180
  Epoch 4 [150/537] loss=0.1042 mask=0.0862 iou=0.0179
  Epoch 4 [160/537] loss=0.1059 mask=0.0875 iou=0.0184
  Epoch 4 [170/537] loss=0.1070 mask=0.0883 iou=0.0188
  Epoch 4 [180/537] loss=0.1092 mask=0.0898 iou=0.0194
  Epoch 4 [190/537] loss=0.1091 mask=0.0896 iou=0.0194
  Epoch 4 [200/537] loss=0.1101 mask=0.0904 iou=0.0197
  Epoch 4 [210/537] loss=0.1102 mask=0.0904 iou=0.0198
  Epoch 4 [220/537] loss=0.1105 mask=0.0903 iou=0.0201
  Epoch 4 [230/537] loss=0.1110 mask=0.0908 iou=0.0202
  Epoch 4 [240/537] loss=0.1107 mask=0.0906 iou=0.0201
  Epoch 4 [250/537] loss=0.1119 mask=0.0915 iou=0.0204
  Epoch 4 [260/537] loss=0.1120 mask=0.0916 iou=0.0204
  Epoch 4 [270/537] loss=0.1128 mask=0.0923 iou=0.0205
  Epoch 4 [280/537] loss=0.1129 mask=0.0924 iou=0.0205
  Epoch 4 [290/537] loss=0.1119 mask=0.0915 iou=0.0204
  Epoch 4 [300/537] loss=0.1104 mask=0.0902 iou=0.0202
  Epoch 4 [310/537] loss=0.1104 mask=0.0900 iou=0.0203
  Epoch 4 [320/537] loss=0.1105 mask=0.0901 iou=0.0204
  Epoch 4 [330/537] loss=0.1099 mask=0.0896 iou=0.0203
  Epoch 4 [340/537] loss=0.1125 mask=0.0914 iou=0.0210
  Epoch 4 [350/537] loss=0.1128 mask=0.0916 iou=0.0213
  Epoch 4 [360/537] loss=0.1124 mask=0.0913 iou=0.0211
  Epoch 4 [370/537] loss=0.1120 mask=0.0911 iou=0.0210
  Epoch 4 [380/537] loss=0.1116 mask=0.0907 iou=0.0208
  Epoch 4 [390/537] loss=0.1109 mask=0.0903 iou=0.0206
  Epoch 4 [400/537] loss=0.1108 mask=0.0904 iou=0.0204
  Epoch 4 [410/537] loss=0.1111 mask=0.0906 iou=0.0205
  Epoch 4 [420/537] loss=0.1104 mask=0.0901 iou=0.0203
  Epoch 4 [430/537] loss=0.1098 mask=0.0897 iou=0.0201
  Epoch 4 [440/537] loss=0.1096 mask=0.0895 iou=0.0200
  Epoch 4 [450/537] loss=0.1103 mask=0.0900 iou=0.0203
  Epoch 4 [460/537] loss=0.1106 mask=0.0902 iou=0.0204
  Epoch 4 [470/537] loss=0.1108 mask=0.0904 iou=0.0203
  Epoch 4 [480/537] loss=0.1117 mask=0.0913 iou=0.0205
  Epoch 4 [490/537] loss=0.1115 mask=0.0911 iou=0.0204
  Epoch 4 [500/537] loss=0.1114 mask=0.0910 iou=0.0204
  Epoch 4 [510/537] loss=0.1112 mask=0.0908 iou=0.0204
  Epoch 4 [520/537] loss=0.1112 mask=0.0909 iou=0.0203
  Epoch 4 [530/537] loss=0.1119 mask=0.0915 iou=0.0203
  Train: loss=0.1136 mask=0.0932 iou=0.0203 time=465.6s
  Val epoch 4: loss=0.1865
  Saved best phase1 model (val_loss=0.1865)

=== Phase1 Epoch 5/49 ===
  Epoch 5 [10/537] loss=0.0858 mask=0.0712 iou=0.0146
  Epoch 5 [20/537] loss=0.0903 mask=0.0743 iou=0.0160
  Epoch 5 [30/537] loss=0.0956 mask=0.0789 iou=0.0168
  Epoch 5 [40/537] loss=0.1006 mask=0.0816 iou=0.0190
  Epoch 5 [50/537] loss=0.0991 mask=0.0810 iou=0.0181
  Epoch 5 [60/537] loss=0.1004 mask=0.0816 iou=0.0188
  Epoch 5 [70/537] loss=0.1067 mask=0.0868 iou=0.0200
  Epoch 5 [80/537] loss=0.1057 mask=0.0859 iou=0.0198
  Epoch 5 [90/537] loss=0.1034 mask=0.0840 iou=0.0194
  Epoch 5 [100/537] loss=0.1024 mask=0.0830 iou=0.0194
  Epoch 5 [110/537] loss=0.1040 mask=0.0844 iou=0.0196
  Epoch 5 [120/537] loss=0.1032 mask=0.0840 iou=0.0192
  Epoch 5 [130/537] loss=0.1034 mask=0.0840 iou=0.0194
  Epoch 5 [140/537] loss=0.1020 mask=0.0830 iou=0.0190
  Epoch 5 [150/537] loss=0.1017 mask=0.0831 iou=0.0186
  Epoch 5 [160/537] loss=0.1043 mask=0.0853 iou=0.0190
  Epoch 5 [170/537] loss=0.1061 mask=0.0864 iou=0.0197
  Epoch 5 [180/537] loss=0.1075 mask=0.0876 iou=0.0199
  Epoch 5 [190/537] loss=0.1088 mask=0.0882 iou=0.0206
  Epoch 5 [200/537] loss=0.1087 mask=0.0880 iou=0.0207
  Epoch 5 [210/537] loss=0.1082 mask=0.0876 iou=0.0206
  Epoch 5 [220/537] loss=0.1069 mask=0.0867 iou=0.0202
  Epoch 5 [230/537] loss=0.1068 mask=0.0867 iou=0.0201
  Epoch 5 [240/537] loss=0.1067 mask=0.0868 iou=0.0199
  Epoch 5 [250/537] loss=0.1073 mask=0.0873 iou=0.0200
  Epoch 5 [260/537] loss=0.1062 mask=0.0866 iou=0.0196
  Epoch 5 [270/537] loss=0.1069 mask=0.0871 iou=0.0198
  Epoch 5 [280/537] loss=0.1072 mask=0.0875 iou=0.0197
  Epoch 5 [290/537] loss=0.1090 mask=0.0890 iou=0.0200
  Epoch 5 [300/537] loss=0.1092 mask=0.0893 iou=0.0199
  Epoch 5 [310/537] loss=0.1083 mask=0.0886 iou=0.0197
  Epoch 5 [320/537] loss=0.1078 mask=0.0882 iou=0.0196
  Epoch 5 [330/537] loss=0.1078 mask=0.0882 iou=0.0196
  Epoch 5 [340/537] loss=0.1073 mask=0.0878 iou=0.0194
  Epoch 5 [350/537] loss=0.1064 mask=0.0872 iou=0.0192
  Epoch 5 [360/537] loss=0.1072 mask=0.0878 iou=0.0194
  Epoch 5 [370/537] loss=0.1070 mask=0.0877 iou=0.0193
  Epoch 5 [380/537] loss=0.1068 mask=0.0876 iou=0.0193
  Epoch 5 [390/537] loss=0.1070 mask=0.0876 iou=0.0194
  Epoch 5 [400/537] loss=0.1069 mask=0.0875 iou=0.0195
  Epoch 5 [410/537] loss=0.1070 mask=0.0875 iou=0.0195
  Epoch 5 [420/537] loss=0.1068 mask=0.0874 iou=0.0194
  Epoch 5 [430/537] loss=0.1068 mask=0.0875 iou=0.0193
  Epoch 5 [440/537] loss=0.1072 mask=0.0878 iou=0.0193
  Epoch 5 [450/537] loss=0.1067 mask=0.0875 iou=0.0191
  Epoch 5 [460/537] loss=0.1068 mask=0.0876 iou=0.0192
  Epoch 5 [470/537] loss=0.1066 mask=0.0875 iou=0.0192
  Epoch 5 [480/537] loss=0.1063 mask=0.0872 iou=0.0191
  Epoch 5 [490/537] loss=0.1064 mask=0.0873 iou=0.0191
  Epoch 5 [500/537] loss=0.1061 mask=0.0872 iou=0.0189
  Epoch 5 [510/537] loss=0.1061 mask=0.0872 iou=0.0189
  Epoch 5 [520/537] loss=0.1058 mask=0.0870 iou=0.0188
  Epoch 5 [530/537] loss=0.1057 mask=0.0869 iou=0.0187
  Train: loss=0.1072 mask=0.0886 iou=0.0187 time=580.4s
  Val epoch 5: loss=0.1981

=== Phase1 Epoch 6/49 ===
  Epoch 6 [10/537] loss=0.0826 mask=0.0732 iou=0.0095
  Epoch 6 [20/537] loss=0.0990 mask=0.0825 iou=0.0164
  Epoch 6 [30/537] loss=0.0964 mask=0.0811 iou=0.0153
  Epoch 6 [40/537] loss=0.0969 mask=0.0811 iou=0.0158
  Epoch 6 [50/537] loss=0.0946 mask=0.0793 iou=0.0152
  Epoch 6 [60/537] loss=0.0961 mask=0.0811 iou=0.0150
  Epoch 6 [70/537] loss=0.0966 mask=0.0808 iou=0.0158
  Epoch 6 [80/537] loss=0.0972 mask=0.0810 iou=0.0163
  Epoch 6 [90/537] loss=0.1006 mask=0.0830 iou=0.0176
  Epoch 6 [100/537] loss=0.0984 mask=0.0815 iou=0.0169
  Epoch 6 [110/537] loss=0.0976 mask=0.0805 iou=0.0171
  Epoch 6 [120/537] loss=0.0963 mask=0.0799 iou=0.0164
  Epoch 6 [130/537] loss=0.0981 mask=0.0810 iou=0.0171
  Epoch 6 [140/537] loss=0.0968 mask=0.0802 iou=0.0166
  Epoch 6 [150/537] loss=0.0972 mask=0.0805 iou=0.0167
  Epoch 6 [160/537] loss=0.0980 mask=0.0809 iou=0.0170
  Epoch 6 [170/537] loss=0.1001 mask=0.0824 iou=0.0177
  Epoch 6 [180/537] loss=0.1002 mask=0.0826 iou=0.0177
  Epoch 6 [190/537] loss=0.0998 mask=0.0825 iou=0.0173
  Epoch 6 [200/537] loss=0.0994 mask=0.0823 iou=0.0171
  Epoch 6 [210/537] loss=0.1015 mask=0.0835 iou=0.0180
  Epoch 6 [220/537] loss=0.1007 mask=0.0830 iou=0.0178
  Epoch 6 [230/537] loss=0.1024 mask=0.0841 iou=0.0183
  Epoch 6 [240/537] loss=0.1019 mask=0.0837 iou=0.0183
  Epoch 6 [250/537] loss=0.1015 mask=0.0834 iou=0.0182
  Epoch 6 [260/537] loss=0.1000 mask=0.0821 iou=0.0179
  Epoch 6 [270/537] loss=0.1012 mask=0.0829 iou=0.0183
  Epoch 6 [280/537] loss=0.1007 mask=0.0826 iou=0.0181
  Epoch 6 [290/537] loss=0.1013 mask=0.0833 iou=0.0180
  Epoch 6 [300/537] loss=0.1022 mask=0.0841 iou=0.0181
  Epoch 6 [310/537] loss=0.1034 mask=0.0848 iou=0.0186
  Epoch 6 [320/537] loss=0.1031 mask=0.0846 iou=0.0185
  Epoch 6 [330/537] loss=0.1038 mask=0.0853 iou=0.0185
  Epoch 6 [340/537] loss=0.1045 mask=0.0858 iou=0.0187
  Epoch 6 [350/537] loss=0.1055 mask=0.0867 iou=0.0187
  Epoch 6 [360/537] loss=0.1053 mask=0.0865 iou=0.0188
  Epoch 6 [370/537] loss=0.1045 mask=0.0859 iou=0.0185
  Epoch 6 [380/537] loss=0.1044 mask=0.0860 iou=0.0184
  Epoch 6 [390/537] loss=0.1052 mask=0.0865 iou=0.0187
  Epoch 6 [400/537] loss=0.1045 mask=0.0860 iou=0.0185
  Epoch 6 [410/537] loss=0.1051 mask=0.0866 iou=0.0185
  Epoch 6 [420/537] loss=0.1041 mask=0.0858 iou=0.0182
  Epoch 6 [430/537] loss=0.1032 mask=0.0851 iou=0.0181
  Epoch 6 [440/537] loss=0.1035 mask=0.0852 iou=0.0182
  Epoch 6 [450/537] loss=0.1037 mask=0.0853 iou=0.0184
  Epoch 6 [460/537] loss=0.1040 mask=0.0856 iou=0.0184
  Epoch 6 [470/537] loss=0.1045 mask=0.0860 iou=0.0185
  Epoch 6 [480/537] loss=0.1045 mask=0.0860 iou=0.0186
  Epoch 6 [490/537] loss=0.1043 mask=0.0857 iou=0.0186
  Epoch 6 [500/537] loss=0.1043 mask=0.0857 iou=0.0186
  Epoch 6 [510/537] loss=0.1041 mask=0.0856 iou=0.0186
  Epoch 6 [520/537] loss=0.1051 mask=0.0864 iou=0.0187
  Epoch 6 [530/537] loss=0.1057 mask=0.0867 iou=0.0190
  Train: loss=0.1072 mask=0.0882 iou=0.0190 time=608.1s
  Val epoch 6: loss=0.1925

=== Phase1 Epoch 7/49 ===
  Epoch 7 [10/537] loss=0.0920 mask=0.0743 iou=0.0177
  Epoch 7 [20/537] loss=0.1108 mask=0.0895 iou=0.0213
  Epoch 7 [30/537] loss=0.1161 mask=0.0950 iou=0.0211
  Epoch 7 [40/537] loss=0.1135 mask=0.0936 iou=0.0198
  Epoch 7 [50/537] loss=0.1111 mask=0.0913 iou=0.0198
  Epoch 7 [60/537] loss=0.1076 mask=0.0888 iou=0.0188
  Epoch 7 [70/537] loss=0.1036 mask=0.0857 iou=0.0180
  Epoch 7 [80/537] loss=0.1020 mask=0.0843 iou=0.0178
  Epoch 7 [90/537] loss=0.1004 mask=0.0833 iou=0.0171
  Epoch 7 [100/537] loss=0.1028 mask=0.0846 iou=0.0182
  Epoch 7 [110/537] loss=0.1052 mask=0.0864 iou=0.0188
  Epoch 7 [120/537] loss=0.1063 mask=0.0877 iou=0.0186
  Epoch 7 [130/537] loss=0.1058 mask=0.0871 iou=0.0187
  Epoch 7 [140/537] loss=0.1054 mask=0.0870 iou=0.0184
  Epoch 7 [150/537] loss=0.1057 mask=0.0866 iou=0.0191
  Epoch 7 [160/537] loss=0.1049 mask=0.0861 iou=0.0187
  Epoch 7 [170/537] loss=0.1056 mask=0.0866 iou=0.0190
  Epoch 7 [180/537] loss=0.1067 mask=0.0876 iou=0.0191
  Epoch 7 [190/537] loss=0.1077 mask=0.0883 iou=0.0194
  Epoch 7 [200/537] loss=0.1089 mask=0.0891 iou=0.0198
  Epoch 7 [210/537] loss=0.1110 mask=0.0909 iou=0.0201
  Epoch 7 [220/537] loss=0.1114 mask=0.0914 iou=0.0201
  Epoch 7 [230/537] loss=0.1108 mask=0.0909 iou=0.0199
  Epoch 7 [240/537] loss=0.1091 mask=0.0895 iou=0.0196
  Epoch 7 [250/537] loss=0.1103 mask=0.0901 iou=0.0202
  Epoch 7 [260/537] loss=0.1104 mask=0.0902 iou=0.0202
  Epoch 7 [270/537] loss=0.1115 mask=0.0912 iou=0.0203
  Epoch 7 [280/537] loss=0.1116 mask=0.0913 iou=0.0203
  Epoch 7 [290/537] loss=0.1109 mask=0.0906 iou=0.0204
  Epoch 7 [300/537] loss=0.1103 mask=0.0900 iou=0.0203
  Epoch 7 [310/537] loss=0.1095 mask=0.0895 iou=0.0200
  Epoch 7 [320/537] loss=0.1105 mask=0.0903 iou=0.0202
  Epoch 7 [330/537] loss=0.1097 mask=0.0898 iou=0.0200
  Epoch 7 [340/537] loss=0.1103 mask=0.0901 iou=0.0202
  Epoch 7 [350/537] loss=0.1102 mask=0.0902 iou=0.0200
  Epoch 7 [360/537] loss=0.1092 mask=0.0894 iou=0.0198
  Epoch 7 [370/537] loss=0.1094 mask=0.0896 iou=0.0199
  Epoch 7 [380/537] loss=0.1082 mask=0.0886 iou=0.0196
  Epoch 7 [390/537] loss=0.1070 mask=0.0877 iou=0.0192
  Epoch 7 [400/537] loss=0.1068 mask=0.0876 iou=0.0192
  Epoch 7 [410/537] loss=0.1063 mask=0.0872 iou=0.0191
  Epoch 7 [420/537] loss=0.1058 mask=0.0868 iou=0.0190
  Epoch 7 [430/537] loss=0.1050 mask=0.0862 iou=0.0188
  Epoch 7 [440/537] loss=0.1044 mask=0.0858 iou=0.0187
  Epoch 7 [450/537] loss=0.1047 mask=0.0860 iou=0.0187
  Epoch 7 [460/537] loss=0.1044 mask=0.0858 iou=0.0187
  Epoch 7 [470/537] loss=0.1042 mask=0.0857 iou=0.0185
  Epoch 7 [480/537] loss=0.1044 mask=0.0859 iou=0.0185
  Epoch 7 [490/537] loss=0.1040 mask=0.0856 iou=0.0184
  Epoch 7 [500/537] loss=0.1038 mask=0.0856 iou=0.0182
  Epoch 7 [510/537] loss=0.1038 mask=0.0858 iou=0.0181
  Epoch 7 [520/537] loss=0.1040 mask=0.0858 iou=0.0182
  Epoch 7 [530/537] loss=0.1036 mask=0.0856 iou=0.0180
  Train: loss=0.1049 mask=0.0869 iou=0.0180 time=591.3s
  Val epoch 7: loss=0.2030

=== Phase1 Epoch 8/49 ===
  Epoch 8 [10/537] loss=0.0884 mask=0.0732 iou=0.0152
  Epoch 8 [20/537] loss=0.0810 mask=0.0673 iou=0.0136
  Epoch 8 [30/537] loss=0.0923 mask=0.0772 iou=0.0151
  Epoch 8 [40/537] loss=0.0912 mask=0.0755 iou=0.0158
  Epoch 8 [50/537] loss=0.0937 mask=0.0781 iou=0.0156
  Epoch 8 [60/537] loss=0.0943 mask=0.0790 iou=0.0153
  Epoch 8 [70/537] loss=0.0945 mask=0.0796 iou=0.0148
  Epoch 8 [80/537] loss=0.0952 mask=0.0810 iou=0.0142
  Epoch 8 [90/537] loss=0.0956 mask=0.0808 iou=0.0147
  Epoch 8 [100/537] loss=0.0935 mask=0.0792 iou=0.0143
  Epoch 8 [110/537] loss=0.0952 mask=0.0806 iou=0.0146
  Epoch 8 [120/537] loss=0.0960 mask=0.0816 iou=0.0144
  Epoch 8 [130/537] loss=0.0960 mask=0.0817 iou=0.0143
  Epoch 8 [140/537] loss=0.0943 mask=0.0802 iou=0.0141
  Epoch 8 [150/537] loss=0.0957 mask=0.0811 iou=0.0146
  Epoch 8 [160/537] loss=0.0944 mask=0.0802 iou=0.0143
  Epoch 8 [170/537] loss=0.0937 mask=0.0792 iou=0.0144
  Epoch 8 [180/537] loss=0.0945 mask=0.0800 iou=0.0145
  Epoch 8 [190/537] loss=0.0954 mask=0.0804 iou=0.0150
  Epoch 8 [200/537] loss=0.0953 mask=0.0804 iou=0.0149
  Epoch 8 [210/537] loss=0.0957 mask=0.0804 iou=0.0152
  Epoch 8 [220/537] loss=0.0957 mask=0.0803 iou=0.0154
  Epoch 8 [230/537] loss=0.0960 mask=0.0806 iou=0.0154
  Epoch 8 [240/537] loss=0.0977 mask=0.0817 iou=0.0160
  Epoch 8 [250/537] loss=0.0987 mask=0.0824 iou=0.0163
  Epoch 8 [260/537] loss=0.0997 mask=0.0830 iou=0.0168
  Epoch 8 [270/537] loss=0.1004 mask=0.0834 iou=0.0170
  Epoch 8 [280/537] loss=0.1014 mask=0.0839 iou=0.0175
  Epoch 8 [290/537] loss=0.1008 mask=0.0835 iou=0.0173
  Epoch 8 [300/537] loss=0.1010 mask=0.0835 iou=0.0175
  Epoch 8 [310/537] loss=0.0999 mask=0.0825 iou=0.0174
  Epoch 8 [320/537] loss=0.1002 mask=0.0828 iou=0.0175
  Epoch 8 [330/537] loss=0.1001 mask=0.0826 iou=0.0175
  Epoch 8 [340/537] loss=0.0997 mask=0.0824 iou=0.0174
  Epoch 8 [350/537] loss=0.0995 mask=0.0822 iou=0.0173
  Epoch 8 [360/537] loss=0.1002 mask=0.0827 iou=0.0174
  Epoch 8 [370/537] loss=0.0999 mask=0.0825 iou=0.0173
  Epoch 8 [380/537] loss=0.0995 mask=0.0822 iou=0.0173
  Epoch 8 [390/537] loss=0.1005 mask=0.0827 iou=0.0177
  Epoch 8 [400/537] loss=0.1002 mask=0.0825 iou=0.0176
  Epoch 8 [410/537] loss=0.0999 mask=0.0823 iou=0.0175
  Epoch 8 [420/537] loss=0.1002 mask=0.0826 iou=0.0176
  Epoch 8 [430/537] loss=0.1005 mask=0.0828 iou=0.0177
  Epoch 8 [440/537] loss=0.1004 mask=0.0828 iou=0.0176
  Epoch 8 [450/537] loss=0.1004 mask=0.0828 iou=0.0176
  Epoch 8 [460/537] loss=0.0997 mask=0.0823 iou=0.0173
  Epoch 8 [470/537] loss=0.0998 mask=0.0824 iou=0.0173
  Epoch 8 [480/537] loss=0.1001 mask=0.0827 iou=0.0174
  Epoch 8 [490/537] loss=0.0991 mask=0.0820 iou=0.0171
  Epoch 8 [500/537] loss=0.0992 mask=0.0822 iou=0.0171
  Epoch 8 [510/537] loss=0.0989 mask=0.0819 iou=0.0170
  Epoch 8 [520/537] loss=0.0986 mask=0.0817 iou=0.0169
  Epoch 8 [530/537] loss=0.0986 mask=0.0817 iou=0.0169
  Train: loss=0.0998 mask=0.0830 iou=0.0169 time=567.5s
  Val epoch 8: loss=0.1947

=== Phase1 Epoch 9/49 ===
  Epoch 9 [10/537] loss=0.0767 mask=0.0671 iou=0.0096
  Epoch 9 [20/537] loss=0.0929 mask=0.0788 iou=0.0142
  Epoch 9 [30/537] loss=0.1024 mask=0.0838 iou=0.0186
  Epoch 9 [40/537] loss=0.1074 mask=0.0897 iou=0.0177
  Epoch 9 [50/537] loss=0.1017 mask=0.0853 iou=0.0164
  Epoch 9 [60/537] loss=0.1009 mask=0.0847 iou=0.0162
  Epoch 9 [70/537] loss=0.1016 mask=0.0848 iou=0.0168
  Epoch 9 [80/537] loss=0.1005 mask=0.0837 iou=0.0169
  Epoch 9 [90/537] loss=0.0996 mask=0.0824 iou=0.0172
  Epoch 9 [100/537] loss=0.1031 mask=0.0847 iou=0.0184
  Epoch 9 [110/537] loss=0.1029 mask=0.0847 iou=0.0182
  Epoch 9 [120/537] loss=0.0997 mask=0.0821 iou=0.0175
  Epoch 9 [130/537] loss=0.0997 mask=0.0819 iou=0.0178
  Epoch 9 [140/537] loss=0.0993 mask=0.0821 iou=0.0172
  Epoch 9 [150/537] loss=0.1001 mask=0.0825 iou=0.0177
  Epoch 9 [160/537] loss=0.1029 mask=0.0839 iou=0.0190
  Epoch 9 [170/537] loss=0.1011 mask=0.0828 iou=0.0183
  Epoch 9 [180/537] loss=0.1026 mask=0.0840 iou=0.0187
  Epoch 9 [190/537] loss=0.1022 mask=0.0839 iou=0.0183
  Epoch 9 [200/537] loss=0.1013 mask=0.0833 iou=0.0180
  Epoch 9 [210/537] loss=0.1002 mask=0.0825 iou=0.0177
  Epoch 9 [220/537] loss=0.0994 mask=0.0819 iou=0.0176
  Epoch 9 [230/537] loss=0.0979 mask=0.0808 iou=0.0170
  Epoch 9 [240/537] loss=0.0976 mask=0.0807 iou=0.0169
  Epoch 9 [250/537] loss=0.0968 mask=0.0801 iou=0.0167
  Epoch 9 [260/537] loss=0.0965 mask=0.0797 iou=0.0168
  Epoch 9 [270/537] loss=0.0964 mask=0.0795 iou=0.0169
  Epoch 9 [280/537] loss=0.0959 mask=0.0792 iou=0.0167
  Epoch 9 [290/537] loss=0.0963 mask=0.0794 iou=0.0169
  Epoch 9 [300/537] loss=0.0968 mask=0.0798 iou=0.0170
  Epoch 9 [310/537] loss=0.0967 mask=0.0798 iou=0.0169
  Epoch 9 [320/537] loss=0.0968 mask=0.0799 iou=0.0169
  Epoch 9 [330/537] loss=0.0969 mask=0.0799 iou=0.0169
  Epoch 9 [340/537] loss=0.0977 mask=0.0806 iou=0.0171
  Epoch 9 [350/537] loss=0.0971 mask=0.0801 iou=0.0170
  Epoch 9 [360/537] loss=0.0974 mask=0.0802 iou=0.0172
  Epoch 9 [370/537] loss=0.0976 mask=0.0803 iou=0.0172
  Epoch 9 [380/537] loss=0.0970 mask=0.0800 iou=0.0170
  Epoch 9 [390/537] loss=0.0962 mask=0.0794 iou=0.0169
  Epoch 9 [400/537] loss=0.0962 mask=0.0794 iou=0.0168
  Epoch 9 [410/537] loss=0.0961 mask=0.0794 iou=0.0167
  Epoch 9 [420/537] loss=0.0954 mask=0.0789 iou=0.0165
  Epoch 9 [430/537] loss=0.0947 mask=0.0784 iou=0.0163
  Epoch 9 [440/537] loss=0.0944 mask=0.0781 iou=0.0162
  Epoch 9 [450/537] loss=0.0944 mask=0.0782 iou=0.0162
  Epoch 9 [460/537] loss=0.0944 mask=0.0782 iou=0.0162
  Epoch 9 [470/537] loss=0.0947 mask=0.0784 iou=0.0163
  Epoch 9 [480/537] loss=0.0950 mask=0.0787 iou=0.0163
  Epoch 9 [490/537] loss=0.0957 mask=0.0791 iou=0.0165
  Epoch 9 [500/537] loss=0.0952 mask=0.0788 iou=0.0164
  Epoch 9 [510/537] loss=0.0948 mask=0.0785 iou=0.0163
  Epoch 9 [520/537] loss=0.0946 mask=0.0784 iou=0.0162
  Epoch 9 [530/537] loss=0.0950 mask=0.0787 iou=0.0163
  Train: loss=0.0962 mask=0.0796 iou=0.0166 time=565.6s
  Val epoch 9: loss=0.1945

=== Phase1 Epoch 10/49 ===
  Epoch 10 [10/537] loss=0.0968 mask=0.0836 iou=0.0131
  Epoch 10 [20/537] loss=0.0984 mask=0.0862 iou=0.0122
  Epoch 10 [30/537] loss=0.0895 mask=0.0757 iou=0.0138
  Epoch 10 [40/537] loss=0.0911 mask=0.0766 iou=0.0145
  Epoch 10 [50/537] loss=0.0885 mask=0.0742 iou=0.0143
  Epoch 10 [60/537] loss=0.0857 mask=0.0719 iou=0.0139
  Epoch 10 [70/537] loss=0.0868 mask=0.0730 iou=0.0138
  Epoch 10 [80/537] loss=0.0868 mask=0.0735 iou=0.0132
  Epoch 10 [90/537] loss=0.0887 mask=0.0747 iou=0.0139
  Epoch 10 [100/537] loss=0.0907 mask=0.0759 iou=0.0147
  Epoch 10 [110/537] loss=0.0888 mask=0.0745 iou=0.0143
  Epoch 10 [120/537] loss=0.0917 mask=0.0769 iou=0.0147
  Epoch 10 [130/537] loss=0.0919 mask=0.0773 iou=0.0145
  Epoch 10 [140/537] loss=0.0932 mask=0.0780 iou=0.0152
  Epoch 10 [150/537] loss=0.0918 mask=0.0768 iou=0.0149
  Epoch 10 [160/537] loss=0.0923 mask=0.0772 iou=0.0151
  Epoch 10 [170/537] loss=0.0915 mask=0.0766 iou=0.0149
  Epoch 10 [180/537] loss=0.0916 mask=0.0762 iou=0.0154
  Epoch 10 [190/537] loss=0.0934 mask=0.0778 iou=0.0156
  Epoch 10 [200/537] loss=0.0935 mask=0.0780 iou=0.0155
  Epoch 10 [210/537] loss=0.0925 mask=0.0770 iou=0.0155
  Epoch 10 [220/537] loss=0.0928 mask=0.0772 iou=0.0156
  Epoch 10 [230/537] loss=0.0916 mask=0.0761 iou=0.0155
  Epoch 10 [240/537] loss=0.0917 mask=0.0763 iou=0.0154
  Epoch 10 [250/537] loss=0.0910 mask=0.0759 iou=0.0151
  Epoch 10 [260/537] loss=0.0912 mask=0.0761 iou=0.0151
  Epoch 10 [270/537] loss=0.0908 mask=0.0757 iou=0.0151
  Epoch 10 [280/537] loss=0.0897 mask=0.0750 iou=0.0147
  Epoch 10 [290/537] loss=0.0918 mask=0.0762 iou=0.0156
  Epoch 10 [300/537] loss=0.0907 mask=0.0753 iou=0.0154
  Epoch 10 [310/537] loss=0.0907 mask=0.0753 iou=0.0154
  Epoch 10 [320/537] loss=0.0903 mask=0.0750 iou=0.0153
  Epoch 10 [330/537] loss=0.0901 mask=0.0748 iou=0.0153
  Epoch 10 [340/537] loss=0.0906 mask=0.0753 iou=0.0153
  Epoch 10 [350/537] loss=0.0907 mask=0.0754 iou=0.0152
  Epoch 10 [360/537] loss=0.0903 mask=0.0753 iou=0.0150
  Epoch 10 [370/537] loss=0.0908 mask=0.0757 iou=0.0151
  Epoch 10 [380/537] loss=0.0908 mask=0.0757 iou=0.0151
  Epoch 10 [390/537] loss=0.0909 mask=0.0757 iou=0.0152
  Epoch 10 [400/537] loss=0.0912 mask=0.0759 iou=0.0153
  Epoch 10 [410/537] loss=0.0905 mask=0.0754 iou=0.0151
  Epoch 10 [420/537] loss=0.0910 mask=0.0756 iou=0.0154
  Epoch 10 [430/537] loss=0.0920 mask=0.0764 iou=0.0156
  Epoch 10 [440/537] loss=0.0919 mask=0.0764 iou=0.0155
  Epoch 10 [450/537] loss=0.0914 mask=0.0761 iou=0.0153
  Epoch 10 [460/537] loss=0.0913 mask=0.0760 iou=0.0153
  Epoch 10 [470/537] loss=0.0915 mask=0.0761 iou=0.0153
  Epoch 10 [480/537] loss=0.0912 mask=0.0759 iou=0.0153
  Epoch 10 [490/537] loss=0.0920 mask=0.0766 iou=0.0154
  Epoch 10 [500/537] loss=0.0918 mask=0.0764 iou=0.0154
  Epoch 10 [510/537] loss=0.0913 mask=0.0760 iou=0.0152
  Epoch 10 [520/537] loss=0.0910 mask=0.0758 iou=0.0152
  Epoch 10 [530/537] loss=0.0907 mask=0.0755 iou=0.0151
  Train: loss=0.0919 mask=0.0769 iou=0.0151 time=559.4s
  Val epoch 10: loss=0.1903

=== Phase1 Epoch 11/49 ===
  Epoch 11 [10/537] loss=0.0795 mask=0.0662 iou=0.0133
  Epoch 11 [20/537] loss=0.0936 mask=0.0784 iou=0.0152
  Epoch 11 [30/537] loss=0.0924 mask=0.0783 iou=0.0141
  Epoch 11 [40/537] loss=0.0909 mask=0.0769 iou=0.0140
  Epoch 11 [50/537] loss=0.0856 mask=0.0725 iou=0.0131
  Epoch 11 [60/537] loss=0.0822 mask=0.0696 iou=0.0126
  Epoch 11 [70/537] loss=0.0855 mask=0.0722 iou=0.0133
  Epoch 11 [80/537] loss=0.0875 mask=0.0736 iou=0.0138
  Epoch 11 [90/537] loss=0.0845 mask=0.0709 iou=0.0137
  Epoch 11 [100/537] loss=0.0851 mask=0.0711 iou=0.0140
  Epoch 11 [110/537] loss=0.0845 mask=0.0710 iou=0.0135
  Epoch 11 [120/537] loss=0.0858 mask=0.0725 iou=0.0133
  Epoch 11 [130/537] loss=0.0847 mask=0.0719 iou=0.0128
  Epoch 11 [140/537] loss=0.0838 mask=0.0712 iou=0.0126
  Epoch 11 [150/537] loss=0.0841 mask=0.0714 iou=0.0127
  Epoch 11 [160/537] loss=0.0836 mask=0.0710 iou=0.0126
  Epoch 11 [170/537] loss=0.0830 mask=0.0705 iou=0.0125
  Epoch 11 [180/537] loss=0.0841 mask=0.0712 iou=0.0129
  Epoch 11 [190/537] loss=0.0826 mask=0.0699 iou=0.0126
  Epoch 11 [200/537] loss=0.0823 mask=0.0699 iou=0.0124
  Epoch 11 [210/537] loss=0.0824 mask=0.0698 iou=0.0126
  Epoch 11 [220/537] loss=0.0836 mask=0.0708 iou=0.0128
  Epoch 11 [230/537] loss=0.0830 mask=0.0702 iou=0.0128
  Epoch 11 [240/537] loss=0.0838 mask=0.0709 iou=0.0129
  Epoch 11 [250/537] loss=0.0837 mask=0.0709 iou=0.0128
  Epoch 11 [260/537] loss=0.0841 mask=0.0711 iou=0.0129
  Epoch 11 [270/537] loss=0.0847 mask=0.0717 iou=0.0130
  Epoch 11 [280/537] loss=0.0842 mask=0.0714 iou=0.0128
  Epoch 11 [290/537] loss=0.0864 mask=0.0728 iou=0.0136
  Epoch 11 [300/537] loss=0.0868 mask=0.0729 iou=0.0139
  Epoch 11 [310/537] loss=0.0874 mask=0.0733 iou=0.0141
  Epoch 11 [320/537] loss=0.0875 mask=0.0734 iou=0.0140
  Epoch 11 [330/537] loss=0.0875 mask=0.0734 iou=0.0141
  Epoch 11 [340/537] loss=0.0871 mask=0.0732 iou=0.0139
  Epoch 11 [350/537] loss=0.0864 mask=0.0727 iou=0.0137
  Epoch 11 [360/537] loss=0.0867 mask=0.0729 iou=0.0138
  Epoch 11 [370/537] loss=0.0871 mask=0.0731 iou=0.0140
  Epoch 11 [380/537] loss=0.0877 mask=0.0735 iou=0.0142
  Epoch 11 [390/537] loss=0.0877 mask=0.0734 iou=0.0143
  Epoch 11 [400/537] loss=0.0886 mask=0.0741 iou=0.0145
  Epoch 11 [410/537] loss=0.0881 mask=0.0737 iou=0.0144
  Epoch 11 [420/537] loss=0.0884 mask=0.0739 iou=0.0145
  Epoch 11 [430/537] loss=0.0883 mask=0.0738 iou=0.0145
  Epoch 11 [440/537] loss=0.0883 mask=0.0738 iou=0.0145
  Epoch 11 [450/537] loss=0.0885 mask=0.0741 iou=0.0144
  Epoch 11 [460/537] loss=0.0887 mask=0.0743 iou=0.0145
  Epoch 11 [470/537] loss=0.0884 mask=0.0740 iou=0.0144
  Epoch 11 [480/537] loss=0.0890 mask=0.0744 iou=0.0145
  Epoch 11 [490/537] loss=0.0893 mask=0.0746 iou=0.0147
  Epoch 11 [500/537] loss=0.0899 mask=0.0750 iou=0.0149
  Epoch 11 [510/537] loss=0.0901 mask=0.0751 iou=0.0150
  Epoch 11 [520/537] loss=0.0899 mask=0.0749 iou=0.0150
  Epoch 11 [530/537] loss=0.0899 mask=0.0749 iou=0.0150
  Train: loss=0.0911 mask=0.0755 iou=0.0156 time=586.3s
  Val epoch 11: loss=0.1916

=== Phase1 Epoch 12/49 ===
  Epoch 12 [10/537] loss=0.0921 mask=0.0770 iou=0.0152
  Epoch 12 [20/537] loss=0.0947 mask=0.0754 iou=0.0193
  Epoch 12 [30/537] loss=0.0943 mask=0.0765 iou=0.0178
  Epoch 12 [40/537] loss=0.0863 mask=0.0712 iou=0.0151
  Epoch 12 [50/537] loss=0.0824 mask=0.0691 iou=0.0133
  Epoch 12 [60/537] loss=0.0802 mask=0.0681 iou=0.0121
  Epoch 12 [70/537] loss=0.0843 mask=0.0719 iou=0.0124
  Epoch 12 [80/537] loss=0.0866 mask=0.0731 iou=0.0135
  Epoch 12 [90/537] loss=0.0877 mask=0.0740 iou=0.0137
  Epoch 12 [100/537] loss=0.0876 mask=0.0737 iou=0.0139
  Epoch 12 [110/537] loss=0.0879 mask=0.0733 iou=0.0146
  Epoch 12 [120/537] loss=0.0902 mask=0.0750 iou=0.0151
  Epoch 12 [130/537] loss=0.0900 mask=0.0752 iou=0.0148
  Epoch 12 [140/537] loss=0.0871 mask=0.0730 iou=0.0141
  Epoch 12 [150/537] loss=0.0854 mask=0.0717 iou=0.0138
  Epoch 12 [160/537] loss=0.0864 mask=0.0723 iou=0.0140
  Epoch 12 [170/537] loss=0.0880 mask=0.0738 iou=0.0143
  Epoch 12 [180/537] loss=0.0881 mask=0.0736 iou=0.0144
  Epoch 12 [190/537] loss=0.0881 mask=0.0737 iou=0.0145
  Epoch 12 [200/537] loss=0.0877 mask=0.0736 iou=0.0141
  Epoch 12 [210/537] loss=0.0878 mask=0.0736 iou=0.0141
  Epoch 12 [220/537] loss=0.0874 mask=0.0732 iou=0.0142
  Epoch 12 [230/537] loss=0.0878 mask=0.0735 iou=0.0143
  Epoch 12 [240/537] loss=0.0868 mask=0.0728 iou=0.0140
  Epoch 12 [250/537] loss=0.0882 mask=0.0741 iou=0.0141
  Epoch 12 [260/537] loss=0.0879 mask=0.0738 iou=0.0141
  Epoch 12 [270/537] loss=0.0875 mask=0.0736 iou=0.0140
  Epoch 12 [280/537] loss=0.0868 mask=0.0731 iou=0.0138
  Epoch 12 [290/537] loss=0.0862 mask=0.0725 iou=0.0137
  Epoch 12 [300/537] loss=0.0871 mask=0.0732 iou=0.0139
  Epoch 12 [310/537] loss=0.0867 mask=0.0729 iou=0.0138
  Epoch 12 [320/537] loss=0.0865 mask=0.0727 iou=0.0138
  Epoch 12 [330/537] loss=0.0862 mask=0.0724 iou=0.0138
  Epoch 12 [340/537] loss=0.0860 mask=0.0724 iou=0.0136
  Epoch 12 [350/537] loss=0.0854 mask=0.0718 iou=0.0136
  Epoch 12 [360/537] loss=0.0852 mask=0.0717 iou=0.0135
  Epoch 12 [370/537] loss=0.0862 mask=0.0724 iou=0.0138
  Epoch 12 [380/537] loss=0.0858 mask=0.0721 iou=0.0137
  Epoch 12 [390/537] loss=0.0852 mask=0.0716 iou=0.0136
  Epoch 12 [400/537] loss=0.0855 mask=0.0718 iou=0.0137
  Epoch 12 [410/537] loss=0.0856 mask=0.0719 iou=0.0137
  Epoch 12 [420/537] loss=0.0856 mask=0.0720 iou=0.0136
  Epoch 12 [430/537] loss=0.0865 mask=0.0727 iou=0.0138
  Epoch 12 [440/537] loss=0.0860 mask=0.0723 iou=0.0137
  Epoch 12 [450/537] loss=0.0855 mask=0.0719 iou=0.0135
  Epoch 12 [460/537] loss=0.0859 mask=0.0723 iou=0.0136
  Epoch 12 [470/537] loss=0.0851 mask=0.0717 iou=0.0134
  Epoch 12 [480/537] loss=0.0855 mask=0.0719 iou=0.0137
  Epoch 12 [490/537] loss=0.0848 mask=0.0712 iou=0.0135
  Epoch 12 [500/537] loss=0.0849 mask=0.0713 iou=0.0136
  Epoch 12 [510/537] loss=0.0851 mask=0.0716 iou=0.0135
  Epoch 12 [520/537] loss=0.0851 mask=0.0717 iou=0.0134
  Epoch 12 [530/537] loss=0.0852 mask=0.0718 iou=0.0134
  Train: loss=0.0864 mask=0.0729 iou=0.0135 time=594.8s
  Val epoch 12: loss=0.2058

=== Phase1 Epoch 13/49 ===
  Epoch 13 [10/537] loss=0.0646 mask=0.0550 iou=0.0096
  Epoch 13 [20/537] loss=0.0662 mask=0.0561 iou=0.0101
  Epoch 13 [30/537] loss=0.0754 mask=0.0621 iou=0.0133
  Epoch 13 [40/537] loss=0.0786 mask=0.0651 iou=0.0136
  Epoch 13 [50/537] loss=0.0760 mask=0.0634 iou=0.0127
  Epoch 13 [60/537] loss=0.0795 mask=0.0669 iou=0.0126
  Epoch 13 [70/537] loss=0.0834 mask=0.0699 iou=0.0135
  Epoch 13 [80/537] loss=0.0847 mask=0.0700 iou=0.0147
  Epoch 13 [90/537] loss=0.0819 mask=0.0681 iou=0.0138
  Epoch 13 [100/537] loss=0.0844 mask=0.0702 iou=0.0141
  Epoch 13 [110/537] loss=0.0842 mask=0.0703 iou=0.0139
  Epoch 13 [120/537] loss=0.0838 mask=0.0702 iou=0.0137
  Epoch 13 [130/537] loss=0.0835 mask=0.0700 iou=0.0135
  Epoch 13 [140/537] loss=0.0859 mask=0.0719 iou=0.0141
  Epoch 13 [150/537] loss=0.0845 mask=0.0708 iou=0.0137
  Epoch 13 [160/537] loss=0.0871 mask=0.0730 iou=0.0140
  Epoch 13 [170/537] loss=0.0859 mask=0.0721 iou=0.0138
  Epoch 13 [180/537] loss=0.0861 mask=0.0723 iou=0.0138
  Epoch 13 [190/537] loss=0.0845 mask=0.0711 iou=0.0134
  Epoch 13 [200/537] loss=0.0832 mask=0.0700 iou=0.0132
  Epoch 13 [210/537] loss=0.0833 mask=0.0701 iou=0.0132
  Epoch 13 [220/537] loss=0.0830 mask=0.0699 iou=0.0131
  Epoch 13 [230/537] loss=0.0837 mask=0.0706 iou=0.0131
  Epoch 13 [240/537] loss=0.0850 mask=0.0717 iou=0.0132
  Epoch 13 [250/537] loss=0.0848 mask=0.0715 iou=0.0133
  Epoch 13 [260/537] loss=0.0854 mask=0.0719 iou=0.0135
  Epoch 13 [270/537] loss=0.0855 mask=0.0720 iou=0.0135
  Epoch 13 [280/537] loss=0.0853 mask=0.0718 iou=0.0135
  Epoch 13 [290/537] loss=0.0860 mask=0.0724 iou=0.0136
  Epoch 13 [300/537] loss=0.0857 mask=0.0722 iou=0.0136
  Epoch 13 [310/537] loss=0.0855 mask=0.0719 iou=0.0136
  Epoch 13 [320/537] loss=0.0853 mask=0.0718 iou=0.0134
  Epoch 13 [330/537] loss=0.0851 mask=0.0718 iou=0.0133
  Epoch 13 [340/537] loss=0.0850 mask=0.0718 iou=0.0132
  Epoch 13 [350/537] loss=0.0856 mask=0.0721 iou=0.0135
  Epoch 13 [360/537] loss=0.0858 mask=0.0722 iou=0.0135
  Epoch 13 [370/537] loss=0.0864 mask=0.0728 iou=0.0136
  Epoch 13 [380/537] loss=0.0865 mask=0.0727 iou=0.0138
  Epoch 13 [390/537] loss=0.0870 mask=0.0732 iou=0.0139
  Epoch 13 [400/537] loss=0.0861 mask=0.0725 iou=0.0136
  Epoch 13 [410/537] loss=0.0863 mask=0.0726 iou=0.0136
  Epoch 13 [420/537] loss=0.0871 mask=0.0732 iou=0.0138
  Epoch 13 [430/537] loss=0.0873 mask=0.0734 iou=0.0139
  Epoch 13 [440/537] loss=0.0868 mask=0.0730 iou=0.0138
  Epoch 13 [450/537] loss=0.0873 mask=0.0734 iou=0.0139
  Epoch 13 [460/537] loss=0.0874 mask=0.0736 iou=0.0138
  Epoch 13 [470/537] loss=0.0870 mask=0.0733 iou=0.0137
  Epoch 13 [480/537] loss=0.0870 mask=0.0733 iou=0.0137
  Epoch 13 [490/537] loss=0.0870 mask=0.0734 iou=0.0136
  Epoch 13 [500/537] loss=0.0869 mask=0.0732 iou=0.0137
  Epoch 13 [510/537] loss=0.0870 mask=0.0732 iou=0.0138
  Epoch 13 [520/537] loss=0.0873 mask=0.0734 iou=0.0139
  Epoch 13 [530/537] loss=0.0869 mask=0.0731 iou=0.0138
  Train: loss=0.0873 mask=0.0733 iou=0.0140 time=581.3s
  Val epoch 13: loss=0.1853
  Saved best phase1 model (val_loss=0.1853)

=== Phase1 Epoch 14/49 ===
  Epoch 14 [10/537] loss=0.0800 mask=0.0671 iou=0.0129
  Epoch 14 [20/537] loss=0.0797 mask=0.0661 iou=0.0136
  Epoch 14 [30/537] loss=0.0815 mask=0.0685 iou=0.0130
  Epoch 14 [40/537] loss=0.0847 mask=0.0723 iou=0.0124
  Epoch 14 [50/537] loss=0.0785 mask=0.0677 iou=0.0108
  Epoch 14 [60/537] loss=0.0836 mask=0.0706 iou=0.0130
  Epoch 14 [70/537] loss=0.0803 mask=0.0679 iou=0.0124
  Epoch 14 [80/537] loss=0.0772 mask=0.0652 iou=0.0120
  Epoch 14 [90/537] loss=0.0758 mask=0.0636 iou=0.0122
  Epoch 14 [100/537] loss=0.0756 mask=0.0631 iou=0.0125
  Epoch 14 [110/537] loss=0.0739 mask=0.0620 iou=0.0119
  Epoch 14 [120/537] loss=0.0758 mask=0.0633 iou=0.0126
  Epoch 14 [130/537] loss=0.0748 mask=0.0626 iou=0.0123
  Epoch 14 [140/537] loss=0.0763 mask=0.0641 iou=0.0121
  Epoch 14 [150/537] loss=0.0757 mask=0.0636 iou=0.0121
  Epoch 14 [160/537] loss=0.0781 mask=0.0654 iou=0.0127
  Epoch 14 [170/537] loss=0.0783 mask=0.0659 iou=0.0125
  Epoch 14 [180/537] loss=0.0830 mask=0.0695 iou=0.0135
  Epoch 14 [190/537] loss=0.0842 mask=0.0705 iou=0.0137
  Epoch 14 [200/537] loss=0.0853 mask=0.0711 iou=0.0141
  Epoch 14 [210/537] loss=0.0869 mask=0.0727 iou=0.0142
  Epoch 14 [220/537] loss=0.0861 mask=0.0723 iou=0.0139
  Epoch 14 [230/537] loss=0.0852 mask=0.0717 iou=0.0135
  Epoch 14 [240/537] loss=0.0857 mask=0.0722 iou=0.0135
  Epoch 14 [250/537] loss=0.0853 mask=0.0719 iou=0.0134
  Epoch 14 [260/537] loss=0.0860 mask=0.0724 iou=0.0136
  Epoch 14 [270/537] loss=0.0862 mask=0.0727 iou=0.0134
  Epoch 14 [280/537] loss=0.0859 mask=0.0724 iou=0.0135
  Epoch 14 [290/537] loss=0.0854 mask=0.0720 iou=0.0134
  Epoch 14 [300/537] loss=0.0854 mask=0.0719 iou=0.0135
  Epoch 14 [310/537] loss=0.0850 mask=0.0715 iou=0.0135
  Epoch 14 [320/537] loss=0.0854 mask=0.0718 iou=0.0136
  Epoch 14 [330/537] loss=0.0860 mask=0.0722 iou=0.0138
  Epoch 14 [340/537] loss=0.0862 mask=0.0723 iou=0.0139
  Epoch 14 [350/537] loss=0.0871 mask=0.0730 iou=0.0141
  Epoch 14 [360/537] loss=0.0878 mask=0.0734 iou=0.0144
  Epoch 14 [370/537] loss=0.0874 mask=0.0731 iou=0.0143
  Epoch 14 [380/537] loss=0.0871 mask=0.0729 iou=0.0142
  Epoch 14 [390/537] loss=0.0874 mask=0.0732 iou=0.0142
  Epoch 14 [400/537] loss=0.0871 mask=0.0731 iou=0.0140
  Epoch 14 [410/537] loss=0.0866 mask=0.0727 iou=0.0139
  Epoch 14 [420/537] loss=0.0861 mask=0.0725 iou=0.0137
  Epoch 14 [430/537] loss=0.0858 mask=0.0722 iou=0.0136
  Epoch 14 [440/537] loss=0.0861 mask=0.0724 iou=0.0137
  Epoch 14 [450/537] loss=0.0856 mask=0.0720 iou=0.0136
  Epoch 14 [460/537] loss=0.0859 mask=0.0722 iou=0.0138
  Epoch 14 [470/537] loss=0.0860 mask=0.0722 iou=0.0138
  Epoch 14 [480/537] loss=0.0859 mask=0.0722 iou=0.0137
  Epoch 14 [490/537] loss=0.0861 mask=0.0723 iou=0.0138
  Epoch 14 [500/537] loss=0.0859 mask=0.0722 iou=0.0137
  Epoch 14 [510/537] loss=0.0855 mask=0.0719 iou=0.0136
  Epoch 14 [520/537] loss=0.0857 mask=0.0720 iou=0.0137
  Epoch 14 [530/537] loss=0.0852 mask=0.0717 iou=0.0135
  Train: loss=0.0864 mask=0.0727 iou=0.0137 time=587.6s
  Val epoch 14: loss=0.1863

=== Phase1 Epoch 15/49 ===
  Epoch 15 [10/537] loss=0.0802 mask=0.0697 iou=0.0104
  Epoch 15 [20/537] loss=0.0839 mask=0.0726 iou=0.0113
  Epoch 15 [30/537] loss=0.0781 mask=0.0673 iou=0.0108
  Epoch 15 [40/537] loss=0.0790 mask=0.0680 iou=0.0110
  Epoch 15 [50/537] loss=0.0807 mask=0.0695 iou=0.0112
  Epoch 15 [60/537] loss=0.0797 mask=0.0689 iou=0.0108
  Epoch 15 [70/537] loss=0.0826 mask=0.0710 iou=0.0116
  Epoch 15 [80/537] loss=0.0836 mask=0.0716 iou=0.0120
  Epoch 15 [90/537] loss=0.0814 mask=0.0698 iou=0.0116
  Epoch 15 [100/537] loss=0.0828 mask=0.0704 iou=0.0123
  Epoch 15 [110/537] loss=0.0819 mask=0.0699 iou=0.0120
  Epoch 15 [120/537] loss=0.0837 mask=0.0714 iou=0.0123
  Epoch 15 [130/537] loss=0.0850 mask=0.0724 iou=0.0127
  Epoch 15 [140/537] loss=0.0878 mask=0.0742 iou=0.0136
  Epoch 15 [150/537] loss=0.0874 mask=0.0737 iou=0.0137
  Epoch 15 [160/537] loss=0.0876 mask=0.0738 iou=0.0138
  Epoch 15 [170/537] loss=0.0870 mask=0.0737 iou=0.0133
  Epoch 15 [180/537] loss=0.0852 mask=0.0721 iou=0.0131
  Epoch 15 [190/537] loss=0.0848 mask=0.0717 iou=0.0131
  Epoch 15 [200/537] loss=0.0857 mask=0.0725 iou=0.0132
  Epoch 15 [210/537] loss=0.0862 mask=0.0728 iou=0.0134
  Epoch 15 [220/537] loss=0.0856 mask=0.0723 iou=0.0133
  Epoch 15 [230/537] loss=0.0860 mask=0.0726 iou=0.0135
  Epoch 15 [240/537] loss=0.0860 mask=0.0726 iou=0.0134
  Epoch 15 [250/537] loss=0.0861 mask=0.0727 iou=0.0133
  Epoch 15 [260/537] loss=0.0857 mask=0.0724 iou=0.0134
  Epoch 15 [270/537] loss=0.0857 mask=0.0725 iou=0.0132
  Epoch 15 [280/537] loss=0.0849 mask=0.0719 iou=0.0130
  Epoch 15 [290/537] loss=0.0848 mask=0.0719 iou=0.0129
  Epoch 15 [300/537] loss=0.0846 mask=0.0717 iou=0.0128
  Epoch 15 [310/537] loss=0.0854 mask=0.0726 iou=0.0128
  Epoch 15 [320/537] loss=0.0855 mask=0.0725 iou=0.0130
  Epoch 15 [330/537] loss=0.0852 mask=0.0722 iou=0.0130
  Epoch 15 [340/537] loss=0.0846 mask=0.0717 iou=0.0129
  Epoch 15 [350/537] loss=0.0852 mask=0.0720 iou=0.0132
  Epoch 15 [360/537] loss=0.0851 mask=0.0718 iou=0.0132
  Epoch 15 [370/537] loss=0.0847 mask=0.0716 iou=0.0132
  Epoch 15 [380/537] loss=0.0843 mask=0.0712 iou=0.0131
  Epoch 15 [390/537] loss=0.0840 mask=0.0710 iou=0.0130
  Epoch 15 [400/537] loss=0.0833 mask=0.0705 iou=0.0128
  Epoch 15 [410/537] loss=0.0830 mask=0.0702 iou=0.0128
  Epoch 15 [420/537] loss=0.0826 mask=0.0699 iou=0.0127
  Epoch 15 [430/537] loss=0.0822 mask=0.0697 iou=0.0125
  Epoch 15 [440/537] loss=0.0826 mask=0.0699 iou=0.0127
  Epoch 15 [450/537] loss=0.0826 mask=0.0699 iou=0.0127
  Epoch 15 [460/537] loss=0.0826 mask=0.0698 iou=0.0128
  Epoch 15 [470/537] loss=0.0823 mask=0.0696 iou=0.0127
  Epoch 15 [480/537] loss=0.0828 mask=0.0699 iou=0.0129
  Epoch 15 [490/537] loss=0.0827 mask=0.0699 iou=0.0127
  Epoch 15 [500/537] loss=0.0820 mask=0.0694 iou=0.0126
  Epoch 15 [510/537] loss=0.0817 mask=0.0692 iou=0.0125
  Epoch 15 [520/537] loss=0.0814 mask=0.0690 iou=0.0124
  Epoch 15 [530/537] loss=0.0811 mask=0.0688 iou=0.0123
  Train: loss=0.0833 mask=0.0703 iou=0.0130 time=578.6s
  Val epoch 15: loss=0.1959

=== Phase1 Epoch 16/49 ===
  Epoch 16 [10/537] loss=0.0981 mask=0.0798 iou=0.0184
  Epoch 16 [20/537] loss=0.1032 mask=0.0844 iou=0.0188
  Epoch 16 [30/537] loss=0.1021 mask=0.0844 iou=0.0177
  Epoch 16 [40/537] loss=0.1015 mask=0.0848 iou=0.0167
  Epoch 16 [50/537] loss=0.1011 mask=0.0848 iou=0.0163
  Epoch 16 [60/537] loss=0.0969 mask=0.0810 iou=0.0160
  Epoch 16 [70/537] loss=0.0910 mask=0.0762 iou=0.0147
  Epoch 16 [80/537] loss=0.0910 mask=0.0764 iou=0.0146
  Epoch 16 [90/537] loss=0.0875 mask=0.0736 iou=0.0139
  Epoch 16 [100/537] loss=0.0861 mask=0.0725 iou=0.0137
  Epoch 16 [110/537] loss=0.0860 mask=0.0723 iou=0.0137
  Epoch 16 [120/537] loss=0.0838 mask=0.0703 iou=0.0135
  Epoch 16 [130/537] loss=0.0831 mask=0.0700 iou=0.0131
  Epoch 16 [140/537] loss=0.0846 mask=0.0711 iou=0.0135
  Epoch 16 [150/537] loss=0.0868 mask=0.0731 iou=0.0138
  Epoch 16 [160/537] loss=0.0857 mask=0.0723 iou=0.0134
  Epoch 16 [170/537] loss=0.0873 mask=0.0734 iou=0.0139
  Epoch 16 [180/537] loss=0.0862 mask=0.0727 iou=0.0135
  Epoch 16 [190/537] loss=0.0860 mask=0.0726 iou=0.0135
  Epoch 16 [200/537] loss=0.0857 mask=0.0723 iou=0.0134
  Epoch 16 [210/537] loss=0.0856 mask=0.0721 iou=0.0135
  Epoch 16 [220/537] loss=0.0847 mask=0.0715 iou=0.0132
  Epoch 16 [230/537] loss=0.0848 mask=0.0714 iou=0.0134
  Epoch 16 [240/537] loss=0.0853 mask=0.0718 iou=0.0134
  Epoch 16 [250/537] loss=0.0853 mask=0.0719 iou=0.0134
  Epoch 16 [260/537] loss=0.0855 mask=0.0722 iou=0.0133
  Epoch 16 [270/537] loss=0.0847 mask=0.0717 iou=0.0130
  Epoch 16 [280/537] loss=0.0844 mask=0.0713 iou=0.0131
  Epoch 16 [290/537] loss=0.0847 mask=0.0718 iou=0.0129
  Epoch 16 [300/537] loss=0.0850 mask=0.0721 iou=0.0129
  Epoch 16 [310/537] loss=0.0845 mask=0.0717 iou=0.0128
  Epoch 16 [320/537] loss=0.0835 mask=0.0710 iou=0.0125
  Epoch 16 [330/537] loss=0.0834 mask=0.0709 iou=0.0125
  Epoch 16 [340/537] loss=0.0833 mask=0.0708 iou=0.0125
  Epoch 16 [350/537] loss=0.0828 mask=0.0705 iou=0.0123
  Epoch 16 [360/537] loss=0.0826 mask=0.0704 iou=0.0122
  Epoch 16 [370/537] loss=0.0828 mask=0.0705 iou=0.0123
  Epoch 16 [380/537] loss=0.0822 mask=0.0700 iou=0.0123
  Epoch 16 [390/537] loss=0.0820 mask=0.0698 iou=0.0123
  Epoch 16 [400/537] loss=0.0815 mask=0.0694 iou=0.0122
  Epoch 16 [410/537] loss=0.0810 mask=0.0690 iou=0.0121
  Epoch 16 [420/537] loss=0.0808 mask=0.0689 iou=0.0119
  Epoch 16 [430/537] loss=0.0808 mask=0.0689 iou=0.0119
  Epoch 16 [440/537] loss=0.0815 mask=0.0694 iou=0.0121
  Epoch 16 [450/537] loss=0.0810 mask=0.0690 iou=0.0120
  Epoch 16 [460/537] loss=0.0820 mask=0.0697 iou=0.0123
  Epoch 16 [470/537] loss=0.0818 mask=0.0695 iou=0.0123
  Epoch 16 [480/537] loss=0.0818 mask=0.0696 iou=0.0122
  Epoch 16 [490/537] loss=0.0824 mask=0.0699 iou=0.0124
  Epoch 16 [500/537] loss=0.0833 mask=0.0707 iou=0.0126
  Epoch 16 [510/537] loss=0.0828 mask=0.0703 iou=0.0125
  Epoch 16 [520/537] loss=0.0822 mask=0.0698 iou=0.0124
  Epoch 16 [530/537] loss=0.0818 mask=0.0696 iou=0.0123
  Train: loss=0.0825 mask=0.0703 iou=0.0123 time=584.5s
  Val epoch 16: loss=0.1902

=== Phase1 Epoch 17/49 ===
  Epoch 17 [10/537] loss=0.0642 mask=0.0573 iou=0.0069
  Epoch 17 [20/537] loss=0.0552 mask=0.0494 iou=0.0059
  Epoch 17 [30/537] loss=0.0660 mask=0.0563 iou=0.0098
  Epoch 17 [40/537] loss=0.0699 mask=0.0574 iou=0.0125
  Epoch 17 [50/537] loss=0.0733 mask=0.0610 iou=0.0122
  Epoch 17 [60/537] loss=0.0750 mask=0.0622 iou=0.0128
  Epoch 17 [70/537] loss=0.0796 mask=0.0655 iou=0.0141
  Epoch 17 [80/537] loss=0.0800 mask=0.0665 iou=0.0135
  Epoch 17 [90/537] loss=0.0812 mask=0.0671 iou=0.0141
  Epoch 17 [100/537] loss=0.0828 mask=0.0681 iou=0.0147
  Epoch 17 [110/537] loss=0.0855 mask=0.0703 iou=0.0152
  Epoch 17 [120/537] loss=0.0877 mask=0.0723 iou=0.0154
  Epoch 17 [130/537] loss=0.0882 mask=0.0728 iou=0.0154
  Epoch 17 [140/537] loss=0.0871 mask=0.0723 iou=0.0148
  Epoch 17 [150/537] loss=0.0873 mask=0.0722 iou=0.0150
  Epoch 17 [160/537] loss=0.0880 mask=0.0729 iou=0.0151
  Epoch 17 [170/537] loss=0.0864 mask=0.0718 iou=0.0146
  Epoch 17 [180/537] loss=0.0851 mask=0.0709 iou=0.0143
  Epoch 17 [190/537] loss=0.0858 mask=0.0712 iou=0.0147
  Epoch 17 [200/537] loss=0.0844 mask=0.0702 iou=0.0142
  Epoch 17 [210/537] loss=0.0855 mask=0.0712 iou=0.0144
  Epoch 17 [220/537] loss=0.0848 mask=0.0706 iou=0.0142
  Epoch 17 [230/537] loss=0.0841 mask=0.0700 iou=0.0142
  Epoch 17 [240/537] loss=0.0831 mask=0.0692 iou=0.0139
  Epoch 17 [250/537] loss=0.0835 mask=0.0693 iou=0.0142
  Epoch 17 [260/537] loss=0.0841 mask=0.0698 iou=0.0143
  Epoch 17 [270/537] loss=0.0835 mask=0.0695 iou=0.0140
  Epoch 17 [280/537] loss=0.0837 mask=0.0696 iou=0.0141
  Epoch 17 [290/537] loss=0.0837 mask=0.0696 iou=0.0142
  Epoch 17 [300/537] loss=0.0832 mask=0.0693 iou=0.0140
  Epoch 17 [310/537] loss=0.0827 mask=0.0689 iou=0.0138
  Epoch 17 [320/537] loss=0.0826 mask=0.0690 iou=0.0136
  Epoch 17 [330/537] loss=0.0831 mask=0.0694 iou=0.0136
  Epoch 17 [340/537] loss=0.0832 mask=0.0696 iou=0.0136
  Epoch 17 [350/537] loss=0.0829 mask=0.0695 iou=0.0134
  Epoch 17 [360/537] loss=0.0830 mask=0.0697 iou=0.0133
  Epoch 17 [370/537] loss=0.0828 mask=0.0696 iou=0.0133
  Epoch 17 [380/537] loss=0.0829 mask=0.0696 iou=0.0133
  Epoch 17 [390/537] loss=0.0834 mask=0.0698 iou=0.0135
  Epoch 17 [400/537] loss=0.0836 mask=0.0700 iou=0.0136
  Epoch 17 [410/537] loss=0.0829 mask=0.0694 iou=0.0135
  Epoch 17 [420/537] loss=0.0828 mask=0.0694 iou=0.0133
  Epoch 17 [430/537] loss=0.0824 mask=0.0691 iou=0.0133
  Epoch 17 [440/537] loss=0.0820 mask=0.0688 iou=0.0132
  Epoch 17 [450/537] loss=0.0817 mask=0.0687 iou=0.0131
  Epoch 17 [460/537] loss=0.0813 mask=0.0683 iou=0.0130
  Epoch 17 [470/537] loss=0.0816 mask=0.0685 iou=0.0131
  Epoch 17 [480/537] loss=0.0816 mask=0.0686 iou=0.0131
  Epoch 17 [490/537] loss=0.0815 mask=0.0685 iou=0.0130
  Epoch 17 [500/537] loss=0.0824 mask=0.0692 iou=0.0132
  Epoch 17 [510/537] loss=0.0825 mask=0.0693 iou=0.0132
  Epoch 17 [520/537] loss=0.0824 mask=0.0693 iou=0.0131
  Epoch 17 [530/537] loss=0.0827 mask=0.0696 iou=0.0131
  Train: loss=0.0830 mask=0.0698 iou=0.0132 time=618.7s
  Val epoch 17: loss=0.1779
  Saved best phase1 model (val_loss=0.1779)

=== Phase1 Epoch 18/49 ===
  Epoch 18 [10/537] loss=0.0891 mask=0.0757 iou=0.0133
  Epoch 18 [20/537] loss=0.0938 mask=0.0776 iou=0.0162
  Epoch 18 [30/537] loss=0.0846 mask=0.0711 iou=0.0135
  Epoch 18 [40/537] loss=0.0775 mask=0.0654 iou=0.0121
  Epoch 18 [50/537] loss=0.0758 mask=0.0645 iou=0.0112
  Epoch 18 [60/537] loss=0.0756 mask=0.0649 iou=0.0106
  Epoch 18 [70/537] loss=0.0778 mask=0.0667 iou=0.0112
  Epoch 18 [80/537] loss=0.0785 mask=0.0674 iou=0.0112
  Epoch 18 [90/537] loss=0.0806 mask=0.0693 iou=0.0113
  Epoch 18 [100/537] loss=0.0780 mask=0.0674 iou=0.0106
  Epoch 18 [110/537] loss=0.0765 mask=0.0663 iou=0.0103
  Epoch 18 [120/537] loss=0.0783 mask=0.0676 iou=0.0108
  Epoch 18 [130/537] loss=0.0774 mask=0.0667 iou=0.0107
  Epoch 18 [140/537] loss=0.0773 mask=0.0668 iou=0.0105
  Epoch 18 [150/537] loss=0.0790 mask=0.0679 iou=0.0111
  Epoch 18 [160/537] loss=0.0808 mask=0.0695 iou=0.0113
  Epoch 18 [170/537] loss=0.0808 mask=0.0697 iou=0.0111
  Epoch 18 [180/537] loss=0.0794 mask=0.0686 iou=0.0108
  Epoch 18 [190/537] loss=0.0793 mask=0.0684 iou=0.0108
  Epoch 18 [200/537] loss=0.0788 mask=0.0680 iou=0.0108
  Epoch 18 [210/537] loss=0.0775 mask=0.0669 iou=0.0106
  Epoch 18 [220/537] loss=0.0769 mask=0.0664 iou=0.0105
  Epoch 18 [230/537] loss=0.0774 mask=0.0665 iou=0.0109
  Epoch 18 [240/537] loss=0.0775 mask=0.0664 iou=0.0111
  Epoch 18 [250/537] loss=0.0774 mask=0.0664 iou=0.0110
  Epoch 18 [260/537] loss=0.0773 mask=0.0662 iou=0.0111
  Epoch 18 [270/537] loss=0.0776 mask=0.0666 iou=0.0110
  Epoch 18 [280/537] loss=0.0791 mask=0.0677 iou=0.0114
  Epoch 18 [290/537] loss=0.0788 mask=0.0675 iou=0.0113
  Epoch 18 [300/537] loss=0.0783 mask=0.0670 iou=0.0112
  Epoch 18 [310/537] loss=0.0789 mask=0.0676 iou=0.0113
  Epoch 18 [320/537] loss=0.0793 mask=0.0678 iou=0.0115
  Epoch 18 [330/537] loss=0.0787 mask=0.0674 iou=0.0113
  Epoch 18 [340/537] loss=0.0793 mask=0.0678 iou=0.0115
  Epoch 18 [350/537] loss=0.0802 mask=0.0685 iou=0.0117
  Epoch 18 [360/537] loss=0.0808 mask=0.0690 iou=0.0118
  Epoch 18 [370/537] loss=0.0807 mask=0.0690 iou=0.0117
  Epoch 18 [380/537] loss=0.0805 mask=0.0689 iou=0.0117
  Epoch 18 [390/537] loss=0.0799 mask=0.0684 iou=0.0115
  Epoch 18 [400/537] loss=0.0800 mask=0.0684 iou=0.0116
  Epoch 18 [410/537] loss=0.0802 mask=0.0686 iou=0.0116
  Epoch 18 [420/537] loss=0.0801 mask=0.0684 iou=0.0116
  Epoch 18 [430/537] loss=0.0801 mask=0.0685 iou=0.0117
  Epoch 18 [440/537] loss=0.0799 mask=0.0683 iou=0.0116
  Epoch 18 [450/537] loss=0.0803 mask=0.0686 iou=0.0117
  Epoch 18 [460/537] loss=0.0805 mask=0.0687 iou=0.0118
  Epoch 18 [470/537] loss=0.0801 mask=0.0684 iou=0.0117
  Epoch 18 [480/537] loss=0.0802 mask=0.0684 iou=0.0118
  Epoch 18 [490/537] loss=0.0806 mask=0.0687 iou=0.0119
  Epoch 18 [500/537] loss=0.0802 mask=0.0684 iou=0.0118
  Epoch 18 [510/537] loss=0.0804 mask=0.0685 iou=0.0118
  Epoch 18 [520/537] loss=0.0801 mask=0.0683 iou=0.0118
  Epoch 18 [530/537] loss=0.0803 mask=0.0684 iou=0.0119
  Train: loss=0.0817 mask=0.0698 iou=0.0120 time=578.9s
  Val epoch 18: loss=0.1755
  Saved best phase1 model (val_loss=0.1755)

=== Phase1 Epoch 19/49 ===
  Epoch 19 [10/537] loss=0.0918 mask=0.0779 iou=0.0139
  Epoch 19 [20/537] loss=0.0921 mask=0.0775 iou=0.0146
  Epoch 19 [30/537] loss=0.1048 mask=0.0870 iou=0.0178
  Epoch 19 [40/537] loss=0.0947 mask=0.0794 iou=0.0152
  Epoch 19 [50/537] loss=0.0878 mask=0.0739 iou=0.0139
  Epoch 19 [60/537] loss=0.0828 mask=0.0700 iou=0.0128
  Epoch 19 [70/537] loss=0.0847 mask=0.0714 iou=0.0133
  Epoch 19 [80/537] loss=0.0859 mask=0.0724 iou=0.0135
  Epoch 19 [90/537] loss=0.0849 mask=0.0715 iou=0.0134
  Epoch 19 [100/537] loss=0.0841 mask=0.0711 iou=0.0129
  Epoch 19 [110/537] loss=0.0822 mask=0.0697 iou=0.0125
  Epoch 19 [120/537] loss=0.0799 mask=0.0680 iou=0.0119
  Epoch 19 [130/537] loss=0.0791 mask=0.0677 iou=0.0114
  Epoch 19 [140/537] loss=0.0788 mask=0.0676 iou=0.0112
  Epoch 19 [150/537] loss=0.0795 mask=0.0683 iou=0.0112
  Epoch 19 [160/537] loss=0.0807 mask=0.0689 iou=0.0118
  Epoch 19 [170/537] loss=0.0811 mask=0.0691 iou=0.0120
  Epoch 19 [180/537] loss=0.0809 mask=0.0691 iou=0.0118
  Epoch 19 [190/537] loss=0.0804 mask=0.0687 iou=0.0117
  Epoch 19 [200/537] loss=0.0819 mask=0.0698 iou=0.0121
  Epoch 19 [210/537] loss=0.0828 mask=0.0704 iou=0.0123
  Epoch 19 [220/537] loss=0.0829 mask=0.0708 iou=0.0122
  Epoch 19 [230/537] loss=0.0843 mask=0.0719 iou=0.0123
  Epoch 19 [240/537] loss=0.0849 mask=0.0723 iou=0.0126
  Epoch 19 [250/537] loss=0.0843 mask=0.0718 iou=0.0125
  Epoch 19 [260/537] loss=0.0839 mask=0.0716 iou=0.0123
  Epoch 19 [270/537] loss=0.0832 mask=0.0710 iou=0.0121
  Epoch 19 [280/537] loss=0.0835 mask=0.0710 iou=0.0125
  Epoch 19 [290/537] loss=0.0834 mask=0.0709 iou=0.0125
  Epoch 19 [300/537] loss=0.0830 mask=0.0706 iou=0.0123
  Epoch 19 [310/537] loss=0.0828 mask=0.0703 iou=0.0125
  Epoch 19 [320/537] loss=0.0824 mask=0.0700 iou=0.0124
  Epoch 19 [330/537] loss=0.0822 mask=0.0698 iou=0.0123
  Epoch 19 [340/537] loss=0.0817 mask=0.0695 iou=0.0122
  Epoch 19 [350/537] loss=0.0811 mask=0.0691 iou=0.0120
  Epoch 19 [360/537] loss=0.0809 mask=0.0690 iou=0.0120
  Epoch 19 [370/537] loss=0.0810 mask=0.0690 iou=0.0119
  Epoch 19 [380/537] loss=0.0803 mask=0.0685 iou=0.0118
  Epoch 19 [390/537] loss=0.0798 mask=0.0682 iou=0.0116
  Epoch 19 [400/537] loss=0.0797 mask=0.0680 iou=0.0117
  Epoch 19 [410/537] loss=0.0796 mask=0.0679 iou=0.0117
  Epoch 19 [420/537] loss=0.0792 mask=0.0676 iou=0.0116
  Epoch 19 [430/537] loss=0.0790 mask=0.0675 iou=0.0115
  Epoch 19 [440/537] loss=0.0785 mask=0.0671 iou=0.0114
  Epoch 19 [450/537] loss=0.0787 mask=0.0673 iou=0.0114
  Epoch 19 [460/537] loss=0.0792 mask=0.0678 iou=0.0114
  Epoch 19 [470/537] loss=0.0796 mask=0.0680 iou=0.0116
  Epoch 19 [480/537] loss=0.0794 mask=0.0678 iou=0.0115
  Epoch 19 [490/537] loss=0.0795 mask=0.0679 iou=0.0116
  Epoch 19 [500/537] loss=0.0796 mask=0.0680 iou=0.0116
  Epoch 19 [510/537] loss=0.0794 mask=0.0678 iou=0.0116
  Epoch 19 [520/537] loss=0.0792 mask=0.0677 iou=0.0115
  Epoch 19 [530/537] loss=0.0793 mask=0.0678 iou=0.0115
  Train: loss=0.0798 mask=0.0684 iou=0.0114 time=561.5s
  Val epoch 19: loss=0.1804

=== Phase1 Epoch 20/49 ===
  Epoch 20 [10/537] loss=0.0560 mask=0.0504 iou=0.0057
  Epoch 20 [20/537] loss=0.0623 mask=0.0543 iou=0.0080
  Epoch 20 [30/537] loss=0.0705 mask=0.0603 iou=0.0102
  Epoch 20 [40/537] loss=0.0702 mask=0.0599 iou=0.0102
  Epoch 20 [50/537] loss=0.0727 mask=0.0631 iou=0.0097
  Epoch 20 [60/537] loss=0.0740 mask=0.0642 iou=0.0098
  Epoch 20 [70/537] loss=0.0720 mask=0.0629 iou=0.0091
  Epoch 20 [80/537] loss=0.0720 mask=0.0627 iou=0.0093
  Epoch 20 [90/537] loss=0.0745 mask=0.0644 iou=0.0101
  Epoch 20 [100/537] loss=0.0751 mask=0.0647 iou=0.0105
  Epoch 20 [110/537] loss=0.0814 mask=0.0695 iou=0.0119
  Epoch 20 [120/537] loss=0.0799 mask=0.0683 iou=0.0117
  Epoch 20 [130/537] loss=0.0784 mask=0.0670 iou=0.0115
  Epoch 20 [140/537] loss=0.0764 mask=0.0652 iou=0.0111
  Epoch 20 [150/537] loss=0.0765 mask=0.0654 iou=0.0112
  Epoch 20 [160/537] loss=0.0762 mask=0.0651 iou=0.0110
  Epoch 20 [170/537] loss=0.0758 mask=0.0650 iou=0.0109
  Epoch 20 [180/537] loss=0.0765 mask=0.0655 iou=0.0110
  Epoch 20 [190/537] loss=0.0793 mask=0.0675 iou=0.0118
  Epoch 20 [200/537] loss=0.0785 mask=0.0670 iou=0.0115
  Epoch 20 [210/537] loss=0.0784 mask=0.0670 iou=0.0114
  Epoch 20 [220/537] loss=0.0784 mask=0.0671 iou=0.0112
  Epoch 20 [230/537] loss=0.0774 mask=0.0663 iou=0.0111
  Epoch 20 [240/537] loss=0.0776 mask=0.0664 iou=0.0112
  Epoch 20 [250/537] loss=0.0777 mask=0.0666 iou=0.0111
  Epoch 20 [260/537] loss=0.0773 mask=0.0663 iou=0.0110
  Epoch 20 [270/537] loss=0.0770 mask=0.0660 iou=0.0110
  Epoch 20 [280/537] loss=0.0774 mask=0.0662 iou=0.0111
  Epoch 20 [290/537] loss=0.0768 mask=0.0658 iou=0.0110
  Epoch 20 [300/537] loss=0.0766 mask=0.0656 iou=0.0110
  Epoch 20 [310/537] loss=0.0767 mask=0.0657 iou=0.0110
  Epoch 20 [320/537] loss=0.0776 mask=0.0664 iou=0.0112
  Epoch 20 [330/537] loss=0.0764 mask=0.0654 iou=0.0110
  Epoch 20 [340/537] loss=0.0761 mask=0.0652 iou=0.0109
  Epoch 20 [350/537] loss=0.0761 mask=0.0653 iou=0.0109
  Epoch 20 [360/537] loss=0.0762 mask=0.0654 iou=0.0108
  Epoch 20 [370/537] loss=0.0758 mask=0.0650 iou=0.0107
  Epoch 20 [380/537] loss=0.0760 mask=0.0652 iou=0.0109
  Epoch 20 [390/537] loss=0.0759 mask=0.0651 iou=0.0108
  Epoch 20 [400/537] loss=0.0762 mask=0.0653 iou=0.0108
  Epoch 20 [410/537] loss=0.0760 mask=0.0652 iou=0.0107
  Epoch 20 [420/537] loss=0.0758 mask=0.0651 iou=0.0107
  Epoch 20 [430/537] loss=0.0761 mask=0.0653 iou=0.0108
  Epoch 20 [440/537] loss=0.0765 mask=0.0656 iou=0.0109
  Epoch 20 [450/537] loss=0.0760 mask=0.0652 iou=0.0108
  Epoch 20 [460/537] loss=0.0765 mask=0.0656 iou=0.0109
  Epoch 20 [470/537] loss=0.0763 mask=0.0655 iou=0.0108
  Epoch 20 [480/537] loss=0.0759 mask=0.0652 iou=0.0108
  Epoch 20 [490/537] loss=0.0758 mask=0.0650 iou=0.0108
  Epoch 20 [500/537] loss=0.0760 mask=0.0651 iou=0.0109
  Epoch 20 [510/537] loss=0.0759 mask=0.0650 iou=0.0109
  Epoch 20 [520/537] loss=0.0758 mask=0.0649 iou=0.0109
  Epoch 20 [530/537] loss=0.0767 mask=0.0655 iou=0.0111
  Train: loss=0.0773 mask=0.0660 iou=0.0112 time=574.4s
  Val epoch 20: loss=0.1884

=== Phase1 Epoch 21/49 ===
  Epoch 21 [10/537] loss=0.0834 mask=0.0691 iou=0.0143
  Epoch 21 [20/537] loss=0.0681 mask=0.0574 iou=0.0108
  Epoch 21 [30/537] loss=0.0714 mask=0.0605 iou=0.0109
  Epoch 21 [40/537] loss=0.0713 mask=0.0614 iou=0.0099
  Epoch 21 [50/537] loss=0.0674 mask=0.0581 iou=0.0094
  Epoch 21 [60/537] loss=0.0682 mask=0.0593 iou=0.0090
  Epoch 21 [70/537] loss=0.0692 mask=0.0604 iou=0.0088
  Epoch 21 [80/537] loss=0.0690 mask=0.0603 iou=0.0087
  Epoch 21 [90/537] loss=0.0700 mask=0.0612 iou=0.0088
  Epoch 21 [100/537] loss=0.0684 mask=0.0596 iou=0.0088
  Epoch 21 [110/537] loss=0.0678 mask=0.0591 iou=0.0087
  Epoch 21 [120/537] loss=0.0687 mask=0.0600 iou=0.0087
  Epoch 21 [130/537] loss=0.0688 mask=0.0602 iou=0.0086
  Epoch 21 [140/537] loss=0.0677 mask=0.0593 iou=0.0083
  Epoch 21 [150/537] loss=0.0695 mask=0.0609 iou=0.0086
  Epoch 21 [160/537] loss=0.0699 mask=0.0608 iou=0.0091
  Epoch 21 [170/537] loss=0.0699 mask=0.0608 iou=0.0091
  Epoch 21 [180/537] loss=0.0699 mask=0.0606 iou=0.0093
  Epoch 21 [190/537] loss=0.0689 mask=0.0598 iou=0.0090
  Epoch 21 [200/537] loss=0.0680 mask=0.0590 iou=0.0089
  Epoch 21 [210/537] loss=0.0689 mask=0.0595 iou=0.0094
  Epoch 21 [220/537] loss=0.0690 mask=0.0596 iou=0.0094
  Epoch 21 [230/537] loss=0.0705 mask=0.0608 iou=0.0097
  Epoch 21 [240/537] loss=0.0718 mask=0.0617 iou=0.0101
  Epoch 21 [250/537] loss=0.0714 mask=0.0614 iou=0.0100
  Epoch 21 [260/537] loss=0.0718 mask=0.0618 iou=0.0099
  Epoch 21 [270/537] loss=0.0710 mask=0.0612 iou=0.0098
  Epoch 21 [280/537] loss=0.0704 mask=0.0607 iou=0.0096
  Epoch 21 [290/537] loss=0.0707 mask=0.0611 iou=0.0096
  Epoch 21 [300/537] loss=0.0700 mask=0.0605 iou=0.0095
  Epoch 21 [310/537] loss=0.0711 mask=0.0614 iou=0.0097
  Epoch 21 [320/537] loss=0.0714 mask=0.0617 iou=0.0096
  Epoch 21 [330/537] loss=0.0710 mask=0.0614 iou=0.0096
  Epoch 21 [340/537] loss=0.0721 mask=0.0624 iou=0.0097
  Epoch 21 [350/537] loss=0.0724 mask=0.0627 iou=0.0097
  Epoch 21 [360/537] loss=0.0727 mask=0.0631 iou=0.0096
  Epoch 21 [370/537] loss=0.0722 mask=0.0627 iou=0.0095
  Epoch 21 [380/537] loss=0.0719 mask=0.0626 iou=0.0094
  Epoch 21 [390/537] loss=0.0724 mask=0.0628 iou=0.0095
  Epoch 21 [400/537] loss=0.0724 mask=0.0628 iou=0.0095
  Epoch 21 [410/537] loss=0.0724 mask=0.0628 iou=0.0096
  Epoch 21 [420/537] loss=0.0723 mask=0.0627 iou=0.0096
  Epoch 21 [430/537] loss=0.0726 mask=0.0629 iou=0.0097
  Epoch 21 [440/537] loss=0.0727 mask=0.0631 iou=0.0097
  Epoch 21 [450/537] loss=0.0729 mask=0.0632 iou=0.0098
  Epoch 21 [460/537] loss=0.0724 mask=0.0627 iou=0.0097
  Epoch 21 [470/537] loss=0.0721 mask=0.0625 iou=0.0096
  Epoch 21 [480/537] loss=0.0724 mask=0.0627 iou=0.0097
  Epoch 21 [490/537] loss=0.0727 mask=0.0629 iou=0.0098
  Epoch 21 [500/537] loss=0.0734 mask=0.0634 iou=0.0101
  Epoch 21 [510/537] loss=0.0733 mask=0.0633 iou=0.0100
  Epoch 21 [520/537] loss=0.0732 mask=0.0632 iou=0.0100
  Epoch 21 [530/537] loss=0.0734 mask=0.0634 iou=0.0101
  Train: loss=0.0747 mask=0.0646 iou=0.0101 time=1072.0s
  Val epoch 21: loss=0.1877

=== Phase1 Epoch 22/49 ===
  Epoch 22 [10/537] loss=0.0892 mask=0.0738 iou=0.0153
  Epoch 22 [20/537] loss=0.0756 mask=0.0641 iou=0.0115
  Epoch 22 [30/537] loss=0.0713 mask=0.0617 iou=0.0096
  Epoch 22 [40/537] loss=0.0700 mask=0.0617 iou=0.0084
  Epoch 22 [50/537] loss=0.0709 mask=0.0618 iou=0.0091
  Epoch 22 [60/537] loss=0.0698 mask=0.0609 iou=0.0089
  Epoch 22 [70/537] loss=0.0711 mask=0.0621 iou=0.0090
  Epoch 22 [80/537] loss=0.0692 mask=0.0606 iou=0.0086
  Epoch 22 [90/537] loss=0.0660 mask=0.0579 iou=0.0081
  Epoch 22 [100/537] loss=0.0655 mask=0.0573 iou=0.0082
  Epoch 22 [110/537] loss=0.0662 mask=0.0580 iou=0.0083
  Epoch 22 [120/537] loss=0.0663 mask=0.0578 iou=0.0085
  Epoch 22 [130/537] loss=0.0681 mask=0.0589 iou=0.0091
  Epoch 22 [140/537] loss=0.0679 mask=0.0586 iou=0.0093
  Epoch 22 [150/537] loss=0.0671 mask=0.0581 iou=0.0090
  Epoch 22 [160/537] loss=0.0700 mask=0.0597 iou=0.0103
  Epoch 22 [170/537] loss=0.0711 mask=0.0606 iou=0.0105
  Epoch 22 [180/537] loss=0.0715 mask=0.0611 iou=0.0104
  Epoch 22 [190/537] loss=0.0714 mask=0.0613 iou=0.0102
  Epoch 22 [200/537] loss=0.0709 mask=0.0609 iou=0.0100
  Epoch 22 [210/537] loss=0.0715 mask=0.0616 iou=0.0099
  Epoch 22 [220/537] loss=0.0719 mask=0.0620 iou=0.0098
  Epoch 22 [230/537] loss=0.0724 mask=0.0624 iou=0.0101
  Epoch 22 [240/537] loss=0.0745 mask=0.0639 iou=0.0105
  Epoch 22 [250/537] loss=0.0742 mask=0.0637 iou=0.0104
  Epoch 22 [260/537] loss=0.0741 mask=0.0637 iou=0.0104
  Epoch 22 [270/537] loss=0.0736 mask=0.0633 iou=0.0104
  Epoch 22 [280/537] loss=0.0739 mask=0.0634 iou=0.0104
  Epoch 22 [290/537] loss=0.0729 mask=0.0626 iou=0.0103
  Epoch 22 [300/537] loss=0.0727 mask=0.0625 iou=0.0102
  Epoch 22 [310/537] loss=0.0728 mask=0.0626 iou=0.0103
  Epoch 22 [320/537] loss=0.0727 mask=0.0625 iou=0.0103
  Epoch 22 [330/537] loss=0.0733 mask=0.0629 iou=0.0104
  Epoch 22 [340/537] loss=0.0728 mask=0.0624 iou=0.0104
  Epoch 22 [350/537] loss=0.0728 mask=0.0625 iou=0.0103
  Epoch 22 [360/537] loss=0.0738 mask=0.0633 iou=0.0105
  Epoch 22 [370/537] loss=0.0738 mask=0.0634 iou=0.0105
  Epoch 22 [380/537] loss=0.0736 mask=0.0632 iou=0.0104
  Epoch 22 [390/537] loss=0.0732 mask=0.0628 iou=0.0104
  Epoch 22 [400/537] loss=0.0739 mask=0.0633 iou=0.0105
  Epoch 22 [410/537] loss=0.0736 mask=0.0631 iou=0.0104
  Epoch 22 [420/537] loss=0.0739 mask=0.0634 iou=0.0104
  Epoch 22 [430/537] loss=0.0736 mask=0.0633 iou=0.0103
  Epoch 22 [440/537] loss=0.0732 mask=0.0630 iou=0.0102
  Epoch 22 [450/537] loss=0.0737 mask=0.0634 iou=0.0103
  Epoch 22 [460/537] loss=0.0738 mask=0.0635 iou=0.0104
  Epoch 22 [470/537] loss=0.0736 mask=0.0633 iou=0.0104
  Epoch 22 [480/537] loss=0.0743 mask=0.0639 iou=0.0104
  Epoch 22 [490/537] loss=0.0745 mask=0.0640 iou=0.0105
  Epoch 22 [500/537] loss=0.0748 mask=0.0642 iou=0.0106
  Epoch 22 [510/537] loss=0.0749 mask=0.0643 iou=0.0106
  Epoch 22 [520/537] loss=0.0751 mask=0.0644 iou=0.0107
  Epoch 22 [530/537] loss=0.0747 mask=0.0642 iou=0.0106
  Train: loss=0.0767 mask=0.0659 iou=0.0108 time=565.5s
  Val epoch 22: loss=0.1862

=== Phase1 Epoch 23/49 ===
  Epoch 23 [10/537] loss=0.0627 mask=0.0561 iou=0.0066
  Epoch 23 [20/537] loss=0.0690 mask=0.0617 iou=0.0073
  Epoch 23 [30/537] loss=0.0716 mask=0.0631 iou=0.0085
  Epoch 23 [40/537] loss=0.0684 mask=0.0603 iou=0.0082
  Epoch 23 [50/537] loss=0.0709 mask=0.0631 iou=0.0078
  Epoch 23 [60/537] loss=0.0783 mask=0.0684 iou=0.0100
  Epoch 23 [70/537] loss=0.0780 mask=0.0680 iou=0.0100
  Epoch 23 [80/537] loss=0.0768 mask=0.0668 iou=0.0100
  Epoch 23 [90/537] loss=0.0768 mask=0.0663 iou=0.0105
  Epoch 23 [100/537] loss=0.0746 mask=0.0647 iou=0.0100
  Epoch 23 [110/537] loss=0.0727 mask=0.0630 iou=0.0097
  Epoch 23 [120/537] loss=0.0740 mask=0.0637 iou=0.0103
  Epoch 23 [130/537] loss=0.0729 mask=0.0626 iou=0.0103
  Epoch 23 [140/537] loss=0.0740 mask=0.0638 iou=0.0102
  Epoch 23 [150/537] loss=0.0731 mask=0.0631 iou=0.0100
  Epoch 23 [160/537] loss=0.0718 mask=0.0619 iou=0.0099
  Epoch 23 [170/537] loss=0.0726 mask=0.0626 iou=0.0100
  Epoch 23 [180/537] loss=0.0725 mask=0.0626 iou=0.0099
  Epoch 23 [190/537] loss=0.0734 mask=0.0634 iou=0.0100
  Epoch 23 [200/537] loss=0.0745 mask=0.0643 iou=0.0103
  Epoch 23 [210/537] loss=0.0749 mask=0.0645 iou=0.0103
  Epoch 23 [220/537] loss=0.0742 mask=0.0640 iou=0.0101
  Epoch 23 [230/537] loss=0.0735 mask=0.0636 iou=0.0099
  Epoch 23 [240/537] loss=0.0743 mask=0.0642 iou=0.0102
  Epoch 23 [250/537] loss=0.0757 mask=0.0652 iou=0.0105
  Epoch 23 [260/537] loss=0.0760 mask=0.0654 iou=0.0106
  Epoch 23 [270/537] loss=0.0752 mask=0.0648 iou=0.0104
  Epoch 23 [280/537] loss=0.0747 mask=0.0644 iou=0.0103
  Epoch 23 [290/537] loss=0.0742 mask=0.0641 iou=0.0101
  Epoch 23 [300/537] loss=0.0739 mask=0.0639 iou=0.0100
  Epoch 23 [310/537] loss=0.0733 mask=0.0634 iou=0.0099
  Epoch 23 [320/537] loss=0.0725 mask=0.0628 iou=0.0097
  Epoch 23 [330/537] loss=0.0722 mask=0.0624 iou=0.0097
  Epoch 23 [340/537] loss=0.0719 mask=0.0623 iou=0.0096
  Epoch 23 [350/537] loss=0.0727 mask=0.0630 iou=0.0097
  Epoch 23 [360/537] loss=0.0724 mask=0.0628 iou=0.0096
  Epoch 23 [370/537] loss=0.0721 mask=0.0626 iou=0.0095
  Epoch 23 [380/537] loss=0.0722 mask=0.0627 iou=0.0096
  Epoch 23 [390/537] loss=0.0716 mask=0.0622 iou=0.0095
  Epoch 23 [400/537] loss=0.0717 mask=0.0622 iou=0.0094
  Epoch 23 [410/537] loss=0.0717 mask=0.0623 iou=0.0094
  Epoch 23 [420/537] loss=0.0717 mask=0.0624 iou=0.0093
  Epoch 23 [430/537] loss=0.0717 mask=0.0624 iou=0.0093
  Epoch 23 [440/537] loss=0.0722 mask=0.0627 iou=0.0095
  Epoch 23 [450/537] loss=0.0728 mask=0.0632 iou=0.0096
  Epoch 23 [460/537] loss=0.0733 mask=0.0634 iou=0.0099
  Epoch 23 [470/537] loss=0.0735 mask=0.0635 iou=0.0100
  Epoch 23 [480/537] loss=0.0742 mask=0.0640 iou=0.0102
  Epoch 23 [490/537] loss=0.0746 mask=0.0643 iou=0.0103
  Epoch 23 [500/537] loss=0.0745 mask=0.0642 iou=0.0103
  Epoch 23 [510/537] loss=0.0743 mask=0.0640 iou=0.0103
  Epoch 23 [520/537] loss=0.0744 mask=0.0641 iou=0.0104
  Epoch 23 [530/537] loss=0.0741 mask=0.0639 iou=0.0103
  Train: loss=0.0745 mask=0.0641 iou=0.0104 time=1143.8s
  Val epoch 23: loss=0.1821

=== Phase1 Epoch 24/49 ===
  Epoch 24 [10/537] loss=0.0667 mask=0.0588 iou=0.0079
  Epoch 24 [20/537] loss=0.0734 mask=0.0616 iou=0.0118
  Epoch 24 [30/537] loss=0.0721 mask=0.0609 iou=0.0112
  Epoch 24 [40/537] loss=0.0673 mask=0.0576 iou=0.0097
  Epoch 24 [50/537] loss=0.0675 mask=0.0580 iou=0.0095
  Epoch 24 [60/537] loss=0.0718 mask=0.0610 iou=0.0108
  Epoch 24 [70/537] loss=0.0766 mask=0.0646 iou=0.0120
  Epoch 24 [80/537] loss=0.0729 mask=0.0619 iou=0.0109
  Epoch 24 [90/537] loss=0.0728 mask=0.0621 iou=0.0107
  Epoch 24 [100/537] loss=0.0696 mask=0.0596 iou=0.0100
  Epoch 24 [110/537] loss=0.0704 mask=0.0607 iou=0.0097
  Epoch 24 [120/537] loss=0.0706 mask=0.0607 iou=0.0099
  Epoch 24 [130/537] loss=0.0701 mask=0.0605 iou=0.0097
  Epoch 24 [140/537] loss=0.0704 mask=0.0607 iou=0.0097
  Epoch 24 [150/537] loss=0.0707 mask=0.0610 iou=0.0097
  Epoch 24 [160/537] loss=0.0698 mask=0.0603 iou=0.0095
  Epoch 24 [170/537] loss=0.0704 mask=0.0608 iou=0.0096
  Epoch 24 [180/537] loss=0.0723 mask=0.0622 iou=0.0100
  Epoch 24 [190/537] loss=0.0734 mask=0.0633 iou=0.0101
  Epoch 24 [200/537] loss=0.0734 mask=0.0634 iou=0.0099
  Epoch 24 [210/537] loss=0.0733 mask=0.0631 iou=0.0102
  Epoch 24 [220/537] loss=0.0735 mask=0.0634 iou=0.0102
  Epoch 24 [230/537] loss=0.0732 mask=0.0632 iou=0.0101
  Epoch 24 [240/537] loss=0.0724 mask=0.0625 iou=0.0099
  Epoch 24 [250/537] loss=0.0718 mask=0.0620 iou=0.0098
  Epoch 24 [260/537] loss=0.0715 mask=0.0618 iou=0.0097
  Epoch 24 [270/537] loss=0.0715 mask=0.0616 iou=0.0099
  Epoch 24 [280/537] loss=0.0717 mask=0.0619 iou=0.0098
  Epoch 24 [290/537] loss=0.0719 mask=0.0621 iou=0.0098
  Epoch 24 [300/537] loss=0.0713 mask=0.0617 iou=0.0096
  Epoch 24 [310/537] loss=0.0709 mask=0.0615 iou=0.0095
  Epoch 24 [320/537] loss=0.0718 mask=0.0622 iou=0.0095
  Epoch 24 [330/537] loss=0.0712 mask=0.0618 iou=0.0094
  Epoch 24 [340/537] loss=0.0709 mask=0.0615 iou=0.0093
  Epoch 24 [350/537] loss=0.0702 mask=0.0610 iou=0.0092
  Epoch 24 [360/537] loss=0.0703 mask=0.0611 iou=0.0092
  Epoch 24 [370/537] loss=0.0708 mask=0.0617 iou=0.0091
  Epoch 24 [380/537] loss=0.0709 mask=0.0617 iou=0.0092
  Epoch 24 [390/537] loss=0.0706 mask=0.0614 iou=0.0092
  Epoch 24 [400/537] loss=0.0709 mask=0.0616 iou=0.0093
  Epoch 24 [410/537] loss=0.0711 mask=0.0618 iou=0.0093
  Epoch 24 [420/537] loss=0.0709 mask=0.0617 iou=0.0093
  Epoch 24 [430/537] loss=0.0705 mask=0.0614 iou=0.0091
  Epoch 24 [440/537] loss=0.0705 mask=0.0614 iou=0.0091
  Epoch 24 [450/537] loss=0.0699 mask=0.0608 iou=0.0090
  Epoch 24 [460/537] loss=0.0699 mask=0.0609 iou=0.0090
  Epoch 24 [470/537] loss=0.0702 mask=0.0610 iou=0.0091
  Epoch 24 [480/537] loss=0.0708 mask=0.0616 iou=0.0092
  Epoch 24 [490/537] loss=0.0705 mask=0.0613 iou=0.0091
  Epoch 24 [500/537] loss=0.0703 mask=0.0612 iou=0.0091
  Epoch 24 [510/537] loss=0.0702 mask=0.0611 iou=0.0091
  Epoch 24 [520/537] loss=0.0706 mask=0.0615 iou=0.0091
  Epoch 24 [530/537] loss=0.0703 mask=0.0612 iou=0.0091
  Train: loss=0.0717 mask=0.0626 iou=0.0091 time=554.5s
  Val epoch 24: loss=0.1847

=== Phase1 Epoch 25/49 ===
  Epoch 25 [10/537] loss=0.1001 mask=0.0893 iou=0.0108
  Epoch 25 [20/537] loss=0.0812 mask=0.0723 iou=0.0089
  Epoch 25 [30/537] loss=0.0775 mask=0.0691 iou=0.0083
  Epoch 25 [40/537] loss=0.0745 mask=0.0665 iou=0.0080
  Epoch 25 [50/537] loss=0.0733 mask=0.0650 iou=0.0083
  Epoch 25 [60/537] loss=0.0693 mask=0.0615 iou=0.0078
  Epoch 25 [70/537] loss=0.0695 mask=0.0610 iou=0.0085
  Epoch 25 [80/537] loss=0.0706 mask=0.0619 iou=0.0087
  Epoch 25 [90/537] loss=0.0721 mask=0.0628 iou=0.0093
  Epoch 25 [100/537] loss=0.0744 mask=0.0645 iou=0.0098
  Epoch 25 [110/537] loss=0.0746 mask=0.0644 iou=0.0102
  Epoch 25 [120/537] loss=0.0730 mask=0.0634 iou=0.0096
  Epoch 25 [130/537] loss=0.0722 mask=0.0627 iou=0.0095
  Epoch 25 [140/537] loss=0.0728 mask=0.0632 iou=0.0097
  Epoch 25 [150/537] loss=0.0748 mask=0.0646 iou=0.0101
  Epoch 25 [160/537] loss=0.0742 mask=0.0641 iou=0.0101
  Epoch 25 [170/537] loss=0.0728 mask=0.0631 iou=0.0098
  Epoch 25 [180/537] loss=0.0747 mask=0.0647 iou=0.0100
  Epoch 25 [190/537] loss=0.0754 mask=0.0653 iou=0.0102
  Epoch 25 [200/537] loss=0.0747 mask=0.0647 iou=0.0100
  Epoch 25 [210/537] loss=0.0736 mask=0.0638 iou=0.0097
  Epoch 25 [220/537] loss=0.0733 mask=0.0636 iou=0.0097
  Epoch 25 [230/537] loss=0.0748 mask=0.0646 iou=0.0102
  Epoch 25 [240/537] loss=0.0756 mask=0.0650 iou=0.0106
  Epoch 25 [250/537] loss=0.0766 mask=0.0658 iou=0.0108
  Epoch 25 [260/537] loss=0.0771 mask=0.0661 iou=0.0110
  Epoch 25 [270/537] loss=0.0767 mask=0.0659 iou=0.0108
  Epoch 25 [280/537] loss=0.0761 mask=0.0654 iou=0.0107
  Epoch 25 [290/537] loss=0.0759 mask=0.0653 iou=0.0106
  Epoch 25 [300/537] loss=0.0751 mask=0.0645 iou=0.0106
  Epoch 25 [310/537] loss=0.0747 mask=0.0642 iou=0.0104
  Epoch 25 [320/537] loss=0.0739 mask=0.0637 iou=0.0102
  Epoch 25 [330/537] loss=0.0739 mask=0.0636 iou=0.0103
  Epoch 25 [340/537] loss=0.0734 mask=0.0633 iou=0.0101
  Epoch 25 [350/537] loss=0.0731 mask=0.0630 iou=0.0100
  Epoch 25 [360/537] loss=0.0731 mask=0.0632 iou=0.0099
  Epoch 25 [370/537] loss=0.0725 mask=0.0627 iou=0.0098
  Epoch 25 [380/537] loss=0.0723 mask=0.0626 iou=0.0097
  Epoch 25 [390/537] loss=0.0716 mask=0.0620 iou=0.0096
  Epoch 25 [400/537] loss=0.0716 mask=0.0620 iou=0.0096
  Epoch 25 [410/537] loss=0.0718 mask=0.0622 iou=0.0096
  Epoch 25 [420/537] loss=0.0717 mask=0.0622 iou=0.0095
  Epoch 25 [430/537] loss=0.0716 mask=0.0621 iou=0.0095
  Epoch 25 [440/537] loss=0.0715 mask=0.0620 iou=0.0095
  Epoch 25 [450/537] loss=0.0720 mask=0.0622 iou=0.0098
  Epoch 25 [460/537] loss=0.0719 mask=0.0621 iou=0.0098
  Epoch 25 [470/537] loss=0.0723 mask=0.0624 iou=0.0099
  Epoch 25 [480/537] loss=0.0719 mask=0.0622 iou=0.0098
  Epoch 25 [490/537] loss=0.0724 mask=0.0627 iou=0.0098
  Epoch 25 [500/537] loss=0.0723 mask=0.0626 iou=0.0097
  Epoch 25 [510/537] loss=0.0725 mask=0.0627 iou=0.0098
  Epoch 25 [520/537] loss=0.0724 mask=0.0626 iou=0.0098
  Epoch 25 [530/537] loss=0.0726 mask=0.0627 iou=0.0099
  Train: loss=0.0728 mask=0.0628 iou=0.0100 time=745.1s
  Val epoch 25: loss=0.1808

=== Phase1 Epoch 26/49 ===
  Epoch 26 [10/537] loss=0.0951 mask=0.0823 iou=0.0127
  Epoch 26 [20/537] loss=0.0742 mask=0.0652 iou=0.0090
  Epoch 26 [30/537] loss=0.0723 mask=0.0637 iou=0.0086
  Epoch 26 [40/537] loss=0.0718 mask=0.0625 iou=0.0093
  Epoch 26 [50/537] loss=0.0715 mask=0.0624 iou=0.0091
  Epoch 26 [60/537] loss=0.0747 mask=0.0658 iou=0.0089
  Epoch 26 [70/537] loss=0.0726 mask=0.0638 iou=0.0088
  Epoch 26 [80/537] loss=0.0749 mask=0.0656 iou=0.0093
  Epoch 26 [90/537] loss=0.0736 mask=0.0643 iou=0.0093
  Epoch 26 [100/537] loss=0.0779 mask=0.0673 iou=0.0106
  Epoch 26 [110/537] loss=0.0763 mask=0.0660 iou=0.0103
  Epoch 26 [120/537] loss=0.0751 mask=0.0648 iou=0.0103
  Epoch 26 [130/537] loss=0.0750 mask=0.0644 iou=0.0106
  Epoch 26 [140/537] loss=0.0745 mask=0.0642 iou=0.0103
  Epoch 26 [150/537] loss=0.0732 mask=0.0631 iou=0.0101
  Epoch 26 [160/537] loss=0.0737 mask=0.0634 iou=0.0103
  Epoch 26 [170/537] loss=0.0736 mask=0.0634 iou=0.0102
  Epoch 26 [180/537] loss=0.0741 mask=0.0637 iou=0.0104
  Epoch 26 [190/537] loss=0.0753 mask=0.0648 iou=0.0105
  Epoch 26 [200/537] loss=0.0754 mask=0.0647 iou=0.0107
  Epoch 26 [210/537] loss=0.0743 mask=0.0638 iou=0.0105
  Epoch 26 [220/537] loss=0.0733 mask=0.0630 iou=0.0103
  Epoch 26 [230/537] loss=0.0740 mask=0.0639 iou=0.0101
  Epoch 26 [240/537] loss=0.0731 mask=0.0632 iou=0.0099
  Epoch 26 [250/537] loss=0.0735 mask=0.0636 iou=0.0099
  Epoch 26 [260/537] loss=0.0741 mask=0.0641 iou=0.0100
  Epoch 26 [270/537] loss=0.0737 mask=0.0638 iou=0.0098
  Epoch 26 [280/537] loss=0.0732 mask=0.0635 iou=0.0097
  Epoch 26 [290/537] loss=0.0732 mask=0.0635 iou=0.0097
  Epoch 26 [300/537] loss=0.0733 mask=0.0635 iou=0.0097
  Epoch 26 [310/537] loss=0.0731 mask=0.0634 iou=0.0097
  Epoch 26 [320/537] loss=0.0729 mask=0.0631 iou=0.0098
  Epoch 26 [330/537] loss=0.0725 mask=0.0628 iou=0.0098
  Epoch 26 [340/537] loss=0.0718 mask=0.0622 iou=0.0096
  Epoch 26 [350/537] loss=0.0718 mask=0.0622 iou=0.0096
  Epoch 26 [360/537] loss=0.0723 mask=0.0625 iou=0.0098
  Epoch 26 [370/537] loss=0.0724 mask=0.0627 iou=0.0098
  Epoch 26 [380/537] loss=0.0726 mask=0.0629 iou=0.0098
  Epoch 26 [390/537] loss=0.0719 mask=0.0623 iou=0.0096
  Epoch 26 [400/537] loss=0.0718 mask=0.0623 iou=0.0095
  Epoch 26 [410/537] loss=0.0718 mask=0.0624 iou=0.0094
  Epoch 26 [420/537] loss=0.0717 mask=0.0624 iou=0.0094
  Epoch 26 [430/537] loss=0.0719 mask=0.0625 iou=0.0094
  Epoch 26 [440/537] loss=0.0721 mask=0.0626 iou=0.0095
  Epoch 26 [450/537] loss=0.0718 mask=0.0624 iou=0.0094
  Epoch 26 [460/537] loss=0.0716 mask=0.0623 iou=0.0093
  Epoch 26 [470/537] loss=0.0715 mask=0.0622 iou=0.0093
  Epoch 26 [480/537] loss=0.0719 mask=0.0625 iou=0.0094
  Epoch 26 [490/537] loss=0.0719 mask=0.0625 iou=0.0094
  Epoch 26 [500/537] loss=0.0715 mask=0.0621 iou=0.0094
  Epoch 26 [510/537] loss=0.0718 mask=0.0623 iou=0.0094
  Epoch 26 [520/537] loss=0.0719 mask=0.0624 iou=0.0094
  Epoch 26 [530/537] loss=0.0718 mask=0.0624 iou=0.0094
  Train: loss=0.0722 mask=0.0625 iou=0.0097 time=615.4s
  Val epoch 26: loss=0.1839

=== Phase1 Epoch 27/49 ===
  Epoch 27 [10/537] loss=0.0512 mask=0.0459 iou=0.0053
  Epoch 27 [20/537] loss=0.0727 mask=0.0604 iou=0.0123
  Epoch 27 [30/537] loss=0.0767 mask=0.0641 iou=0.0127
  Epoch 27 [40/537] loss=0.0778 mask=0.0657 iou=0.0120
  Epoch 27 [50/537] loss=0.0788 mask=0.0661 iou=0.0127
  Epoch 27 [60/537] loss=0.0826 mask=0.0692 iou=0.0134
  Epoch 27 [70/537] loss=0.0808 mask=0.0683 iou=0.0125
  Epoch 27 [80/537] loss=0.0778 mask=0.0661 iou=0.0118
  Epoch 27 [90/537] loss=0.0770 mask=0.0658 iou=0.0112
  Epoch 27 [100/537] loss=0.0781 mask=0.0661 iou=0.0120
  Epoch 27 [110/537] loss=0.0800 mask=0.0677 iou=0.0123
  Epoch 27 [120/537] loss=0.0777 mask=0.0658 iou=0.0118
  Epoch 27 [130/537] loss=0.0780 mask=0.0662 iou=0.0118
  Epoch 27 [140/537] loss=0.0775 mask=0.0658 iou=0.0117
  Epoch 27 [150/537] loss=0.0778 mask=0.0662 iou=0.0116
  Epoch 27 [160/537] loss=0.0768 mask=0.0653 iou=0.0115
  Epoch 27 [170/537] loss=0.0781 mask=0.0664 iou=0.0118
  Epoch 27 [180/537] loss=0.0775 mask=0.0659 iou=0.0117
  Epoch 27 [190/537] loss=0.0768 mask=0.0652 iou=0.0116
  Epoch 27 [200/537] loss=0.0757 mask=0.0643 iou=0.0114
  Epoch 27 [210/537] loss=0.0744 mask=0.0632 iou=0.0111
  Epoch 27 [220/537] loss=0.0759 mask=0.0642 iou=0.0117
  Epoch 27 [230/537] loss=0.0764 mask=0.0647 iou=0.0117
  Epoch 27 [240/537] loss=0.0760 mask=0.0645 iou=0.0115
  Epoch 27 [250/537] loss=0.0754 mask=0.0639 iou=0.0114
  Epoch 27 [260/537] loss=0.0755 mask=0.0641 iou=0.0113
  Epoch 27 [270/537] loss=0.0755 mask=0.0640 iou=0.0115
  Epoch 27 [280/537] loss=0.0746 mask=0.0634 iou=0.0112
  Epoch 27 [290/537] loss=0.0739 mask=0.0629 iou=0.0110
  Epoch 27 [300/537] loss=0.0745 mask=0.0633 iou=0.0112
  Epoch 27 [310/537] loss=0.0740 mask=0.0631 iou=0.0110
  Epoch 27 [320/537] loss=0.0740 mask=0.0631 iou=0.0109
  Epoch 27 [330/537] loss=0.0736 mask=0.0629 iou=0.0108
  Epoch 27 [340/537] loss=0.0736 mask=0.0629 iou=0.0107
  Epoch 27 [350/537] loss=0.0731 mask=0.0626 iou=0.0105
  Epoch 27 [360/537] loss=0.0730 mask=0.0625 iou=0.0105
  Epoch 27 [370/537] loss=0.0729 mask=0.0625 iou=0.0104
  Epoch 27 [380/537] loss=0.0734 mask=0.0629 iou=0.0105
  Epoch 27 [390/537] loss=0.0724 mask=0.0621 iou=0.0103
  Epoch 27 [400/537] loss=0.0720 mask=0.0618 iou=0.0101
  Epoch 27 [410/537] loss=0.0720 mask=0.0620 iou=0.0100
  Epoch 27 [420/537] loss=0.0722 mask=0.0622 iou=0.0101
  Epoch 27 [430/537] loss=0.0724 mask=0.0623 iou=0.0101
  Epoch 27 [440/537] loss=0.0724 mask=0.0623 iou=0.0101
  Epoch 27 [450/537] loss=0.0731 mask=0.0627 iou=0.0104
  Epoch 27 [460/537] loss=0.0728 mask=0.0625 iou=0.0103
  Epoch 27 [470/537] loss=0.0732 mask=0.0630 iou=0.0102
  Epoch 27 [480/537] loss=0.0728 mask=0.0627 iou=0.0100
  Epoch 27 [490/537] loss=0.0725 mask=0.0625 iou=0.0100
  Epoch 27 [500/537] loss=0.0725 mask=0.0625 iou=0.0100
  Epoch 27 [510/537] loss=0.0728 mask=0.0627 iou=0.0101
  Epoch 27 [520/537] loss=0.0724 mask=0.0624 iou=0.0100
  Epoch 27 [530/537] loss=0.0721 mask=0.0621 iou=0.0100
  Train: loss=0.0734 mask=0.0632 iou=0.0102 time=562.9s
  Val epoch 27: loss=0.1899

=== Phase1 Epoch 28/49 ===
  Epoch 28 [10/537] loss=0.0808 mask=0.0698 iou=0.0110
  Epoch 28 [20/537] loss=0.0720 mask=0.0618 iou=0.0102
  Epoch 28 [30/537] loss=0.0730 mask=0.0632 iou=0.0098
  Epoch 28 [40/537] loss=0.0748 mask=0.0634 iou=0.0114
  Epoch 28 [50/537] loss=0.0716 mask=0.0612 iou=0.0104
  Epoch 28 [60/537] loss=0.0697 mask=0.0602 iou=0.0096
  Epoch 28 [70/537] loss=0.0689 mask=0.0592 iou=0.0097
  Epoch 28 [80/537] loss=0.0685 mask=0.0586 iou=0.0099
  Epoch 28 [90/537] loss=0.0686 mask=0.0590 iou=0.0097
  Epoch 28 [100/537] loss=0.0708 mask=0.0610 iou=0.0098
  Epoch 28 [110/537] loss=0.0726 mask=0.0619 iou=0.0107
  Epoch 28 [120/537] loss=0.0712 mask=0.0610 iou=0.0102
  Epoch 28 [130/537] loss=0.0717 mask=0.0611 iou=0.0106
  Epoch 28 [140/537] loss=0.0721 mask=0.0616 iou=0.0106
  Epoch 28 [150/537] loss=0.0716 mask=0.0613 iou=0.0103
  Epoch 28 [160/537] loss=0.0744 mask=0.0634 iou=0.0110
  Epoch 28 [170/537] loss=0.0743 mask=0.0634 iou=0.0109
  Epoch 28 [180/537] loss=0.0736 mask=0.0629 iou=0.0108
  Epoch 28 [190/537] loss=0.0727 mask=0.0623 iou=0.0104
  Epoch 28 [200/537] loss=0.0745 mask=0.0635 iou=0.0111
  Epoch 28 [210/537] loss=0.0741 mask=0.0632 iou=0.0109
  Epoch 28 [220/537] loss=0.0732 mask=0.0625 iou=0.0107
  Epoch 28 [230/537] loss=0.0730 mask=0.0625 iou=0.0105
  Epoch 28 [240/537] loss=0.0727 mask=0.0624 iou=0.0103
  Epoch 28 [250/537] loss=0.0722 mask=0.0621 iou=0.0101
  Epoch 28 [260/537] loss=0.0716 mask=0.0616 iou=0.0099
  Epoch 28 [270/537] loss=0.0711 mask=0.0614 iou=0.0097
  Epoch 28 [280/537] loss=0.0714 mask=0.0616 iou=0.0098
  Epoch 28 [290/537] loss=0.0717 mask=0.0618 iou=0.0099
  Epoch 28 [300/537] loss=0.0711 mask=0.0613 iou=0.0098
  Epoch 28 [310/537] loss=0.0711 mask=0.0614 iou=0.0097
  Epoch 28 [320/537] loss=0.0712 mask=0.0615 iou=0.0097
  Epoch 28 [330/537] loss=0.0714 mask=0.0617 iou=0.0097
  Epoch 28 [340/537] loss=0.0717 mask=0.0619 iou=0.0097
  Epoch 28 [350/537] loss=0.0709 mask=0.0613 iou=0.0096
  Epoch 28 [360/537] loss=0.0706 mask=0.0611 iou=0.0095
  Epoch 28 [370/537] loss=0.0722 mask=0.0624 iou=0.0099
  Epoch 28 [380/537] loss=0.0721 mask=0.0623 iou=0.0098
  Epoch 28 [390/537] loss=0.0724 mask=0.0626 iou=0.0098
  Epoch 28 [400/537] loss=0.0724 mask=0.0625 iou=0.0099
  Epoch 28 [410/537] loss=0.0720 mask=0.0622 iou=0.0098
  Epoch 28 [420/537] loss=0.0720 mask=0.0622 iou=0.0098
  Epoch 28 [430/537] loss=0.0724 mask=0.0625 iou=0.0099
  Epoch 28 [440/537] loss=0.0730 mask=0.0630 iou=0.0100
  Epoch 28 [450/537] loss=0.0735 mask=0.0634 iou=0.0100
  Epoch 28 [460/537] loss=0.0729 mask=0.0629 iou=0.0100
  Epoch 28 [470/537] loss=0.0731 mask=0.0631 iou=0.0100
  Epoch 28 [480/537] loss=0.0728 mask=0.0628 iou=0.0100
  Epoch 28 [490/537] loss=0.0729 mask=0.0628 iou=0.0101
  Epoch 28 [500/537] loss=0.0737 mask=0.0635 iou=0.0103
  Epoch 28 [510/537] loss=0.0742 mask=0.0639 iou=0.0104
  Epoch 28 [520/537] loss=0.0743 mask=0.0639 iou=0.0104
  Epoch 28 [530/537] loss=0.0749 mask=0.0644 iou=0.0106
  Train: loss=0.0757 mask=0.0651 iou=0.0106 time=595.7s
  Val epoch 28: loss=0.1816

=== Phase1 Epoch 29/49 ===
  Epoch 29 [10/537] loss=0.0543 mask=0.0457 iou=0.0086
  Epoch 29 [20/537] loss=0.0695 mask=0.0580 iou=0.0115
  Epoch 29 [30/537] loss=0.0692 mask=0.0573 iou=0.0120
  Epoch 29 [40/537] loss=0.0662 mask=0.0552 iou=0.0110
  Epoch 29 [50/537] loss=0.0675 mask=0.0568 iou=0.0107
  Epoch 29 [60/537] loss=0.0668 mask=0.0563 iou=0.0105
  Epoch 29 [70/537] loss=0.0677 mask=0.0577 iou=0.0099
  Epoch 29 [80/537] loss=0.0689 mask=0.0589 iou=0.0101
  Epoch 29 [90/537] loss=0.0690 mask=0.0591 iou=0.0099
  Epoch 29 [100/537] loss=0.0685 mask=0.0590 iou=0.0096
  Epoch 29 [110/537] loss=0.0698 mask=0.0601 iou=0.0098
  Epoch 29 [120/537] loss=0.0691 mask=0.0594 iou=0.0097
  Epoch 29 [130/537] loss=0.0683 mask=0.0588 iou=0.0095
  Epoch 29 [140/537] loss=0.0678 mask=0.0584 iou=0.0094
  Epoch 29 [150/537] loss=0.0677 mask=0.0585 iou=0.0092
  Epoch 29 [160/537] loss=0.0690 mask=0.0598 iou=0.0092
  Epoch 29 [170/537] loss=0.0694 mask=0.0603 iou=0.0091
  Epoch 29 [180/537] loss=0.0684 mask=0.0595 iou=0.0089
  Epoch 29 [190/537] loss=0.0681 mask=0.0592 iou=0.0088
  Epoch 29 [200/537] loss=0.0670 mask=0.0584 iou=0.0086
  Epoch 29 [210/537] loss=0.0668 mask=0.0583 iou=0.0085
  Epoch 29 [220/537] loss=0.0670 mask=0.0582 iou=0.0088
  Epoch 29 [230/537] loss=0.0675 mask=0.0584 iou=0.0090
  Epoch 29 [240/537] loss=0.0688 mask=0.0599 iou=0.0090
  Epoch 29 [250/537] loss=0.0690 mask=0.0600 iou=0.0091
  Epoch 29 [260/537] loss=0.0684 mask=0.0595 iou=0.0090
  Epoch 29 [270/537] loss=0.0687 mask=0.0598 iou=0.0089
  Epoch 29 [280/537] loss=0.0684 mask=0.0596 iou=0.0089
  Epoch 29 [290/537] loss=0.0683 mask=0.0595 iou=0.0088
  Epoch 29 [300/537] loss=0.0687 mask=0.0599 iou=0.0088
  Epoch 29 [310/537] loss=0.0688 mask=0.0601 iou=0.0087
  Epoch 29 [320/537] loss=0.0685 mask=0.0599 iou=0.0086
  Epoch 29 [330/537] loss=0.0678 mask=0.0592 iou=0.0085
  Epoch 29 [340/537] loss=0.0682 mask=0.0596 iou=0.0086
  Epoch 29 [350/537] loss=0.0694 mask=0.0606 iou=0.0089
  Epoch 29 [360/537] loss=0.0695 mask=0.0606 iou=0.0089
  Epoch 29 [370/537] loss=0.0692 mask=0.0603 iou=0.0089
  Epoch 29 [380/537] loss=0.0697 mask=0.0607 iou=0.0090
  Epoch 29 [390/537] loss=0.0698 mask=0.0608 iou=0.0089
  Epoch 29 [400/537] loss=0.0702 mask=0.0612 iou=0.0089
  Epoch 29 [410/537] loss=0.0700 mask=0.0610 iou=0.0089
  Epoch 29 [420/537] loss=0.0697 mask=0.0607 iou=0.0089
  Epoch 29 [430/537] loss=0.0694 mask=0.0606 iou=0.0089
  Epoch 29 [440/537] loss=0.0690 mask=0.0603 iou=0.0088
  Epoch 29 [450/537] loss=0.0692 mask=0.0604 iou=0.0088
  Epoch 29 [460/537] loss=0.0699 mask=0.0609 iou=0.0090
  Epoch 29 [470/537] loss=0.0696 mask=0.0606 iou=0.0089
  Epoch 29 [480/537] loss=0.0699 mask=0.0609 iou=0.0090
  Epoch 29 [490/537] loss=0.0700 mask=0.0610 iou=0.0091
  Epoch 29 [500/537] loss=0.0699 mask=0.0609 iou=0.0090
  Epoch 29 [510/537] loss=0.0694 mask=0.0605 iou=0.0089
  Epoch 29 [520/537] loss=0.0697 mask=0.0608 iou=0.0090
  Epoch 29 [530/537] loss=0.0696 mask=0.0606 iou=0.0090
  Train: loss=0.0707 mask=0.0617 iou=0.0090 time=562.5s
  Val epoch 29: loss=0.1821

=== Phase1 Epoch 30/49 ===
  Epoch 30 [10/537] loss=0.0586 mask=0.0521 iou=0.0065
  Epoch 30 [20/537] loss=0.0610 mask=0.0542 iou=0.0068
  Epoch 30 [30/537] loss=0.0649 mask=0.0572 iou=0.0077
  Epoch 30 [40/537] loss=0.0625 mask=0.0545 iou=0.0080
  Epoch 30 [50/537] loss=0.0666 mask=0.0570 iou=0.0095
  Epoch 30 [60/537] loss=0.0662 mask=0.0572 iou=0.0090
  Epoch 30 [70/537] loss=0.0665 mask=0.0570 iou=0.0094
  Epoch 30 [80/537] loss=0.0661 mask=0.0568 iou=0.0093
  Epoch 30 [90/537] loss=0.0665 mask=0.0569 iou=0.0096
  Epoch 30 [100/537] loss=0.0660 mask=0.0568 iou=0.0092
  Epoch 30 [110/537] loss=0.0679 mask=0.0583 iou=0.0096
  Epoch 30 [120/537] loss=0.0670 mask=0.0578 iou=0.0092
  Epoch 30 [130/537] loss=0.0669 mask=0.0578 iou=0.0091
  Epoch 30 [140/537] loss=0.0662 mask=0.0573 iou=0.0089
  Epoch 30 [150/537] loss=0.0657 mask=0.0569 iou=0.0088
  Epoch 30 [160/537] loss=0.0669 mask=0.0581 iou=0.0088
  Epoch 30 [170/537] loss=0.0676 mask=0.0588 iou=0.0088
  Epoch 30 [180/537] loss=0.0673 mask=0.0587 iou=0.0086
  Epoch 30 [190/537] loss=0.0679 mask=0.0591 iou=0.0088
  Epoch 30 [200/537] loss=0.0678 mask=0.0590 iou=0.0088
  Epoch 30 [210/537] loss=0.0680 mask=0.0590 iou=0.0090
  Epoch 30 [220/537] loss=0.0676 mask=0.0587 iou=0.0089
  Epoch 30 [230/537] loss=0.0682 mask=0.0592 iou=0.0090
  Epoch 30 [240/537] loss=0.0688 mask=0.0597 iou=0.0091
  Epoch 30 [250/537] loss=0.0686 mask=0.0596 iou=0.0090
  Epoch 30 [260/537] loss=0.0676 mask=0.0589 iou=0.0088
  Epoch 30 [270/537] loss=0.0673 mask=0.0586 iou=0.0087
  Epoch 30 [280/537] loss=0.0679 mask=0.0591 iou=0.0088
  Epoch 30 [290/537] loss=0.0668 mask=0.0583 iou=0.0086
  Epoch 30 [300/537] loss=0.0663 mask=0.0578 iou=0.0084
  Epoch 30 [310/537] loss=0.0670 mask=0.0586 iou=0.0084
  Epoch 30 [320/537] loss=0.0671 mask=0.0588 iou=0.0083
  Epoch 30 [330/537] loss=0.0666 mask=0.0584 iou=0.0082
  Epoch 30 [340/537] loss=0.0671 mask=0.0588 iou=0.0083
  Epoch 30 [350/537] loss=0.0671 mask=0.0587 iou=0.0083
  Epoch 30 [360/537] loss=0.0666 mask=0.0583 iou=0.0082
  Epoch 30 [370/537] loss=0.0666 mask=0.0584 iou=0.0082
  Epoch 30 [380/537] loss=0.0665 mask=0.0583 iou=0.0082
  Epoch 30 [390/537] loss=0.0668 mask=0.0585 iou=0.0083
  Epoch 30 [400/537] loss=0.0668 mask=0.0585 iou=0.0082
  Epoch 30 [410/537] loss=0.0671 mask=0.0589 iou=0.0083
  Epoch 30 [420/537] loss=0.0670 mask=0.0588 iou=0.0082
  Epoch 30 [430/537] loss=0.0674 mask=0.0592 iou=0.0082
  Epoch 30 [440/537] loss=0.0672 mask=0.0591 iou=0.0082
  Epoch 30 [450/537] loss=0.0672 mask=0.0590 iou=0.0082
  Epoch 30 [460/537] loss=0.0669 mask=0.0587 iou=0.0081
  Epoch 30 [470/537] loss=0.0674 mask=0.0590 iou=0.0083
  Epoch 30 [480/537] loss=0.0672 mask=0.0589 iou=0.0083
  Epoch 30 [490/537] loss=0.0673 mask=0.0590 iou=0.0083
  Epoch 30 [500/537] loss=0.0670 mask=0.0587 iou=0.0083
  Epoch 30 [510/537] loss=0.0672 mask=0.0590 iou=0.0082
  Epoch 30 [520/537] loss=0.0677 mask=0.0593 iou=0.0084
  Epoch 30 [530/537] loss=0.0679 mask=0.0595 iou=0.0085
  Train: loss=0.0691 mask=0.0600 iou=0.0091 time=605.9s
  Val epoch 30: loss=0.1792

=== Phase1 Epoch 31/49 ===
  Epoch 31 [10/537] loss=0.0781 mask=0.0690 iou=0.0090
  Epoch 31 [20/537] loss=0.0651 mask=0.0588 iou=0.0063
  Epoch 31 [30/537] loss=0.0670 mask=0.0609 iou=0.0061
  Epoch 31 [40/537] loss=0.0676 mask=0.0607 iou=0.0068
  Epoch 31 [50/537] loss=0.0680 mask=0.0603 iou=0.0077
  Epoch 31 [60/537] loss=0.0693 mask=0.0611 iou=0.0082
  Epoch 31 [70/537] loss=0.0661 mask=0.0585 iou=0.0076
  Epoch 31 [80/537] loss=0.0663 mask=0.0586 iou=0.0077
  Epoch 31 [90/537] loss=0.0655 mask=0.0578 iou=0.0077
  Epoch 31 [100/537] loss=0.0642 mask=0.0569 iou=0.0073
  Epoch 31 [110/537] loss=0.0659 mask=0.0582 iou=0.0078
  Epoch 31 [120/537] loss=0.0660 mask=0.0581 iou=0.0079
  Epoch 31 [130/537] loss=0.0644 mask=0.0568 iou=0.0075
  Epoch 31 [140/537] loss=0.0660 mask=0.0574 iou=0.0086
  Epoch 31 [150/537] loss=0.0643 mask=0.0562 iou=0.0082
  Epoch 31 [160/537] loss=0.0637 mask=0.0557 iou=0.0080
  Epoch 31 [170/537] loss=0.0646 mask=0.0564 iou=0.0082
  Epoch 31 [180/537] loss=0.0685 mask=0.0597 iou=0.0088
  Epoch 31 [190/537] loss=0.0682 mask=0.0595 iou=0.0086
  Epoch 31 [200/537] loss=0.0680 mask=0.0594 iou=0.0086
  Epoch 31 [210/537] loss=0.0678 mask=0.0592 iou=0.0086
  Epoch 31 [220/537] loss=0.0669 mask=0.0586 iou=0.0083
  Epoch 31 [230/537] loss=0.0662 mask=0.0579 iou=0.0082
  Epoch 31 [240/537] loss=0.0658 mask=0.0577 iou=0.0081
  Epoch 31 [250/537] loss=0.0655 mask=0.0575 iou=0.0080
  Epoch 31 [260/537] loss=0.0663 mask=0.0580 iou=0.0082
  Epoch 31 [270/537] loss=0.0659 mask=0.0577 iou=0.0082
  Epoch 31 [280/537] loss=0.0667 mask=0.0583 iou=0.0084
  Epoch 31 [290/537] loss=0.0664 mask=0.0580 iou=0.0083
  Epoch 31 [300/537] loss=0.0670 mask=0.0585 iou=0.0084
  Epoch 31 [310/537] loss=0.0663 mask=0.0580 iou=0.0083
  Epoch 31 [320/537] loss=0.0673 mask=0.0588 iou=0.0085
  Epoch 31 [330/537] loss=0.0677 mask=0.0591 iou=0.0085
  Epoch 31 [340/537] loss=0.0680 mask=0.0594 iou=0.0086
  Epoch 31 [350/537] loss=0.0678 mask=0.0593 iou=0.0086
  Epoch 31 [360/537] loss=0.0678 mask=0.0594 iou=0.0085
  Epoch 31 [370/537] loss=0.0677 mask=0.0593 iou=0.0084
  Epoch 31 [380/537] loss=0.0670 mask=0.0587 iou=0.0083
  Epoch 31 [390/537] loss=0.0668 mask=0.0586 iou=0.0082
  Epoch 31 [400/537] loss=0.0664 mask=0.0582 iou=0.0081
  Epoch 31 [410/537] loss=0.0662 mask=0.0581 iou=0.0081
  Epoch 31 [420/537] loss=0.0670 mask=0.0588 iou=0.0082
  Epoch 31 [430/537] loss=0.0673 mask=0.0591 iou=0.0083
  Epoch 31 [440/537] loss=0.0674 mask=0.0592 iou=0.0082
  Epoch 31 [450/537] loss=0.0669 mask=0.0587 iou=0.0081
  Epoch 31 [460/537] loss=0.0669 mask=0.0587 iou=0.0082
  Epoch 31 [470/537] loss=0.0667 mask=0.0585 iou=0.0082
  Epoch 31 [480/537] loss=0.0673 mask=0.0590 iou=0.0083
  Epoch 31 [490/537] loss=0.0675 mask=0.0592 iou=0.0083
  Epoch 31 [500/537] loss=0.0672 mask=0.0589 iou=0.0083
  Epoch 31 [510/537] loss=0.0672 mask=0.0589 iou=0.0083
  Epoch 31 [520/537] loss=0.0669 mask=0.0587 iou=0.0082
  Epoch 31 [530/537] loss=0.0668 mask=0.0586 iou=0.0082
  Train: loss=0.0672 mask=0.0590 iou=0.0082 time=961.3s
  Val epoch 31: loss=0.1781

=== Phase1 Epoch 32/49 ===
  Epoch 32 [10/537] loss=0.0659 mask=0.0586 iou=0.0073
  Epoch 32 [20/537] loss=0.0661 mask=0.0571 iou=0.0090
  Epoch 32 [30/537] loss=0.0636 mask=0.0556 iou=0.0079
  Epoch 32 [40/537] loss=0.0710 mask=0.0624 iou=0.0086
  Epoch 32 [50/537] loss=0.0674 mask=0.0592 iou=0.0083
  Epoch 32 [60/537] loss=0.0669 mask=0.0587 iou=0.0082
  Epoch 32 [70/537] loss=0.0659 mask=0.0580 iou=0.0079
  Epoch 32 [80/537] loss=0.0666 mask=0.0589 iou=0.0078
  Epoch 32 [90/537] loss=0.0683 mask=0.0602 iou=0.0081
  Epoch 32 [100/537] loss=0.0677 mask=0.0598 iou=0.0079
  Epoch 32 [110/537] loss=0.0684 mask=0.0602 iou=0.0082
  Epoch 32 [120/537] loss=0.0676 mask=0.0597 iou=0.0078
  Epoch 32 [130/537] loss=0.0658 mask=0.0583 iou=0.0075
  Epoch 32 [140/537] loss=0.0656 mask=0.0580 iou=0.0076
  Epoch 32 [150/537] loss=0.0648 mask=0.0574 iou=0.0074
  Epoch 32 [160/537] loss=0.0640 mask=0.0568 iou=0.0073
  Epoch 32 [170/537] loss=0.0636 mask=0.0564 iou=0.0072
  Epoch 32 [180/537] loss=0.0628 mask=0.0559 iou=0.0070
  Epoch 32 [190/537] loss=0.0633 mask=0.0561 iou=0.0072
  Epoch 32 [200/537] loss=0.0633 mask=0.0561 iou=0.0072
  Epoch 32 [210/537] loss=0.0629 mask=0.0558 iou=0.0071
  Epoch 32 [220/537] loss=0.0641 mask=0.0565 iou=0.0075
  Epoch 32 [230/537] loss=0.0650 mask=0.0571 iou=0.0079
  Epoch 32 [240/537] loss=0.0656 mask=0.0577 iou=0.0079
  Epoch 32 [250/537] loss=0.0655 mask=0.0576 iou=0.0079
  Epoch 32 [260/537] loss=0.0648 mask=0.0570 iou=0.0078
  Epoch 32 [270/537] loss=0.0658 mask=0.0579 iou=0.0079
  Epoch 32 [280/537] loss=0.0655 mask=0.0577 iou=0.0078
  Epoch 32 [290/537] loss=0.0649 mask=0.0572 iou=0.0077
  Epoch 32 [300/537] loss=0.0647 mask=0.0571 iou=0.0076
  Epoch 32 [310/537] loss=0.0650 mask=0.0573 iou=0.0078
  Epoch 32 [320/537] loss=0.0651 mask=0.0572 iou=0.0079
  Epoch 32 [330/537] loss=0.0645 mask=0.0567 iou=0.0077
  Epoch 32 [340/537] loss=0.0645 mask=0.0568 iou=0.0076
  Epoch 32 [350/537] loss=0.0650 mask=0.0572 iou=0.0078
  Epoch 32 [360/537] loss=0.0651 mask=0.0573 iou=0.0078
  Epoch 32 [370/537] loss=0.0659 mask=0.0579 iou=0.0080
  Epoch 32 [380/537] loss=0.0670 mask=0.0586 iou=0.0084
  Epoch 32 [390/537] loss=0.0674 mask=0.0589 iou=0.0085
  Epoch 32 [400/537] loss=0.0670 mask=0.0585 iou=0.0084
  Epoch 32 [410/537] loss=0.0671 mask=0.0586 iou=0.0085
  Epoch 32 [420/537] loss=0.0667 mask=0.0583 iou=0.0084
  Epoch 32 [430/537] loss=0.0668 mask=0.0583 iou=0.0085
  Epoch 32 [440/537] loss=0.0667 mask=0.0582 iou=0.0085
  Epoch 32 [450/537] loss=0.0666 mask=0.0582 iou=0.0084
  Epoch 32 [460/537] loss=0.0670 mask=0.0586 iou=0.0084
  Epoch 32 [470/537] loss=0.0676 mask=0.0591 iou=0.0085
  Epoch 32 [480/537] loss=0.0675 mask=0.0591 iou=0.0084
  Epoch 32 [490/537] loss=0.0677 mask=0.0593 iou=0.0083
  Epoch 32 [500/537] loss=0.0675 mask=0.0592 iou=0.0083
  Epoch 32 [510/537] loss=0.0677 mask=0.0593 iou=0.0084
  Epoch 32 [520/537] loss=0.0677 mask=0.0594 iou=0.0083
  Epoch 32 [530/537] loss=0.0676 mask=0.0593 iou=0.0083
  Train: loss=0.0678 mask=0.0593 iou=0.0085 time=595.8s
  Val epoch 32: loss=0.1869

=== Phase1 Epoch 33/49 ===
  Epoch 33 [10/537] loss=0.0492 mask=0.0433 iou=0.0059
  Epoch 33 [20/537] loss=0.0508 mask=0.0449 iou=0.0060
  Epoch 33 [30/537] loss=0.0564 mask=0.0490 iou=0.0075
  Epoch 33 [40/537] loss=0.0611 mask=0.0531 iou=0.0081
  Epoch 33 [50/537] loss=0.0615 mask=0.0530 iou=0.0085
  Epoch 33 [60/537] loss=0.0621 mask=0.0536 iou=0.0085
  Epoch 33 [70/537] loss=0.0612 mask=0.0526 iou=0.0087
  Epoch 33 [80/537] loss=0.0601 mask=0.0518 iou=0.0083
  Epoch 33 [90/537] loss=0.0618 mask=0.0535 iou=0.0083
  Epoch 33 [100/537] loss=0.0626 mask=0.0542 iou=0.0084
  Epoch 33 [110/537] loss=0.0632 mask=0.0547 iou=0.0084
  Epoch 33 [120/537] loss=0.0628 mask=0.0546 iou=0.0082
  Epoch 33 [130/537] loss=0.0632 mask=0.0549 iou=0.0083
  Epoch 33 [140/537] loss=0.0637 mask=0.0554 iou=0.0083
  Epoch 33 [150/537] loss=0.0660 mask=0.0575 iou=0.0085
  Epoch 33 [160/537] loss=0.0657 mask=0.0573 iou=0.0083
  Epoch 33 [170/537] loss=0.0649 mask=0.0568 iou=0.0081
  Epoch 33 [180/537] loss=0.0650 mask=0.0569 iou=0.0080
  Epoch 33 [190/537] loss=0.0656 mask=0.0574 iou=0.0082
  Epoch 33 [200/537] loss=0.0671 mask=0.0583 iou=0.0088
  Epoch 33 [210/537] loss=0.0669 mask=0.0581 iou=0.0088
  Epoch 33 [220/537] loss=0.0676 mask=0.0587 iou=0.0089
  Epoch 33 [230/537] loss=0.0674 mask=0.0586 iou=0.0089
  Epoch 33 [240/537] loss=0.0672 mask=0.0584 iou=0.0088
  Epoch 33 [250/537] loss=0.0676 mask=0.0586 iou=0.0090
  Epoch 33 [260/537] loss=0.0677 mask=0.0588 iou=0.0088
  Epoch 33 [270/537] loss=0.0674 mask=0.0587 iou=0.0087
  Epoch 33 [280/537] loss=0.0667 mask=0.0581 iou=0.0085
  Epoch 33 [290/537] loss=0.0664 mask=0.0580 iou=0.0084
  Epoch 33 [300/537] loss=0.0661 mask=0.0577 iou=0.0084
  Epoch 33 [310/537] loss=0.0659 mask=0.0575 iou=0.0084
  Epoch 33 [320/537] loss=0.0656 mask=0.0574 iou=0.0083
  Epoch 33 [330/537] loss=0.0651 mask=0.0570 iou=0.0082
  Epoch 33 [340/537] loss=0.0649 mask=0.0568 iou=0.0081
  Epoch 33 [350/537] loss=0.0654 mask=0.0571 iou=0.0083
  Epoch 33 [360/537] loss=0.0652 mask=0.0569 iou=0.0083
  Epoch 33 [370/537] loss=0.0655 mask=0.0572 iou=0.0083
  Epoch 33 [380/537] loss=0.0658 mask=0.0575 iou=0.0083
  Epoch 33 [390/537] loss=0.0656 mask=0.0574 iou=0.0083
  Epoch 33 [400/537] loss=0.0659 mask=0.0575 iou=0.0084
  Epoch 33 [410/537] loss=0.0655 mask=0.0572 iou=0.0083
  Epoch 33 [420/537] loss=0.0655 mask=0.0572 iou=0.0083
  Epoch 33 [430/537] loss=0.0651 mask=0.0569 iou=0.0082
  Epoch 33 [440/537] loss=0.0655 mask=0.0573 iou=0.0082
  Epoch 33 [450/537] loss=0.0656 mask=0.0573 iou=0.0082
  Epoch 33 [460/537] loss=0.0663 mask=0.0579 iou=0.0084
  Epoch 33 [470/537] loss=0.0664 mask=0.0580 iou=0.0084
  Epoch 33 [480/537] loss=0.0664 mask=0.0580 iou=0.0084
  Epoch 33 [490/537] loss=0.0662 mask=0.0579 iou=0.0083
  Epoch 33 [500/537] loss=0.0660 mask=0.0577 iou=0.0082
  Epoch 33 [510/537] loss=0.0661 mask=0.0579 iou=0.0082
  Epoch 33 [520/537] loss=0.0663 mask=0.0581 iou=0.0082
  Epoch 33 [530/537] loss=0.0659 mask=0.0578 iou=0.0081
  Train: loss=0.0665 mask=0.0584 iou=0.0082 time=588.1s
  Val epoch 33: loss=0.1888

=== Phase1 Epoch 34/49 ===
  Epoch 34 [10/537] loss=0.0609 mask=0.0541 iou=0.0068
  Epoch 34 [20/537] loss=0.0550 mask=0.0486 iou=0.0064
  Epoch 34 [30/537] loss=0.0617 mask=0.0536 iou=0.0081
  Epoch 34 [40/537] loss=0.0681 mask=0.0574 iou=0.0107
  Epoch 34 [50/537] loss=0.0609 mask=0.0517 iou=0.0091
  Epoch 34 [60/537] loss=0.0624 mask=0.0539 iou=0.0085
  Epoch 34 [70/537] loss=0.0602 mask=0.0523 iou=0.0078
  Epoch 34 [80/537] loss=0.0598 mask=0.0525 iou=0.0073
  Epoch 34 [90/537] loss=0.0600 mask=0.0526 iou=0.0074
  Epoch 34 [100/537] loss=0.0599 mask=0.0528 iou=0.0072
  Epoch 34 [110/537] loss=0.0644 mask=0.0561 iou=0.0083
  Epoch 34 [120/537] loss=0.0647 mask=0.0563 iou=0.0083
  Epoch 34 [130/537] loss=0.0648 mask=0.0561 iou=0.0087
  Epoch 34 [140/537] loss=0.0652 mask=0.0566 iou=0.0085
  Epoch 34 [150/537] loss=0.0673 mask=0.0586 iou=0.0088
  Epoch 34 [160/537] loss=0.0679 mask=0.0593 iou=0.0086
  Epoch 34 [170/537] loss=0.0679 mask=0.0592 iou=0.0087
  Epoch 34 [180/537] loss=0.0669 mask=0.0585 iou=0.0084
  Epoch 34 [190/537] loss=0.0668 mask=0.0583 iou=0.0084
  Epoch 34 [200/537] loss=0.0662 mask=0.0580 iou=0.0082
  Epoch 34 [210/537] loss=0.0659 mask=0.0579 iou=0.0080
  Epoch 34 [220/537] loss=0.0660 mask=0.0580 iou=0.0080
  Epoch 34 [230/537] loss=0.0658 mask=0.0579 iou=0.0079
  Epoch 34 [240/537] loss=0.0659 mask=0.0579 iou=0.0079
  Epoch 34 [250/537] loss=0.0654 mask=0.0575 iou=0.0079
  Epoch 34 [260/537] loss=0.0659 mask=0.0578 iou=0.0081
  Epoch 34 [270/537] loss=0.0659 mask=0.0577 iou=0.0082
  Epoch 34 [280/537] loss=0.0659 mask=0.0577 iou=0.0082
  Epoch 34 [290/537] loss=0.0658 mask=0.0576 iou=0.0082
  Epoch 34 [300/537] loss=0.0655 mask=0.0574 iou=0.0081
  Epoch 34 [310/537] loss=0.0651 mask=0.0571 iou=0.0081
  Epoch 34 [320/537] loss=0.0657 mask=0.0575 iou=0.0082
  Epoch 34 [330/537] loss=0.0657 mask=0.0576 iou=0.0082
  Epoch 34 [340/537] loss=0.0668 mask=0.0585 iou=0.0083
  Epoch 34 [350/537] loss=0.0666 mask=0.0584 iou=0.0082
  Epoch 34 [360/537] loss=0.0670 mask=0.0588 iou=0.0082
  Epoch 34 [370/537] loss=0.0665 mask=0.0583 iou=0.0082
  Epoch 34 [380/537] loss=0.0664 mask=0.0582 iou=0.0082
  Epoch 34 [390/537] loss=0.0669 mask=0.0585 iou=0.0084
  Epoch 34 [400/537] loss=0.0670 mask=0.0586 iou=0.0084
  Epoch 34 [410/537] loss=0.0671 mask=0.0587 iou=0.0084
  Epoch 34 [420/537] loss=0.0670 mask=0.0586 iou=0.0083
  Epoch 34 [430/537] loss=0.0666 mask=0.0583 iou=0.0083
  Epoch 34 [440/537] loss=0.0667 mask=0.0585 iou=0.0082
  Epoch 34 [450/537] loss=0.0668 mask=0.0587 iou=0.0082
  Epoch 34 [460/537] loss=0.0667 mask=0.0586 iou=0.0082
  Epoch 34 [470/537] loss=0.0672 mask=0.0591 iou=0.0082
  Epoch 34 [480/537] loss=0.0668 mask=0.0587 iou=0.0081
  Epoch 34 [490/537] loss=0.0669 mask=0.0587 iou=0.0082
  Epoch 34 [500/537] loss=0.0667 mask=0.0585 iou=0.0081
  Epoch 34 [510/537] loss=0.0662 mask=0.0581 iou=0.0081
  Epoch 34 [520/537] loss=0.0658 mask=0.0578 iou=0.0080
  Epoch 34 [530/537] loss=0.0659 mask=0.0578 iou=0.0081
  Train: loss=0.0671 mask=0.0590 iou=0.0081 time=647.1s
  Val epoch 34: loss=0.1895

=== Phase1 Epoch 35/49 ===
  Epoch 35 [10/537] loss=0.0753 mask=0.0645 iou=0.0108
  Epoch 35 [20/537] loss=0.0882 mask=0.0772 iou=0.0110
  Epoch 35 [30/537] loss=0.0751 mask=0.0661 iou=0.0090
  Epoch 35 [40/537] loss=0.0734 mask=0.0643 iou=0.0091
  Epoch 35 [50/537] loss=0.0736 mask=0.0641 iou=0.0095
  Epoch 35 [60/537] loss=0.0712 mask=0.0619 iou=0.0094
  Epoch 35 [70/537] loss=0.0726 mask=0.0626 iou=0.0100
  Epoch 35 [80/537] loss=0.0706 mask=0.0612 iou=0.0093
  Epoch 35 [90/537] loss=0.0688 mask=0.0601 iou=0.0087
  Epoch 35 [100/537] loss=0.0681 mask=0.0597 iou=0.0084
  Epoch 35 [110/537] loss=0.0674 mask=0.0593 iou=0.0080
  Epoch 35 [120/537] loss=0.0675 mask=0.0591 iou=0.0085
  Epoch 35 [130/537] loss=0.0665 mask=0.0584 iou=0.0081
  Epoch 35 [140/537] loss=0.0669 mask=0.0585 iou=0.0084
  Epoch 35 [150/537] loss=0.0675 mask=0.0589 iou=0.0085
  Epoch 35 [160/537] loss=0.0672 mask=0.0589 iou=0.0083
  Epoch 35 [170/537] loss=0.0692 mask=0.0606 iou=0.0085
  Epoch 35 [180/537] loss=0.0697 mask=0.0611 iou=0.0086
  Epoch 35 [190/537] loss=0.0694 mask=0.0606 iou=0.0088
  Epoch 35 [200/537] loss=0.0690 mask=0.0603 iou=0.0087
  Epoch 35 [210/537] loss=0.0693 mask=0.0606 iou=0.0087
  Epoch 35 [220/537] loss=0.0683 mask=0.0599 iou=0.0084
  Epoch 35 [230/537] loss=0.0681 mask=0.0596 iou=0.0085
  Epoch 35 [240/537] loss=0.0682 mask=0.0596 iou=0.0086
  Epoch 35 [250/537] loss=0.0677 mask=0.0592 iou=0.0085
  Epoch 35 [260/537] loss=0.0673 mask=0.0588 iou=0.0084
  Epoch 35 [270/537] loss=0.0669 mask=0.0586 iou=0.0083
  Epoch 35 [280/537] loss=0.0671 mask=0.0586 iou=0.0085
  Epoch 35 [290/537] loss=0.0668 mask=0.0585 iou=0.0083
  Epoch 35 [300/537] loss=0.0666 mask=0.0583 iou=0.0083
  Epoch 35 [310/537] loss=0.0665 mask=0.0583 iou=0.0082
  Epoch 35 [320/537] loss=0.0669 mask=0.0587 iou=0.0083
  Epoch 35 [330/537] loss=0.0665 mask=0.0583 iou=0.0082
  Epoch 35 [340/537] loss=0.0670 mask=0.0585 iou=0.0084
  Epoch 35 [350/537] loss=0.0669 mask=0.0584 iou=0.0085
  Epoch 35 [360/537] loss=0.0666 mask=0.0581 iou=0.0086
  Epoch 35 [370/537] loss=0.0662 mask=0.0578 iou=0.0084
  Epoch 35 [380/537] loss=0.0659 mask=0.0576 iou=0.0083
  Epoch 35 [390/537] loss=0.0657 mask=0.0575 iou=0.0082
  Epoch 35 [400/537] loss=0.0657 mask=0.0575 iou=0.0082
  Epoch 35 [410/537] loss=0.0653 mask=0.0572 iou=0.0081
  Epoch 35 [420/537] loss=0.0653 mask=0.0572 iou=0.0081
  Epoch 35 [430/537] loss=0.0664 mask=0.0581 iou=0.0083
  Epoch 35 [440/537] loss=0.0670 mask=0.0587 iou=0.0083
  Epoch 35 [450/537] loss=0.0668 mask=0.0586 iou=0.0082
  Epoch 35 [460/537] loss=0.0667 mask=0.0585 iou=0.0081
  Epoch 35 [470/537] loss=0.0661 mask=0.0581 iou=0.0080
  Epoch 35 [480/537] loss=0.0661 mask=0.0581 iou=0.0079
  Epoch 35 [490/537] loss=0.0667 mask=0.0586 iou=0.0081
  Epoch 35 [500/537] loss=0.0668 mask=0.0586 iou=0.0082
  Epoch 35 [510/537] loss=0.0666 mask=0.0585 iou=0.0082
  Epoch 35 [520/537] loss=0.0663 mask=0.0582 iou=0.0081
  Epoch 35 [530/537] loss=0.0662 mask=0.0582 iou=0.0081
  Train: loss=0.0682 mask=0.0597 iou=0.0085 time=782.1s
  Val epoch 35: loss=0.1825

=== Phase1 Epoch 36/49 ===
  Epoch 36 [10/537] loss=0.0640 mask=0.0559 iou=0.0081
  Epoch 36 [20/537] loss=0.0616 mask=0.0538 iou=0.0078
  Epoch 36 [30/537] loss=0.0685 mask=0.0586 iou=0.0099
  Epoch 36 [40/537] loss=0.0698 mask=0.0609 iou=0.0089
  Epoch 36 [50/537] loss=0.0687 mask=0.0601 iou=0.0086
  Epoch 36 [60/537] loss=0.0761 mask=0.0660 iou=0.0101
  Epoch 36 [70/537] loss=0.0736 mask=0.0642 iou=0.0093
  Epoch 36 [80/537] loss=0.0727 mask=0.0638 iou=0.0089
  Epoch 36 [90/537] loss=0.0717 mask=0.0631 iou=0.0086
  Epoch 36 [100/537] loss=0.0697 mask=0.0614 iou=0.0083
  Epoch 36 [110/537] loss=0.0695 mask=0.0610 iou=0.0085
  Epoch 36 [120/537] loss=0.0688 mask=0.0605 iou=0.0084
  Epoch 36 [130/537] loss=0.0678 mask=0.0597 iou=0.0081
  Epoch 36 [140/537] loss=0.0691 mask=0.0612 iou=0.0080
  Epoch 36 [150/537] loss=0.0703 mask=0.0620 iou=0.0083
  Epoch 36 [160/537] loss=0.0697 mask=0.0614 iou=0.0083
  Epoch 36 [170/537] loss=0.0686 mask=0.0606 iou=0.0080
  Epoch 36 [180/537] loss=0.0683 mask=0.0603 iou=0.0080
  Epoch 36 [190/537] loss=0.0673 mask=0.0595 iou=0.0078
  Epoch 36 [200/537] loss=0.0682 mask=0.0600 iou=0.0081
  Epoch 36 [210/537] loss=0.0680 mask=0.0598 iou=0.0082
  Epoch 36 [220/537] loss=0.0677 mask=0.0595 iou=0.0081
  Epoch 36 [230/537] loss=0.0672 mask=0.0590 iou=0.0082
  Epoch 36 [240/537] loss=0.0670 mask=0.0588 iou=0.0082
  Epoch 36 [250/537] loss=0.0665 mask=0.0585 iou=0.0080
  Epoch 36 [260/537] loss=0.0669 mask=0.0589 iou=0.0080
  Epoch 36 [270/537] loss=0.0672 mask=0.0591 iou=0.0081
  Epoch 36 [280/537] loss=0.0667 mask=0.0587 iou=0.0079
  Epoch 36 [290/537] loss=0.0665 mask=0.0586 iou=0.0079
  Epoch 36 [300/537] loss=0.0661 mask=0.0583 iou=0.0078
  Epoch 36 [310/537] loss=0.0660 mask=0.0581 iou=0.0078
  Epoch 36 [320/537] loss=0.0664 mask=0.0585 iou=0.0079
  Epoch 36 [330/537] loss=0.0673 mask=0.0591 iou=0.0082
  Epoch 36 [340/537] loss=0.0670 mask=0.0589 iou=0.0081
  Epoch 36 [350/537] loss=0.0674 mask=0.0590 iou=0.0083
  Epoch 36 [360/537] loss=0.0670 mask=0.0588 iou=0.0082
  Epoch 36 [370/537] loss=0.0667 mask=0.0585 iou=0.0083
  Epoch 36 [380/537] loss=0.0669 mask=0.0587 iou=0.0082
  Epoch 36 [390/537] loss=0.0679 mask=0.0594 iou=0.0085
  Epoch 36 [400/537] loss=0.0675 mask=0.0591 iou=0.0084
  Epoch 36 [410/537] loss=0.0671 mask=0.0587 iou=0.0084
  Epoch 36 [420/537] loss=0.0672 mask=0.0588 iou=0.0084
  Epoch 36 [430/537] loss=0.0670 mask=0.0586 iou=0.0084
  Epoch 36 [440/537] loss=0.0679 mask=0.0593 iou=0.0086
  Epoch 36 [450/537] loss=0.0676 mask=0.0591 iou=0.0085
  Epoch 36 [460/537] loss=0.0678 mask=0.0593 iou=0.0085
  Epoch 36 [470/537] loss=0.0675 mask=0.0591 iou=0.0084
  Epoch 36 [480/537] loss=0.0671 mask=0.0587 iou=0.0083
  Epoch 36 [490/537] loss=0.0666 mask=0.0584 iou=0.0083
  Epoch 36 [500/537] loss=0.0667 mask=0.0583 iou=0.0084
  Epoch 36 [510/537] loss=0.0665 mask=0.0582 iou=0.0084
  Epoch 36 [520/537] loss=0.0667 mask=0.0583 iou=0.0084
  Epoch 36 [530/537] loss=0.0664 mask=0.0581 iou=0.0083
  Train: loss=0.0670 mask=0.0584 iou=0.0086 time=795.1s
  Val epoch 36: loss=0.1853

=== Phase1 Epoch 37/49 ===
  Epoch 37 [10/537] loss=0.0478 mask=0.0419 iou=0.0059
  Epoch 37 [20/537] loss=0.0662 mask=0.0566 iou=0.0095
  Epoch 37 [30/537] loss=0.0579 mask=0.0511 iou=0.0069
  Epoch 37 [40/537] loss=0.0661 mask=0.0589 iou=0.0072
  Epoch 37 [50/537] loss=0.0644 mask=0.0570 iou=0.0074
  Epoch 37 [60/537] loss=0.0682 mask=0.0602 iou=0.0080
  Epoch 37 [70/537] loss=0.0686 mask=0.0605 iou=0.0080
  Epoch 37 [80/537] loss=0.0718 mask=0.0629 iou=0.0088
  Epoch 37 [90/537] loss=0.0714 mask=0.0627 iou=0.0086
  Epoch 37 [100/537] loss=0.0694 mask=0.0612 iou=0.0082
  Epoch 37 [110/537] loss=0.0672 mask=0.0594 iou=0.0078
  Epoch 37 [120/537] loss=0.0696 mask=0.0613 iou=0.0083
  Epoch 37 [130/537] loss=0.0698 mask=0.0611 iou=0.0087
  Epoch 37 [140/537] loss=0.0702 mask=0.0615 iou=0.0088
  Epoch 37 [150/537] loss=0.0700 mask=0.0614 iou=0.0086
  Epoch 37 [160/537] loss=0.0692 mask=0.0608 iou=0.0084
  Epoch 37 [170/537] loss=0.0682 mask=0.0599 iou=0.0083
  Epoch 37 [180/537] loss=0.0665 mask=0.0586 iou=0.0080
  Epoch 37 [190/537] loss=0.0656 mask=0.0579 iou=0.0078
  Epoch 37 [200/537] loss=0.0668 mask=0.0589 iou=0.0079
  Epoch 37 [210/537] loss=0.0685 mask=0.0601 iou=0.0084
  Epoch 37 [220/537] loss=0.0692 mask=0.0605 iou=0.0087
  Epoch 37 [230/537] loss=0.0691 mask=0.0606 iou=0.0085
  Epoch 37 [240/537] loss=0.0686 mask=0.0601 iou=0.0085
  Epoch 37 [250/537] loss=0.0674 mask=0.0591 iou=0.0083
  Epoch 37 [260/537] loss=0.0676 mask=0.0591 iou=0.0085
  Epoch 37 [270/537] loss=0.0673 mask=0.0590 iou=0.0083
  Epoch 37 [280/537] loss=0.0672 mask=0.0589 iou=0.0083
  Epoch 37 [290/537] loss=0.0678 mask=0.0594 iou=0.0085
  Epoch 37 [300/537] loss=0.0677 mask=0.0592 iou=0.0084
  Epoch 37 [310/537] loss=0.0676 mask=0.0592 iou=0.0084
  Epoch 37 [320/537] loss=0.0678 mask=0.0593 iou=0.0085
  Epoch 37 [330/537] loss=0.0674 mask=0.0590 iou=0.0084
  Epoch 37 [340/537] loss=0.0666 mask=0.0583 iou=0.0083
  Epoch 37 [350/537] loss=0.0661 mask=0.0579 iou=0.0081
  Epoch 37 [360/537] loss=0.0661 mask=0.0580 iou=0.0082
  Epoch 37 [370/537] loss=0.0661 mask=0.0579 iou=0.0081
  Epoch 37 [380/537] loss=0.0668 mask=0.0584 iou=0.0083
  Epoch 37 [390/537] loss=0.0665 mask=0.0583 iou=0.0082
  Epoch 37 [400/537] loss=0.0666 mask=0.0583 iou=0.0083
  Epoch 37 [410/537] loss=0.0663 mask=0.0582 iou=0.0082
  Epoch 37 [420/537] loss=0.0668 mask=0.0584 iou=0.0084
  Epoch 37 [430/537] loss=0.0667 mask=0.0583 iou=0.0083
  Epoch 37 [440/537] loss=0.0665 mask=0.0582 iou=0.0084
  Epoch 37 [450/537] loss=0.0662 mask=0.0580 iou=0.0082
  Epoch 37 [460/537] loss=0.0661 mask=0.0579 iou=0.0082
  Epoch 37 [470/537] loss=0.0663 mask=0.0581 iou=0.0082
  Epoch 37 [480/537] loss=0.0661 mask=0.0579 iou=0.0082
  Epoch 37 [490/537] loss=0.0660 mask=0.0578 iou=0.0082
  Epoch 37 [500/537] loss=0.0664 mask=0.0580 iou=0.0084
  Epoch 37 [510/537] loss=0.0666 mask=0.0582 iou=0.0084
  Epoch 37 [520/537] loss=0.0664 mask=0.0580 iou=0.0084
  Epoch 37 [530/537] loss=0.0662 mask=0.0578 iou=0.0084
  Train: loss=0.0669 mask=0.0584 iou=0.0085 time=876.2s
  Val epoch 37: loss=0.1802

=== Phase1 Epoch 38/49 ===
  Epoch 38 [10/537] loss=0.0663 mask=0.0597 iou=0.0066
  Epoch 38 [20/537] loss=0.0590 mask=0.0538 iou=0.0052
  Epoch 38 [30/537] loss=0.0679 mask=0.0605 iou=0.0074
  Epoch 38 [40/537] loss=0.0634 mask=0.0567 iou=0.0067
  Epoch 38 [50/537] loss=0.0631 mask=0.0561 iou=0.0071
  Epoch 38 [60/537] loss=0.0594 mask=0.0525 iou=0.0069
  Epoch 38 [70/537] loss=0.0593 mask=0.0527 iou=0.0066
  Epoch 38 [80/537] loss=0.0624 mask=0.0548 iou=0.0075
  Epoch 38 [90/537] loss=0.0594 mask=0.0525 iou=0.0069
  Epoch 38 [100/537] loss=0.0589 mask=0.0521 iou=0.0067
  Epoch 38 [110/537] loss=0.0614 mask=0.0547 iou=0.0067
  Epoch 38 [120/537] loss=0.0616 mask=0.0548 iou=0.0068
  Epoch 38 [130/537] loss=0.0614 mask=0.0544 iou=0.0069
  Epoch 38 [140/537] loss=0.0605 mask=0.0537 iou=0.0069
  Epoch 38 [150/537] loss=0.0616 mask=0.0543 iou=0.0073
  Epoch 38 [160/537] loss=0.0615 mask=0.0543 iou=0.0072
  Epoch 38 [170/537] loss=0.0618 mask=0.0546 iou=0.0072
  Epoch 38 [180/537] loss=0.0618 mask=0.0547 iou=0.0070
  Epoch 38 [190/537] loss=0.0632 mask=0.0561 iou=0.0071
  Epoch 38 [200/537] loss=0.0628 mask=0.0557 iou=0.0071
  Epoch 38 [210/537] loss=0.0631 mask=0.0559 iou=0.0071
  Epoch 38 [220/537] loss=0.0627 mask=0.0556 iou=0.0071
  Epoch 38 [230/537] loss=0.0637 mask=0.0564 iou=0.0073
  Epoch 38 [240/537] loss=0.0631 mask=0.0559 iou=0.0072
  Epoch 38 [250/537] loss=0.0640 mask=0.0565 iou=0.0075
  Epoch 38 [260/537] loss=0.0631 mask=0.0559 iou=0.0073
  Epoch 38 [270/537] loss=0.0642 mask=0.0568 iou=0.0074
  Epoch 38 [280/537] loss=0.0637 mask=0.0564 iou=0.0074
  Epoch 38 [290/537] loss=0.0635 mask=0.0562 iou=0.0073
  Epoch 38 [300/537] loss=0.0633 mask=0.0561 iou=0.0072
  Epoch 38 [310/537] loss=0.0636 mask=0.0563 iou=0.0073
  Epoch 38 [320/537] loss=0.0635 mask=0.0563 iou=0.0072
  Epoch 38 [330/537] loss=0.0645 mask=0.0571 iou=0.0074
  Epoch 38 [340/537] loss=0.0641 mask=0.0568 iou=0.0074
  Epoch 38 [350/537] loss=0.0643 mask=0.0570 iou=0.0074
  Epoch 38 [360/537] loss=0.0640 mask=0.0567 iou=0.0073
  Epoch 38 [370/537] loss=0.0644 mask=0.0570 iou=0.0074
  Epoch 38 [380/537] loss=0.0650 mask=0.0574 iou=0.0075
  Epoch 38 [390/537] loss=0.0648 mask=0.0573 iou=0.0075
  Epoch 38 [400/537] loss=0.0647 mask=0.0573 iou=0.0074
  Epoch 38 [410/537] loss=0.0646 mask=0.0571 iou=0.0075
  Epoch 38 [420/537] loss=0.0646 mask=0.0571 iou=0.0075
  Epoch 38 [430/537] loss=0.0649 mask=0.0574 iou=0.0075
  Epoch 38 [440/537] loss=0.0648 mask=0.0573 iou=0.0075
  Epoch 38 [450/537] loss=0.0646 mask=0.0572 iou=0.0074
  Epoch 38 [460/537] loss=0.0652 mask=0.0577 iou=0.0074
  Epoch 38 [470/537] loss=0.0653 mask=0.0579 iou=0.0074
  Epoch 38 [480/537] loss=0.0656 mask=0.0580 iou=0.0075
  Epoch 38 [490/537] loss=0.0658 mask=0.0582 iou=0.0076
  Epoch 38 [500/537] loss=0.0656 mask=0.0580 iou=0.0076
  Epoch 38 [510/537] loss=0.0655 mask=0.0579 iou=0.0076
  Epoch 38 [520/537] loss=0.0654 mask=0.0577 iou=0.0076
  Epoch 38 [530/537] loss=0.0656 mask=0.0578 iou=0.0078
  Train: loss=0.0667 mask=0.0588 iou=0.0078 time=815.4s
  Val epoch 38: loss=0.1829

=== Phase1 Epoch 39/49 ===
  Epoch 39 [10/537] loss=0.0528 mask=0.0491 iou=0.0037
  Epoch 39 [20/537] loss=0.0538 mask=0.0507 iou=0.0031
  Epoch 39 [30/537] loss=0.0569 mask=0.0514 iou=0.0055
  Epoch 39 [40/537] loss=0.0555 mask=0.0504 iou=0.0051
  Epoch 39 [50/537] loss=0.0600 mask=0.0545 iou=0.0055
  Epoch 39 [60/537] loss=0.0601 mask=0.0541 iou=0.0060
  Epoch 39 [70/537] loss=0.0580 mask=0.0520 iou=0.0061
  Epoch 39 [80/537] loss=0.0572 mask=0.0512 iou=0.0060
  Epoch 39 [90/537] loss=0.0564 mask=0.0504 iou=0.0060
  Epoch 39 [100/537] loss=0.0572 mask=0.0513 iou=0.0059
  Epoch 39 [110/537] loss=0.0583 mask=0.0521 iou=0.0061
  Epoch 39 [120/537] loss=0.0575 mask=0.0516 iou=0.0059
  Epoch 39 [130/537] loss=0.0583 mask=0.0523 iou=0.0060
  Epoch 39 [140/537] loss=0.0617 mask=0.0548 iou=0.0069
  Epoch 39 [150/537] loss=0.0624 mask=0.0553 iou=0.0071
  Epoch 39 [160/537] loss=0.0620 mask=0.0550 iou=0.0070
  Epoch 39 [170/537] loss=0.0616 mask=0.0549 iou=0.0068
  Epoch 39 [180/537] loss=0.0612 mask=0.0545 iou=0.0067
  Epoch 39 [190/537] loss=0.0605 mask=0.0539 iou=0.0065
  Epoch 39 [200/537] loss=0.0616 mask=0.0551 iou=0.0065
  Epoch 39 [210/537] loss=0.0610 mask=0.0545 iou=0.0064
  Epoch 39 [220/537] loss=0.0609 mask=0.0545 iou=0.0064
  Epoch 39 [230/537] loss=0.0605 mask=0.0541 iou=0.0063
  Epoch 39 [240/537] loss=0.0614 mask=0.0547 iou=0.0067
  Epoch 39 [250/537] loss=0.0616 mask=0.0549 iou=0.0067
  Epoch 39 [260/537] loss=0.0619 mask=0.0551 iou=0.0068
  Epoch 39 [270/537] loss=0.0618 mask=0.0549 iou=0.0069
  Epoch 39 [280/537] loss=0.0623 mask=0.0555 iou=0.0069
  Epoch 39 [290/537] loss=0.0637 mask=0.0565 iou=0.0072
  Epoch 39 [300/537] loss=0.0633 mask=0.0562 iou=0.0071
  Epoch 39 [310/537] loss=0.0638 mask=0.0567 iou=0.0071
  Epoch 39 [320/537] loss=0.0638 mask=0.0567 iou=0.0071
  Epoch 39 [330/537] loss=0.0636 mask=0.0565 iou=0.0071
  Epoch 39 [340/537] loss=0.0637 mask=0.0565 iou=0.0071
  Epoch 39 [350/537] loss=0.0645 mask=0.0572 iou=0.0073
  Epoch 39 [360/537] loss=0.0646 mask=0.0574 iou=0.0072
  Epoch 39 [370/537] loss=0.0646 mask=0.0573 iou=0.0073
  Epoch 39 [380/537] loss=0.0642 mask=0.0569 iou=0.0073
  Epoch 39 [390/537] loss=0.0644 mask=0.0571 iou=0.0073
  Epoch 39 [400/537] loss=0.0643 mask=0.0570 iou=0.0073
  Epoch 39 [410/537] loss=0.0643 mask=0.0569 iou=0.0074
  Epoch 39 [420/537] loss=0.0643 mask=0.0568 iou=0.0074
  Epoch 39 [430/537] loss=0.0644 mask=0.0568 iou=0.0076
  Epoch 39 [440/537] loss=0.0641 mask=0.0565 iou=0.0075
  Epoch 39 [450/537] loss=0.0637 mask=0.0563 iou=0.0075
  Epoch 39 [460/537] loss=0.0640 mask=0.0564 iou=0.0076
  Epoch 39 [470/537] loss=0.0646 mask=0.0568 iou=0.0077
  Epoch 39 [480/537] loss=0.0645 mask=0.0567 iou=0.0077
  Epoch 39 [490/537] loss=0.0642 mask=0.0565 iou=0.0077
  Epoch 39 [500/537] loss=0.0638 mask=0.0562 iou=0.0076
  Epoch 39 [510/537] loss=0.0639 mask=0.0564 iou=0.0075
  Epoch 39 [520/537] loss=0.0640 mask=0.0564 iou=0.0076
  Epoch 39 [530/537] loss=0.0639 mask=0.0563 iou=0.0076
  Train: loss=0.0654 mask=0.0576 iou=0.0078 time=591.3s
  Val epoch 39: loss=0.1869

=== Phase1 Epoch 40/49 ===
  Epoch 40 [10/537] loss=0.0450 mask=0.0411 iou=0.0039
  Epoch 40 [20/537] loss=0.0538 mask=0.0468 iou=0.0070
  Epoch 40 [30/537] loss=0.0532 mask=0.0472 iou=0.0061
  Epoch 40 [40/537] loss=0.0617 mask=0.0539 iou=0.0078
  Epoch 40 [50/537] loss=0.0602 mask=0.0526 iou=0.0076
  Epoch 40 [60/537] loss=0.0614 mask=0.0539 iou=0.0075
  Epoch 40 [70/537] loss=0.0616 mask=0.0541 iou=0.0076
  Epoch 40 [80/537] loss=0.0601 mask=0.0528 iou=0.0073
  Epoch 40 [90/537] loss=0.0626 mask=0.0548 iou=0.0077
  Epoch 40 [100/537] loss=0.0608 mask=0.0535 iou=0.0073
  Epoch 40 [110/537] loss=0.0607 mask=0.0533 iou=0.0075
  Epoch 40 [120/537] loss=0.0604 mask=0.0530 iou=0.0074
  Epoch 40 [130/537] loss=0.0594 mask=0.0523 iou=0.0072
  Epoch 40 [140/537] loss=0.0593 mask=0.0523 iou=0.0070
  Epoch 40 [150/537] loss=0.0593 mask=0.0524 iou=0.0069
  Epoch 40 [160/537] loss=0.0595 mask=0.0528 iou=0.0068
  Epoch 40 [170/537] loss=0.0612 mask=0.0540 iou=0.0072
  Epoch 40 [180/537] loss=0.0607 mask=0.0537 iou=0.0069
  Epoch 40 [190/537] loss=0.0606 mask=0.0539 iou=0.0068
  Epoch 40 [200/537] loss=0.0610 mask=0.0541 iou=0.0069
  Epoch 40 [210/537] loss=0.0614 mask=0.0543 iou=0.0071
  Epoch 40 [220/537] loss=0.0606 mask=0.0536 iou=0.0069
  Epoch 40 [230/537] loss=0.0606 mask=0.0537 iou=0.0069
  Epoch 40 [240/537] loss=0.0601 mask=0.0533 iou=0.0068
  Epoch 40 [250/537] loss=0.0608 mask=0.0538 iou=0.0069
  Epoch 40 [260/537] loss=0.0607 mask=0.0539 iou=0.0068
  Epoch 40 [270/537] loss=0.0617 mask=0.0545 iou=0.0072
  Epoch 40 [280/537] loss=0.0613 mask=0.0542 iou=0.0070
  Epoch 40 [290/537] loss=0.0618 mask=0.0547 iou=0.0071
  Epoch 40 [300/537] loss=0.0616 mask=0.0545 iou=0.0070
  Epoch 40 [310/537] loss=0.0627 mask=0.0554 iou=0.0073
  Epoch 40 [320/537] loss=0.0629 mask=0.0556 iou=0.0073
  Epoch 40 [330/537] loss=0.0628 mask=0.0555 iou=0.0073
  Epoch 40 [340/537] loss=0.0630 mask=0.0557 iou=0.0073
  Epoch 40 [350/537] loss=0.0630 mask=0.0557 iou=0.0072
  Epoch 40 [360/537] loss=0.0631 mask=0.0558 iou=0.0073
  Epoch 40 [370/537] loss=0.0630 mask=0.0557 iou=0.0073
  Epoch 40 [380/537] loss=0.0627 mask=0.0555 iou=0.0072
  Epoch 40 [390/537] loss=0.0631 mask=0.0559 iou=0.0071
  Epoch 40 [400/537] loss=0.0629 mask=0.0557 iou=0.0072
  Epoch 40 [410/537] loss=0.0627 mask=0.0556 iou=0.0071
  Epoch 40 [420/537] loss=0.0625 mask=0.0554 iou=0.0071
  Epoch 40 [430/537] loss=0.0622 mask=0.0552 iou=0.0070
  Epoch 40 [440/537] loss=0.0630 mask=0.0560 iou=0.0070
  Epoch 40 [450/537] loss=0.0632 mask=0.0562 iou=0.0071
  Epoch 40 [460/537] loss=0.0633 mask=0.0562 iou=0.0071
  Epoch 40 [470/537] loss=0.0633 mask=0.0562 iou=0.0071
  Epoch 40 [480/537] loss=0.0632 mask=0.0560 iou=0.0072
  Epoch 40 [490/537] loss=0.0632 mask=0.0560 iou=0.0072
  Epoch 40 [500/537] loss=0.0632 mask=0.0560 iou=0.0072
  Epoch 40 [510/537] loss=0.0636 mask=0.0562 iou=0.0073
  Epoch 40 [520/537] loss=0.0633 mask=0.0560 iou=0.0073
  Epoch 40 [530/537] loss=0.0632 mask=0.0560 iou=0.0072
  Train: loss=0.0647 mask=0.0573 iou=0.0074 time=658.9s
  Val epoch 40: loss=0.1863

=== Phase1 Epoch 41/49 ===
  Epoch 41 [10/537] loss=0.0824 mask=0.0681 iou=0.0143
  Epoch 41 [20/537] loss=0.0630 mask=0.0542 iou=0.0088
  Epoch 41 [30/537] loss=0.0583 mask=0.0508 iou=0.0075
  Epoch 41 [40/537] loss=0.0596 mask=0.0522 iou=0.0074
  Epoch 41 [50/537] loss=0.0609 mask=0.0536 iou=0.0073
  Epoch 41 [60/537] loss=0.0585 mask=0.0519 iou=0.0067
  Epoch 41 [70/537] loss=0.0581 mask=0.0510 iou=0.0071
  Epoch 41 [80/537] loss=0.0573 mask=0.0501 iou=0.0072
  Epoch 41 [90/537] loss=0.0578 mask=0.0504 iou=0.0074
  Epoch 41 [100/537] loss=0.0577 mask=0.0504 iou=0.0072
  Epoch 41 [110/537] loss=0.0619 mask=0.0549 iou=0.0070
  Epoch 41 [120/537] loss=0.0643 mask=0.0567 iou=0.0077
  Epoch 41 [130/537] loss=0.0641 mask=0.0566 iou=0.0075
  Epoch 41 [140/537] loss=0.0632 mask=0.0559 iou=0.0073
  Epoch 41 [150/537] loss=0.0630 mask=0.0558 iou=0.0073
  Epoch 41 [160/537] loss=0.0623 mask=0.0550 iou=0.0073
  Epoch 41 [170/537] loss=0.0640 mask=0.0565 iou=0.0075
  Epoch 41 [180/537] loss=0.0639 mask=0.0565 iou=0.0074
  Epoch 41 [190/537] loss=0.0630 mask=0.0557 iou=0.0072
  Epoch 41 [200/537] loss=0.0647 mask=0.0571 iou=0.0077
  Epoch 41 [210/537] loss=0.0648 mask=0.0571 iou=0.0077
  Epoch 41 [220/537] loss=0.0638 mask=0.0563 iou=0.0075
  Epoch 41 [230/537] loss=0.0633 mask=0.0559 iou=0.0074
  Epoch 41 [240/537] loss=0.0628 mask=0.0555 iou=0.0073
  Epoch 41 [250/537] loss=0.0623 mask=0.0552 iou=0.0072
  Epoch 41 [260/537] loss=0.0620 mask=0.0549 iou=0.0072
  Epoch 41 [270/537] loss=0.0624 mask=0.0551 iou=0.0073
  Epoch 41 [280/537] loss=0.0632 mask=0.0556 iou=0.0076
  Epoch 41 [290/537] loss=0.0627 mask=0.0551 iou=0.0076
  Epoch 41 [300/537] loss=0.0630 mask=0.0552 iou=0.0077
  Epoch 41 [310/537] loss=0.0641 mask=0.0559 iou=0.0082
  Epoch 41 [320/537] loss=0.0638 mask=0.0557 iou=0.0080
  Epoch 41 [330/537] loss=0.0650 mask=0.0567 iou=0.0084
  Epoch 41 [340/537] loss=0.0652 mask=0.0569 iou=0.0083
  Epoch 41 [350/537] loss=0.0650 mask=0.0567 iou=0.0083
  Epoch 41 [360/537] loss=0.0651 mask=0.0569 iou=0.0082
  Epoch 41 [370/537] loss=0.0656 mask=0.0572 iou=0.0085
  Epoch 41 [380/537] loss=0.0656 mask=0.0572 iou=0.0084
  Epoch 41 [390/537] loss=0.0659 mask=0.0573 iou=0.0086
  Epoch 41 [400/537] loss=0.0655 mask=0.0571 iou=0.0085
  Epoch 41 [410/537] loss=0.0654 mask=0.0569 iou=0.0085
  Epoch 41 [420/537] loss=0.0653 mask=0.0568 iou=0.0085
  Epoch 41 [430/537] loss=0.0653 mask=0.0570 iou=0.0083
  Epoch 41 [440/537] loss=0.0653 mask=0.0570 iou=0.0083
  Epoch 41 [450/537] loss=0.0656 mask=0.0572 iou=0.0084
  Epoch 41 [460/537] loss=0.0655 mask=0.0572 iou=0.0083
  Epoch 41 [470/537] loss=0.0652 mask=0.0570 iou=0.0082
  Epoch 41 [480/537] loss=0.0653 mask=0.0571 iou=0.0081
  Epoch 41 [490/537] loss=0.0654 mask=0.0573 iou=0.0082
  Epoch 41 [500/537] loss=0.0656 mask=0.0574 iou=0.0082
  Epoch 41 [510/537] loss=0.0655 mask=0.0573 iou=0.0081
  Epoch 41 [520/537] loss=0.0657 mask=0.0575 iou=0.0082
  Epoch 41 [530/537] loss=0.0656 mask=0.0574 iou=0.0082
  Train: loss=0.0659 mask=0.0577 iou=0.0082 time=820.6s
  Val epoch 41: loss=0.1852

=== Phase1 Epoch 42/49 ===
  Epoch 42 [10/537] loss=0.0663 mask=0.0601 iou=0.0062
  Epoch 42 [20/537] loss=0.0796 mask=0.0682 iou=0.0114
  Epoch 42 [30/537] loss=0.0767 mask=0.0658 iou=0.0109
  Epoch 42 [40/537] loss=0.0736 mask=0.0636 iou=0.0100
  Epoch 42 [50/537] loss=0.0658 mask=0.0571 iou=0.0087
  Epoch 42 [60/537] loss=0.0632 mask=0.0553 iou=0.0079
  Epoch 42 [70/537] loss=0.0613 mask=0.0539 iou=0.0074
  Epoch 42 [80/537] loss=0.0617 mask=0.0541 iou=0.0076
  Epoch 42 [90/537] loss=0.0634 mask=0.0553 iou=0.0081
  Epoch 42 [100/537] loss=0.0622 mask=0.0545 iou=0.0076
  Epoch 42 [110/537] loss=0.0634 mask=0.0556 iou=0.0079
  Epoch 42 [120/537] loss=0.0621 mask=0.0546 iou=0.0075
  Epoch 42 [130/537] loss=0.0622 mask=0.0547 iou=0.0075
  Epoch 42 [140/537] loss=0.0628 mask=0.0553 iou=0.0075
  Epoch 42 [150/537] loss=0.0626 mask=0.0553 iou=0.0074
  Epoch 42 [160/537] loss=0.0643 mask=0.0568 iou=0.0076
  Epoch 42 [170/537] loss=0.0649 mask=0.0572 iou=0.0078
  Epoch 42 [180/537] loss=0.0644 mask=0.0568 iou=0.0076
  Epoch 42 [190/537] loss=0.0642 mask=0.0568 iou=0.0074
  Epoch 42 [200/537] loss=0.0645 mask=0.0570 iou=0.0074
  Epoch 42 [210/537] loss=0.0647 mask=0.0571 iou=0.0076
  Epoch 42 [220/537] loss=0.0642 mask=0.0567 iou=0.0075
  Epoch 42 [230/537] loss=0.0648 mask=0.0569 iou=0.0079
  Epoch 42 [240/537] loss=0.0642 mask=0.0564 iou=0.0078
  Epoch 42 [250/537] loss=0.0642 mask=0.0563 iou=0.0078
  Epoch 42 [260/537] loss=0.0645 mask=0.0565 iou=0.0080
  Epoch 42 [270/537] loss=0.0645 mask=0.0566 iou=0.0079
  Epoch 42 [280/537] loss=0.0644 mask=0.0566 iou=0.0078
  Epoch 42 [290/537] loss=0.0644 mask=0.0565 iou=0.0078
  Epoch 42 [300/537] loss=0.0654 mask=0.0574 iou=0.0081
  Epoch 42 [310/537] loss=0.0654 mask=0.0574 iou=0.0080
  Epoch 42 [320/537] loss=0.0663 mask=0.0582 iou=0.0081
  Epoch 42 [330/537] loss=0.0658 mask=0.0579 iou=0.0079
  Epoch 42 [340/537] loss=0.0672 mask=0.0590 iou=0.0083
  Epoch 42 [350/537] loss=0.0673 mask=0.0591 iou=0.0082
  Epoch 42 [360/537] loss=0.0677 mask=0.0594 iou=0.0083
  Epoch 42 [370/537] loss=0.0671 mask=0.0589 iou=0.0083
  Epoch 42 [380/537] loss=0.0676 mask=0.0592 iou=0.0083
  Epoch 42 [390/537] loss=0.0670 mask=0.0588 iou=0.0082
  Epoch 42 [400/537] loss=0.0668 mask=0.0586 iou=0.0082
  Epoch 42 [410/537] loss=0.0665 mask=0.0584 iou=0.0081
  Epoch 42 [420/537] loss=0.0670 mask=0.0588 iou=0.0082
  Epoch 42 [430/537] loss=0.0672 mask=0.0589 iou=0.0083
  Epoch 42 [440/537] loss=0.0667 mask=0.0585 iou=0.0082
  Epoch 42 [450/537] loss=0.0663 mask=0.0582 iou=0.0081
  Epoch 42 [460/537] loss=0.0662 mask=0.0581 iou=0.0081
  Epoch 42 [470/537] loss=0.0664 mask=0.0583 iou=0.0081
  Epoch 42 [480/537] loss=0.0662 mask=0.0582 iou=0.0080
  Epoch 42 [490/537] loss=0.0656 mask=0.0577 iou=0.0080
  Epoch 42 [500/537] loss=0.0658 mask=0.0579 iou=0.0079
  Epoch 42 [510/537] loss=0.0659 mask=0.0579 iou=0.0080
  Epoch 42 [520/537] loss=0.0659 mask=0.0579 iou=0.0080
  Epoch 42 [530/537] loss=0.0656 mask=0.0577 iou=0.0079
  Train: loss=0.0660 mask=0.0580 iou=0.0080 time=590.7s
  Val epoch 42: loss=0.1850

=== Phase1 Epoch 43/49 ===
  Epoch 43 [10/537] loss=0.0469 mask=0.0426 iou=0.0043
  Epoch 43 [20/537] loss=0.0674 mask=0.0583 iou=0.0090
  Epoch 43 [30/537] loss=0.0677 mask=0.0583 iou=0.0094
  Epoch 43 [40/537] loss=0.0648 mask=0.0569 iou=0.0079
  Epoch 43 [50/537] loss=0.0635 mask=0.0563 iou=0.0072
  Epoch 43 [60/537] loss=0.0683 mask=0.0606 iou=0.0077
  Epoch 43 [70/537] loss=0.0665 mask=0.0591 iou=0.0074
  Epoch 43 [80/537] loss=0.0662 mask=0.0589 iou=0.0073
  Epoch 43 [90/537] loss=0.0675 mask=0.0600 iou=0.0075
  Epoch 43 [100/537] loss=0.0677 mask=0.0603 iou=0.0074
  Epoch 43 [110/537] loss=0.0666 mask=0.0592 iou=0.0074
  Epoch 43 [120/537] loss=0.0675 mask=0.0599 iou=0.0076
  Epoch 43 [130/537] loss=0.0681 mask=0.0601 iou=0.0079
  Epoch 43 [140/537] loss=0.0669 mask=0.0592 iou=0.0077
  Epoch 43 [150/537] loss=0.0658 mask=0.0584 iou=0.0074
  Epoch 43 [160/537] loss=0.0651 mask=0.0578 iou=0.0072
  Epoch 43 [170/537] loss=0.0649 mask=0.0577 iou=0.0072
  Epoch 43 [180/537] loss=0.0656 mask=0.0581 iou=0.0074
  Epoch 43 [190/537] loss=0.0655 mask=0.0580 iou=0.0075
  Epoch 43 [200/537] loss=0.0650 mask=0.0575 iou=0.0076
  Epoch 43 [210/537] loss=0.0646 mask=0.0571 iou=0.0075
  Epoch 43 [220/537] loss=0.0648 mask=0.0572 iou=0.0076
  Epoch 43 [230/537] loss=0.0644 mask=0.0570 iou=0.0074
  Epoch 43 [240/537] loss=0.0638 mask=0.0566 iou=0.0073
  Epoch 43 [250/537] loss=0.0629 mask=0.0557 iou=0.0072
  Epoch 43 [260/537] loss=0.0619 mask=0.0549 iou=0.0070
  Epoch 43 [270/537] loss=0.0620 mask=0.0550 iou=0.0070
  Epoch 43 [280/537] loss=0.0620 mask=0.0551 iou=0.0069
  Epoch 43 [290/537] loss=0.0620 mask=0.0552 iou=0.0068
  Epoch 43 [300/537] loss=0.0626 mask=0.0555 iou=0.0071
  Epoch 43 [310/537] loss=0.0631 mask=0.0561 iou=0.0070
  Epoch 43 [320/537] loss=0.0634 mask=0.0563 iou=0.0071
  Epoch 43 [330/537] loss=0.0634 mask=0.0563 iou=0.0071
  Epoch 43 [340/537] loss=0.0635 mask=0.0564 iou=0.0071
  Epoch 43 [350/537] loss=0.0637 mask=0.0565 iou=0.0072
  Epoch 43 [360/537] loss=0.0636 mask=0.0565 iou=0.0071
  Epoch 43 [370/537] loss=0.0642 mask=0.0570 iou=0.0072
  Epoch 43 [380/537] loss=0.0641 mask=0.0569 iou=0.0072
  Epoch 43 [390/537] loss=0.0644 mask=0.0571 iou=0.0072
  Epoch 43 [400/537] loss=0.0641 mask=0.0569 iou=0.0072
  Epoch 43 [410/537] loss=0.0647 mask=0.0573 iou=0.0074
  Epoch 43 [420/537] loss=0.0651 mask=0.0575 iou=0.0076
  Epoch 43 [430/537] loss=0.0650 mask=0.0574 iou=0.0076
  Epoch 43 [440/537] loss=0.0647 mask=0.0572 iou=0.0075
  Epoch 43 [450/537] loss=0.0645 mask=0.0570 iou=0.0075
  Epoch 43 [460/537] loss=0.0643 mask=0.0568 iou=0.0074
  Epoch 43 [470/537] loss=0.0641 mask=0.0567 iou=0.0074
  Epoch 43 [480/537] loss=0.0642 mask=0.0568 iou=0.0074
  Epoch 43 [490/537] loss=0.0639 mask=0.0565 iou=0.0074
  Epoch 43 [500/537] loss=0.0636 mask=0.0563 iou=0.0073
  Epoch 43 [510/537] loss=0.0634 mask=0.0562 iou=0.0072
  Epoch 43 [520/537] loss=0.0635 mask=0.0564 iou=0.0072
  Epoch 43 [530/537] loss=0.0635 mask=0.0562 iou=0.0073
  Train: loss=0.0637 mask=0.0562 iou=0.0074 time=1135.3s
  Val epoch 43: loss=0.1889

=== Phase1 Epoch 44/49 ===
  Epoch 44 [10/537] loss=0.0533 mask=0.0504 iou=0.0029
  Epoch 44 [20/537] loss=0.0599 mask=0.0552 iou=0.0047
  Epoch 44 [30/537] loss=0.0583 mask=0.0530 iou=0.0053
  Epoch 44 [40/537] loss=0.0630 mask=0.0557 iou=0.0073
  Epoch 44 [50/537] loss=0.0643 mask=0.0562 iou=0.0082
  Epoch 44 [60/537] loss=0.0715 mask=0.0606 iou=0.0109
  Epoch 44 [70/537] loss=0.0683 mask=0.0584 iou=0.0100
  Epoch 44 [80/537] loss=0.0691 mask=0.0594 iou=0.0097
  Epoch 44 [90/537] loss=0.0678 mask=0.0585 iou=0.0093
  Epoch 44 [100/537] loss=0.0661 mask=0.0572 iou=0.0088
  Epoch 44 [110/537] loss=0.0657 mask=0.0572 iou=0.0085
  Epoch 44 [120/537] loss=0.0655 mask=0.0571 iou=0.0084
  Epoch 44 [130/537] loss=0.0650 mask=0.0568 iou=0.0082
  Epoch 44 [140/537] loss=0.0649 mask=0.0570 iou=0.0079
  Epoch 44 [150/537] loss=0.0642 mask=0.0566 iou=0.0077
  Epoch 44 [160/537] loss=0.0632 mask=0.0558 iou=0.0074
  Epoch 44 [170/537] loss=0.0634 mask=0.0558 iou=0.0076
  Epoch 44 [180/537] loss=0.0629 mask=0.0555 iou=0.0074
  Epoch 44 [190/537] loss=0.0632 mask=0.0557 iou=0.0075
  Epoch 44 [200/537] loss=0.0627 mask=0.0554 iou=0.0073
  Epoch 44 [210/537] loss=0.0628 mask=0.0554 iou=0.0074
  Epoch 44 [220/537] loss=0.0630 mask=0.0556 iou=0.0074
  Epoch 44 [230/537] loss=0.0633 mask=0.0558 iou=0.0075
  Epoch 44 [240/537] loss=0.0633 mask=0.0557 iou=0.0076
  Epoch 44 [250/537] loss=0.0630 mask=0.0555 iou=0.0075
  Epoch 44 [260/537] loss=0.0643 mask=0.0568 iou=0.0075
  Epoch 44 [270/537] loss=0.0638 mask=0.0564 iou=0.0074
  Epoch 44 [280/537] loss=0.0637 mask=0.0563 iou=0.0074
  Epoch 44 [290/537] loss=0.0639 mask=0.0565 iou=0.0074
  Epoch 44 [300/537] loss=0.0643 mask=0.0568 iou=0.0075
  Epoch 44 [310/537] loss=0.0642 mask=0.0567 iou=0.0075
  Epoch 44 [320/537] loss=0.0634 mask=0.0560 iou=0.0074
  Epoch 44 [330/537] loss=0.0641 mask=0.0566 iou=0.0076
  Epoch 44 [340/537] loss=0.0651 mask=0.0572 iou=0.0079
  Epoch 44 [350/537] loss=0.0648 mask=0.0570 iou=0.0078
  Epoch 44 [360/537] loss=0.0643 mask=0.0566 iou=0.0077
  Epoch 44 [370/537] loss=0.0640 mask=0.0564 iou=0.0076
  Epoch 44 [380/537] loss=0.0639 mask=0.0564 iou=0.0076
  Epoch 44 [390/537] loss=0.0637 mask=0.0562 iou=0.0075
  Epoch 44 [400/537] loss=0.0635 mask=0.0561 iou=0.0075
  Epoch 44 [410/537] loss=0.0638 mask=0.0563 iou=0.0075
  Epoch 44 [420/537] loss=0.0639 mask=0.0564 iou=0.0076
  Epoch 44 [430/537] loss=0.0649 mask=0.0571 iou=0.0077
  Epoch 44 [440/537] loss=0.0644 mask=0.0568 iou=0.0076
  Epoch 44 [450/537] loss=0.0641 mask=0.0565 iou=0.0075
  Epoch 44 [460/537] loss=0.0640 mask=0.0565 iou=0.0075
  Epoch 44 [470/537] loss=0.0639 mask=0.0564 iou=0.0075
  Epoch 44 [480/537] loss=0.0639 mask=0.0564 iou=0.0075
  Epoch 44 [490/537] loss=0.0640 mask=0.0565 iou=0.0075
  Epoch 44 [500/537] loss=0.0639 mask=0.0564 iou=0.0075
  Epoch 44 [510/537] loss=0.0638 mask=0.0563 iou=0.0074
  Epoch 44 [520/537] loss=0.0633 mask=0.0560 iou=0.0074
  Epoch 44 [530/537] loss=0.0634 mask=0.0560 iou=0.0074
  Train: loss=0.0637 mask=0.0562 iou=0.0075 time=805.1s
  Val epoch 44: loss=0.1887

=== Phase1 Epoch 45/49 ===
  Epoch 45 [10/537] loss=0.0570 mask=0.0534 iou=0.0036
  Epoch 45 [20/537] loss=0.0535 mask=0.0497 iou=0.0039
  Epoch 45 [30/537] loss=0.0535 mask=0.0487 iou=0.0047
  Epoch 45 [40/537] loss=0.0548 mask=0.0495 iou=0.0053
  Epoch 45 [50/537] loss=0.0587 mask=0.0527 iou=0.0061
  Epoch 45 [60/537] loss=0.0593 mask=0.0530 iou=0.0063
  Epoch 45 [70/537] loss=0.0600 mask=0.0533 iou=0.0067
  Epoch 45 [80/537] loss=0.0605 mask=0.0537 iou=0.0068
  Epoch 45 [90/537] loss=0.0624 mask=0.0551 iou=0.0072
  Epoch 45 [100/537] loss=0.0627 mask=0.0552 iou=0.0075
  Epoch 45 [110/537] loss=0.0626 mask=0.0551 iou=0.0075
  Epoch 45 [120/537] loss=0.0612 mask=0.0540 iou=0.0072
  Epoch 45 [130/537] loss=0.0609 mask=0.0537 iou=0.0072
  Epoch 45 [140/537] loss=0.0619 mask=0.0544 iou=0.0074
  Epoch 45 [150/537] loss=0.0637 mask=0.0558 iou=0.0079
  Epoch 45 [160/537] loss=0.0628 mask=0.0551 iou=0.0077
  Epoch 45 [170/537] loss=0.0629 mask=0.0551 iou=0.0078
  Epoch 45 [180/537] loss=0.0621 mask=0.0544 iou=0.0077
  Epoch 45 [190/537] loss=0.0620 mask=0.0544 iou=0.0076
  Epoch 45 [200/537] loss=0.0618 mask=0.0543 iou=0.0075
  Epoch 45 [210/537] loss=0.0624 mask=0.0550 iou=0.0074
  Epoch 45 [220/537] loss=0.0626 mask=0.0553 iou=0.0073
  Epoch 45 [230/537] loss=0.0637 mask=0.0564 iou=0.0072
  Epoch 45 [240/537] loss=0.0635 mask=0.0564 iou=0.0071
  Epoch 45 [250/537] loss=0.0633 mask=0.0562 iou=0.0070
  Epoch 45 [260/537] loss=0.0631 mask=0.0562 iou=0.0069
  Epoch 45 [270/537] loss=0.0632 mask=0.0563 iou=0.0069
  Epoch 45 [280/537] loss=0.0633 mask=0.0563 iou=0.0070
  Epoch 45 [290/537] loss=0.0629 mask=0.0560 iou=0.0069
  Epoch 45 [300/537] loss=0.0629 mask=0.0560 iou=0.0069
  Epoch 45 [310/537] loss=0.0625 mask=0.0556 iou=0.0069
  Epoch 45 [320/537] loss=0.0625 mask=0.0556 iou=0.0069
  Epoch 45 [330/537] loss=0.0627 mask=0.0558 iou=0.0069
  Epoch 45 [340/537] loss=0.0624 mask=0.0556 iou=0.0068
  Epoch 45 [350/537] loss=0.0622 mask=0.0554 iou=0.0068
  Epoch 45 [360/537] loss=0.0620 mask=0.0552 iou=0.0068
  Epoch 45 [370/537] loss=0.0620 mask=0.0553 iou=0.0067
  Epoch 45 [380/537] loss=0.0617 mask=0.0550 iou=0.0067
  Epoch 45 [390/537] loss=0.0624 mask=0.0556 iou=0.0068
  Epoch 45 [400/537] loss=0.0630 mask=0.0561 iou=0.0069
  Epoch 45 [410/537] loss=0.0635 mask=0.0565 iou=0.0070
  Epoch 45 [420/537] loss=0.0635 mask=0.0565 iou=0.0070
  Epoch 45 [430/537] loss=0.0634 mask=0.0563 iou=0.0071
  Epoch 45 [440/537] loss=0.0634 mask=0.0563 iou=0.0071
  Epoch 45 [450/537] loss=0.0639 mask=0.0566 iou=0.0073
  Epoch 45 [460/537] loss=0.0638 mask=0.0565 iou=0.0073
  Epoch 45 [470/537] loss=0.0638 mask=0.0565 iou=0.0073
  Epoch 45 [480/537] loss=0.0634 mask=0.0562 iou=0.0072
  Epoch 45 [490/537] loss=0.0630 mask=0.0559 iou=0.0071
  Epoch 45 [500/537] loss=0.0633 mask=0.0562 iou=0.0072
  Epoch 45 [510/537] loss=0.0632 mask=0.0561 iou=0.0071
  Epoch 45 [520/537] loss=0.0634 mask=0.0562 iou=0.0072
  Epoch 45 [530/537] loss=0.0630 mask=0.0559 iou=0.0071
  Train: loss=0.0639 mask=0.0567 iou=0.0072 time=825.5s
  Val epoch 45: loss=0.1850

=== Phase1 Epoch 46/49 ===
  Epoch 46 [10/537] loss=0.1172 mask=0.0931 iou=0.0241
  Epoch 46 [20/537] loss=0.0880 mask=0.0723 iou=0.0158
  Epoch 46 [30/537] loss=0.0785 mask=0.0656 iou=0.0129
  Epoch 46 [40/537] loss=0.0741 mask=0.0619 iou=0.0122
  Epoch 46 [50/537] loss=0.0683 mask=0.0577 iou=0.0107
  Epoch 46 [60/537] loss=0.0659 mask=0.0562 iou=0.0097
  Epoch 46 [70/537] loss=0.0671 mask=0.0573 iou=0.0098
  Epoch 46 [80/537] loss=0.0645 mask=0.0554 iou=0.0090
  Epoch 46 [90/537] loss=0.0643 mask=0.0554 iou=0.0089
  Epoch 46 [100/537] loss=0.0647 mask=0.0558 iou=0.0089
  Epoch 46 [110/537] loss=0.0637 mask=0.0553 iou=0.0084
  Epoch 46 [120/537] loss=0.0654 mask=0.0563 iou=0.0091
  Epoch 46 [130/537] loss=0.0662 mask=0.0572 iou=0.0090
  Epoch 46 [140/537] loss=0.0664 mask=0.0575 iou=0.0088
  Epoch 46 [150/537] loss=0.0675 mask=0.0585 iou=0.0090
  Epoch 46 [160/537] loss=0.0667 mask=0.0579 iou=0.0088
  Epoch 46 [170/537] loss=0.0657 mask=0.0572 iou=0.0085
  Epoch 46 [180/537] loss=0.0649 mask=0.0566 iou=0.0083
  Epoch 46 [190/537] loss=0.0651 mask=0.0567 iou=0.0085
  Epoch 46 [200/537] loss=0.0645 mask=0.0563 iou=0.0082
  Epoch 46 [210/537] loss=0.0644 mask=0.0563 iou=0.0081
  Epoch 46 [220/537] loss=0.0634 mask=0.0555 iou=0.0079
  Epoch 46 [230/537] loss=0.0633 mask=0.0553 iou=0.0080
  Epoch 46 [240/537] loss=0.0640 mask=0.0559 iou=0.0081
  Epoch 46 [250/537] loss=0.0639 mask=0.0558 iou=0.0080
  Epoch 46 [260/537] loss=0.0637 mask=0.0558 iou=0.0080
  Epoch 46 [270/537] loss=0.0634 mask=0.0556 iou=0.0078
  Epoch 46 [280/537] loss=0.0640 mask=0.0560 iou=0.0080
  Epoch 46 [290/537] loss=0.0634 mask=0.0556 iou=0.0078
  Epoch 46 [300/537] loss=0.0630 mask=0.0554 iou=0.0076
  Epoch 46 [310/537] loss=0.0628 mask=0.0552 iou=0.0075
  Epoch 46 [320/537] loss=0.0627 mask=0.0552 iou=0.0075
  Epoch 46 [330/537] loss=0.0630 mask=0.0556 iou=0.0074
  Epoch 46 [340/537] loss=0.0624 mask=0.0550 iou=0.0073
  Epoch 46 [350/537] loss=0.0625 mask=0.0552 iou=0.0073
  Epoch 46 [360/537] loss=0.0628 mask=0.0555 iou=0.0073
  Epoch 46 [370/537] loss=0.0625 mask=0.0552 iou=0.0073
  Epoch 46 [380/537] loss=0.0629 mask=0.0555 iou=0.0074
  Epoch 46 [390/537] loss=0.0632 mask=0.0556 iou=0.0076
  Epoch 46 [400/537] loss=0.0629 mask=0.0553 iou=0.0076
  Epoch 46 [410/537] loss=0.0630 mask=0.0554 iou=0.0076
  Epoch 46 [420/537] loss=0.0635 mask=0.0560 iou=0.0075
  Epoch 46 [430/537] loss=0.0632 mask=0.0558 iou=0.0074
  Epoch 46 [440/537] loss=0.0637 mask=0.0562 iou=0.0075
  Epoch 46 [450/537] loss=0.0641 mask=0.0564 iou=0.0076
  Epoch 46 [460/537] loss=0.0642 mask=0.0566 iou=0.0077
  Epoch 46 [470/537] loss=0.0647 mask=0.0570 iou=0.0077
  Epoch 46 [480/537] loss=0.0648 mask=0.0570 iou=0.0078
  Epoch 46 [490/537] loss=0.0644 mask=0.0567 iou=0.0077
  Epoch 46 [500/537] loss=0.0644 mask=0.0567 iou=0.0077
  Epoch 46 [510/537] loss=0.0648 mask=0.0569 iou=0.0078
  Epoch 46 [520/537] loss=0.0653 mask=0.0575 iou=0.0078
  Epoch 46 [530/537] loss=0.0653 mask=0.0574 iou=0.0079
  Train: loss=0.0653 mask=0.0572 iou=0.0080 time=602.9s
  Val epoch 46: loss=0.1855

=== Phase1 Epoch 47/49 ===
  Epoch 47 [10/537] loss=0.0871 mask=0.0725 iou=0.0145
  Epoch 47 [20/537] loss=0.0832 mask=0.0723 iou=0.0109
  Epoch 47 [30/537] loss=0.0911 mask=0.0790 iou=0.0121
  Epoch 47 [40/537] loss=0.0796 mask=0.0695 iou=0.0102
  Epoch 47 [50/537] loss=0.0750 mask=0.0656 iou=0.0095
  Epoch 47 [60/537] loss=0.0708 mask=0.0620 iou=0.0088
  Epoch 47 [70/537] loss=0.0683 mask=0.0604 iou=0.0079
  Epoch 47 [80/537] loss=0.0689 mask=0.0609 iou=0.0080
  Epoch 47 [90/537] loss=0.0709 mask=0.0626 iou=0.0083
  Epoch 47 [100/537] loss=0.0713 mask=0.0629 iou=0.0083
  Epoch 47 [110/537] loss=0.0702 mask=0.0620 iou=0.0082
  Epoch 47 [120/537] loss=0.0692 mask=0.0612 iou=0.0079
  Epoch 47 [130/537] loss=0.0686 mask=0.0607 iou=0.0079
  Epoch 47 [140/537] loss=0.0677 mask=0.0600 iou=0.0077
  Epoch 47 [150/537] loss=0.0675 mask=0.0596 iou=0.0079
  Epoch 47 [160/537] loss=0.0683 mask=0.0604 iou=0.0079
  Epoch 47 [170/537] loss=0.0689 mask=0.0609 iou=0.0080
  Epoch 47 [180/537] loss=0.0677 mask=0.0599 iou=0.0079
  Epoch 47 [190/537] loss=0.0667 mask=0.0590 iou=0.0077
  Epoch 47 [200/537] loss=0.0657 mask=0.0583 iou=0.0075
  Epoch 47 [210/537] loss=0.0658 mask=0.0585 iou=0.0073
  Epoch 47 [220/537] loss=0.0661 mask=0.0589 iou=0.0072
  Epoch 47 [230/537] loss=0.0658 mask=0.0586 iou=0.0072
  Epoch 47 [240/537] loss=0.0656 mask=0.0584 iou=0.0072
  Epoch 47 [250/537] loss=0.0660 mask=0.0585 iou=0.0075
  Epoch 47 [260/537] loss=0.0656 mask=0.0582 iou=0.0073
  Epoch 47 [270/537] loss=0.0655 mask=0.0581 iou=0.0074
  Epoch 47 [280/537] loss=0.0652 mask=0.0578 iou=0.0074
  Epoch 47 [290/537] loss=0.0654 mask=0.0579 iou=0.0075
  Epoch 47 [300/537] loss=0.0660 mask=0.0584 iou=0.0076
  Epoch 47 [310/537] loss=0.0657 mask=0.0582 iou=0.0075
  Epoch 47 [320/537] loss=0.0656 mask=0.0581 iou=0.0075
  Epoch 47 [330/537] loss=0.0649 mask=0.0575 iou=0.0074
  Epoch 47 [340/537] loss=0.0641 mask=0.0569 iou=0.0072
  Epoch 47 [350/537] loss=0.0636 mask=0.0565 iou=0.0072
  Epoch 47 [360/537] loss=0.0633 mask=0.0562 iou=0.0071
  Epoch 47 [370/537] loss=0.0627 mask=0.0557 iou=0.0070
  Epoch 47 [380/537] loss=0.0632 mask=0.0560 iou=0.0072
  Epoch 47 [390/537] loss=0.0637 mask=0.0566 iou=0.0071
  Epoch 47 [400/537] loss=0.0632 mask=0.0562 iou=0.0070
  Epoch 47 [410/537] loss=0.0630 mask=0.0560 iou=0.0070
  Epoch 47 [420/537] loss=0.0633 mask=0.0563 iou=0.0070
  Epoch 47 [430/537] loss=0.0633 mask=0.0562 iou=0.0070
  Epoch 47 [440/537] loss=0.0630 mask=0.0560 iou=0.0070
  Epoch 47 [450/537] loss=0.0630 mask=0.0560 iou=0.0070
  Epoch 47 [460/537] loss=0.0633 mask=0.0563 iou=0.0071
  Epoch 47 [470/537] loss=0.0636 mask=0.0565 iou=0.0071
  Epoch 47 [480/537] loss=0.0634 mask=0.0564 iou=0.0070
  Epoch 47 [490/537] loss=0.0631 mask=0.0562 iou=0.0069
  Epoch 47 [500/537] loss=0.0633 mask=0.0563 iou=0.0071
  Epoch 47 [510/537] loss=0.0635 mask=0.0564 iou=0.0071
  Epoch 47 [520/537] loss=0.0632 mask=0.0562 iou=0.0071
  Epoch 47 [530/537] loss=0.0630 mask=0.0560 iou=0.0070
  Train: loss=0.0627 mask=0.0557 iou=0.0070 time=486.9s
  Val epoch 47: loss=0.1808

=== Phase1 Epoch 48/49 ===
  Epoch 48 [10/537] loss=0.0733 mask=0.0632 iou=0.0101
  Epoch 48 [20/537] loss=0.0596 mask=0.0527 iou=0.0070
  Epoch 48 [30/537] loss=0.0571 mask=0.0506 iou=0.0064
  Epoch 48 [40/537] loss=0.0599 mask=0.0533 iou=0.0066
  Epoch 48 [50/537] loss=0.0639 mask=0.0564 iou=0.0075
  Epoch 48 [60/537] loss=0.0611 mask=0.0541 iou=0.0069
  Epoch 48 [70/537] loss=0.0629 mask=0.0550 iou=0.0079
  Epoch 48 [80/537] loss=0.0653 mask=0.0569 iou=0.0084
  Epoch 48 [90/537] loss=0.0642 mask=0.0558 iou=0.0084
  Epoch 48 [100/537] loss=0.0626 mask=0.0549 iou=0.0077
  Epoch 48 [110/537] loss=0.0636 mask=0.0558 iou=0.0078
  Epoch 48 [120/537] loss=0.0658 mask=0.0580 iou=0.0078
  Epoch 48 [130/537] loss=0.0661 mask=0.0581 iou=0.0080
  Epoch 48 [140/537] loss=0.0659 mask=0.0578 iou=0.0081
  Epoch 48 [150/537] loss=0.0666 mask=0.0583 iou=0.0083
  Epoch 48 [160/537] loss=0.0652 mask=0.0573 iou=0.0079
  Epoch 48 [170/537] loss=0.0647 mask=0.0569 iou=0.0077
  Epoch 48 [180/537] loss=0.0647 mask=0.0571 iou=0.0076
  Epoch 48 [190/537] loss=0.0646 mask=0.0570 iou=0.0077
  Epoch 48 [200/537] loss=0.0645 mask=0.0567 iou=0.0078
  Epoch 48 [210/537] loss=0.0648 mask=0.0572 iou=0.0076
  Epoch 48 [220/537] loss=0.0652 mask=0.0575 iou=0.0077
  Epoch 48 [230/537] loss=0.0662 mask=0.0581 iou=0.0081
  Epoch 48 [240/537] loss=0.0654 mask=0.0573 iou=0.0081
  Epoch 48 [250/537] loss=0.0653 mask=0.0574 iou=0.0079
  Epoch 48 [260/537] loss=0.0648 mask=0.0569 iou=0.0079
  Epoch 48 [270/537] loss=0.0645 mask=0.0568 iou=0.0077
  Epoch 48 [280/537] loss=0.0637 mask=0.0562 iou=0.0076
  Epoch 48 [290/537] loss=0.0641 mask=0.0565 iou=0.0076
  Epoch 48 [300/537] loss=0.0641 mask=0.0565 iou=0.0076
  Epoch 48 [310/537] loss=0.0635 mask=0.0561 iou=0.0074
  Epoch 48 [320/537] loss=0.0630 mask=0.0556 iou=0.0074
  Epoch 48 [330/537] loss=0.0638 mask=0.0563 iou=0.0076
  Epoch 48 [340/537] loss=0.0642 mask=0.0566 iou=0.0077
  Epoch 48 [350/537] loss=0.0641 mask=0.0565 iou=0.0076
  Epoch 48 [360/537] loss=0.0640 mask=0.0565 iou=0.0076
  Epoch 48 [370/537] loss=0.0638 mask=0.0563 iou=0.0075
  Epoch 48 [380/537] loss=0.0640 mask=0.0565 iou=0.0076
  Epoch 48 [390/537] loss=0.0637 mask=0.0562 iou=0.0075
  Epoch 48 [400/537] loss=0.0642 mask=0.0564 iou=0.0077
  Epoch 48 [410/537] loss=0.0640 mask=0.0563 iou=0.0077
  Epoch 48 [420/537] loss=0.0639 mask=0.0563 iou=0.0077
  Epoch 48 [430/537] loss=0.0637 mask=0.0561 iou=0.0076
  Epoch 48 [440/537] loss=0.0638 mask=0.0562 iou=0.0076
  Epoch 48 [450/537] loss=0.0637 mask=0.0560 iou=0.0077
  Epoch 48 [460/537] loss=0.0633 mask=0.0557 iou=0.0076
  Epoch 48 [470/537] loss=0.0636 mask=0.0559 iou=0.0076
  Epoch 48 [480/537] loss=0.0638 mask=0.0562 iou=0.0076
  Epoch 48 [490/537] loss=0.0641 mask=0.0564 iou=0.0078
  Epoch 48 [500/537] loss=0.0637 mask=0.0560 iou=0.0077
  Epoch 48 [510/537] loss=0.0640 mask=0.0563 iou=0.0077
  Epoch 48 [520/537] loss=0.0642 mask=0.0565 iou=0.0077
  Epoch 48 [530/537] loss=0.0643 mask=0.0566 iou=0.0076
  Train: loss=0.0648 mask=0.0571 iou=0.0077 time=493.6s
  Val epoch 48: loss=0.1850

=== Phase1 Epoch 49/49 ===
  Epoch 49 [10/537] loss=0.0711 mask=0.0614 iou=0.0096
  Epoch 49 [20/537] loss=0.0576 mask=0.0506 iou=0.0070
  Epoch 49 [30/537] loss=0.0521 mask=0.0468 iou=0.0053
  Epoch 49 [40/537] loss=0.0528 mask=0.0474 iou=0.0055
  Epoch 49 [50/537] loss=0.0568 mask=0.0499 iou=0.0069
  Epoch 49 [60/537] loss=0.0600 mask=0.0519 iou=0.0081
  Epoch 49 [70/537] loss=0.0599 mask=0.0522 iou=0.0076
  Epoch 49 [80/537] loss=0.0610 mask=0.0531 iou=0.0080
  Epoch 49 [90/537] loss=0.0606 mask=0.0529 iou=0.0077
  Epoch 49 [100/537] loss=0.0590 mask=0.0517 iou=0.0073
  Epoch 49 [110/537] loss=0.0580 mask=0.0511 iou=0.0069
  Epoch 49 [120/537] loss=0.0590 mask=0.0518 iou=0.0073
  Epoch 49 [130/537] loss=0.0593 mask=0.0524 iou=0.0069
  Epoch 49 [140/537] loss=0.0589 mask=0.0521 iou=0.0068
  Epoch 49 [150/537] loss=0.0589 mask=0.0522 iou=0.0067
  Epoch 49 [160/537] loss=0.0600 mask=0.0532 iou=0.0067
  Epoch 49 [170/537] loss=0.0598 mask=0.0530 iou=0.0068
  Epoch 49 [180/537] loss=0.0599 mask=0.0533 iou=0.0066
  Epoch 49 [190/537] loss=0.0611 mask=0.0544 iou=0.0067
  Epoch 49 [200/537] loss=0.0607 mask=0.0540 iou=0.0067
  Epoch 49 [210/537] loss=0.0605 mask=0.0539 iou=0.0066
  Epoch 49 [220/537] loss=0.0615 mask=0.0547 iou=0.0068
  Epoch 49 [230/537] loss=0.0627 mask=0.0555 iou=0.0072
  Epoch 49 [240/537] loss=0.0628 mask=0.0557 iou=0.0071
  Epoch 49 [250/537] loss=0.0620 mask=0.0550 iou=0.0070
  Epoch 49 [260/537] loss=0.0622 mask=0.0551 iou=0.0071
  Epoch 49 [270/537] loss=0.0624 mask=0.0552 iou=0.0072
  Epoch 49 [280/537] loss=0.0617 mask=0.0546 iou=0.0070
  Epoch 49 [290/537] loss=0.0618 mask=0.0546 iou=0.0071
  Epoch 49 [300/537] loss=0.0631 mask=0.0556 iou=0.0075
  Epoch 49 [310/537] loss=0.0631 mask=0.0556 iou=0.0074
  Epoch 49 [320/537] loss=0.0632 mask=0.0558 iou=0.0074
  Epoch 49 [330/537] loss=0.0637 mask=0.0563 iou=0.0074
  Epoch 49 [340/537] loss=0.0634 mask=0.0561 iou=0.0074
  Epoch 49 [350/537] loss=0.0630 mask=0.0557 iou=0.0073
  Epoch 49 [360/537] loss=0.0625 mask=0.0553 iou=0.0072
  Epoch 49 [370/537] loss=0.0622 mask=0.0550 iou=0.0072
  Epoch 49 [380/537] loss=0.0622 mask=0.0550 iou=0.0072
  Epoch 49 [390/537] loss=0.0621 mask=0.0549 iou=0.0072
  Epoch 49 [400/537] loss=0.0624 mask=0.0553 iou=0.0072
  Epoch 49 [410/537] loss=0.0620 mask=0.0549 iou=0.0071
  Epoch 49 [420/537] loss=0.0620 mask=0.0549 iou=0.0071
  Epoch 49 [430/537] loss=0.0622 mask=0.0551 iou=0.0071
  Epoch 49 [440/537] loss=0.0618 mask=0.0547 iou=0.0071
  Epoch 49 [450/537] loss=0.0619 mask=0.0548 iou=0.0070
  Epoch 49 [460/537] loss=0.0624 mask=0.0552 iou=0.0072
  Epoch 49 [470/537] loss=0.0623 mask=0.0551 iou=0.0072
  Epoch 49 [480/537] loss=0.0618 mask=0.0547 iou=0.0071
  Epoch 49 [490/537] loss=0.0626 mask=0.0553 iou=0.0073
  Epoch 49 [500/537] loss=0.0629 mask=0.0556 iou=0.0073
  Epoch 49 [510/537] loss=0.0628 mask=0.0555 iou=0.0073
  Epoch 49 [520/537] loss=0.0629 mask=0.0556 iou=0.0073
  Epoch 49 [530/537] loss=0.0636 mask=0.0561 iou=0.0074
  Train: loss=0.0639 mask=0.0565 iou=0.0075 time=487.2s
  Val epoch 49: loss=0.1809

Phase 1 complete. Best val loss: 0.1755

============================================================
PHASE 2: Depth training (depth loss, only depth branch trainable)
============================================================
Loading phase 1 checkpoint: /data3/LXT/DINOv3-SAM/model_sam/SAM_data/phase1_best.pt
Initialized depth branch from SAM inner weights (depth_prediction_head random)
Phase 2: Total params: 97,379,069  Trainable: 3,643,597

=== Phase2 Epoch 0/49 ===
  Epoch 0 [10/537] loss=0.2737 mask=0.9094 depth=0.2737
  Epoch 0 [20/537] loss=0.3122 mask=0.9044 depth=0.3122
  Epoch 0 [30/537] loss=0.3364 mask=0.8870 depth=0.3364
  Epoch 0 [40/537] loss=0.3279 mask=0.8710 depth=0.3279
  Epoch 0 [50/537] loss=0.3324 mask=0.8621 depth=0.3324
  Epoch 0 [60/537] loss=0.3272 mask=0.8631 depth=0.3272
  Epoch 0 [70/537] loss=0.3281 mask=0.8676 depth=0.3281
  Epoch 0 [80/537] loss=0.3401 mask=0.8612 depth=0.3401
  Epoch 0 [90/537] loss=0.3458 mask=0.8563 depth=0.3458
  Epoch 0 [100/537] loss=0.3432 mask=0.8509 depth=0.3432
  Epoch 0 [110/537] loss=0.3342 mask=0.8447 depth=0.3342
  Epoch 0 [120/537] loss=0.3321 mask=0.8410 depth=0.3321
  Epoch 0 [130/537] loss=0.3328 mask=0.8405 depth=0.3328
  Epoch 0 [140/537] loss=0.3281 mask=0.8378 depth=0.3281
  Epoch 0 [150/537] loss=0.3234 mask=0.8320 depth=0.3234
  Epoch 0 [160/537] loss=0.3220 mask=0.8307 depth=0.3220
  Epoch 0 [170/537] loss=0.3262 mask=0.8305 depth=0.3262
  Epoch 0 [180/537] loss=0.3194 mask=0.8297 depth=0.3194
  Epoch 0 [190/537] loss=0.3143 mask=0.8273 depth=0.3143
  Epoch 0 [200/537] loss=0.3093 mask=0.8270 depth=0.3093
  Epoch 0 [210/537] loss=0.3063 mask=0.8254 depth=0.3063
  Epoch 0 [220/537] loss=0.3063 mask=0.8245 depth=0.3063
  Epoch 0 [230/537] loss=0.3035 mask=0.8245 depth=0.3035
  Epoch 0 [240/537] loss=0.2989 mask=0.8246 depth=0.2989
  Epoch 0 [250/537] loss=0.2937 mask=0.8247 depth=0.2937
  Epoch 0 [260/537] loss=0.2927 mask=0.8235 depth=0.2927
  Epoch 0 [270/537] loss=0.2908 mask=0.8229 depth=0.2908
  Epoch 0 [280/537] loss=0.2898 mask=0.8211 depth=0.2898
  Epoch 0 [290/537] loss=0.2868 mask=0.8197 depth=0.2868
  Epoch 0 [300/537] loss=0.2845 mask=0.8174 depth=0.2845
  Epoch 0 [310/537] loss=0.2812 mask=0.8166 depth=0.2812
  Epoch 0 [320/537] loss=0.2839 mask=0.8156 depth=0.2839
  Epoch 0 [330/537] loss=0.2803 mask=0.8159 depth=0.2803
  Epoch 0 [340/537] loss=0.2796 mask=0.8163 depth=0.2796
  Epoch 0 [350/537] loss=0.2791 mask=0.8164 depth=0.2791
  Epoch 0 [360/537] loss=0.2763 mask=0.8159 depth=0.2763
  Epoch 0 [370/537] loss=0.2737 mask=0.8155 depth=0.2737
  Epoch 0 [380/537] loss=0.2715 mask=0.8144 depth=0.2715
  Epoch 0 [390/537] loss=0.2677 mask=0.8143 depth=0.2677
  Epoch 0 [400/537] loss=0.2645 mask=0.8150 depth=0.2645
  Epoch 0 [410/537] loss=0.2633 mask=0.8153 depth=0.2633
  Epoch 0 [420/537] loss=0.2606 mask=0.8161 depth=0.2606
  Epoch 0 [430/537] loss=0.2578 mask=0.8162 depth=0.2578
  Epoch 0 [440/537] loss=0.2560 mask=0.8163 depth=0.2560
  Epoch 0 [450/537] loss=0.2534 mask=0.8153 depth=0.2534
  Epoch 0 [460/537] loss=0.2519 mask=0.8150 depth=0.2519
  Epoch 0 [470/537] loss=0.2504 mask=0.8155 depth=0.2504
  Epoch 0 [480/537] loss=0.2484 mask=0.8153 depth=0.2484
  Epoch 0 [490/537] loss=0.2476 mask=0.8151 depth=0.2476
  Epoch 0 [500/537] loss=0.2466 mask=0.8151 depth=0.2466
  Epoch 0 [510/537] loss=0.2447 mask=0.8146 depth=0.2447
  Epoch 0 [520/537] loss=0.2452 mask=0.8142 depth=0.2452
  Epoch 0 [530/537] loss=0.2441 mask=0.8139 depth=0.2441
  Train: loss=0.2435 mask=0.8138 depth=0.2435 time=458.5s
  Val epoch 0: loss=0.2750
  Saved best phase2 model (val_loss=0.2750)

=== Phase2 Epoch 1/49 ===
  Epoch 1 [10/537] loss=0.1656 mask=0.7973 depth=0.1656
  Epoch 1 [20/537] loss=0.1861 mask=0.7873 depth=0.1861
  Epoch 1 [30/537] loss=0.1807 mask=0.7948 depth=0.1807
  Epoch 1 [40/537] loss=0.1922 mask=0.8060 depth=0.1922
  Epoch 1 [50/537] loss=0.1930 mask=0.8087 depth=0.1930
  Epoch 1 [60/537] loss=0.1957 mask=0.8051 depth=0.1957
  Epoch 1 [70/537] loss=0.1836 mask=0.8021 depth=0.1836
  Epoch 1 [80/537] loss=0.1741 mask=0.8018 depth=0.1741
  Epoch 1 [90/537] loss=0.1675 mask=0.8003 depth=0.1675
  Epoch 1 [100/537] loss=0.1673 mask=0.7997 depth=0.1673
  Epoch 1 [110/537] loss=0.1632 mask=0.8012 depth=0.1632
  Epoch 1 [120/537] loss=0.1583 mask=0.8016 depth=0.1583
  Epoch 1 [130/537] loss=0.1676 mask=0.7992 depth=0.1676
  Epoch 1 [140/537] loss=0.1677 mask=0.7956 depth=0.1677
  Epoch 1 [150/537] loss=0.1658 mask=0.7941 depth=0.1658
  Epoch 1 [160/537] loss=0.1616 mask=0.7938 depth=0.1616
  Epoch 1 [170/537] loss=0.1598 mask=0.7909 depth=0.1598
  Epoch 1 [180/537] loss=0.1587 mask=0.7926 depth=0.1587
  Epoch 1 [190/537] loss=0.1569 mask=0.7929 depth=0.1569
  Epoch 1 [200/537] loss=0.1569 mask=0.7935 depth=0.1569
  Epoch 1 [210/537] loss=0.1591 mask=0.7946 depth=0.1591
  Epoch 1 [220/537] loss=0.1567 mask=0.7961 depth=0.1567
  Epoch 1 [230/537] loss=0.1554 mask=0.7971 depth=0.1554
  Epoch 1 [240/537] loss=0.1575 mask=0.7955 depth=0.1575
  Epoch 1 [250/537] loss=0.1579 mask=0.7943 depth=0.1579
  Epoch 1 [260/537] loss=0.1592 mask=0.7941 depth=0.1592
  Epoch 1 [270/537] loss=0.1605 mask=0.7938 depth=0.1605
  Epoch 1 [280/537] loss=0.1618 mask=0.7926 depth=0.1618
  Epoch 1 [290/537] loss=0.1612 mask=0.7908 depth=0.1612
  Epoch 1 [300/537] loss=0.1576 mask=0.7893 depth=0.1576
  Epoch 1 [310/537] loss=0.1588 mask=0.7908 depth=0.1588
  Epoch 1 [320/537] loss=0.1580 mask=0.7902 depth=0.1580
  Epoch 1 [330/537] loss=0.1561 mask=0.7903 depth=0.1561
  Epoch 1 [340/537] loss=0.1545 mask=0.7912 depth=0.1545
  Epoch 1 [350/537] loss=0.1559 mask=0.7919 depth=0.1559
  Epoch 1 [360/537] loss=0.1546 mask=0.7916 depth=0.1546
  Epoch 1 [370/537] loss=0.1543 mask=0.7931 depth=0.1543
  Epoch 1 [380/537] loss=0.1548 mask=0.7927 depth=0.1548
  Epoch 1 [390/537] loss=0.1567 mask=0.7928 depth=0.1567
  Epoch 1 [400/537] loss=0.1551 mask=0.7926 depth=0.1551
  Epoch 1 [410/537] loss=0.1563 mask=0.7931 depth=0.1563
  Epoch 1 [420/537] loss=0.1564 mask=0.7931 depth=0.1564
  Epoch 1 [430/537] loss=0.1571 mask=0.7928 depth=0.1571
  Epoch 1 [440/537] loss=0.1553 mask=0.7925 depth=0.1553
  Epoch 1 [450/537] loss=0.1558 mask=0.7939 depth=0.1558
  Epoch 1 [460/537] loss=0.1560 mask=0.7947 depth=0.1560
  Epoch 1 [470/537] loss=0.1566 mask=0.7946 depth=0.1566
  Epoch 1 [480/537] loss=0.1554 mask=0.7950 depth=0.1554
  Epoch 1 [490/537] loss=0.1539 mask=0.7940 depth=0.1539
  Epoch 1 [500/537] loss=0.1526 mask=0.7931 depth=0.1526
  Epoch 1 [510/537] loss=0.1522 mask=0.7922 depth=0.1522
  Epoch 1 [520/537] loss=0.1511 mask=0.7914 depth=0.1511
  Epoch 1 [530/537] loss=0.1508 mask=0.7906 depth=0.1508
  Train: loss=0.1509 mask=0.7904 depth=0.1509 time=465.2s
  Val epoch 1: loss=0.2240
  Saved best phase2 model (val_loss=0.2240)

=== Phase2 Epoch 2/49 ===
  Epoch 2 [10/537] loss=0.1455 mask=0.7721 depth=0.1455
  Epoch 2 [20/537] loss=0.1194 mask=0.7800 depth=0.1194
  Epoch 2 [30/537] loss=0.1354 mask=0.7661 depth=0.1354
  Epoch 2 [40/537] loss=0.1570 mask=0.7737 depth=0.1570
  Epoch 2 [50/537] loss=0.1470 mask=0.7805 depth=0.1470
  Epoch 2 [60/537] loss=0.1508 mask=0.7816 depth=0.1508
  Epoch 2 [70/537] loss=0.1530 mask=0.7724 depth=0.1530
  Epoch 2 [80/537] loss=0.1544 mask=0.7770 depth=0.1544
  Epoch 2 [90/537] loss=0.1500 mask=0.7721 depth=0.1500
  Epoch 2 [100/537] loss=0.1439 mask=0.7721 depth=0.1439
  Epoch 2 [110/537] loss=0.1376 mask=0.7740 depth=0.1376
  Epoch 2 [120/537] loss=0.1318 mask=0.7777 depth=0.1318
  Epoch 2 [130/537] loss=0.1292 mask=0.7777 depth=0.1292
  Epoch 2 [140/537] loss=0.1285 mask=0.7752 depth=0.1285
  Epoch 2 [150/537] loss=0.1332 mask=0.7774 depth=0.1332
  Epoch 2 [160/537] loss=0.1317 mask=0.7791 depth=0.1317
  Epoch 2 [170/537] loss=0.1307 mask=0.7785 depth=0.1307
  Epoch 2 [180/537] loss=0.1314 mask=0.7792 depth=0.1314
  Epoch 2 [190/537] loss=0.1302 mask=0.7786 depth=0.1302
  Epoch 2 [200/537] loss=0.1258 mask=0.7794 depth=0.1258
  Epoch 2 [210/537] loss=0.1254 mask=0.7797 depth=0.1254
  Epoch 2 [220/537] loss=0.1239 mask=0.7811 depth=0.1239
  Epoch 2 [230/537] loss=0.1241 mask=0.7811 depth=0.1241
  Epoch 2 [240/537] loss=0.1215 mask=0.7805 depth=0.1215
  Epoch 2 [250/537] loss=0.1193 mask=0.7822 depth=0.1193
  Epoch 2 [260/537] loss=0.1184 mask=0.7813 depth=0.1184
  Epoch 2 [270/537] loss=0.1183 mask=0.7817 depth=0.1183
  Epoch 2 [280/537] loss=0.1201 mask=0.7819 depth=0.1201
  Epoch 2 [290/537] loss=0.1211 mask=0.7825 depth=0.1211
  Epoch 2 [300/537] loss=0.1200 mask=0.7823 depth=0.1200
  Epoch 2 [310/537] loss=0.1181 mask=0.7827 depth=0.1181
  Epoch 2 [320/537] loss=0.1185 mask=0.7808 depth=0.1185
  Epoch 2 [330/537] loss=0.1206 mask=0.7804 depth=0.1206
  Epoch 2 [340/537] loss=0.1199 mask=0.7803 depth=0.1199
  Epoch 2 [350/537] loss=0.1186 mask=0.7817 depth=0.1186
  Epoch 2 [360/537] loss=0.1172 mask=0.7829 depth=0.1172
  Epoch 2 [370/537] loss=0.1161 mask=0.7830 depth=0.1161
  Epoch 2 [380/537] loss=0.1150 mask=0.7832 depth=0.1150
  Epoch 2 [390/537] loss=0.1142 mask=0.7834 depth=0.1142
  Epoch 2 [400/537] loss=0.1138 mask=0.7830 depth=0.1138
  Epoch 2 [410/537] loss=0.1131 mask=0.7834 depth=0.1131
  Epoch 2 [420/537] loss=0.1122 mask=0.7824 depth=0.1122
  Epoch 2 [430/537] loss=0.1103 mask=0.7823 depth=0.1103
  Epoch 2 [440/537] loss=0.1098 mask=0.7811 depth=0.1098
  Epoch 2 [450/537] loss=0.1084 mask=0.7800 depth=0.1084
  Epoch 2 [460/537] loss=0.1113 mask=0.7795 depth=0.1113
  Epoch 2 [470/537] loss=0.1120 mask=0.7786 depth=0.1120
  Epoch 2 [480/537] loss=0.1123 mask=0.7773 depth=0.1123
  Epoch 2 [490/537] loss=0.1127 mask=0.7761 depth=0.1127
  Epoch 2 [500/537] loss=0.1123 mask=0.7750 depth=0.1123
  Epoch 2 [510/537] loss=0.1125 mask=0.7738 depth=0.1125
  Epoch 2 [520/537] loss=0.1113 mask=0.7726 depth=0.1113
  Epoch 2 [530/537] loss=0.1100 mask=0.7703 depth=0.1100
  Train: loss=0.1097 mask=0.7696 depth=0.1097 time=452.0s
  Val epoch 2: loss=0.1969
  Saved best phase2 model (val_loss=0.1969)

=== Phase2 Epoch 3/49 ===
  Epoch 3 [10/537] loss=0.0791 mask=0.7097 depth=0.0791
  Epoch 3 [20/537] loss=0.0713 mask=0.7090 depth=0.0713
  Epoch 3 [30/537] loss=0.0705 mask=0.6961 depth=0.0705
  Epoch 3 [40/537] loss=0.0644 mask=0.7132 depth=0.0644
  Epoch 3 [50/537] loss=0.0638 mask=0.7103 depth=0.0638
  Epoch 3 [60/537] loss=0.0655 mask=0.7125 depth=0.0655
  Epoch 3 [70/537] loss=0.0652 mask=0.7162 depth=0.0652
  Epoch 3 [80/537] loss=0.0614 mask=0.7157 depth=0.0614
  Epoch 3 [90/537] loss=0.0606 mask=0.7102 depth=0.0606
  Epoch 3 [100/537] loss=0.0615 mask=0.7099 depth=0.0615
  Epoch 3 [110/537] loss=0.0610 mask=0.7088 depth=0.0610
  Epoch 3 [120/537] loss=0.0620 mask=0.7087 depth=0.0620
  Epoch 3 [130/537] loss=0.0711 mask=0.7134 depth=0.0711
  Epoch 3 [140/537] loss=0.0717 mask=0.7158 depth=0.0717
  Epoch 3 [150/537] loss=0.0723 mask=0.7217 depth=0.0723
  Epoch 3 [160/537] loss=0.0714 mask=0.7220 depth=0.0714
  Epoch 3 [170/537] loss=0.0737 mask=0.7224 depth=0.0737
  Epoch 3 [180/537] loss=0.0738 mask=0.7236 depth=0.0738
  Epoch 3 [190/537] loss=0.0742 mask=0.7254 depth=0.0742
  Epoch 3 [200/537] loss=0.0727 mask=0.7241 depth=0.0727
  Epoch 3 [210/537] loss=0.0713 mask=0.7230 depth=0.0713
  Epoch 3 [220/537] loss=0.0726 mask=0.7235 depth=0.0726
  Epoch 3 [230/537] loss=0.0722 mask=0.7258 depth=0.0722
  Epoch 3 [240/537] loss=0.0726 mask=0.7276 depth=0.0726
  Epoch 3 [250/537] loss=0.0730 mask=0.7293 depth=0.0730
  Epoch 3 [260/537] loss=0.0754 mask=0.7305 depth=0.0754
  Epoch 3 [270/537] loss=0.0742 mask=0.7314 depth=0.0742
  Epoch 3 [280/537] loss=0.0750 mask=0.7336 depth=0.0750
  Epoch 3 [290/537] loss=0.0769 mask=0.7348 depth=0.0769
  Epoch 3 [300/537] loss=0.0798 mask=0.7394 depth=0.0798
  Epoch 3 [310/537] loss=0.0785 mask=0.7401 depth=0.0785
  Epoch 3 [320/537] loss=0.0777 mask=0.7410 depth=0.0777
  Epoch 3 [330/537] loss=0.0779 mask=0.7419 depth=0.0779
  Epoch 3 [340/537] loss=0.0780 mask=0.7423 depth=0.0780
  Epoch 3 [350/537] loss=0.0778 mask=0.7411 depth=0.0778
  Epoch 3 [360/537] loss=0.0773 mask=0.7422 depth=0.0773
  Epoch 3 [370/537] loss=0.0779 mask=0.7431 depth=0.0779
  Epoch 3 [380/537] loss=0.0790 mask=0.7416 depth=0.0790
  Epoch 3 [390/537] loss=0.0810 mask=0.7425 depth=0.0810
  Epoch 3 [400/537] loss=0.0820 mask=0.7432 depth=0.0820
  Epoch 3 [410/537] loss=0.0838 mask=0.7427 depth=0.0838
  Epoch 3 [420/537] loss=0.0835 mask=0.7426 depth=0.0835
  Epoch 3 [430/537] loss=0.0843 mask=0.7423 depth=0.0843
  Epoch 3 [440/537] loss=0.0839 mask=0.7419 depth=0.0839
  Epoch 3 [450/537] loss=0.0839 mask=0.7426 depth=0.0839
  Epoch 3 [460/537] loss=0.0834 mask=0.7425 depth=0.0834
  Epoch 3 [470/537] loss=0.0823 mask=0.7423 depth=0.0823
  Epoch 3 [480/537] loss=0.0826 mask=0.7426 depth=0.0826
  Epoch 3 [490/537] loss=0.0818 mask=0.7404 depth=0.0818
  Epoch 3 [500/537] loss=0.0833 mask=0.7397 depth=0.0833
  Epoch 3 [510/537] loss=0.0838 mask=0.7404 depth=0.0838
  Epoch 3 [520/537] loss=0.0833 mask=0.7399 depth=0.0833
  Epoch 3 [530/537] loss=0.0825 mask=0.7391 depth=0.0825
  Train: loss=0.0837 mask=0.7395 depth=0.0837 time=465.7s
  Val epoch 3: loss=0.1700
  Saved best phase2 model (val_loss=0.1700)

=== Phase2 Epoch 4/49 ===
  Epoch 4 [10/537] loss=0.0599 mask=0.7377 depth=0.0599
  Epoch 4 [20/537] loss=0.0475 mask=0.7586 depth=0.0475
  Epoch 4 [30/537] loss=0.0516 mask=0.7718 depth=0.0516
  Epoch 4 [40/537] loss=0.0531 mask=0.7675 depth=0.0531
  Epoch 4 [50/537] loss=0.0536 mask=0.7641 depth=0.0536
  Epoch 4 [60/537] loss=0.0563 mask=0.7636 depth=0.0563
  Epoch 4 [70/537] loss=0.0536 mask=0.7687 depth=0.0536
  Epoch 4 [80/537] loss=0.0544 mask=0.7624 depth=0.0544
  Epoch 4 [90/537] loss=0.0543 mask=0.7625 depth=0.0543
  Epoch 4 [100/537] loss=0.0550 mask=0.7616 depth=0.0550
  Epoch 4 [110/537] loss=0.0534 mask=0.7650 depth=0.0534
  Epoch 4 [120/537] loss=0.0566 mask=0.7659 depth=0.0566
  Epoch 4 [130/537] loss=0.0569 mask=0.7662 depth=0.0569
  Epoch 4 [140/537] loss=0.0576 mask=0.7667 depth=0.0576
  Epoch 4 [150/537] loss=0.0581 mask=0.7685 depth=0.0581
  Epoch 4 [160/537] loss=0.0572 mask=0.7690 depth=0.0572
  Epoch 4 [170/537] loss=0.0568 mask=0.7707 depth=0.0568
  Epoch 4 [180/537] loss=0.0573 mask=0.7704 depth=0.0573
  Epoch 4 [190/537] loss=0.0565 mask=0.7691 depth=0.0565
  Epoch 4 [200/537] loss=0.0561 mask=0.7668 depth=0.0561
  Epoch 4 [210/537] loss=0.0552 mask=0.7649 depth=0.0552
  Epoch 4 [220/537] loss=0.0563 mask=0.7630 depth=0.0563
  Epoch 4 [230/537] loss=0.0576 mask=0.7616 depth=0.0576
  Epoch 4 [240/537] loss=0.0571 mask=0.7610 depth=0.0571
  Epoch 4 [250/537] loss=0.0569 mask=0.7588 depth=0.0569
  Epoch 4 [260/537] loss=0.0577 mask=0.7595 depth=0.0577
  Epoch 4 [270/537] loss=0.0581 mask=0.7594 depth=0.0581
  Epoch 4 [280/537] loss=0.0588 mask=0.7581 depth=0.0588
  Epoch 4 [290/537] loss=0.0585 mask=0.7568 depth=0.0585
  Epoch 4 [300/537] loss=0.0595 mask=0.7550 depth=0.0595
  Epoch 4 [310/537] loss=0.0604 mask=0.7555 depth=0.0604
  Epoch 4 [320/537] loss=0.0606 mask=0.7536 depth=0.0606
  Epoch 4 [330/537] loss=0.0608 mask=0.7520 depth=0.0608
  Epoch 4 [340/537] loss=0.0613 mask=0.7522 depth=0.0613
  Epoch 4 [350/537] loss=0.0608 mask=0.7504 depth=0.0608
  Epoch 4 [360/537] loss=0.0611 mask=0.7500 depth=0.0611
  Epoch 4 [370/537] loss=0.0607 mask=0.7496 depth=0.0607
  Epoch 4 [380/537] loss=0.0603 mask=0.7491 depth=0.0603
  Epoch 4 [390/537] loss=0.0607 mask=0.7503 depth=0.0607
  Epoch 4 [400/537] loss=0.0617 mask=0.7499 depth=0.0617
  Epoch 4 [410/537] loss=0.0613 mask=0.7504 depth=0.0613
  Epoch 4 [420/537] loss=0.0613 mask=0.7503 depth=0.0613
  Epoch 4 [430/537] loss=0.0621 mask=0.7492 depth=0.0621
  Epoch 4 [440/537] loss=0.0620 mask=0.7478 depth=0.0620
  Epoch 4 [450/537] loss=0.0631 mask=0.7477 depth=0.0631
  Epoch 4 [460/537] loss=0.0633 mask=0.7476 depth=0.0633
  Epoch 4 [470/537] loss=0.0634 mask=0.7475 depth=0.0634
  Epoch 4 [480/537] loss=0.0627 mask=0.7479 depth=0.0627
  Epoch 4 [490/537] loss=0.0625 mask=0.7476 depth=0.0625
  Epoch 4 [500/537] loss=0.0624 mask=0.7483 depth=0.0624
  Epoch 4 [510/537] loss=0.0620 mask=0.7490 depth=0.0620
  Epoch 4 [520/537] loss=0.0620 mask=0.7484 depth=0.0620
  Epoch 4 [530/537] loss=0.0616 mask=0.7477 depth=0.0616
  Train: loss=0.0617 mask=0.7479 depth=0.0617 time=462.2s
  Val epoch 4: loss=0.1690
  Saved best phase2 model (val_loss=0.1690)

=== Phase2 Epoch 5/49 ===
  Epoch 5 [10/537] loss=0.0342 mask=0.7412 depth=0.0342
  Epoch 5 [20/537] loss=0.0532 mask=0.7565 depth=0.0532
  Epoch 5 [30/537] loss=0.0455 mask=0.7536 depth=0.0455
  Epoch 5 [40/537] loss=0.0416 mask=0.7567 depth=0.0416
  Epoch 5 [50/537] loss=0.0376 mask=0.7495 depth=0.0376
  Epoch 5 [60/537] loss=0.0397 mask=0.7442 depth=0.0397
  Epoch 5 [70/537] loss=0.0365 mask=0.7387 depth=0.0365
  Epoch 5 [80/537] loss=0.0358 mask=0.7380 depth=0.0358
  Epoch 5 [90/537] loss=0.0350 mask=0.7350 depth=0.0350
  Epoch 5 [100/537] loss=0.0353 mask=0.7316 depth=0.0353
  Epoch 5 [110/537] loss=0.0369 mask=0.7354 depth=0.0369
  Epoch 5 [120/537] loss=0.0364 mask=0.7365 depth=0.0364
  Epoch 5 [130/537] loss=0.0386 mask=0.7394 depth=0.0386
  Epoch 5 [140/537] loss=0.0389 mask=0.7396 depth=0.0389
  Epoch 5 [150/537] loss=0.0399 mask=0.7404 depth=0.0399
  Epoch 5 [160/537] loss=0.0414 mask=0.7421 depth=0.0414
  Epoch 5 [170/537] loss=0.0444 mask=0.7428 depth=0.0444
  Epoch 5 [180/537] loss=0.0451 mask=0.7442 depth=0.0451
  Epoch 5 [190/537] loss=0.0447 mask=0.7456 depth=0.0447
  Epoch 5 [200/537] loss=0.0445 mask=0.7454 depth=0.0445
  Epoch 5 [210/537] loss=0.0449 mask=0.7435 depth=0.0449
  Epoch 5 [220/537] loss=0.0465 mask=0.7442 depth=0.0465
  Epoch 5 [230/537] loss=0.0481 mask=0.7459 depth=0.0481
  Epoch 5 [240/537] loss=0.0480 mask=0.7473 depth=0.0480
  Epoch 5 [250/537] loss=0.0472 mask=0.7471 depth=0.0472
  Epoch 5 [260/537] loss=0.0482 mask=0.7492 depth=0.0482
  Epoch 5 [270/537] loss=0.0482 mask=0.7493 depth=0.0482
  Epoch 5 [280/537] loss=0.0478 mask=0.7499 depth=0.0478
  Epoch 5 [290/537] loss=0.0471 mask=0.7502 depth=0.0471
  Epoch 5 [300/537] loss=0.0474 mask=0.7515 depth=0.0474
  Epoch 5 [310/537] loss=0.0468 mask=0.7513 depth=0.0468
  Epoch 5 [320/537] loss=0.0468 mask=0.7516 depth=0.0468
  Epoch 5 [330/537] loss=0.0463 mask=0.7533 depth=0.0463
  Epoch 5 [340/537] loss=0.0458 mask=0.7540 depth=0.0458
  Epoch 5 [350/537] loss=0.0456 mask=0.7559 depth=0.0456
  Epoch 5 [360/537] loss=0.0455 mask=0.7561 depth=0.0455
  Epoch 5 [370/537] loss=0.0448 mask=0.7562 depth=0.0448
  Epoch 5 [380/537] loss=0.0446 mask=0.7568 depth=0.0446
  Epoch 5 [390/537] loss=0.0447 mask=0.7568 depth=0.0447
  Epoch 5 [400/537] loss=0.0453 mask=0.7575 depth=0.0453
  Epoch 5 [410/537] loss=0.0455 mask=0.7579 depth=0.0455
  Epoch 5 [420/537] loss=0.0457 mask=0.7573 depth=0.0457
  Epoch 5 [430/537] loss=0.0462 mask=0.7565 depth=0.0462
  Epoch 5 [440/537] loss=0.0465 mask=0.7558 depth=0.0465
  Epoch 5 [450/537] loss=0.0463 mask=0.7542 depth=0.0463
  Epoch 5 [460/537] loss=0.0468 mask=0.7541 depth=0.0468
  Epoch 5 [470/537] loss=0.0466 mask=0.7527 depth=0.0466
  Epoch 5 [480/537] loss=0.0462 mask=0.7518 depth=0.0462
  Epoch 5 [490/537] loss=0.0459 mask=0.7501 depth=0.0459
  Epoch 5 [500/537] loss=0.0455 mask=0.7490 depth=0.0455
  Epoch 5 [510/537] loss=0.0459 mask=0.7482 depth=0.0459
  Epoch 5 [520/537] loss=0.0455 mask=0.7475 depth=0.0455
  Epoch 5 [530/537] loss=0.0452 mask=0.7467 depth=0.0452
  Train: loss=0.0496 mask=0.7471 depth=0.0496 time=448.7s
  Val epoch 5: loss=0.1468
  Saved best phase2 model (val_loss=0.1468)

=== Phase2 Epoch 6/49 ===
  Epoch 6 [10/537] loss=0.0306 mask=0.7449 depth=0.0306
  Epoch 6 [20/537] loss=0.0386 mask=0.7320 depth=0.0386
  Epoch 6 [30/537] loss=0.0432 mask=0.7353 depth=0.0432
  Epoch 6 [40/537] loss=0.0400 mask=0.7369 depth=0.0400
  Epoch 6 [50/537] loss=0.0402 mask=0.7281 depth=0.0402
  Epoch 6 [60/537] loss=0.0414 mask=0.7315 depth=0.0414
  Epoch 6 [70/537] loss=0.0407 mask=0.7357 depth=0.0407
  Epoch 6 [80/537] loss=0.0383 mask=0.7291 depth=0.0383
  Epoch 6 [90/537] loss=0.0390 mask=0.7314 depth=0.0390
  Epoch 6 [100/537] loss=0.0395 mask=0.7389 depth=0.0395
  Epoch 6 [110/537] loss=0.0379 mask=0.7377 depth=0.0379
  Epoch 6 [120/537] loss=0.0404 mask=0.7413 depth=0.0404
  Epoch 6 [130/537] loss=0.0414 mask=0.7446 depth=0.0414
  Epoch 6 [140/537] loss=0.0417 mask=0.7482 depth=0.0417
  Epoch 6 [150/537] loss=0.0412 mask=0.7504 depth=0.0412
  Epoch 6 [160/537] loss=0.0423 mask=0.7541 depth=0.0423
  Epoch 6 [170/537] loss=0.0420 mask=0.7536 depth=0.0420
  Epoch 6 [180/537] loss=0.0417 mask=0.7560 depth=0.0417
  Epoch 6 [190/537] loss=0.0413 mask=0.7537 depth=0.0413
  Epoch 6 [200/537] loss=0.0410 mask=0.7561 depth=0.0410
  Epoch 6 [210/537] loss=0.0421 mask=0.7562 depth=0.0421
  Epoch 6 [220/537] loss=0.0419 mask=0.7568 depth=0.0419
  Epoch 6 [230/537] loss=0.0413 mask=0.7550 depth=0.0413
  Epoch 6 [240/537] loss=0.0404 mask=0.7544 depth=0.0404
  Epoch 6 [250/537] loss=0.0396 mask=0.7530 depth=0.0396
  Epoch 6 [260/537] loss=0.0394 mask=0.7539 depth=0.0394
  Epoch 6 [270/537] loss=0.0389 mask=0.7545 depth=0.0389
  Epoch 6 [280/537] loss=0.0383 mask=0.7525 depth=0.0383
  Epoch 6 [290/537] loss=0.0378 mask=0.7525 depth=0.0378
  Epoch 6 [300/537] loss=0.0381 mask=0.7522 depth=0.0381
  Epoch 6 [310/537] loss=0.0378 mask=0.7513 depth=0.0378
  Epoch 6 [320/537] loss=0.0384 mask=0.7518 depth=0.0384
  Epoch 6 [330/537] loss=0.0383 mask=0.7521 depth=0.0383
  Epoch 6 [340/537] loss=0.0378 mask=0.7517 depth=0.0378
  Epoch 6 [350/537] loss=0.0374 mask=0.7503 depth=0.0374
  Epoch 6 [360/537] loss=0.0370 mask=0.7483 depth=0.0370
  Epoch 6 [370/537] loss=0.0370 mask=0.7462 depth=0.0370
  Epoch 6 [380/537] loss=0.0369 mask=0.7450 depth=0.0369
  Epoch 6 [390/537] loss=0.0370 mask=0.7441 depth=0.0370
  Epoch 6 [400/537] loss=0.0370 mask=0.7440 depth=0.0370
  Epoch 6 [410/537] loss=0.0369 mask=0.7433 depth=0.0369
  Epoch 6 [420/537] loss=0.0371 mask=0.7422 depth=0.0371
  Epoch 6 [430/537] loss=0.0374 mask=0.7417 depth=0.0374
  Epoch 6 [440/537] loss=0.0372 mask=0.7407 depth=0.0372
  Epoch 6 [450/537] loss=0.0370 mask=0.7411 depth=0.0370
  Epoch 6 [460/537] loss=0.0369 mask=0.7396 depth=0.0369
  Epoch 6 [470/537] loss=0.0369 mask=0.7399 depth=0.0369
  Epoch 6 [480/537] loss=0.0371 mask=0.7392 depth=0.0371
  Epoch 6 [490/537] loss=0.0369 mask=0.7391 depth=0.0369
  Epoch 6 [500/537] loss=0.0369 mask=0.7393 depth=0.0369
  Epoch 6 [510/537] loss=0.0369 mask=0.7402 depth=0.0369
  Epoch 6 [520/537] loss=0.0366 mask=0.7387 depth=0.0366
  Epoch 6 [530/537] loss=0.0369 mask=0.7378 depth=0.0369
  Train: loss=0.0388 mask=0.7384 depth=0.0388 time=450.9s
  Val epoch 6: loss=0.1308
  Saved best phase2 model (val_loss=0.1308)

=== Phase2 Epoch 7/49 ===
  Epoch 7 [10/537] loss=0.0488 mask=0.7641 depth=0.0488
  Epoch 7 [20/537] loss=0.0395 mask=0.7432 depth=0.0395
  Epoch 7 [30/537] loss=0.0397 mask=0.7003 depth=0.0397
  Epoch 7 [40/537] loss=0.0366 mask=0.6883 depth=0.0366
  Epoch 7 [50/537] loss=0.0326 mask=0.6886 depth=0.0326
  Epoch 7 [60/537] loss=0.0316 mask=0.6888 depth=0.0316
  Epoch 7 [70/537] loss=0.0314 mask=0.6855 depth=0.0314
  Epoch 7 [80/537] loss=0.0299 mask=0.6892 depth=0.0299
  Epoch 7 [90/537] loss=0.0305 mask=0.6952 depth=0.0305
  Epoch 7 [100/537] loss=0.0290 mask=0.6975 depth=0.0290
  Epoch 7 [110/537] loss=0.0281 mask=0.6965 depth=0.0281
  Epoch 7 [120/537] loss=0.0293 mask=0.6977 depth=0.0293
  Epoch 7 [130/537] loss=0.0290 mask=0.6944 depth=0.0290
  Epoch 7 [140/537] loss=0.0286 mask=0.6919 depth=0.0286
  Epoch 7 [150/537] loss=0.0291 mask=0.6937 depth=0.0291
  Epoch 7 [160/537] loss=0.0287 mask=0.6948 depth=0.0287
  Epoch 7 [170/537] loss=0.0282 mask=0.6967 depth=0.0282
  Epoch 7 [180/537] loss=0.0284 mask=0.7007 depth=0.0284
  Epoch 7 [190/537] loss=0.0293 mask=0.7010 depth=0.0293
  Epoch 7 [200/537] loss=0.0301 mask=0.7029 depth=0.0301
  Epoch 7 [210/537] loss=0.0301 mask=0.7023 depth=0.0301
  Epoch 7 [220/537] loss=0.0300 mask=0.7022 depth=0.0300
  Epoch 7 [230/537] loss=0.0308 mask=0.7024 depth=0.0308
  Epoch 7 [240/537] loss=0.0310 mask=0.7039 depth=0.0310
  Epoch 7 [250/537] loss=0.0306 mask=0.7052 depth=0.0306
  Epoch 7 [260/537] loss=0.0303 mask=0.7054 depth=0.0303
  Epoch 7 [270/537] loss=0.0304 mask=0.7066 depth=0.0304
  Epoch 7 [280/537] loss=0.0302 mask=0.7074 depth=0.0302
  Epoch 7 [290/537] loss=0.0302 mask=0.7063 depth=0.0302
  Epoch 7 [300/537] loss=0.0310 mask=0.7057 depth=0.0310
  Epoch 7 [310/537] loss=0.0307 mask=0.7067 depth=0.0307
  Epoch 7 [320/537] loss=0.0308 mask=0.7074 depth=0.0308
  Epoch 7 [330/537] loss=0.0306 mask=0.7068 depth=0.0306
  Epoch 7 [340/537] loss=0.0303 mask=0.7071 depth=0.0303
  Epoch 7 [350/537] loss=0.0303 mask=0.7080 depth=0.0303
  Epoch 7 [360/537] loss=0.0299 mask=0.7085 depth=0.0299
  Epoch 7 [370/537] loss=0.0300 mask=0.7070 depth=0.0300
  Epoch 7 [380/537] loss=0.0299 mask=0.7070 depth=0.0299
  Epoch 7 [390/537] loss=0.0297 mask=0.7056 depth=0.0297
  Epoch 7 [400/537] loss=0.0294 mask=0.7028 depth=0.0294
  Epoch 7 [410/537] loss=0.0295 mask=0.7039 depth=0.0295
  Epoch 7 [420/537] loss=0.0293 mask=0.7034 depth=0.0293
  Epoch 7 [430/537] loss=0.0295 mask=0.7042 depth=0.0295
  Epoch 7 [440/537] loss=0.0292 mask=0.7046 depth=0.0292
  Epoch 7 [450/537] loss=0.0293 mask=0.7043 depth=0.0293
  Epoch 7 [460/537] loss=0.0293 mask=0.7046 depth=0.0293
  Epoch 7 [470/537] loss=0.0292 mask=0.7066 depth=0.0292
  Epoch 7 [480/537] loss=0.0290 mask=0.7072 depth=0.0290
  Epoch 7 [490/537] loss=0.0290 mask=0.7083 depth=0.0290
  Epoch 7 [500/537] loss=0.0291 mask=0.7091 depth=0.0291
  Epoch 7 [510/537] loss=0.0291 mask=0.7102 depth=0.0291
  Epoch 7 [520/537] loss=0.0298 mask=0.7106 depth=0.0298
  Epoch 7 [530/537] loss=0.0298 mask=0.7107 depth=0.0298
  Train: loss=0.0296 mask=0.7104 depth=0.0296 time=455.0s
  Val epoch 7: loss=0.1409

=== Phase2 Epoch 8/49 ===
  Epoch 8 [10/537] loss=0.0182 mask=0.7118 depth=0.0182
  Epoch 8 [20/537] loss=0.0202 mask=0.7197 depth=0.0202
  Epoch 8 [30/537] loss=0.0230 mask=0.6973 depth=0.0230
  Epoch 8 [40/537] loss=0.0216 mask=0.6954 depth=0.0216
  Epoch 8 [50/537] loss=0.0215 mask=0.7031 depth=0.0215
  Epoch 8 [60/537] loss=0.0217 mask=0.7129 depth=0.0217
  Epoch 8 [70/537] loss=0.0217 mask=0.7150 depth=0.0217
  Epoch 8 [80/537] loss=0.0205 mask=0.7192 depth=0.0205
  Epoch 8 [90/537] loss=0.0210 mask=0.7214 depth=0.0210
  Epoch 8 [100/537] loss=0.0208 mask=0.7217 depth=0.0208
  Epoch 8 [110/537] loss=0.0206 mask=0.7231 depth=0.0206
  Epoch 8 [120/537] loss=0.0222 mask=0.7241 depth=0.0222
  Epoch 8 [130/537] loss=0.0216 mask=0.7184 depth=0.0216
  Epoch 8 [140/537] loss=0.0212 mask=0.7194 depth=0.0212
  Epoch 8 [150/537] loss=0.0218 mask=0.7183 depth=0.0218
  Epoch 8 [160/537] loss=0.0219 mask=0.7161 depth=0.0219
  Epoch 8 [170/537] loss=0.0226 mask=0.7159 depth=0.0226
  Epoch 8 [180/537] loss=0.0226 mask=0.7163 depth=0.0226
  Epoch 8 [190/537] loss=0.0228 mask=0.7151 depth=0.0228
  Epoch 8 [200/537] loss=0.0248 mask=0.7182 depth=0.0248
  Epoch 8 [210/537] loss=0.0247 mask=0.7192 depth=0.0247
  Epoch 8 [220/537] loss=0.0248 mask=0.7218 depth=0.0248
  Epoch 8 [230/537] loss=0.0245 mask=0.7238 depth=0.0245
  Epoch 8 [240/537] loss=0.0244 mask=0.7240 depth=0.0244
  Epoch 8 [250/537] loss=0.0240 mask=0.7257 depth=0.0240
  Epoch 8 [260/537] loss=0.0237 mask=0.7242 depth=0.0237
  Epoch 8 [270/537] loss=0.0239 mask=0.7252 depth=0.0239
  Epoch 8 [280/537] loss=0.0242 mask=0.7278 depth=0.0242
  Epoch 8 [290/537] loss=0.0242 mask=0.7288 depth=0.0242
  Epoch 8 [300/537] loss=0.0242 mask=0.7290 depth=0.0242
  Epoch 8 [310/537] loss=0.0245 mask=0.7306 depth=0.0245
  Epoch 8 [320/537] loss=0.0247 mask=0.7324 depth=0.0247
  Epoch 8 [330/537] loss=0.0244 mask=0.7329 depth=0.0244
  Epoch 8 [340/537] loss=0.0244 mask=0.7336 depth=0.0244
  Epoch 8 [350/537] loss=0.0243 mask=0.7331 depth=0.0243
  Epoch 8 [360/537] loss=0.0238 mask=0.7333 depth=0.0238
  Epoch 8 [370/537] loss=0.0237 mask=0.7318 depth=0.0237
  Epoch 8 [380/537] loss=0.0235 mask=0.7317 depth=0.0235
  Epoch 8 [390/537] loss=0.0240 mask=0.7320 depth=0.0240
  Epoch 8 [400/537] loss=0.0242 mask=0.7317 depth=0.0242
  Epoch 8 [410/537] loss=0.0242 mask=0.7315 depth=0.0242
  Epoch 8 [420/537] loss=0.0242 mask=0.7295 depth=0.0242
  Epoch 8 [430/537] loss=0.0241 mask=0.7289 depth=0.0241
  Epoch 8 [440/537] loss=0.0240 mask=0.7278 depth=0.0240
  Epoch 8 [450/537] loss=0.0240 mask=0.7274 depth=0.0240
  Epoch 8 [460/537] loss=0.0239 mask=0.7264 depth=0.0239
  Epoch 8 [470/537] loss=0.0238 mask=0.7251 depth=0.0238
  Epoch 8 [480/537] loss=0.0237 mask=0.7240 depth=0.0237
  Epoch 8 [490/537] loss=0.0236 mask=0.7235 depth=0.0236
  Epoch 8 [500/537] loss=0.0239 mask=0.7248 depth=0.0239
  Epoch 8 [510/537] loss=0.0242 mask=0.7256 depth=0.0242
  Epoch 8 [520/537] loss=0.0242 mask=0.7244 depth=0.0242
  Epoch 8 [530/537] loss=0.0241 mask=0.7221 depth=0.0241
  Train: loss=0.0246 mask=0.7215 depth=0.0246 time=452.6s
  Val epoch 8: loss=0.1271
  Saved best phase2 model (val_loss=0.1271)

=== Phase2 Epoch 9/49 ===
  Epoch 9 [10/537] loss=0.0174 mask=0.6927 depth=0.0174
  Epoch 9 [20/537] loss=0.0215 mask=0.6992 depth=0.0215
  Epoch 9 [30/537] loss=0.0201 mask=0.6866 depth=0.0201
  Epoch 9 [40/537] loss=0.0190 mask=0.6896 depth=0.0190
  Epoch 9 [50/537] loss=0.0229 mask=0.6911 depth=0.0229
  Epoch 9 [60/537] loss=0.0218 mask=0.7014 depth=0.0218
  Epoch 9 [70/537] loss=0.0215 mask=0.7096 depth=0.0215
  Epoch 9 [80/537] loss=0.0212 mask=0.7115 depth=0.0212
  Epoch 9 [90/537] loss=0.0211 mask=0.7096 depth=0.0211
  Epoch 9 [100/537] loss=0.0212 mask=0.7025 depth=0.0212
  Epoch 9 [110/537] loss=0.0205 mask=0.7011 depth=0.0205
  Epoch 9 [120/537] loss=0.0208 mask=0.6926 depth=0.0208
  Epoch 9 [130/537] loss=0.0208 mask=0.6926 depth=0.0208
  Epoch 9 [140/537] loss=0.0208 mask=0.6935 depth=0.0208
  Epoch 9 [150/537] loss=0.0207 mask=0.6963 depth=0.0207
  Epoch 9 [160/537] loss=0.0211 mask=0.6962 depth=0.0211
  Epoch 9 [170/537] loss=0.0213 mask=0.6957 depth=0.0213
  Epoch 9 [180/537] loss=0.0208 mask=0.6928 depth=0.0208
  Epoch 9 [190/537] loss=0.0203 mask=0.6909 depth=0.0203
  Epoch 9 [200/537] loss=0.0203 mask=0.6913 depth=0.0203
  Epoch 9 [210/537] loss=0.0205 mask=0.6929 depth=0.0205
  Epoch 9 [220/537] loss=0.0203 mask=0.6936 depth=0.0203
  Epoch 9 [230/537] loss=0.0209 mask=0.6936 depth=0.0209
  Epoch 9 [240/537] loss=0.0210 mask=0.6976 depth=0.0210
  Epoch 9 [250/537] loss=0.0208 mask=0.7003 depth=0.0208
  Epoch 9 [260/537] loss=0.0216 mask=0.7017 depth=0.0216
  Epoch 9 [270/537] loss=0.0213 mask=0.7008 depth=0.0213
  Epoch 9 [280/537] loss=0.0211 mask=0.7016 depth=0.0211
  Epoch 9 [290/537] loss=0.0214 mask=0.7003 depth=0.0214
  Epoch 9 [300/537] loss=0.0215 mask=0.6999 depth=0.0215
  Epoch 9 [310/537] loss=0.0213 mask=0.6968 depth=0.0213
  Epoch 9 [320/537] loss=0.0209 mask=0.6942 depth=0.0209
  Epoch 9 [330/537] loss=0.0207 mask=0.6933 depth=0.0207
  Epoch 9 [340/537] loss=0.0205 mask=0.6931 depth=0.0205
  Epoch 9 [350/537] loss=0.0204 mask=0.6914 depth=0.0204
  Epoch 9 [360/537] loss=0.0204 mask=0.6917 depth=0.0204
  Epoch 9 [370/537] loss=0.0205 mask=0.6914 depth=0.0205
  Epoch 9 [380/537] loss=0.0207 mask=0.6913 depth=0.0207
  Epoch 9 [390/537] loss=0.0206 mask=0.6915 depth=0.0206
  Epoch 9 [400/537] loss=0.0205 mask=0.6927 depth=0.0205
  Epoch 9 [410/537] loss=0.0205 mask=0.6919 depth=0.0205
  Epoch 9 [420/537] loss=0.0204 mask=0.6916 depth=0.0204
  Epoch 9 [430/537] loss=0.0202 mask=0.6914 depth=0.0202
  Epoch 9 [440/537] loss=0.0203 mask=0.6922 depth=0.0203
  Epoch 9 [450/537] loss=0.0203 mask=0.6923 depth=0.0203
  Epoch 9 [460/537] loss=0.0203 mask=0.6926 depth=0.0203
  Epoch 9 [470/537] loss=0.0202 mask=0.6925 depth=0.0202
  Epoch 9 [480/537] loss=0.0200 mask=0.6930 depth=0.0200
  Epoch 9 [490/537] loss=0.0198 mask=0.6930 depth=0.0198
  Epoch 9 [500/537] loss=0.0200 mask=0.6937 depth=0.0200
  Epoch 9 [510/537] loss=0.0201 mask=0.6936 depth=0.0201
  Epoch 9 [520/537] loss=0.0208 mask=0.6932 depth=0.0208
  Epoch 9 [530/537] loss=0.0209 mask=0.6933 depth=0.0209
  Train: loss=0.0210 mask=0.6940 depth=0.0210 time=453.0s
  Val epoch 9: loss=0.1142
  Saved best phase2 model (val_loss=0.1142)

=== Phase2 Epoch 10/49 ===
  Epoch 10 [10/537] loss=0.0166 mask=0.7313 depth=0.0166
  Epoch 10 [20/537] loss=0.0171 mask=0.7362 depth=0.0171
  Epoch 10 [30/537] loss=0.0171 mask=0.7532 depth=0.0171
  Epoch 10 [40/537] loss=0.0149 mask=0.7546 depth=0.0149
  Epoch 10 [50/537] loss=0.0153 mask=0.7345 depth=0.0153
  Epoch 10 [60/537] loss=0.0152 mask=0.7433 depth=0.0152
  Epoch 10 [70/537] loss=0.0152 mask=0.7431 depth=0.0152
  Epoch 10 [80/537] loss=0.0167 mask=0.7376 depth=0.0167
  Epoch 10 [90/537] loss=0.0166 mask=0.7378 depth=0.0166
  Epoch 10 [100/537] loss=0.0163 mask=0.7360 depth=0.0163
  Epoch 10 [110/537] loss=0.0158 mask=0.7291 depth=0.0158
  Epoch 10 [120/537] loss=0.0154 mask=0.7235 depth=0.0154
  Epoch 10 [130/537] loss=0.0151 mask=0.7237 depth=0.0151
  Epoch 10 [140/537] loss=0.0153 mask=0.7240 depth=0.0153
  Epoch 10 [150/537] loss=0.0151 mask=0.7235 depth=0.0151
  Epoch 10 [160/537] loss=0.0149 mask=0.7219 depth=0.0149
  Epoch 10 [170/537] loss=0.0152 mask=0.7204 depth=0.0152
  Epoch 10 [180/537] loss=0.0150 mask=0.7200 depth=0.0150
  Epoch 10 [190/537] loss=0.0150 mask=0.7207 depth=0.0150
  Epoch 10 [200/537] loss=0.0150 mask=0.7217 depth=0.0150
  Epoch 10 [210/537] loss=0.0148 mask=0.7195 depth=0.0148
  Epoch 10 [220/537] loss=0.0145 mask=0.7195 depth=0.0145
  Epoch 10 [230/537] loss=0.0144 mask=0.7174 depth=0.0144
  Epoch 10 [240/537] loss=0.0143 mask=0.7138 depth=0.0143
  Epoch 10 [250/537] loss=0.0143 mask=0.7156 depth=0.0143
  Epoch 10 [260/537] loss=0.0143 mask=0.7146 depth=0.0143
  Epoch 10 [270/537] loss=0.0144 mask=0.7116 depth=0.0144
  Epoch 10 [280/537] loss=0.0145 mask=0.7107 depth=0.0145
  Epoch 10 [290/537] loss=0.0147 mask=0.7103 depth=0.0147
  Epoch 10 [300/537] loss=0.0148 mask=0.7095 depth=0.0148
  Epoch 10 [310/537] loss=0.0146 mask=0.7084 depth=0.0146
  Epoch 10 [320/537] loss=0.0144 mask=0.7069 depth=0.0144
  Epoch 10 [330/537] loss=0.0143 mask=0.7084 depth=0.0143
  Epoch 10 [340/537] loss=0.0142 mask=0.7076 depth=0.0142
  Epoch 10 [350/537] loss=0.0142 mask=0.7066 depth=0.0142
  Epoch 10 [360/537] loss=0.0142 mask=0.7068 depth=0.0142
  Epoch 10 [370/537] loss=0.0141 mask=0.7060 depth=0.0141
  Epoch 10 [380/537] loss=0.0140 mask=0.7070 depth=0.0140
  Epoch 10 [390/537] loss=0.0140 mask=0.7097 depth=0.0140
  Epoch 10 [400/537] loss=0.0139 mask=0.7099 depth=0.0139
  Epoch 10 [410/537] loss=0.0138 mask=0.7091 depth=0.0138
  Epoch 10 [420/537] loss=0.0137 mask=0.7084 depth=0.0137
  Epoch 10 [430/537] loss=0.0137 mask=0.7090 depth=0.0137
  Epoch 10 [440/537] loss=0.0144 mask=0.7108 depth=0.0144
  Epoch 10 [450/537] loss=0.0143 mask=0.7119 depth=0.0143
  Epoch 10 [460/537] loss=0.0143 mask=0.7123 depth=0.0143
  Epoch 10 [470/537] loss=0.0142 mask=0.7127 depth=0.0142
  Epoch 10 [480/537] loss=0.0142 mask=0.7127 depth=0.0142
  Epoch 10 [490/537] loss=0.0143 mask=0.7142 depth=0.0143
  Epoch 10 [500/537] loss=0.0144 mask=0.7145 depth=0.0144
  Epoch 10 [510/537] loss=0.0143 mask=0.7143 depth=0.0143
  Epoch 10 [520/537] loss=0.0144 mask=0.7136 depth=0.0144
  Epoch 10 [530/537] loss=0.0144 mask=0.7133 depth=0.0144
  Train: loss=0.0172 mask=0.7138 depth=0.0172 time=452.9s
  Val epoch 10: loss=0.1171

=== Phase2 Epoch 11/49 ===
  Epoch 11 [10/537] loss=0.0238 mask=0.6929 depth=0.0238
  Epoch 11 [20/537] loss=0.0230 mask=0.6861 depth=0.0230
  Epoch 11 [30/537] loss=0.0203 mask=0.6986 depth=0.0203
  Epoch 11 [40/537] loss=0.0175 mask=0.6672 depth=0.0175
  Epoch 11 [50/537] loss=0.0167 mask=0.6688 depth=0.0167
  Epoch 11 [60/537] loss=0.0161 mask=0.6730 depth=0.0161
  Epoch 11 [70/537] loss=0.0150 mask=0.6642 depth=0.0150
  Epoch 11 [80/537] loss=0.0144 mask=0.6630 depth=0.0144
  Epoch 11 [90/537] loss=0.0140 mask=0.6638 depth=0.0140
  Epoch 11 [100/537] loss=0.0165 mask=0.6675 depth=0.0165
  Epoch 11 [110/537] loss=0.0164 mask=0.6660 depth=0.0164
  Epoch 11 [120/537] loss=0.0161 mask=0.6685 depth=0.0161
  Epoch 11 [130/537] loss=0.0159 mask=0.6675 depth=0.0159
  Epoch 11 [140/537] loss=0.0155 mask=0.6683 depth=0.0155
  Epoch 11 [150/537] loss=0.0154 mask=0.6723 depth=0.0154
  Epoch 11 [160/537] loss=0.0149 mask=0.6718 depth=0.0149
  Epoch 11 [170/537] loss=0.0150 mask=0.6751 depth=0.0150
  Epoch 11 [180/537] loss=0.0152 mask=0.6761 depth=0.0152
  Epoch 11 [190/537] loss=0.0152 mask=0.6782 depth=0.0152
  Epoch 11 [200/537] loss=0.0151 mask=0.6794 depth=0.0151
  Epoch 11 [210/537] loss=0.0149 mask=0.6774 depth=0.0149
  Epoch 11 [220/537] loss=0.0149 mask=0.6770 depth=0.0149
  Epoch 11 [230/537] loss=0.0146 mask=0.6757 depth=0.0146
  Epoch 11 [240/537] loss=0.0145 mask=0.6751 depth=0.0145
  Epoch 11 [250/537] loss=0.0144 mask=0.6714 depth=0.0144
  Epoch 11 [260/537] loss=0.0142 mask=0.6719 depth=0.0142
  Epoch 11 [270/537] loss=0.0141 mask=0.6686 depth=0.0141
  Epoch 11 [280/537] loss=0.0140 mask=0.6704 depth=0.0140
  Epoch 11 [290/537] loss=0.0142 mask=0.6698 depth=0.0142
  Epoch 11 [300/537] loss=0.0140 mask=0.6698 depth=0.0140
  Epoch 11 [310/537] loss=0.0139 mask=0.6708 depth=0.0139
  Epoch 11 [320/537] loss=0.0138 mask=0.6716 depth=0.0138
  Epoch 11 [330/537] loss=0.0137 mask=0.6731 depth=0.0137
  Epoch 11 [340/537] loss=0.0136 mask=0.6737 depth=0.0136
  Epoch 11 [350/537] loss=0.0136 mask=0.6756 depth=0.0136
  Epoch 11 [360/537] loss=0.0135 mask=0.6763 depth=0.0135
  Epoch 11 [370/537] loss=0.0136 mask=0.6749 depth=0.0136
  Epoch 11 [380/537] loss=0.0134 mask=0.6761 depth=0.0134
  Epoch 11 [390/537] loss=0.0134 mask=0.6772 depth=0.0134
  Epoch 11 [400/537] loss=0.0134 mask=0.6787 depth=0.0134
  Epoch 11 [410/537] loss=0.0133 mask=0.6799 depth=0.0133
  Epoch 11 [420/537] loss=0.0132 mask=0.6802 depth=0.0132
  Epoch 11 [430/537] loss=0.0133 mask=0.6809 depth=0.0133
  Epoch 11 [440/537] loss=0.0134 mask=0.6815 depth=0.0134
  Epoch 11 [450/537] loss=0.0133 mask=0.6829 depth=0.0133
  Epoch 11 [460/537] loss=0.0134 mask=0.6843 depth=0.0134
  Epoch 11 [470/537] loss=0.0135 mask=0.6853 depth=0.0135
  Epoch 11 [480/537] loss=0.0135 mask=0.6861 depth=0.0135
  Epoch 11 [490/537] loss=0.0135 mask=0.6856 depth=0.0135
  Epoch 11 [500/537] loss=0.0134 mask=0.6865 depth=0.0134
  Epoch 11 [510/537] loss=0.0133 mask=0.6866 depth=0.0133
  Epoch 11 [520/537] loss=0.0133 mask=0.6862 depth=0.0133
  Epoch 11 [530/537] loss=0.0134 mask=0.6872 depth=0.0134
  Train: loss=0.0135 mask=0.6874 depth=0.0135 time=445.3s
  Val epoch 11: loss=0.1174

=== Phase2 Epoch 12/49 ===
  Epoch 12 [10/537] loss=0.0095 mask=0.7249 depth=0.0095
  Epoch 12 [20/537] loss=0.0087 mask=0.7428 depth=0.0087
  Epoch 12 [30/537] loss=0.0086 mask=0.7240 depth=0.0086
  Epoch 12 [40/537] loss=0.0106 mask=0.7110 depth=0.0106
  Epoch 12 [50/537] loss=0.0102 mask=0.7103 depth=0.0102
  Epoch 12 [60/537] loss=0.0098 mask=0.7137 depth=0.0098
  Epoch 12 [70/537] loss=0.0100 mask=0.7124 depth=0.0100
  Epoch 12 [80/537] loss=0.0098 mask=0.7123 depth=0.0098
  Epoch 12 [90/537] loss=0.0098 mask=0.7150 depth=0.0098
  Epoch 12 [100/537] loss=0.0104 mask=0.7190 depth=0.0104
  Epoch 12 [110/537] loss=0.0107 mask=0.7222 depth=0.0107
  Epoch 12 [120/537] loss=0.0107 mask=0.7234 depth=0.0107
  Epoch 12 [130/537] loss=0.0105 mask=0.7200 depth=0.0105
  Epoch 12 [140/537] loss=0.0103 mask=0.7173 depth=0.0103
  Epoch 12 [150/537] loss=0.0102 mask=0.7155 depth=0.0102
  Epoch 12 [160/537] loss=0.0103 mask=0.7165 depth=0.0103
  Epoch 12 [170/537] loss=0.0103 mask=0.7186 depth=0.0103
  Epoch 12 [180/537] loss=0.0102 mask=0.7196 depth=0.0102
  Epoch 12 [190/537] loss=0.0102 mask=0.7187 depth=0.0102
  Epoch 12 [200/537] loss=0.0102 mask=0.7161 depth=0.0102
  Epoch 12 [210/537] loss=0.0102 mask=0.7168 depth=0.0102
  Epoch 12 [220/537] loss=0.0102 mask=0.7180 depth=0.0102
  Epoch 12 [230/537] loss=0.0104 mask=0.7191 depth=0.0104
  Epoch 12 [240/537] loss=0.0104 mask=0.7178 depth=0.0104
  Epoch 12 [250/537] loss=0.0114 mask=0.7150 depth=0.0114
  Epoch 12 [260/537] loss=0.0115 mask=0.7161 depth=0.0115
  Epoch 12 [270/537] loss=0.0113 mask=0.7173 depth=0.0113
  Epoch 12 [280/537] loss=0.0115 mask=0.7181 depth=0.0115
  Epoch 12 [290/537] loss=0.0116 mask=0.7187 depth=0.0116
  Epoch 12 [300/537] loss=0.0117 mask=0.7177 depth=0.0117
  Epoch 12 [310/537] loss=0.0117 mask=0.7194 depth=0.0117
  Epoch 12 [320/537] loss=0.0115 mask=0.7203 depth=0.0115
  Epoch 12 [330/537] loss=0.0115 mask=0.7203 depth=0.0115
  Epoch 12 [340/537] loss=0.0115 mask=0.7203 depth=0.0115
  Epoch 12 [350/537] loss=0.0114 mask=0.7209 depth=0.0114
  Epoch 12 [360/537] loss=0.0114 mask=0.7208 depth=0.0114
  Epoch 12 [370/537] loss=0.0114 mask=0.7212 depth=0.0114
  Epoch 12 [380/537] loss=0.0113 mask=0.7214 depth=0.0113
  Epoch 12 [390/537] loss=0.0113 mask=0.7215 depth=0.0113
  Epoch 12 [400/537] loss=0.0113 mask=0.7228 depth=0.0113
  Epoch 12 [410/537] loss=0.0116 mask=0.7236 depth=0.0116
  Epoch 12 [420/537] loss=0.0115 mask=0.7234 depth=0.0115
  Epoch 12 [430/537] loss=0.0116 mask=0.7240 depth=0.0116
  Epoch 12 [440/537] loss=0.0115 mask=0.7235 depth=0.0115
  Epoch 12 [450/537] loss=0.0117 mask=0.7236 depth=0.0117
  Epoch 12 [460/537] loss=0.0117 mask=0.7234 depth=0.0117
  Epoch 12 [470/537] loss=0.0117 mask=0.7226 depth=0.0117
  Epoch 12 [480/537] loss=0.0118 mask=0.7225 depth=0.0118
  Epoch 12 [490/537] loss=0.0117 mask=0.7219 depth=0.0117
  Epoch 12 [500/537] loss=0.0118 mask=0.7223 depth=0.0118
  Epoch 12 [510/537] loss=0.0117 mask=0.7224 depth=0.0117
  Epoch 12 [520/537] loss=0.0117 mask=0.7218 depth=0.0117
  Epoch 12 [530/537] loss=0.0117 mask=0.7221 depth=0.0117
  Train: loss=0.0123 mask=0.7216 depth=0.0123 time=451.2s
  Val epoch 12: loss=0.1247

=== Phase2 Epoch 13/49 ===
  Epoch 13 [10/537] loss=0.0317 mask=0.7851 depth=0.0317
  Epoch 13 [20/537] loss=0.0213 mask=0.7876 depth=0.0213
  Epoch 13 [30/537] loss=0.0169 mask=0.7612 depth=0.0169
  Epoch 13 [40/537] loss=0.0146 mask=0.7538 depth=0.0146
  Epoch 13 [50/537] loss=0.0148 mask=0.7583 depth=0.0148
  Epoch 13 [60/537] loss=0.0144 mask=0.7503 depth=0.0144
  Epoch 13 [70/537] loss=0.0142 mask=0.7489 depth=0.0142
  Epoch 13 [80/537] loss=0.0138 mask=0.7503 depth=0.0138
  Epoch 13 [90/537] loss=0.0136 mask=0.7511 depth=0.0136
  Epoch 13 [100/537] loss=0.0130 mask=0.7513 depth=0.0130
  Epoch 13 [110/537] loss=0.0132 mask=0.7495 depth=0.0132
  Epoch 13 [120/537] loss=0.0127 mask=0.7442 depth=0.0127
  Epoch 13 [130/537] loss=0.0124 mask=0.7432 depth=0.0124
  Epoch 13 [140/537] loss=0.0120 mask=0.7401 depth=0.0120
  Epoch 13 [150/537] loss=0.0117 mask=0.7321 depth=0.0117
  Epoch 13 [160/537] loss=0.0117 mask=0.7282 depth=0.0117
  Epoch 13 [170/537] loss=0.0115 mask=0.7250 depth=0.0115
  Epoch 13 [180/537] loss=0.0115 mask=0.7222 depth=0.0115
  Epoch 13 [190/537] loss=0.0115 mask=0.7238 depth=0.0115
  Epoch 13 [200/537] loss=0.0116 mask=0.7250 depth=0.0116
  Epoch 13 [210/537] loss=0.0115 mask=0.7238 depth=0.0115
  Epoch 13 [220/537] loss=0.0118 mask=0.7202 depth=0.0118
  Epoch 13 [230/537] loss=0.0120 mask=0.7216 depth=0.0120
  Epoch 13 [240/537] loss=0.0120 mask=0.7207 depth=0.0120
  Epoch 13 [250/537] loss=0.0118 mask=0.7187 depth=0.0118
  Epoch 13 [260/537] loss=0.0116 mask=0.7167 depth=0.0116
  Epoch 13 [270/537] loss=0.0116 mask=0.7156 depth=0.0116
  Epoch 13 [280/537] loss=0.0115 mask=0.7145 depth=0.0115
  Epoch 13 [290/537] loss=0.0115 mask=0.7158 depth=0.0115
  Epoch 13 [300/537] loss=0.0114 mask=0.7152 depth=0.0114
  Epoch 13 [310/537] loss=0.0113 mask=0.7147 depth=0.0113
  Epoch 13 [320/537] loss=0.0113 mask=0.7146 depth=0.0113
  Epoch 13 [330/537] loss=0.0112 mask=0.7161 depth=0.0112
  Epoch 13 [340/537] loss=0.0112 mask=0.7161 depth=0.0112
  Epoch 13 [350/537] loss=0.0110 mask=0.7169 depth=0.0110
  Epoch 13 [360/537] loss=0.0110 mask=0.7163 depth=0.0110
  Epoch 13 [370/537] loss=0.0111 mask=0.7152 depth=0.0111
  Epoch 13 [380/537] loss=0.0111 mask=0.7147 depth=0.0111
  Epoch 13 [390/537] loss=0.0113 mask=0.7160 depth=0.0113
  Epoch 13 [400/537] loss=0.0112 mask=0.7159 depth=0.0112
  Epoch 13 [410/537] loss=0.0111 mask=0.7145 depth=0.0111
  Epoch 13 [420/537] loss=0.0111 mask=0.7164 depth=0.0111
  Epoch 13 [430/537] loss=0.0112 mask=0.7173 depth=0.0112
  Epoch 13 [440/537] loss=0.0112 mask=0.7174 depth=0.0112
  Epoch 13 [450/537] loss=0.0111 mask=0.7176 depth=0.0111
  Epoch 13 [460/537] loss=0.0111 mask=0.7171 depth=0.0111
  Epoch 13 [470/537] loss=0.0111 mask=0.7166 depth=0.0111
  Epoch 13 [480/537] loss=0.0110 mask=0.7169 depth=0.0110
  Epoch 13 [490/537] loss=0.0110 mask=0.7150 depth=0.0110
  Epoch 13 [500/537] loss=0.0110 mask=0.7146 depth=0.0110
  Epoch 13 [510/537] loss=0.0110 mask=0.7146 depth=0.0110
  Epoch 13 [520/537] loss=0.0110 mask=0.7143 depth=0.0110
  Epoch 13 [530/537] loss=0.0110 mask=0.7142 depth=0.0110
  Train: loss=0.0114 mask=0.7142 depth=0.0114 time=447.2s
  Val epoch 13: loss=0.1066
  Saved best phase2 model (val_loss=0.1066)

=== Phase2 Epoch 14/49 ===
  Epoch 14 [10/537] loss=0.0161 mask=0.6895 depth=0.0161
  Epoch 14 [20/537] loss=0.0125 mask=0.6915 depth=0.0125
  Epoch 14 [30/537] loss=0.0113 mask=0.6791 depth=0.0113
  Epoch 14 [40/537] loss=0.0108 mask=0.6850 depth=0.0108
  Epoch 14 [50/537] loss=0.0102 mask=0.6781 depth=0.0102
  Epoch 14 [60/537] loss=0.0103 mask=0.6771 depth=0.0103
  Epoch 14 [70/537] loss=0.0102 mask=0.6703 depth=0.0102
  Epoch 14 [80/537] loss=0.0101 mask=0.6685 depth=0.0101
  Epoch 14 [90/537] loss=0.0101 mask=0.6741 depth=0.0101
  Epoch 14 [100/537] loss=0.0099 mask=0.6705 depth=0.0099
  Epoch 14 [110/537] loss=0.0100 mask=0.6749 depth=0.0100
  Epoch 14 [120/537] loss=0.0102 mask=0.6740 depth=0.0102
  Epoch 14 [130/537] loss=0.0102 mask=0.6739 depth=0.0102
  Epoch 14 [140/537] loss=0.0100 mask=0.6752 depth=0.0100
  Epoch 14 [150/537] loss=0.0098 mask=0.6798 depth=0.0098
  Epoch 14 [160/537] loss=0.0097 mask=0.6818 depth=0.0097
  Epoch 14 [170/537] loss=0.0096 mask=0.6825 depth=0.0096
  Epoch 14 [180/537] loss=0.0095 mask=0.6856 depth=0.0095
  Epoch 14 [190/537] loss=0.0096 mask=0.6870 depth=0.0096
  Epoch 14 [200/537] loss=0.0098 mask=0.6891 depth=0.0098
  Epoch 14 [210/537] loss=0.0098 mask=0.6909 depth=0.0098
  Epoch 14 [220/537] loss=0.0098 mask=0.6941 depth=0.0098
  Epoch 14 [230/537] loss=0.0097 mask=0.6947 depth=0.0097
  Epoch 14 [240/537] loss=0.0096 mask=0.6978 depth=0.0096
  Epoch 14 [250/537] loss=0.0097 mask=0.6980 depth=0.0097
  Epoch 14 [260/537] loss=0.0096 mask=0.6967 depth=0.0096
  Epoch 14 [270/537] loss=0.0095 mask=0.6976 depth=0.0095
  Epoch 14 [280/537] loss=0.0096 mask=0.6991 depth=0.0096
  Epoch 14 [290/537] loss=0.0096 mask=0.6992 depth=0.0096
  Epoch 14 [300/537] loss=0.0097 mask=0.7006 depth=0.0097
  Epoch 14 [310/537] loss=0.0099 mask=0.7013 depth=0.0099
  Epoch 14 [320/537] loss=0.0099 mask=0.7029 depth=0.0099
  Epoch 14 [330/537] loss=0.0099 mask=0.7032 depth=0.0099
  Epoch 14 [340/537] loss=0.0099 mask=0.7039 depth=0.0099
  Epoch 14 [350/537] loss=0.0100 mask=0.7046 depth=0.0100
  Epoch 14 [360/537] loss=0.0100 mask=0.7046 depth=0.0100
  Epoch 14 [370/537] loss=0.0099 mask=0.7065 depth=0.0099
  Epoch 14 [380/537] loss=0.0099 mask=0.7073 depth=0.0099
  Epoch 14 [390/537] loss=0.0098 mask=0.7078 depth=0.0098
  Epoch 14 [400/537] loss=0.0098 mask=0.7077 depth=0.0098
  Epoch 14 [410/537] loss=0.0098 mask=0.7066 depth=0.0098
  Epoch 14 [420/537] loss=0.0098 mask=0.7083 depth=0.0098
  Epoch 14 [430/537] loss=0.0098 mask=0.7084 depth=0.0098
  Epoch 14 [440/537] loss=0.0103 mask=0.7083 depth=0.0103
  Epoch 14 [450/537] loss=0.0104 mask=0.7091 depth=0.0104
  Epoch 14 [460/537] loss=0.0103 mask=0.7093 depth=0.0103
  Epoch 14 [470/537] loss=0.0103 mask=0.7095 depth=0.0103
  Epoch 14 [480/537] loss=0.0102 mask=0.7089 depth=0.0102
  Epoch 14 [490/537] loss=0.0102 mask=0.7070 depth=0.0102
  Epoch 14 [500/537] loss=0.0101 mask=0.7059 depth=0.0101
  Epoch 14 [510/537] loss=0.0100 mask=0.7059 depth=0.0100
  Epoch 14 [520/537] loss=0.0100 mask=0.7057 depth=0.0100
  Epoch 14 [530/537] loss=0.0099 mask=0.7057 depth=0.0099
  Train: loss=0.0106 mask=0.7047 depth=0.0106 time=452.2s
  Val epoch 14: loss=0.1079

=== Phase2 Epoch 15/49 ===
  Epoch 15 [10/537] loss=0.0172 mask=0.7046 depth=0.0172
  Epoch 15 [20/537] loss=0.0140 mask=0.6768 depth=0.0140
  Epoch 15 [30/537] loss=0.0131 mask=0.6583 depth=0.0131
  Epoch 15 [40/537] loss=0.0122 mask=0.6494 depth=0.0122
  Epoch 15 [50/537] loss=0.0119 mask=0.6429 depth=0.0119
  Epoch 15 [60/537] loss=0.0116 mask=0.6457 depth=0.0116
  Epoch 15 [70/537] loss=0.0116 mask=0.6490 depth=0.0116
  Epoch 15 [80/537] loss=0.0114 mask=0.6561 depth=0.0114
  Epoch 15 [90/537] loss=0.0114 mask=0.6580 depth=0.0114
  Epoch 15 [100/537] loss=0.0111 mask=0.6600 depth=0.0111
  Epoch 15 [110/537] loss=0.0110 mask=0.6689 depth=0.0110
  Epoch 15 [120/537] loss=0.0108 mask=0.6749 depth=0.0108
  Epoch 15 [130/537] loss=0.0105 mask=0.6774 depth=0.0105
  Epoch 15 [140/537] loss=0.0104 mask=0.6752 depth=0.0104
  Epoch 15 [150/537] loss=0.0102 mask=0.6796 depth=0.0102
  Epoch 15 [160/537] loss=0.0100 mask=0.6809 depth=0.0100
  Epoch 15 [170/537] loss=0.0099 mask=0.6796 depth=0.0099
  Epoch 15 [180/537] loss=0.0100 mask=0.6824 depth=0.0100
  Epoch 15 [190/537] loss=0.0098 mask=0.6808 depth=0.0098
  Epoch 15 [200/537] loss=0.0098 mask=0.6802 depth=0.0098
  Epoch 15 [210/537] loss=0.0098 mask=0.6815 depth=0.0098
  Epoch 15 [220/537] loss=0.0097 mask=0.6836 depth=0.0097
  Epoch 15 [230/537] loss=0.0098 mask=0.6843 depth=0.0098
  Epoch 15 [240/537] loss=0.0098 mask=0.6837 depth=0.0098
  Epoch 15 [250/537] loss=0.0097 mask=0.6826 depth=0.0097
  Epoch 15 [260/537] loss=0.0100 mask=0.6868 depth=0.0100
  Epoch 15 [270/537] loss=0.0099 mask=0.6866 depth=0.0099
  Epoch 15 [280/537] loss=0.0098 mask=0.6874 depth=0.0098
  Epoch 15 [290/537] loss=0.0097 mask=0.6865 depth=0.0097
  Epoch 15 [300/537] loss=0.0096 mask=0.6887 depth=0.0096
  Epoch 15 [310/537] loss=0.0095 mask=0.6877 depth=0.0095
  Epoch 15 [320/537] loss=0.0100 mask=0.6888 depth=0.0100
  Epoch 15 [330/537] loss=0.0100 mask=0.6897 depth=0.0100
  Epoch 15 [340/537] loss=0.0100 mask=0.6904 depth=0.0100
  Epoch 15 [350/537] loss=0.0100 mask=0.6902 depth=0.0100
  Epoch 15 [360/537] loss=0.0100 mask=0.6897 depth=0.0100
  Epoch 15 [370/537] loss=0.0100 mask=0.6887 depth=0.0100
  Epoch 15 [380/537] loss=0.0100 mask=0.6898 depth=0.0100
  Epoch 15 [390/537] loss=0.0100 mask=0.6895 depth=0.0100
  Epoch 15 [400/537] loss=0.0101 mask=0.6896 depth=0.0101
  Epoch 15 [410/537] loss=0.0101 mask=0.6901 depth=0.0101
  Epoch 15 [420/537] loss=0.0101 mask=0.6904 depth=0.0101
  Epoch 15 [430/537] loss=0.0101 mask=0.6891 depth=0.0101
  Epoch 15 [440/537] loss=0.0101 mask=0.6897 depth=0.0101
  Epoch 15 [450/537] loss=0.0100 mask=0.6901 depth=0.0100
  Epoch 15 [460/537] loss=0.0101 mask=0.6910 depth=0.0101
  Epoch 15 [470/537] loss=0.0101 mask=0.6897 depth=0.0101
  Epoch 15 [480/537] loss=0.0100 mask=0.6895 depth=0.0100
  Epoch 15 [490/537] loss=0.0100 mask=0.6889 depth=0.0100
  Epoch 15 [500/537] loss=0.0099 mask=0.6896 depth=0.0099
  Epoch 15 [510/537] loss=0.0099 mask=0.6885 depth=0.0099
  Epoch 15 [520/537] loss=0.0099 mask=0.6895 depth=0.0099
  Epoch 15 [530/537] loss=0.0098 mask=0.6891 depth=0.0098
  Train: loss=0.0101 mask=0.6898 depth=0.0101 time=454.1s
  Val epoch 15: loss=0.1111

=== Phase2 Epoch 16/49 ===
  Epoch 16 [10/537] loss=0.0069 mask=0.6483 depth=0.0069
  Epoch 16 [20/537] loss=0.0072 mask=0.6911 depth=0.0072
  Epoch 16 [30/537] loss=0.0082 mask=0.6977 depth=0.0082
  Epoch 16 [40/537] loss=0.0080 mask=0.7017 depth=0.0080
  Epoch 16 [50/537] loss=0.0080 mask=0.7077 depth=0.0080
  Epoch 16 [60/537] loss=0.0081 mask=0.7107 depth=0.0081
  Epoch 16 [70/537] loss=0.0082 mask=0.7095 depth=0.0082
  Epoch 16 [80/537] loss=0.0081 mask=0.7115 depth=0.0081
  Epoch 16 [90/537] loss=0.0083 mask=0.7016 depth=0.0083
  Epoch 16 [100/537] loss=0.0083 mask=0.6961 depth=0.0083
  Epoch 16 [110/537] loss=0.0082 mask=0.6989 depth=0.0082
  Epoch 16 [120/537] loss=0.0082 mask=0.6990 depth=0.0082
  Epoch 16 [130/537] loss=0.0083 mask=0.7010 depth=0.0083
  Epoch 16 [140/537] loss=0.0082 mask=0.7051 depth=0.0082
  Epoch 16 [150/537] loss=0.0081 mask=0.7020 depth=0.0081
  Epoch 16 [160/537] loss=0.0080 mask=0.7060 depth=0.0080
  Epoch 16 [170/537] loss=0.0078 mask=0.7079 depth=0.0078
  Epoch 16 [180/537] loss=0.0078 mask=0.7101 depth=0.0078
  Epoch 16 [190/537] loss=0.0077 mask=0.7120 depth=0.0077
  Epoch 16 [200/537] loss=0.0078 mask=0.7115 depth=0.0078
  Epoch 16 [210/537] loss=0.0076 mask=0.7107 depth=0.0076
  Epoch 16 [220/537] loss=0.0077 mask=0.7119 depth=0.0077
  Epoch 16 [230/537] loss=0.0076 mask=0.7091 depth=0.0076
  Epoch 16 [240/537] loss=0.0076 mask=0.7090 depth=0.0076
  Epoch 16 [250/537] loss=0.0075 mask=0.7082 depth=0.0075
  Epoch 16 [260/537] loss=0.0076 mask=0.7100 depth=0.0076
  Epoch 16 [270/537] loss=0.0075 mask=0.7125 depth=0.0075
  Epoch 16 [280/537] loss=0.0076 mask=0.7130 depth=0.0076
  Epoch 16 [290/537] loss=0.0076 mask=0.7121 depth=0.0076
  Epoch 16 [300/537] loss=0.0076 mask=0.7103 depth=0.0076
  Epoch 16 [310/537] loss=0.0076 mask=0.7096 depth=0.0076
  Epoch 16 [320/537] loss=0.0078 mask=0.7112 depth=0.0078
  Epoch 16 [330/537] loss=0.0078 mask=0.7109 depth=0.0078
  Epoch 16 [340/537] loss=0.0083 mask=0.7110 depth=0.0083
  Epoch 16 [350/537] loss=0.0083 mask=0.7115 depth=0.0083
  Epoch 16 [360/537] loss=0.0083 mask=0.7120 depth=0.0083
  Epoch 16 [370/537] loss=0.0082 mask=0.7126 depth=0.0082
  Epoch 16 [380/537] loss=0.0082 mask=0.7133 depth=0.0082
  Epoch 16 [390/537] loss=0.0082 mask=0.7131 depth=0.0082
  Epoch 16 [400/537] loss=0.0083 mask=0.7133 depth=0.0083
  Epoch 16 [410/537] loss=0.0082 mask=0.7134 depth=0.0082
  Epoch 16 [420/537] loss=0.0082 mask=0.7120 depth=0.0082
  Epoch 16 [430/537] loss=0.0082 mask=0.7130 depth=0.0082
  Epoch 16 [440/537] loss=0.0083 mask=0.7127 depth=0.0083
  Epoch 16 [450/537] loss=0.0083 mask=0.7134 depth=0.0083
  Epoch 16 [460/537] loss=0.0083 mask=0.7122 depth=0.0083
  Epoch 16 [470/537] loss=0.0083 mask=0.7118 depth=0.0083
  Epoch 16 [480/537] loss=0.0083 mask=0.7111 depth=0.0083
  Epoch 16 [490/537] loss=0.0083 mask=0.7095 depth=0.0083
  Epoch 16 [500/537] loss=0.0084 mask=0.7076 depth=0.0084
  Epoch 16 [510/537] loss=0.0083 mask=0.7072 depth=0.0083
  Epoch 16 [520/537] loss=0.0083 mask=0.7054 depth=0.0083
  Epoch 16 [530/537] loss=0.0083 mask=0.7039 depth=0.0083
  Train: loss=0.0089 mask=0.7048 depth=0.0089 time=446.6s
  Val epoch 16: loss=0.1060
  Saved best phase2 model (val_loss=0.1060)

=== Phase2 Epoch 17/49 ===
  Epoch 17 [10/537] loss=0.0146 mask=0.5812 depth=0.0146
  Epoch 17 [20/537] loss=0.0118 mask=0.6149 depth=0.0118
  Epoch 17 [30/537] loss=0.0129 mask=0.6334 depth=0.0129
  Epoch 17 [40/537] loss=0.0121 mask=0.6403 depth=0.0121
  Epoch 17 [50/537] loss=0.0116 mask=0.6342 depth=0.0116
  Epoch 17 [60/537] loss=0.0113 mask=0.6421 depth=0.0113
  Epoch 17 [70/537] loss=0.0111 mask=0.6360 depth=0.0111
  Epoch 17 [80/537] loss=0.0107 mask=0.6452 depth=0.0107
  Epoch 17 [90/537] loss=0.0107 mask=0.6537 depth=0.0107
  Epoch 17 [100/537] loss=0.0105 mask=0.6506 depth=0.0105
  Epoch 17 [110/537] loss=0.0101 mask=0.6489 depth=0.0101
  Epoch 17 [120/537] loss=0.0099 mask=0.6468 depth=0.0099
  Epoch 17 [130/537] loss=0.0097 mask=0.6499 depth=0.0097
  Epoch 17 [140/537] loss=0.0097 mask=0.6511 depth=0.0097
  Epoch 17 [150/537] loss=0.0095 mask=0.6501 depth=0.0095
  Epoch 17 [160/537] loss=0.0093 mask=0.6523 depth=0.0093
  Epoch 17 [170/537] loss=0.0092 mask=0.6555 depth=0.0092
  Epoch 17 [180/537] loss=0.0089 mask=0.6559 depth=0.0089
  Epoch 17 [190/537] loss=0.0090 mask=0.6510 depth=0.0090
  Epoch 17 [200/537] loss=0.0089 mask=0.6509 depth=0.0089
  Epoch 17 [210/537] loss=0.0090 mask=0.6512 depth=0.0090
  Epoch 17 [220/537] loss=0.0088 mask=0.6521 depth=0.0088
  Epoch 17 [230/537] loss=0.0088 mask=0.6527 depth=0.0088
  Epoch 17 [240/537] loss=0.0087 mask=0.6528 depth=0.0087
  Epoch 17 [250/537] loss=0.0088 mask=0.6571 depth=0.0088
  Epoch 17 [260/537] loss=0.0087 mask=0.6568 depth=0.0087
  Epoch 17 [270/537] loss=0.0087 mask=0.6548 depth=0.0087
  Epoch 17 [280/537] loss=0.0086 mask=0.6567 depth=0.0086
  Epoch 17 [290/537] loss=0.0086 mask=0.6569 depth=0.0086
  Epoch 17 [300/537] loss=0.0086 mask=0.6592 depth=0.0086
  Epoch 17 [310/537] loss=0.0085 mask=0.6590 depth=0.0085
  Epoch 17 [320/537] loss=0.0085 mask=0.6594 depth=0.0085
  Epoch 17 [330/537] loss=0.0084 mask=0.6597 depth=0.0084
  Epoch 17 [340/537] loss=0.0084 mask=0.6606 depth=0.0084
  Epoch 17 [350/537] loss=0.0083 mask=0.6621 depth=0.0083
  Epoch 17 [360/537] loss=0.0082 mask=0.6618 depth=0.0082
  Epoch 17 [370/537] loss=0.0082 mask=0.6634 depth=0.0082
  Epoch 17 [380/537] loss=0.0082 mask=0.6643 depth=0.0082
  Epoch 17 [390/537] loss=0.0082 mask=0.6659 depth=0.0082
  Epoch 17 [400/537] loss=0.0082 mask=0.6652 depth=0.0082
  Epoch 17 [410/537] loss=0.0081 mask=0.6651 depth=0.0081
  Epoch 17 [420/537] loss=0.0081 mask=0.6637 depth=0.0081
  Epoch 17 [430/537] loss=0.0080 mask=0.6634 depth=0.0080
  Epoch 17 [440/537] loss=0.0081 mask=0.6639 depth=0.0081
  Epoch 17 [450/537] loss=0.0080 mask=0.6625 depth=0.0080
  Epoch 17 [460/537] loss=0.0081 mask=0.6618 depth=0.0081
  Epoch 17 [470/537] loss=0.0081 mask=0.6617 depth=0.0081
  Epoch 17 [480/537] loss=0.0081 mask=0.6620 depth=0.0081
  Epoch 17 [490/537] loss=0.0081 mask=0.6617 depth=0.0081
  Epoch 17 [500/537] loss=0.0081 mask=0.6620 depth=0.0081
  Epoch 17 [510/537] loss=0.0081 mask=0.6622 depth=0.0081
  Epoch 17 [520/537] loss=0.0081 mask=0.6618 depth=0.0081
  Epoch 17 [530/537] loss=0.0083 mask=0.6629 depth=0.0083
  Train: loss=0.0085 mask=0.6634 depth=0.0085 time=449.4s
  Val epoch 17: loss=0.1346

=== Phase2 Epoch 18/49 ===
  Epoch 18 [10/537] loss=0.0124 mask=0.6525 depth=0.0124
  Epoch 18 [20/537] loss=0.0140 mask=0.6581 depth=0.0140
  Epoch 18 [30/537] loss=0.0119 mask=0.6367 depth=0.0119
  Epoch 18 [40/537] loss=0.0117 mask=0.6297 depth=0.0117
  Epoch 18 [50/537] loss=0.0110 mask=0.6312 depth=0.0110
  Epoch 18 [60/537] loss=0.0102 mask=0.6245 depth=0.0102
  Epoch 18 [70/537] loss=0.0098 mask=0.6191 depth=0.0098
  Epoch 18 [80/537] loss=0.0096 mask=0.6212 depth=0.0096
  Epoch 18 [90/537] loss=0.0095 mask=0.6280 depth=0.0095
  Epoch 18 [100/537] loss=0.0092 mask=0.6320 depth=0.0092
  Epoch 18 [110/537] loss=0.0090 mask=0.6312 depth=0.0090
  Epoch 18 [120/537] loss=0.0089 mask=0.6347 depth=0.0089
  Epoch 18 [130/537] loss=0.0087 mask=0.6369 depth=0.0087
  Epoch 18 [140/537] loss=0.0084 mask=0.6395 depth=0.0084
  Epoch 18 [150/537] loss=0.0084 mask=0.6390 depth=0.0084
  Epoch 18 [160/537] loss=0.0085 mask=0.6412 depth=0.0085
  Epoch 18 [170/537] loss=0.0084 mask=0.6393 depth=0.0084
  Epoch 18 [180/537] loss=0.0083 mask=0.6444 depth=0.0083
  Epoch 18 [190/537] loss=0.0082 mask=0.6424 depth=0.0082
  Epoch 18 [200/537] loss=0.0081 mask=0.6458 depth=0.0081
  Epoch 18 [210/537] loss=0.0079 mask=0.6491 depth=0.0079
  Epoch 18 [220/537] loss=0.0079 mask=0.6526 depth=0.0079
  Epoch 18 [230/537] loss=0.0079 mask=0.6513 depth=0.0079
  Epoch 18 [240/537] loss=0.0080 mask=0.6511 depth=0.0080
  Epoch 18 [250/537] loss=0.0079 mask=0.6504 depth=0.0079
  Epoch 18 [260/537] loss=0.0079 mask=0.6495 depth=0.0079
  Epoch 18 [270/537] loss=0.0079 mask=0.6479 depth=0.0079
  Epoch 18 [280/537] loss=0.0078 mask=0.6476 depth=0.0078
  Epoch 18 [290/537] loss=0.0078 mask=0.6474 depth=0.0078
  Epoch 18 [300/537] loss=0.0077 mask=0.6475 depth=0.0077
  Epoch 18 [310/537] loss=0.0077 mask=0.6446 depth=0.0077
  Epoch 18 [320/537] loss=0.0076 mask=0.6454 depth=0.0076
  Epoch 18 [330/537] loss=0.0076 mask=0.6438 depth=0.0076
  Epoch 18 [340/537] loss=0.0076 mask=0.6442 depth=0.0076
  Epoch 18 [350/537] loss=0.0076 mask=0.6449 depth=0.0076
  Epoch 18 [360/537] loss=0.0076 mask=0.6447 depth=0.0076
  Epoch 18 [370/537] loss=0.0076 mask=0.6452 depth=0.0076
  Epoch 18 [380/537] loss=0.0075 mask=0.6463 depth=0.0075
  Epoch 18 [390/537] loss=0.0075 mask=0.6470 depth=0.0075
  Epoch 18 [400/537] loss=0.0075 mask=0.6473 depth=0.0075
  Epoch 18 [410/537] loss=0.0075 mask=0.6463 depth=0.0075
  Epoch 18 [420/537] loss=0.0074 mask=0.6466 depth=0.0074
  Epoch 18 [430/537] loss=0.0074 mask=0.6475 depth=0.0074
  Epoch 18 [440/537] loss=0.0074 mask=0.6466 depth=0.0074
  Epoch 18 [450/537] loss=0.0074 mask=0.6473 depth=0.0074
  Epoch 18 [460/537] loss=0.0073 mask=0.6487 depth=0.0073
  Epoch 18 [470/537] loss=0.0073 mask=0.6471 depth=0.0073
  Epoch 18 [480/537] loss=0.0073 mask=0.6437 depth=0.0073
  Epoch 18 [490/537] loss=0.0072 mask=0.6440 depth=0.0072
  Epoch 18 [500/537] loss=0.0072 mask=0.6436 depth=0.0072
  Epoch 18 [510/537] loss=0.0073 mask=0.6449 depth=0.0073
  Epoch 18 [520/537] loss=0.0072 mask=0.6451 depth=0.0072
  Epoch 18 [530/537] loss=0.0072 mask=0.6454 depth=0.0072
  Train: loss=0.0076 mask=0.6470 depth=0.0076 time=453.1s
  Val epoch 18: loss=0.1108

=== Phase2 Epoch 19/49 ===
  Epoch 19 [10/537] loss=0.0085 mask=0.6706 depth=0.0085
  Epoch 19 [20/537] loss=0.0068 mask=0.6601 depth=0.0068
  Epoch 19 [30/537] loss=0.0070 mask=0.6640 depth=0.0070
  Epoch 19 [40/537] loss=0.0066 mask=0.6468 depth=0.0066
  Epoch 19 [50/537] loss=0.0067 mask=0.6494 depth=0.0067
  Epoch 19 [60/537] loss=0.0066 mask=0.6382 depth=0.0066
  Epoch 19 [70/537] loss=0.0067 mask=0.6384 depth=0.0067
  Epoch 19 [80/537] loss=0.0067 mask=0.6411 depth=0.0067
  Epoch 19 [90/537] loss=0.0065 mask=0.6352 depth=0.0065
  Epoch 19 [100/537] loss=0.0065 mask=0.6357 depth=0.0065
  Epoch 19 [110/537] loss=0.0065 mask=0.6358 depth=0.0065
  Epoch 19 [120/537] loss=0.0065 mask=0.6382 depth=0.0065
  Epoch 19 [130/537] loss=0.0064 mask=0.6446 depth=0.0064
  Epoch 19 [140/537] loss=0.0064 mask=0.6426 depth=0.0064
  Epoch 19 [150/537] loss=0.0064 mask=0.6467 depth=0.0064
  Epoch 19 [160/537] loss=0.0065 mask=0.6459 depth=0.0065
  Epoch 19 [170/537] loss=0.0064 mask=0.6487 depth=0.0064
  Epoch 19 [180/537] loss=0.0063 mask=0.6452 depth=0.0063
  Epoch 19 [190/537] loss=0.0064 mask=0.6391 depth=0.0064
  Epoch 19 [200/537] loss=0.0067 mask=0.6388 depth=0.0067
  Epoch 19 [210/537] loss=0.0067 mask=0.6380 depth=0.0067
  Epoch 19 [220/537] loss=0.0068 mask=0.6391 depth=0.0068
  Epoch 19 [230/537] loss=0.0067 mask=0.6379 depth=0.0067
  Epoch 19 [240/537] loss=0.0067 mask=0.6367 depth=0.0067
  Epoch 19 [250/537] loss=0.0068 mask=0.6369 depth=0.0068
  Epoch 19 [260/537] loss=0.0068 mask=0.6378 depth=0.0068
  Epoch 19 [270/537] loss=0.0069 mask=0.6365 depth=0.0069
  Epoch 19 [280/537] loss=0.0069 mask=0.6359 depth=0.0069
  Epoch 19 [290/537] loss=0.0070 mask=0.6360 depth=0.0070
  Epoch 19 [300/537] loss=0.0071 mask=0.6353 depth=0.0071
  Epoch 19 [310/537] loss=0.0072 mask=0.6353 depth=0.0072
  Epoch 19 [320/537] loss=0.0072 mask=0.6355 depth=0.0072
  Epoch 19 [330/537] loss=0.0072 mask=0.6358 depth=0.0072
  Epoch 19 [340/537] loss=0.0071 mask=0.6389 depth=0.0071
  Epoch 19 [350/537] loss=0.0071 mask=0.6388 depth=0.0071
  Epoch 19 [360/537] loss=0.0070 mask=0.6403 depth=0.0070
  Epoch 19 [370/537] loss=0.0070 mask=0.6413 depth=0.0070
  Epoch 19 [380/537] loss=0.0070 mask=0.6434 depth=0.0070
  Epoch 19 [390/537] loss=0.0069 mask=0.6438 depth=0.0069
  Epoch 19 [400/537] loss=0.0069 mask=0.6449 depth=0.0069
  Epoch 19 [410/537] loss=0.0069 mask=0.6453 depth=0.0069
  Epoch 19 [420/537] loss=0.0068 mask=0.6457 depth=0.0068
  Epoch 19 [430/537] loss=0.0068 mask=0.6468 depth=0.0068
  Epoch 19 [440/537] loss=0.0068 mask=0.6468 depth=0.0068
  Epoch 19 [450/537] loss=0.0068 mask=0.6478 depth=0.0068
  Epoch 19 [460/537] loss=0.0069 mask=0.6476 depth=0.0069
  Epoch 19 [470/537] loss=0.0069 mask=0.6482 depth=0.0069
  Epoch 19 [480/537] loss=0.0070 mask=0.6494 depth=0.0070
  Epoch 19 [490/537] loss=0.0070 mask=0.6512 depth=0.0070
  Epoch 19 [500/537] loss=0.0070 mask=0.6521 depth=0.0070
  Epoch 19 [510/537] loss=0.0070 mask=0.6529 depth=0.0070
  Epoch 19 [520/537] loss=0.0070 mask=0.6540 depth=0.0070
  Epoch 19 [530/537] loss=0.0070 mask=0.6549 depth=0.0070
  Train: loss=0.0090 mask=0.6544 depth=0.0090 time=457.2s
  Val epoch 19: loss=0.1141

=== Phase2 Epoch 20/49 ===
  Epoch 20 [10/537] loss=0.0088 mask=0.7065 depth=0.0088
  Epoch 20 [20/537] loss=0.0090 mask=0.6750 depth=0.0090
  Epoch 20 [30/537] loss=0.0089 mask=0.6684 depth=0.0089
  Epoch 20 [40/537] loss=0.0085 mask=0.6520 depth=0.0085
  Epoch 20 [50/537] loss=0.0084 mask=0.6530 depth=0.0084
  Epoch 20 [60/537] loss=0.0082 mask=0.6549 depth=0.0082
  Epoch 20 [70/537] loss=0.0077 mask=0.6505 depth=0.0077
  Epoch 20 [80/537] loss=0.0080 mask=0.6471 depth=0.0080
  Epoch 20 [90/537] loss=0.0079 mask=0.6439 depth=0.0079
  Epoch 20 [100/537] loss=0.0076 mask=0.6426 depth=0.0076
  Epoch 20 [110/537] loss=0.0074 mask=0.6452 depth=0.0074
  Epoch 20 [120/537] loss=0.0073 mask=0.6474 depth=0.0073
  Epoch 20 [130/537] loss=0.0073 mask=0.6483 depth=0.0073
  Epoch 20 [140/537] loss=0.0072 mask=0.6521 depth=0.0072
  Epoch 20 [150/537] loss=0.0072 mask=0.6494 depth=0.0072
  Epoch 20 [160/537] loss=0.0072 mask=0.6494 depth=0.0072
  Epoch 20 [170/537] loss=0.0072 mask=0.6497 depth=0.0072
  Epoch 20 [180/537] loss=0.0071 mask=0.6482 depth=0.0071
  Epoch 20 [190/537] loss=0.0071 mask=0.6487 depth=0.0071
  Epoch 20 [200/537] loss=0.0070 mask=0.6494 depth=0.0070
  Epoch 20 [210/537] loss=0.0070 mask=0.6502 depth=0.0070
  Epoch 20 [220/537] loss=0.0070 mask=0.6513 depth=0.0070
  Epoch 20 [230/537] loss=0.0069 mask=0.6520 depth=0.0069
  Epoch 20 [240/537] loss=0.0070 mask=0.6560 depth=0.0070
  Epoch 20 [250/537] loss=0.0069 mask=0.6587 depth=0.0069
  Epoch 20 [260/537] loss=0.0068 mask=0.6618 depth=0.0068
  Epoch 20 [270/537] loss=0.0068 mask=0.6622 depth=0.0068
  Epoch 20 [280/537] loss=0.0067 mask=0.6632 depth=0.0067
  Epoch 20 [290/537] loss=0.0067 mask=0.6600 depth=0.0067
  Epoch 20 [300/537] loss=0.0066 mask=0.6614 depth=0.0066
  Epoch 20 [310/537] loss=0.0066 mask=0.6625 depth=0.0066
  Epoch 20 [320/537] loss=0.0068 mask=0.6636 depth=0.0068
  Epoch 20 [330/537] loss=0.0067 mask=0.6646 depth=0.0067
  Epoch 20 [340/537] loss=0.0067 mask=0.6657 depth=0.0067
  Epoch 20 [350/537] loss=0.0066 mask=0.6657 depth=0.0066
  Epoch 20 [360/537] loss=0.0066 mask=0.6643 depth=0.0066
  Epoch 20 [370/537] loss=0.0065 mask=0.6660 depth=0.0065
  Epoch 20 [380/537] loss=0.0065 mask=0.6650 depth=0.0065
  Epoch 20 [390/537] loss=0.0065 mask=0.6656 depth=0.0065
  Epoch 20 [400/537] loss=0.0065 mask=0.6651 depth=0.0065
  Epoch 20 [410/537] loss=0.0065 mask=0.6641 depth=0.0065
  Epoch 20 [420/537] loss=0.0065 mask=0.6626 depth=0.0065
  Epoch 20 [430/537] loss=0.0065 mask=0.6620 depth=0.0065
  Epoch 20 [440/537] loss=0.0064 mask=0.6607 depth=0.0064
  Epoch 20 [450/537] loss=0.0064 mask=0.6603 depth=0.0064
  Epoch 20 [460/537] loss=0.0064 mask=0.6602 depth=0.0064
  Epoch 20 [470/537] loss=0.0064 mask=0.6593 depth=0.0064
  Epoch 20 [480/537] loss=0.0063 mask=0.6582 depth=0.0063
  Epoch 20 [490/537] loss=0.0063 mask=0.6580 depth=0.0063
  Epoch 20 [500/537] loss=0.0063 mask=0.6576 depth=0.0063
  Epoch 20 [510/537] loss=0.0062 mask=0.6577 depth=0.0062
  Epoch 20 [520/537] loss=0.0062 mask=0.6577 depth=0.0062
  Epoch 20 [530/537] loss=0.0062 mask=0.6588 depth=0.0062
  Train: loss=0.0071 mask=0.6576 depth=0.0071 time=461.2s
  Val epoch 20: loss=0.1170

=== Phase2 Epoch 21/49 ===
  Epoch 21 [10/537] loss=0.0044 mask=0.6503 depth=0.0044
  Epoch 21 [20/537] loss=0.0067 mask=0.6544 depth=0.0067
  Epoch 21 [30/537] loss=0.0064 mask=0.6698 depth=0.0064
  Epoch 21 [40/537] loss=0.0061 mask=0.6577 depth=0.0061
  Epoch 21 [50/537] loss=0.0056 mask=0.6706 depth=0.0056
  Epoch 21 [60/537] loss=0.0052 mask=0.6670 depth=0.0052
  Epoch 21 [70/537] loss=0.0052 mask=0.6677 depth=0.0052
  Epoch 21 [80/537] loss=0.0051 mask=0.6648 depth=0.0051
  Epoch 21 [90/537] loss=0.0055 mask=0.6677 depth=0.0055
  Epoch 21 [100/537] loss=0.0054 mask=0.6732 depth=0.0054
  Epoch 21 [110/537] loss=0.0054 mask=0.6709 depth=0.0054
  Epoch 21 [120/537] loss=0.0054 mask=0.6761 depth=0.0054
  Epoch 21 [130/537] loss=0.0054 mask=0.6737 depth=0.0054
  Epoch 21 [140/537] loss=0.0054 mask=0.6677 depth=0.0054
  Epoch 21 [150/537] loss=0.0054 mask=0.6681 depth=0.0054
  Epoch 21 [160/537] loss=0.0054 mask=0.6636 depth=0.0054
  Epoch 21 [170/537] loss=0.0054 mask=0.6600 depth=0.0054
  Epoch 21 [180/537] loss=0.0053 mask=0.6597 depth=0.0053
  Epoch 21 [190/537] loss=0.0053 mask=0.6614 depth=0.0053
  Epoch 21 [200/537] loss=0.0053 mask=0.6612 depth=0.0053
  Epoch 21 [210/537] loss=0.0053 mask=0.6619 depth=0.0053
  Epoch 21 [220/537] loss=0.0053 mask=0.6637 depth=0.0053
  Epoch 21 [230/537] loss=0.0053 mask=0.6645 depth=0.0053
  Epoch 21 [240/537] loss=0.0054 mask=0.6628 depth=0.0054
  Epoch 21 [250/537] loss=0.0054 mask=0.6635 depth=0.0054
  Epoch 21 [260/537] loss=0.0054 mask=0.6623 depth=0.0054
  Epoch 21 [270/537] loss=0.0053 mask=0.6664 depth=0.0053
  Epoch 21 [280/537] loss=0.0053 mask=0.6644 depth=0.0053
  Epoch 21 [290/537] loss=0.0053 mask=0.6648 depth=0.0053
  Epoch 21 [300/537] loss=0.0053 mask=0.6638 depth=0.0053
  Epoch 21 [310/537] loss=0.0053 mask=0.6654 depth=0.0053
  Epoch 21 [320/537] loss=0.0053 mask=0.6651 depth=0.0053
  Epoch 21 [330/537] loss=0.0053 mask=0.6640 depth=0.0053
  Epoch 21 [340/537] loss=0.0053 mask=0.6638 depth=0.0053
  Epoch 21 [350/537] loss=0.0053 mask=0.6639 depth=0.0053
  Epoch 21 [360/537] loss=0.0052 mask=0.6629 depth=0.0052
  Epoch 21 [370/537] loss=0.0052 mask=0.6630 depth=0.0052
  Epoch 21 [380/537] loss=0.0052 mask=0.6630 depth=0.0052
  Epoch 21 [390/537] loss=0.0052 mask=0.6634 depth=0.0052
  Epoch 21 [400/537] loss=0.0051 mask=0.6643 depth=0.0051
  Epoch 21 [410/537] loss=0.0051 mask=0.6636 depth=0.0051
  Epoch 21 [420/537] loss=0.0051 mask=0.6638 depth=0.0051
  Epoch 21 [430/537] loss=0.0051 mask=0.6629 depth=0.0051
  Epoch 21 [440/537] loss=0.0052 mask=0.6623 depth=0.0052
  Epoch 21 [450/537] loss=0.0053 mask=0.6626 depth=0.0053
  Epoch 21 [460/537] loss=0.0053 mask=0.6623 depth=0.0053
  Epoch 21 [470/537] loss=0.0053 mask=0.6607 depth=0.0053
  Epoch 21 [480/537] loss=0.0053 mask=0.6604 depth=0.0053
  Epoch 21 [490/537] loss=0.0054 mask=0.6608 depth=0.0054
  Epoch 21 [500/537] loss=0.0053 mask=0.6601 depth=0.0053
  Epoch 21 [510/537] loss=0.0053 mask=0.6605 depth=0.0053
  Epoch 21 [520/537] loss=0.0053 mask=0.6613 depth=0.0053
  Epoch 21 [530/537] loss=0.0053 mask=0.6607 depth=0.0053
  Train: loss=0.0054 mask=0.6606 depth=0.0054 time=446.9s
  Val epoch 21: loss=0.1147

=== Phase2 Epoch 22/49 ===
  Epoch 22 [10/537] loss=0.0038 mask=0.6258 depth=0.0038
  Epoch 22 [20/537] loss=0.0043 mask=0.6345 depth=0.0043
  Epoch 22 [30/537] loss=0.0040 mask=0.6517 depth=0.0040
  Epoch 22 [40/537] loss=0.0042 mask=0.6553 depth=0.0042
  Epoch 22 [50/537] loss=0.0043 mask=0.6541 depth=0.0043
  Epoch 22 [60/537] loss=0.0043 mask=0.6539 depth=0.0043
  Epoch 22 [70/537] loss=0.0043 mask=0.6461 depth=0.0043
  Epoch 22 [80/537] loss=0.0044 mask=0.6458 depth=0.0044
  Epoch 22 [90/537] loss=0.0044 mask=0.6445 depth=0.0044
  Epoch 22 [100/537] loss=0.0044 mask=0.6489 depth=0.0044
  Epoch 22 [110/537] loss=0.0045 mask=0.6548 depth=0.0045
  Epoch 22 [120/537] loss=0.0045 mask=0.6500 depth=0.0045
  Epoch 22 [130/537] loss=0.0044 mask=0.6517 depth=0.0044
  Epoch 22 [140/537] loss=0.0044 mask=0.6477 depth=0.0044
  Epoch 22 [150/537] loss=0.0043 mask=0.6375 depth=0.0043
  Epoch 22 [160/537] loss=0.0044 mask=0.6345 depth=0.0044
  Epoch 22 [170/537] loss=0.0044 mask=0.6373 depth=0.0044
  Epoch 22 [180/537] loss=0.0044 mask=0.6354 depth=0.0044
  Epoch 22 [190/537] loss=0.0046 mask=0.6357 depth=0.0046
  Epoch 22 [200/537] loss=0.0046 mask=0.6371 depth=0.0046
  Epoch 22 [210/537] loss=0.0048 mask=0.6383 depth=0.0048
  Epoch 22 [220/537] loss=0.0049 mask=0.6403 depth=0.0049
  Epoch 22 [230/537] loss=0.0049 mask=0.6420 depth=0.0049
  Epoch 22 [240/537] loss=0.0049 mask=0.6423 depth=0.0049
  Epoch 22 [250/537] loss=0.0048 mask=0.6437 depth=0.0048
  Epoch 22 [260/537] loss=0.0048 mask=0.6443 depth=0.0048
  Epoch 22 [270/537] loss=0.0049 mask=0.6456 depth=0.0049
  Epoch 22 [280/537] loss=0.0048 mask=0.6441 depth=0.0048
  Epoch 22 [290/537] loss=0.0048 mask=0.6430 depth=0.0048
  Epoch 22 [300/537] loss=0.0048 mask=0.6437 depth=0.0048
  Epoch 22 [310/537] loss=0.0049 mask=0.6426 depth=0.0049
  Epoch 22 [320/537] loss=0.0049 mask=0.6426 depth=0.0049
  Epoch 22 [330/537] loss=0.0050 mask=0.6435 depth=0.0050
  Epoch 22 [340/537] loss=0.0050 mask=0.6435 depth=0.0050
  Epoch 22 [350/537] loss=0.0050 mask=0.6444 depth=0.0050
  Epoch 22 [360/537] loss=0.0050 mask=0.6446 depth=0.0050
  Epoch 22 [370/537] loss=0.0050 mask=0.6480 depth=0.0050
  Epoch 22 [380/537] loss=0.0050 mask=0.6491 depth=0.0050
  Epoch 22 [390/537] loss=0.0050 mask=0.6482 depth=0.0050
  Epoch 22 [400/537] loss=0.0050 mask=0.6483 depth=0.0050
  Epoch 22 [410/537] loss=0.0049 mask=0.6490 depth=0.0049
  Epoch 22 [420/537] loss=0.0050 mask=0.6496 depth=0.0050
  Epoch 22 [430/537] loss=0.0049 mask=0.6505 depth=0.0049
  Epoch 22 [440/537] loss=0.0049 mask=0.6488 depth=0.0049
  Epoch 22 [450/537] loss=0.0049 mask=0.6478 depth=0.0049
  Epoch 22 [460/537] loss=0.0049 mask=0.6486 depth=0.0049
  Epoch 22 [470/537] loss=0.0049 mask=0.6483 depth=0.0049
  Epoch 22 [480/537] loss=0.0049 mask=0.6477 depth=0.0049
  Epoch 22 [490/537] loss=0.0050 mask=0.6488 depth=0.0050
  Epoch 22 [500/537] loss=0.0050 mask=0.6478 depth=0.0050
  Epoch 22 [510/537] loss=0.0050 mask=0.6485 depth=0.0050
  Epoch 22 [520/537] loss=0.0050 mask=0.6495 depth=0.0050
  Epoch 22 [530/537] loss=0.0050 mask=0.6486 depth=0.0050
  Train: loss=0.0050 mask=0.6486 depth=0.0050 time=477.0s
  Val epoch 22: loss=0.1214

=== Phase2 Epoch 23/49 ===
  Epoch 23 [10/537] loss=0.0043 mask=0.7139 depth=0.0043
  Epoch 23 [20/537] loss=0.0038 mask=0.6654 depth=0.0038
  Epoch 23 [30/537] loss=0.0043 mask=0.6819 depth=0.0043
  Epoch 23 [40/537] loss=0.0043 mask=0.6503 depth=0.0043
  Epoch 23 [50/537] loss=0.0043 mask=0.6444 depth=0.0043
  Epoch 23 [60/537] loss=0.0044 mask=0.6463 depth=0.0044
  Epoch 23 [70/537] loss=0.0045 mask=0.6540 depth=0.0045
  Epoch 23 [80/537] loss=0.0047 mask=0.6546 depth=0.0047
  Epoch 23 [90/537] loss=0.0047 mask=0.6473 depth=0.0047
  Epoch 23 [100/537] loss=0.0046 mask=0.6417 depth=0.0046
  Epoch 23 [110/537] loss=0.0047 mask=0.6461 depth=0.0047
  Epoch 23 [120/537] loss=0.0047 mask=0.6495 depth=0.0047
  Epoch 23 [130/537] loss=0.0047 mask=0.6573 depth=0.0047
  Epoch 23 [140/537] loss=0.0047 mask=0.6605 depth=0.0047
  Epoch 23 [150/537] loss=0.0046 mask=0.6624 depth=0.0046
  Epoch 23 [160/537] loss=0.0045 mask=0.6662 depth=0.0045
  Epoch 23 [170/537] loss=0.0045 mask=0.6646 depth=0.0045
  Epoch 23 [180/537] loss=0.0044 mask=0.6631 depth=0.0044
  Epoch 23 [190/537] loss=0.0044 mask=0.6620 depth=0.0044
  Epoch 23 [200/537] loss=0.0044 mask=0.6636 depth=0.0044
  Epoch 23 [210/537] loss=0.0044 mask=0.6654 depth=0.0044
  Epoch 23 [220/537] loss=0.0044 mask=0.6659 depth=0.0044
  Epoch 23 [230/537] loss=0.0047 mask=0.6648 depth=0.0047
  Epoch 23 [240/537] loss=0.0047 mask=0.6643 depth=0.0047
  Epoch 23 [250/537] loss=0.0048 mask=0.6642 depth=0.0048
  Epoch 23 [260/537] loss=0.0048 mask=0.6651 depth=0.0048
  Epoch 23 [270/537] loss=0.0048 mask=0.6655 depth=0.0048
  Epoch 23 [280/537] loss=0.0048 mask=0.6664 depth=0.0048
  Epoch 23 [290/537] loss=0.0048 mask=0.6682 depth=0.0048
  Epoch 23 [300/537] loss=0.0048 mask=0.6675 depth=0.0048
  Epoch 23 [310/537] loss=0.0047 mask=0.6677 depth=0.0047
  Epoch 23 [320/537] loss=0.0047 mask=0.6663 depth=0.0047
  Epoch 23 [330/537] loss=0.0047 mask=0.6665 depth=0.0047
  Epoch 23 [340/537] loss=0.0047 mask=0.6661 depth=0.0047
  Epoch 23 [350/537] loss=0.0047 mask=0.6640 depth=0.0047
  Epoch 23 [360/537] loss=0.0046 mask=0.6648 depth=0.0046
  Epoch 23 [370/537] loss=0.0047 mask=0.6648 depth=0.0047
  Epoch 23 [380/537] loss=0.0047 mask=0.6653 depth=0.0047
  Epoch 23 [390/537] loss=0.0047 mask=0.6677 depth=0.0047
  Epoch 23 [400/537] loss=0.0046 mask=0.6671 depth=0.0046
  Epoch 23 [410/537] loss=0.0046 mask=0.6673 depth=0.0046
  Epoch 23 [420/537] loss=0.0046 mask=0.6664 depth=0.0046
  Epoch 23 [430/537] loss=0.0046 mask=0.6657 depth=0.0046
  Epoch 23 [440/537] loss=0.0046 mask=0.6655 depth=0.0046
  Epoch 23 [450/537] loss=0.0046 mask=0.6676 depth=0.0046
  Epoch 23 [460/537] loss=0.0046 mask=0.6672 depth=0.0046
  Epoch 23 [470/537] loss=0.0045 mask=0.6678 depth=0.0045
  Epoch 23 [480/537] loss=0.0046 mask=0.6693 depth=0.0046
  Epoch 23 [490/537] loss=0.0046 mask=0.6697 depth=0.0046
  Epoch 23 [500/537] loss=0.0046 mask=0.6695 depth=0.0046
  Epoch 23 [510/537] loss=0.0046 mask=0.6698 depth=0.0046
  Epoch 23 [520/537] loss=0.0046 mask=0.6694 depth=0.0046
  Epoch 23 [530/537] loss=0.0046 mask=0.6695 depth=0.0046
  Train: loss=0.0081 mask=0.6702 depth=0.0081 time=453.4s
  Val epoch 23: loss=0.1227

=== Phase2 Epoch 24/49 ===
  Epoch 24 [10/537] loss=0.0078 mask=0.6947 depth=0.0078
  Epoch 24 [20/537] loss=0.0081 mask=0.7138 depth=0.0081
  Epoch 24 [30/537] loss=0.0076 mask=0.7064 depth=0.0076
  Epoch 24 [40/537] loss=0.0069 mask=0.6930 depth=0.0069
  Epoch 24 [50/537] loss=0.0064 mask=0.6948 depth=0.0064
  Epoch 24 [60/537] loss=0.0068 mask=0.6942 depth=0.0068
  Epoch 24 [70/537] loss=0.0064 mask=0.6740 depth=0.0064
  Epoch 24 [80/537] loss=0.0064 mask=0.6767 depth=0.0064
  Epoch 24 [90/537] loss=0.0062 mask=0.6633 depth=0.0062
  Epoch 24 [100/537] loss=0.0063 mask=0.6638 depth=0.0063
  Epoch 24 [110/537] loss=0.0060 mask=0.6620 depth=0.0060
  Epoch 24 [120/537] loss=0.0060 mask=0.6650 depth=0.0060
  Epoch 24 [130/537] loss=0.0059 mask=0.6678 depth=0.0059
  Epoch 24 [140/537] loss=0.0060 mask=0.6717 depth=0.0060
  Epoch 24 [150/537] loss=0.0059 mask=0.6715 depth=0.0059
  Epoch 24 [160/537] loss=0.0059 mask=0.6693 depth=0.0059
  Epoch 24 [170/537] loss=0.0059 mask=0.6702 depth=0.0059
  Epoch 24 [180/537] loss=0.0059 mask=0.6712 depth=0.0059
  Epoch 24 [190/537] loss=0.0057 mask=0.6704 depth=0.0057
  Epoch 24 [200/537] loss=0.0057 mask=0.6670 depth=0.0057
  Epoch 24 [210/537] loss=0.0056 mask=0.6683 depth=0.0056
  Epoch 24 [220/537] loss=0.0056 mask=0.6695 depth=0.0056
  Epoch 24 [230/537] loss=0.0055 mask=0.6704 depth=0.0055
  Epoch 24 [240/537] loss=0.0057 mask=0.6696 depth=0.0057
  Epoch 24 [250/537] loss=0.0056 mask=0.6684 depth=0.0056
  Epoch 24 [260/537] loss=0.0056 mask=0.6673 depth=0.0056
  Epoch 24 [270/537] loss=0.0055 mask=0.6677 depth=0.0055
  Epoch 24 [280/537] loss=0.0055 mask=0.6684 depth=0.0055
  Epoch 24 [290/537] loss=0.0055 mask=0.6700 depth=0.0055
  Epoch 24 [300/537] loss=0.0054 mask=0.6685 depth=0.0054
  Epoch 24 [310/537] loss=0.0054 mask=0.6689 depth=0.0054
  Epoch 24 [320/537] loss=0.0053 mask=0.6710 depth=0.0053
  Epoch 24 [330/537] loss=0.0053 mask=0.6731 depth=0.0053
  Epoch 24 [340/537] loss=0.0053 mask=0.6726 depth=0.0053
  Epoch 24 [350/537] loss=0.0053 mask=0.6724 depth=0.0053
  Epoch 24 [360/537] loss=0.0053 mask=0.6724 depth=0.0053
  Epoch 24 [370/537] loss=0.0052 mask=0.6735 depth=0.0052
  Epoch 24 [380/537] loss=0.0052 mask=0.6753 depth=0.0052
  Epoch 24 [390/537] loss=0.0052 mask=0.6749 depth=0.0052
  Epoch 24 [400/537] loss=0.0052 mask=0.6757 depth=0.0052
  Epoch 24 [410/537] loss=0.0052 mask=0.6775 depth=0.0052
  Epoch 24 [420/537] loss=0.0052 mask=0.6774 depth=0.0052
  Epoch 24 [430/537] loss=0.0052 mask=0.6775 depth=0.0052
  Epoch 24 [440/537] loss=0.0052 mask=0.6776 depth=0.0052
  Epoch 24 [450/537] loss=0.0052 mask=0.6775 depth=0.0052
  Epoch 24 [460/537] loss=0.0052 mask=0.6780 depth=0.0052
  Epoch 24 [470/537] loss=0.0052 mask=0.6775 depth=0.0052
  Epoch 24 [480/537] loss=0.0052 mask=0.6776 depth=0.0052
  Epoch 24 [490/537] loss=0.0052 mask=0.6770 depth=0.0052
  Epoch 24 [500/537] loss=0.0051 mask=0.6776 depth=0.0051
  Epoch 24 [510/537] loss=0.0051 mask=0.6756 depth=0.0051
  Epoch 24 [520/537] loss=0.0051 mask=0.6762 depth=0.0051
  Epoch 24 [530/537] loss=0.0051 mask=0.6768 depth=0.0051
  Train: loss=0.0051 mask=0.6757 depth=0.0051 time=467.1s
  Val epoch 24: loss=0.1174

=== Phase2 Epoch 25/49 ===
  Epoch 25 [10/537] loss=0.0038 mask=0.6314 depth=0.0038
  Epoch 25 [20/537] loss=0.0042 mask=0.6673 depth=0.0042
  Epoch 25 [30/537] loss=0.0041 mask=0.6885 depth=0.0041
  Epoch 25 [40/537] loss=0.0040 mask=0.6892 depth=0.0040
  Epoch 25 [50/537] loss=0.0039 mask=0.6789 depth=0.0039
  Epoch 25 [60/537] loss=0.0038 mask=0.6757 depth=0.0038
  Epoch 25 [70/537] loss=0.0038 mask=0.6689 depth=0.0038
  Epoch 25 [80/537] loss=0.0037 mask=0.6615 depth=0.0037
  Epoch 25 [90/537] loss=0.0038 mask=0.6625 depth=0.0038
  Epoch 25 [100/537] loss=0.0040 mask=0.6578 depth=0.0040
  Epoch 25 [110/537] loss=0.0041 mask=0.6632 depth=0.0041
  Epoch 25 [120/537] loss=0.0042 mask=0.6635 depth=0.0042
  Epoch 25 [130/537] loss=0.0043 mask=0.6694 depth=0.0043
  Epoch 25 [140/537] loss=0.0041 mask=0.6647 depth=0.0041
  Epoch 25 [150/537] loss=0.0041 mask=0.6665 depth=0.0041
  Epoch 25 [160/537] loss=0.0041 mask=0.6657 depth=0.0041
  Epoch 25 [170/537] loss=0.0041 mask=0.6673 depth=0.0041
  Epoch 25 [180/537] loss=0.0042 mask=0.6691 depth=0.0042
  Epoch 25 [190/537] loss=0.0043 mask=0.6728 depth=0.0043
  Epoch 25 [200/537] loss=0.0044 mask=0.6739 depth=0.0044
  Epoch 25 [210/537] loss=0.0044 mask=0.6761 depth=0.0044
  Epoch 25 [220/537] loss=0.0044 mask=0.6782 depth=0.0044
  Epoch 25 [230/537] loss=0.0045 mask=0.6787 depth=0.0045
  Epoch 25 [240/537] loss=0.0044 mask=0.6782 depth=0.0044
  Epoch 25 [250/537] loss=0.0045 mask=0.6783 depth=0.0045
  Epoch 25 [260/537] loss=0.0044 mask=0.6779 depth=0.0044
  Epoch 25 [270/537] loss=0.0045 mask=0.6762 depth=0.0045
  Epoch 25 [280/537] loss=0.0044 mask=0.6732 depth=0.0044
  Epoch 25 [290/537] loss=0.0044 mask=0.6731 depth=0.0044
  Epoch 25 [300/537] loss=0.0044 mask=0.6722 depth=0.0044
  Epoch 25 [310/537] loss=0.0044 mask=0.6729 depth=0.0044
  Epoch 25 [320/537] loss=0.0044 mask=0.6739 depth=0.0044
  Epoch 25 [330/537] loss=0.0044 mask=0.6721 depth=0.0044
  Epoch 25 [340/537] loss=0.0044 mask=0.6739 depth=0.0044
  Epoch 25 [350/537] loss=0.0043 mask=0.6750 depth=0.0043
  Epoch 25 [360/537] loss=0.0044 mask=0.6759 depth=0.0044
  Epoch 25 [370/537] loss=0.0044 mask=0.6764 depth=0.0044
  Epoch 25 [380/537] loss=0.0044 mask=0.6755 depth=0.0044
  Epoch 25 [390/537] loss=0.0044 mask=0.6748 depth=0.0044
  Epoch 25 [400/537] loss=0.0044 mask=0.6748 depth=0.0044
  Epoch 25 [410/537] loss=0.0044 mask=0.6740 depth=0.0044
  Epoch 25 [420/537] loss=0.0043 mask=0.6739 depth=0.0043
  Epoch 25 [430/537] loss=0.0043 mask=0.6717 depth=0.0043
  Epoch 25 [440/537] loss=0.0043 mask=0.6718 depth=0.0043
  Epoch 25 [450/537] loss=0.0043 mask=0.6710 depth=0.0043
  Epoch 25 [460/537] loss=0.0043 mask=0.6714 depth=0.0043
  Epoch 25 [470/537] loss=0.0044 mask=0.6690 depth=0.0044
  Epoch 25 [480/537] loss=0.0044 mask=0.6680 depth=0.0044
  Epoch 25 [490/537] loss=0.0044 mask=0.6681 depth=0.0044
  Epoch 25 [500/537] loss=0.0044 mask=0.6673 depth=0.0044
  Epoch 25 [510/537] loss=0.0044 mask=0.6671 depth=0.0044
  Epoch 25 [520/537] loss=0.0043 mask=0.6677 depth=0.0043
  Epoch 25 [530/537] loss=0.0043 mask=0.6672 depth=0.0043
  Train: loss=0.0053 mask=0.6663 depth=0.0053 time=457.1s
  Val epoch 25: loss=0.1211

=== Phase2 Epoch 26/49 ===
  Epoch 26 [10/537] loss=0.0065 mask=0.7012 depth=0.0065
  Epoch 26 [20/537] loss=0.0059 mask=0.7202 depth=0.0059
  Epoch 26 [30/537] loss=0.0052 mask=0.7092 depth=0.0052
  Epoch 26 [40/537] loss=0.0050 mask=0.6787 depth=0.0050
  Epoch 26 [50/537] loss=0.0048 mask=0.6750 depth=0.0048
  Epoch 26 [60/537] loss=0.0047 mask=0.6706 depth=0.0047
  Epoch 26 [70/537] loss=0.0052 mask=0.6660 depth=0.0052
  Epoch 26 [80/537] loss=0.0051 mask=0.6664 depth=0.0051
  Epoch 26 [90/537] loss=0.0051 mask=0.6649 depth=0.0051
  Epoch 26 [100/537] loss=0.0050 mask=0.6554 depth=0.0050
  Epoch 26 [110/537] loss=0.0048 mask=0.6553 depth=0.0048
  Epoch 26 [120/537] loss=0.0049 mask=0.6514 depth=0.0049
  Epoch 26 [130/537] loss=0.0049 mask=0.6482 depth=0.0049
  Epoch 26 [140/537] loss=0.0049 mask=0.6496 depth=0.0049
  Epoch 26 [150/537] loss=0.0048 mask=0.6487 depth=0.0048
  Epoch 26 [160/537] loss=0.0047 mask=0.6471 depth=0.0047
  Epoch 26 [170/537] loss=0.0047 mask=0.6462 depth=0.0047
  Epoch 26 [180/537] loss=0.0047 mask=0.6414 depth=0.0047
  Epoch 26 [190/537] loss=0.0047 mask=0.6406 depth=0.0047
  Epoch 26 [200/537] loss=0.0047 mask=0.6409 depth=0.0047
  Epoch 26 [210/537] loss=0.0046 mask=0.6416 depth=0.0046
  Epoch 26 [220/537] loss=0.0046 mask=0.6415 depth=0.0046
  Epoch 26 [230/537] loss=0.0046 mask=0.6429 depth=0.0046
  Epoch 26 [240/537] loss=0.0046 mask=0.6431 depth=0.0046
  Epoch 26 [250/537] loss=0.0046 mask=0.6447 depth=0.0046
  Epoch 26 [260/537] loss=0.0046 mask=0.6435 depth=0.0046
  Epoch 26 [270/537] loss=0.0045 mask=0.6444 depth=0.0045
  Epoch 26 [280/537] loss=0.0045 mask=0.6447 depth=0.0045
  Epoch 26 [290/537] loss=0.0045 mask=0.6439 depth=0.0045
  Epoch 26 [300/537] loss=0.0045 mask=0.6472 depth=0.0045
  Epoch 26 [310/537] loss=0.0045 mask=0.6481 depth=0.0045
  Epoch 26 [320/537] loss=0.0045 mask=0.6484 depth=0.0045
  Epoch 26 [330/537] loss=0.0045 mask=0.6462 depth=0.0045
  Epoch 26 [340/537] loss=0.0045 mask=0.6453 depth=0.0045
  Epoch 26 [350/537] loss=0.0045 mask=0.6460 depth=0.0045
  Epoch 26 [360/537] loss=0.0045 mask=0.6474 depth=0.0045
  Epoch 26 [370/537] loss=0.0045 mask=0.6490 depth=0.0045
  Epoch 26 [380/537] loss=0.0045 mask=0.6482 depth=0.0045
  Epoch 26 [390/537] loss=0.0045 mask=0.6494 depth=0.0045
  Epoch 26 [400/537] loss=0.0045 mask=0.6495 depth=0.0045
  Epoch 26 [410/537] loss=0.0045 mask=0.6500 depth=0.0045
  Epoch 26 [420/537] loss=0.0045 mask=0.6502 depth=0.0045
  Epoch 26 [430/537] loss=0.0045 mask=0.6501 depth=0.0045
  Epoch 26 [440/537] loss=0.0044 mask=0.6503 depth=0.0044
  Epoch 26 [450/537] loss=0.0044 mask=0.6506 depth=0.0044
  Epoch 26 [460/537] loss=0.0044 mask=0.6498 depth=0.0044
  Epoch 26 [470/537] loss=0.0044 mask=0.6500 depth=0.0044
  Epoch 26 [480/537] loss=0.0044 mask=0.6498 depth=0.0044
  Epoch 26 [490/537] loss=0.0044 mask=0.6491 depth=0.0044
  Epoch 26 [500/537] loss=0.0044 mask=0.6485 depth=0.0044
  Epoch 26 [510/537] loss=0.0044 mask=0.6481 depth=0.0044
  Epoch 26 [520/537] loss=0.0044 mask=0.6504 depth=0.0044
  Epoch 26 [530/537] loss=0.0045 mask=0.6499 depth=0.0045
  Train: loss=0.0048 mask=0.6508 depth=0.0048 time=471.2s
  Val epoch 26: loss=0.1155

=== Phase2 Epoch 27/49 ===
  Epoch 27 [10/537] loss=0.0026 mask=0.6586 depth=0.0026
  Epoch 27 [20/537] loss=0.0039 mask=0.7078 depth=0.0039
  Epoch 27 [30/537] loss=0.0042 mask=0.7039 depth=0.0042
  Epoch 27 [40/537] loss=0.0041 mask=0.7079 depth=0.0041
  Epoch 27 [50/537] loss=0.0048 mask=0.6969 depth=0.0048
  Epoch 27 [60/537] loss=0.0047 mask=0.7030 depth=0.0047
  Epoch 27 [70/537] loss=0.0046 mask=0.7006 depth=0.0046
  Epoch 27 [80/537] loss=0.0045 mask=0.7033 depth=0.0045
  Epoch 27 [90/537] loss=0.0044 mask=0.7005 depth=0.0044
  Epoch 27 [100/537] loss=0.0043 mask=0.7016 depth=0.0043
  Epoch 27 [110/537] loss=0.0043 mask=0.6970 depth=0.0043
  Epoch 27 [120/537] loss=0.0043 mask=0.6931 depth=0.0043
  Epoch 27 [130/537] loss=0.0042 mask=0.6834 depth=0.0042
  Epoch 27 [140/537] loss=0.0044 mask=0.6816 depth=0.0044
  Epoch 27 [150/537] loss=0.0044 mask=0.6757 depth=0.0044
  Epoch 27 [160/537] loss=0.0044 mask=0.6726 depth=0.0044
  Epoch 27 [170/537] loss=0.0044 mask=0.6729 depth=0.0044
  Epoch 27 [180/537] loss=0.0043 mask=0.6699 depth=0.0043
  Epoch 27 [190/537] loss=0.0043 mask=0.6700 depth=0.0043
  Epoch 27 [200/537] loss=0.0043 mask=0.6712 depth=0.0043
  Epoch 27 [210/537] loss=0.0043 mask=0.6738 depth=0.0043
  Epoch 27 [220/537] loss=0.0043 mask=0.6728 depth=0.0043
  Epoch 27 [230/537] loss=0.0042 mask=0.6726 depth=0.0042
  Epoch 27 [240/537] loss=0.0042 mask=0.6715 depth=0.0042
  Epoch 27 [250/537] loss=0.0042 mask=0.6695 depth=0.0042
  Epoch 27 [260/537] loss=0.0041 mask=0.6672 depth=0.0041
  Epoch 27 [270/537] loss=0.0041 mask=0.6677 depth=0.0041
  Epoch 27 [280/537] loss=0.0041 mask=0.6667 depth=0.0041
  Epoch 27 [290/537] loss=0.0041 mask=0.6674 depth=0.0041
  Epoch 27 [300/537] loss=0.0040 mask=0.6677 depth=0.0040
  Epoch 27 [310/537] loss=0.0041 mask=0.6656 depth=0.0041
  Epoch 27 [320/537] loss=0.0041 mask=0.6666 depth=0.0041
  Epoch 27 [330/537] loss=0.0040 mask=0.6665 depth=0.0040
  Epoch 27 [340/537] loss=0.0041 mask=0.6664 depth=0.0041
  Epoch 27 [350/537] loss=0.0041 mask=0.6657 depth=0.0041
  Epoch 27 [360/537] loss=0.0041 mask=0.6662 depth=0.0041
  Epoch 27 [370/537] loss=0.0041 mask=0.6657 depth=0.0041
  Epoch 27 [380/537] loss=0.0040 mask=0.6656 depth=0.0040
  Epoch 27 [390/537] loss=0.0040 mask=0.6651 depth=0.0040
  Epoch 27 [400/537] loss=0.0040 mask=0.6676 depth=0.0040
  Epoch 27 [410/537] loss=0.0040 mask=0.6672 depth=0.0040
  Epoch 27 [420/537] loss=0.0041 mask=0.6682 depth=0.0041
  Epoch 27 [430/537] loss=0.0041 mask=0.6683 depth=0.0041
  Epoch 27 [440/537] loss=0.0041 mask=0.6690 depth=0.0041
  Epoch 27 [450/537] loss=0.0041 mask=0.6673 depth=0.0041
  Epoch 27 [460/537] loss=0.0041 mask=0.6677 depth=0.0041
  Epoch 27 [470/537] loss=0.0041 mask=0.6675 depth=0.0041
  Epoch 27 [480/537] loss=0.0041 mask=0.6668 depth=0.0041
  Epoch 27 [490/537] loss=0.0041 mask=0.6663 depth=0.0041
  Epoch 27 [500/537] loss=0.0041 mask=0.6650 depth=0.0041
  Epoch 27 [510/537] loss=0.0041 mask=0.6657 depth=0.0041
  Epoch 27 [520/537] loss=0.0041 mask=0.6661 depth=0.0041
  Epoch 27 [530/537] loss=0.0041 mask=0.6634 depth=0.0041
  Train: loss=0.0041 mask=0.6634 depth=0.0041 time=464.3s
  Val epoch 27: loss=0.1106

=== Phase2 Epoch 28/49 ===
  Epoch 28 [10/537] loss=0.0040 mask=0.6485 depth=0.0040
  Epoch 28 [20/537] loss=0.0032 mask=0.6248 depth=0.0032
  Epoch 28 [30/537] loss=0.0032 mask=0.6281 depth=0.0032
  Epoch 28 [40/537] loss=0.0032 mask=0.6417 depth=0.0032
  Epoch 28 [50/537] loss=0.0032 mask=0.6404 depth=0.0032
  Epoch 28 [60/537] loss=0.0032 mask=0.6361 depth=0.0032
  Epoch 28 [70/537] loss=0.0033 mask=0.6295 depth=0.0033
  Epoch 28 [80/537] loss=0.0032 mask=0.6289 depth=0.0032
  Epoch 28 [90/537] loss=0.0035 mask=0.6282 depth=0.0035
  Epoch 28 [100/537] loss=0.0036 mask=0.6344 depth=0.0036
  Epoch 28 [110/537] loss=0.0036 mask=0.6299 depth=0.0036
  Epoch 28 [120/537] loss=0.0036 mask=0.6343 depth=0.0036
  Epoch 28 [130/537] loss=0.0037 mask=0.6369 depth=0.0037
  Epoch 28 [140/537] loss=0.0038 mask=0.6409 depth=0.0038
  Epoch 28 [150/537] loss=0.0038 mask=0.6429 depth=0.0038
  Epoch 28 [160/537] loss=0.0038 mask=0.6484 depth=0.0038
  Epoch 28 [170/537] loss=0.0038 mask=0.6479 depth=0.0038
  Epoch 28 [180/537] loss=0.0038 mask=0.6499 depth=0.0038
  Epoch 28 [190/537] loss=0.0038 mask=0.6522 depth=0.0038
  Epoch 28 [200/537] loss=0.0038 mask=0.6549 depth=0.0038
  Epoch 28 [210/537] loss=0.0038 mask=0.6549 depth=0.0038
  Epoch 28 [220/537] loss=0.0038 mask=0.6521 depth=0.0038
  Epoch 28 [230/537] loss=0.0037 mask=0.6519 depth=0.0037
  Epoch 28 [240/537] loss=0.0038 mask=0.6535 depth=0.0038
  Epoch 28 [250/537] loss=0.0038 mask=0.6519 depth=0.0038
  Epoch 28 [260/537] loss=0.0038 mask=0.6515 depth=0.0038
  Epoch 28 [270/537] loss=0.0038 mask=0.6537 depth=0.0038
  Epoch 28 [280/537] loss=0.0038 mask=0.6526 depth=0.0038
  Epoch 28 [290/537] loss=0.0038 mask=0.6524 depth=0.0038
  Epoch 28 [300/537] loss=0.0038 mask=0.6528 depth=0.0038
  Epoch 28 [310/537] loss=0.0038 mask=0.6521 depth=0.0038
  Epoch 28 [320/537] loss=0.0038 mask=0.6545 depth=0.0038
  Epoch 28 [330/537] loss=0.0039 mask=0.6546 depth=0.0039
  Epoch 28 [340/537] loss=0.0039 mask=0.6540 depth=0.0039
  Epoch 28 [350/537] loss=0.0039 mask=0.6553 depth=0.0039
  Epoch 28 [360/537] loss=0.0038 mask=0.6564 depth=0.0038
  Epoch 28 [370/537] loss=0.0039 mask=0.6581 depth=0.0039
  Epoch 28 [380/537] loss=0.0038 mask=0.6577 depth=0.0038
  Epoch 28 [390/537] loss=0.0039 mask=0.6582 depth=0.0039
  Epoch 28 [400/537] loss=0.0039 mask=0.6591 depth=0.0039
  Epoch 28 [410/537] loss=0.0039 mask=0.6590 depth=0.0039
  Epoch 28 [420/537] loss=0.0039 mask=0.6589 depth=0.0039
  Epoch 28 [430/537] loss=0.0039 mask=0.6597 depth=0.0039
  Epoch 28 [440/537] loss=0.0039 mask=0.6603 depth=0.0039
  Epoch 28 [450/537] loss=0.0039 mask=0.6594 depth=0.0039
  Epoch 28 [460/537] loss=0.0039 mask=0.6585 depth=0.0039
  Epoch 28 [470/537] loss=0.0039 mask=0.6588 depth=0.0039
  Epoch 28 [480/537] loss=0.0039 mask=0.6589 depth=0.0039
  Epoch 28 [490/537] loss=0.0039 mask=0.6592 depth=0.0039
  Epoch 28 [500/537] loss=0.0039 mask=0.6608 depth=0.0039
  Epoch 28 [510/537] loss=0.0039 mask=0.6616 depth=0.0039
  Epoch 28 [520/537] loss=0.0039 mask=0.6619 depth=0.0039
  Epoch 28 [530/537] loss=0.0038 mask=0.6616 depth=0.0038
  Train: loss=0.0042 mask=0.6631 depth=0.0042 time=466.4s
  Val epoch 28: loss=0.1149

=== Phase2 Epoch 29/49 ===
  Epoch 29 [10/537] loss=0.0045 mask=0.7204 depth=0.0045
  Epoch 29 [20/537] loss=0.0040 mask=0.6822 depth=0.0040
  Epoch 29 [30/537] loss=0.0038 mask=0.6859 depth=0.0038
  Epoch 29 [40/537] loss=0.0036 mask=0.6884 depth=0.0036
  Epoch 29 [50/537] loss=0.0037 mask=0.7017 depth=0.0037
  Epoch 29 [60/537] loss=0.0037 mask=0.7021 depth=0.0037
  Epoch 29 [70/537] loss=0.0036 mask=0.6959 depth=0.0036
  Epoch 29 [80/537] loss=0.0036 mask=0.6951 depth=0.0036
  Epoch 29 [90/537] loss=0.0035 mask=0.6807 depth=0.0035
  Epoch 29 [100/537] loss=0.0036 mask=0.6851 depth=0.0036
  Epoch 29 [110/537] loss=0.0036 mask=0.6849 depth=0.0036
  Epoch 29 [120/537] loss=0.0035 mask=0.6859 depth=0.0035
  Epoch 29 [130/537] loss=0.0036 mask=0.6846 depth=0.0036
  Epoch 29 [140/537] loss=0.0036 mask=0.6848 depth=0.0036
  Epoch 29 [150/537] loss=0.0036 mask=0.6847 depth=0.0036
  Epoch 29 [160/537] loss=0.0036 mask=0.6808 depth=0.0036
  Epoch 29 [170/537] loss=0.0037 mask=0.6816 depth=0.0037
  Epoch 29 [180/537] loss=0.0037 mask=0.6818 depth=0.0037
  Epoch 29 [190/537] loss=0.0037 mask=0.6814 depth=0.0037
  Epoch 29 [200/537] loss=0.0036 mask=0.6816 depth=0.0036
  Epoch 29 [210/537] loss=0.0036 mask=0.6790 depth=0.0036
  Epoch 29 [220/537] loss=0.0036 mask=0.6767 depth=0.0036
  Epoch 29 [230/537] loss=0.0036 mask=0.6774 depth=0.0036
  Epoch 29 [240/537] loss=0.0037 mask=0.6761 depth=0.0037
  Epoch 29 [250/537] loss=0.0037 mask=0.6784 depth=0.0037
  Epoch 29 [260/537] loss=0.0038 mask=0.6780 depth=0.0038
  Epoch 29 [270/537] loss=0.0038 mask=0.6768 depth=0.0038
  Epoch 29 [280/537] loss=0.0038 mask=0.6774 depth=0.0038
  Epoch 29 [290/537] loss=0.0037 mask=0.6793 depth=0.0037
  Epoch 29 [300/537] loss=0.0038 mask=0.6806 depth=0.0038
  Epoch 29 [310/537] loss=0.0037 mask=0.6794 depth=0.0037
  Epoch 29 [320/537] loss=0.0037 mask=0.6783 depth=0.0037
  Epoch 29 [330/537] loss=0.0037 mask=0.6771 depth=0.0037
  Epoch 29 [340/537] loss=0.0037 mask=0.6757 depth=0.0037
  Epoch 29 [350/537] loss=0.0037 mask=0.6761 depth=0.0037
  Epoch 29 [360/537] loss=0.0038 mask=0.6769 depth=0.0038
  Epoch 29 [370/537] loss=0.0038 mask=0.6759 depth=0.0038
  Epoch 29 [380/537] loss=0.0038 mask=0.6760 depth=0.0038
  Epoch 29 [390/537] loss=0.0038 mask=0.6747 depth=0.0038
  Epoch 29 [400/537] loss=0.0038 mask=0.6751 depth=0.0038
  Epoch 29 [410/537] loss=0.0038 mask=0.6760 depth=0.0038
  Epoch 29 [420/537] loss=0.0038 mask=0.6753 depth=0.0038
  Epoch 29 [430/537] loss=0.0038 mask=0.6741 depth=0.0038
  Epoch 29 [440/537] loss=0.0038 mask=0.6724 depth=0.0038
  Epoch 29 [450/537] loss=0.0038 mask=0.6713 depth=0.0038
  Epoch 29 [460/537] loss=0.0037 mask=0.6708 depth=0.0037
  Epoch 29 [470/537] loss=0.0037 mask=0.6700 depth=0.0037
  Epoch 29 [480/537] loss=0.0037 mask=0.6690 depth=0.0037
  Epoch 29 [490/537] loss=0.0037 mask=0.6691 depth=0.0037
  Epoch 29 [500/537] loss=0.0037 mask=0.6701 depth=0.0037
  Epoch 29 [510/537] loss=0.0037 mask=0.6702 depth=0.0037
  Epoch 29 [520/537] loss=0.0037 mask=0.6710 depth=0.0037
  Epoch 29 [530/537] loss=0.0038 mask=0.6708 depth=0.0038
  Train: loss=0.0038 mask=0.6709 depth=0.0038 time=465.1s
  Val epoch 29: loss=0.1128

=== Phase2 Epoch 30/49 ===
  Epoch 30 [10/537] loss=0.0058 mask=0.7113 depth=0.0058
  Epoch 30 [20/537] loss=0.0048 mask=0.6782 depth=0.0048
  Epoch 30 [30/537] loss=0.0041 mask=0.6632 depth=0.0041
  Epoch 30 [40/537] loss=0.0042 mask=0.6595 depth=0.0042
  Epoch 30 [50/537] loss=0.0039 mask=0.6544 depth=0.0039
  Epoch 30 [60/537] loss=0.0038 mask=0.6648 depth=0.0038
  Epoch 30 [70/537] loss=0.0037 mask=0.6581 depth=0.0037
  Epoch 30 [80/537] loss=0.0037 mask=0.6584 depth=0.0037
  Epoch 30 [90/537] loss=0.0037 mask=0.6655 depth=0.0037
  Epoch 30 [100/537] loss=0.0036 mask=0.6574 depth=0.0036
  Epoch 30 [110/537] loss=0.0035 mask=0.6671 depth=0.0035
  Epoch 30 [120/537] loss=0.0035 mask=0.6699 depth=0.0035
  Epoch 30 [130/537] loss=0.0034 mask=0.6647 depth=0.0034
  Epoch 30 [140/537] loss=0.0034 mask=0.6612 depth=0.0034
  Epoch 30 [150/537] loss=0.0034 mask=0.6671 depth=0.0034
  Epoch 30 [160/537] loss=0.0034 mask=0.6700 depth=0.0034
  Epoch 30 [170/537] loss=0.0034 mask=0.6695 depth=0.0034
  Epoch 30 [180/537] loss=0.0034 mask=0.6698 depth=0.0034
  Epoch 30 [190/537] loss=0.0034 mask=0.6678 depth=0.0034
  Epoch 30 [200/537] loss=0.0034 mask=0.6702 depth=0.0034
  Epoch 30 [210/537] loss=0.0034 mask=0.6729 depth=0.0034
  Epoch 30 [220/537] loss=0.0034 mask=0.6714 depth=0.0034
  Epoch 30 [230/537] loss=0.0033 mask=0.6730 depth=0.0033
  Epoch 30 [240/537] loss=0.0033 mask=0.6724 depth=0.0033
  Epoch 30 [250/537] loss=0.0033 mask=0.6739 depth=0.0033
  Epoch 30 [260/537] loss=0.0033 mask=0.6744 depth=0.0033
  Epoch 30 [270/537] loss=0.0033 mask=0.6738 depth=0.0033
  Epoch 30 [280/537] loss=0.0032 mask=0.6736 depth=0.0032
  Epoch 30 [290/537] loss=0.0032 mask=0.6732 depth=0.0032
  Epoch 30 [300/537] loss=0.0032 mask=0.6724 depth=0.0032
  Epoch 30 [310/537] loss=0.0032 mask=0.6685 depth=0.0032
  Epoch 30 [320/537] loss=0.0032 mask=0.6693 depth=0.0032
  Epoch 30 [330/537] loss=0.0032 mask=0.6690 depth=0.0032
  Epoch 30 [340/537] loss=0.0032 mask=0.6673 depth=0.0032
  Epoch 30 [350/537] loss=0.0032 mask=0.6674 depth=0.0032
  Epoch 30 [360/537] loss=0.0033 mask=0.6679 depth=0.0033
  Epoch 30 [370/537] loss=0.0033 mask=0.6673 depth=0.0033
  Epoch 30 [380/537] loss=0.0033 mask=0.6672 depth=0.0033
  Epoch 30 [390/537] loss=0.0033 mask=0.6685 depth=0.0033
  Epoch 30 [400/537] loss=0.0033 mask=0.6675 depth=0.0033
  Epoch 30 [410/537] loss=0.0033 mask=0.6672 depth=0.0033
  Epoch 30 [420/537] loss=0.0033 mask=0.6673 depth=0.0033
  Epoch 30 [430/537] loss=0.0033 mask=0.6669 depth=0.0033
  Epoch 30 [440/537] loss=0.0033 mask=0.6665 depth=0.0033
  Epoch 30 [450/537] loss=0.0033 mask=0.6661 depth=0.0033
  Epoch 30 [460/537] loss=0.0033 mask=0.6653 depth=0.0033
  Epoch 30 [470/537] loss=0.0033 mask=0.6650 depth=0.0033
  Epoch 30 [480/537] loss=0.0033 mask=0.6646 depth=0.0033
  Epoch 30 [490/537] loss=0.0033 mask=0.6638 depth=0.0033
  Epoch 30 [500/537] loss=0.0033 mask=0.6643 depth=0.0033
  Epoch 30 [510/537] loss=0.0033 mask=0.6633 depth=0.0033
  Epoch 30 [520/537] loss=0.0033 mask=0.6633 depth=0.0033
  Epoch 30 [530/537] loss=0.0033 mask=0.6628 depth=0.0033
  Train: loss=0.0036 mask=0.6631 depth=0.0036 time=460.2s
  Val epoch 30: loss=0.1101

=== Phase2 Epoch 31/49 ===
  Epoch 31 [10/537] loss=0.0035 mask=0.6953 depth=0.0035
  Epoch 31 [20/537] loss=0.0034 mask=0.6867 depth=0.0034
  Epoch 31 [30/537] loss=0.0033 mask=0.6471 depth=0.0033
  Epoch 31 [40/537] loss=0.0036 mask=0.6512 depth=0.0036
  Epoch 31 [50/537] loss=0.0037 mask=0.6618 depth=0.0037
  Epoch 31 [60/537] loss=0.0036 mask=0.6568 depth=0.0036
  Epoch 31 [70/537] loss=0.0034 mask=0.6431 depth=0.0034
  Epoch 31 [80/537] loss=0.0034 mask=0.6390 depth=0.0034
  Epoch 31 [90/537] loss=0.0033 mask=0.6397 depth=0.0033
  Epoch 31 [100/537] loss=0.0032 mask=0.6399 depth=0.0032
  Epoch 31 [110/537] loss=0.0033 mask=0.6449 depth=0.0033
  Epoch 31 [120/537] loss=0.0032 mask=0.6400 depth=0.0032
  Epoch 31 [130/537] loss=0.0032 mask=0.6397 depth=0.0032
  Epoch 31 [140/537] loss=0.0032 mask=0.6409 depth=0.0032
  Epoch 31 [150/537] loss=0.0033 mask=0.6375 depth=0.0033
  Epoch 31 [160/537] loss=0.0032 mask=0.6357 depth=0.0032
  Epoch 31 [170/537] loss=0.0032 mask=0.6373 depth=0.0032
  Epoch 31 [180/537] loss=0.0032 mask=0.6365 depth=0.0032
  Epoch 31 [190/537] loss=0.0032 mask=0.6381 depth=0.0032
  Epoch 31 [200/537] loss=0.0032 mask=0.6354 depth=0.0032
  Epoch 31 [210/537] loss=0.0032 mask=0.6357 depth=0.0032
  Epoch 31 [220/537] loss=0.0032 mask=0.6366 depth=0.0032
  Epoch 31 [230/537] loss=0.0032 mask=0.6376 depth=0.0032
  Epoch 31 [240/537] loss=0.0033 mask=0.6385 depth=0.0033
  Epoch 31 [250/537] loss=0.0033 mask=0.6389 depth=0.0033
  Epoch 31 [260/537] loss=0.0033 mask=0.6393 depth=0.0033
  Epoch 31 [270/537] loss=0.0033 mask=0.6407 depth=0.0033
  Epoch 31 [280/537] loss=0.0033 mask=0.6430 depth=0.0033
  Epoch 31 [290/537] loss=0.0033 mask=0.6447 depth=0.0033
  Epoch 31 [300/537] loss=0.0033 mask=0.6461 depth=0.0033
  Epoch 31 [310/537] loss=0.0033 mask=0.6467 depth=0.0033
  Epoch 31 [320/537] loss=0.0033 mask=0.6468 depth=0.0033
  Epoch 31 [330/537] loss=0.0033 mask=0.6471 depth=0.0033
  Epoch 31 [340/537] loss=0.0033 mask=0.6477 depth=0.0033
  Epoch 31 [350/537] loss=0.0033 mask=0.6465 depth=0.0033
  Epoch 31 [360/537] loss=0.0033 mask=0.6470 depth=0.0033
  Epoch 31 [370/537] loss=0.0033 mask=0.6481 depth=0.0033
  Epoch 31 [380/537] loss=0.0033 mask=0.6469 depth=0.0033
  Epoch 31 [390/537] loss=0.0033 mask=0.6474 depth=0.0033
  Epoch 31 [400/537] loss=0.0033 mask=0.6484 depth=0.0033
  Epoch 31 [410/537] loss=0.0033 mask=0.6475 depth=0.0033
  Epoch 31 [420/537] loss=0.0033 mask=0.6477 depth=0.0033
  Epoch 31 [430/537] loss=0.0033 mask=0.6474 depth=0.0033
  Epoch 31 [440/537] loss=0.0033 mask=0.6474 depth=0.0033
  Epoch 31 [450/537] loss=0.0033 mask=0.6492 depth=0.0033
  Epoch 31 [460/537] loss=0.0033 mask=0.6496 depth=0.0033
  Epoch 31 [470/537] loss=0.0033 mask=0.6511 depth=0.0033
  Epoch 31 [480/537] loss=0.0033 mask=0.6504 depth=0.0033
  Epoch 31 [490/537] loss=0.0033 mask=0.6516 depth=0.0033
  Epoch 31 [500/537] loss=0.0033 mask=0.6520 depth=0.0033
  Epoch 31 [510/537] loss=0.0033 mask=0.6515 depth=0.0033
  Epoch 31 [520/537] loss=0.0033 mask=0.6516 depth=0.0033
  Epoch 31 [530/537] loss=0.0033 mask=0.6527 depth=0.0033
  Train: loss=0.0034 mask=0.6526 depth=0.0034 time=474.3s
  Val epoch 31: loss=0.1168

=== Phase2 Epoch 32/49 ===
  Epoch 32 [10/537] loss=0.0032 mask=0.6717 depth=0.0032
  Epoch 32 [20/537] loss=0.0028 mask=0.6753 depth=0.0028
  Epoch 32 [30/537] loss=0.0030 mask=0.6658 depth=0.0030
  Epoch 32 [40/537] loss=0.0030 mask=0.6732 depth=0.0030
  Epoch 32 [50/537] loss=0.0029 mask=0.6718 depth=0.0029
  Epoch 32 [60/537] loss=0.0027 mask=0.6796 depth=0.0027
  Epoch 32 [70/537] loss=0.0027 mask=0.6780 depth=0.0027
  Epoch 32 [80/537] loss=0.0027 mask=0.6843 depth=0.0027
  Epoch 32 [90/537] loss=0.0027 mask=0.6821 depth=0.0027
  Epoch 32 [100/537] loss=0.0027 mask=0.6803 depth=0.0027
  Epoch 32 [110/537] loss=0.0027 mask=0.6812 depth=0.0027
  Epoch 32 [120/537] loss=0.0027 mask=0.6794 depth=0.0027
  Epoch 32 [130/537] loss=0.0028 mask=0.6790 depth=0.0028
  Epoch 32 [140/537] loss=0.0028 mask=0.6784 depth=0.0028
  Epoch 32 [150/537] loss=0.0029 mask=0.6776 depth=0.0029
  Epoch 32 [160/537] loss=0.0028 mask=0.6740 depth=0.0028
  Epoch 32 [170/537] loss=0.0030 mask=0.6720 depth=0.0030
  Epoch 32 [180/537] loss=0.0030 mask=0.6690 depth=0.0030
  Epoch 32 [190/537] loss=0.0030 mask=0.6699 depth=0.0030
  Epoch 32 [200/537] loss=0.0030 mask=0.6710 depth=0.0030
  Epoch 32 [210/537] loss=0.0029 mask=0.6693 depth=0.0029
  Epoch 32 [220/537] loss=0.0030 mask=0.6678 depth=0.0030
  Epoch 32 [230/537] loss=0.0030 mask=0.6649 depth=0.0030
  Epoch 32 [240/537] loss=0.0030 mask=0.6633 depth=0.0030
  Epoch 32 [250/537] loss=0.0030 mask=0.6630 depth=0.0030
  Epoch 32 [260/537] loss=0.0030 mask=0.6636 depth=0.0030
  Epoch 32 [270/537] loss=0.0030 mask=0.6632 depth=0.0030
  Epoch 32 [280/537] loss=0.0030 mask=0.6638 depth=0.0030
  Epoch 32 [290/537] loss=0.0030 mask=0.6645 depth=0.0030
  Epoch 32 [300/537] loss=0.0031 mask=0.6650 depth=0.0031
  Epoch 32 [310/537] loss=0.0030 mask=0.6638 depth=0.0030
  Epoch 32 [320/537] loss=0.0030 mask=0.6653 depth=0.0030
  Epoch 32 [330/537] loss=0.0031 mask=0.6654 depth=0.0031
  Epoch 32 [340/537] loss=0.0031 mask=0.6641 depth=0.0031
  Epoch 32 [350/537] loss=0.0031 mask=0.6644 depth=0.0031
  Epoch 32 [360/537] loss=0.0031 mask=0.6631 depth=0.0031
  Epoch 32 [370/537] loss=0.0031 mask=0.6622 depth=0.0031
  Epoch 32 [380/537] loss=0.0031 mask=0.6624 depth=0.0031
  Epoch 32 [390/537] loss=0.0031 mask=0.6633 depth=0.0031
  Epoch 32 [400/537] loss=0.0031 mask=0.6644 depth=0.0031
  Epoch 32 [410/537] loss=0.0031 mask=0.6640 depth=0.0031
  Epoch 32 [420/537] loss=0.0031 mask=0.6654 depth=0.0031
  Epoch 32 [430/537] loss=0.0031 mask=0.6652 depth=0.0031
  Epoch 32 [440/537] loss=0.0031 mask=0.6664 depth=0.0031
  Epoch 32 [450/537] loss=0.0031 mask=0.6670 depth=0.0031
  Epoch 32 [460/537] loss=0.0031 mask=0.6666 depth=0.0031
  Epoch 32 [470/537] loss=0.0031 mask=0.6677 depth=0.0031
  Epoch 32 [480/537] loss=0.0031 mask=0.6674 depth=0.0031
  Epoch 32 [490/537] loss=0.0031 mask=0.6665 depth=0.0031
  Epoch 32 [500/537] loss=0.0031 mask=0.6670 depth=0.0031
  Epoch 32 [510/537] loss=0.0031 mask=0.6664 depth=0.0031
  Epoch 32 [520/537] loss=0.0031 mask=0.6659 depth=0.0031
  Epoch 32 [530/537] loss=0.0031 mask=0.6651 depth=0.0031
  Train: loss=0.0031 mask=0.6658 depth=0.0031 time=457.0s
  Val epoch 32: loss=0.1144

=== Phase2 Epoch 33/49 ===
  Epoch 33 [10/537] loss=0.0031 mask=0.6713 depth=0.0031
  Epoch 33 [20/537] loss=0.0033 mask=0.6570 depth=0.0033
  Epoch 33 [30/537] loss=0.0030 mask=0.6727 depth=0.0030
  Epoch 33 [40/537] loss=0.0031 mask=0.6616 depth=0.0031
  Epoch 33 [50/537] loss=0.0030 mask=0.6692 depth=0.0030
  Epoch 33 [60/537] loss=0.0029 mask=0.6485 depth=0.0029
  Epoch 33 [70/537] loss=0.0030 mask=0.6510 depth=0.0030
  Epoch 33 [80/537] loss=0.0030 mask=0.6604 depth=0.0030
  Epoch 33 [90/537] loss=0.0029 mask=0.6649 depth=0.0029
  Epoch 33 [100/537] loss=0.0029 mask=0.6698 depth=0.0029
  Epoch 33 [110/537] loss=0.0028 mask=0.6685 depth=0.0028
  Epoch 33 [120/537] loss=0.0029 mask=0.6677 depth=0.0029
  Epoch 33 [130/537] loss=0.0029 mask=0.6702 depth=0.0029
  Epoch 33 [140/537] loss=0.0029 mask=0.6727 depth=0.0029
  Epoch 33 [150/537] loss=0.0029 mask=0.6693 depth=0.0029
  Epoch 33 [160/537] loss=0.0029 mask=0.6728 depth=0.0029
  Epoch 33 [170/537] loss=0.0029 mask=0.6682 depth=0.0029
  Epoch 33 [180/537] loss=0.0029 mask=0.6700 depth=0.0029
  Epoch 33 [190/537] loss=0.0029 mask=0.6747 depth=0.0029
  Epoch 33 [200/537] loss=0.0029 mask=0.6741 depth=0.0029
  Epoch 33 [210/537] loss=0.0029 mask=0.6694 depth=0.0029
  Epoch 33 [220/537] loss=0.0029 mask=0.6698 depth=0.0029
  Epoch 33 [230/537] loss=0.0029 mask=0.6680 depth=0.0029
  Epoch 33 [240/537] loss=0.0029 mask=0.6665 depth=0.0029
  Epoch 33 [250/537] loss=0.0029 mask=0.6630 depth=0.0029
  Epoch 33 [260/537] loss=0.0029 mask=0.6620 depth=0.0029
  Epoch 33 [270/537] loss=0.0029 mask=0.6618 depth=0.0029
  Epoch 33 [280/537] loss=0.0028 mask=0.6619 depth=0.0028
  Epoch 33 [290/537] loss=0.0029 mask=0.6615 depth=0.0029
  Epoch 33 [300/537] loss=0.0029 mask=0.6616 depth=0.0029
  Epoch 33 [310/537] loss=0.0029 mask=0.6605 depth=0.0029
  Epoch 33 [320/537] loss=0.0029 mask=0.6601 depth=0.0029
  Epoch 33 [330/537] loss=0.0029 mask=0.6581 depth=0.0029
  Epoch 33 [340/537] loss=0.0029 mask=0.6577 depth=0.0029
  Epoch 33 [350/537] loss=0.0029 mask=0.6592 depth=0.0029
  Epoch 33 [360/537] loss=0.0030 mask=0.6610 depth=0.0030
  Epoch 33 [370/537] loss=0.0030 mask=0.6607 depth=0.0030
  Epoch 33 [380/537] loss=0.0030 mask=0.6617 depth=0.0030
  Epoch 33 [390/537] loss=0.0030 mask=0.6634 depth=0.0030
  Epoch 33 [400/537] loss=0.0030 mask=0.6642 depth=0.0030
  Epoch 33 [410/537] loss=0.0030 mask=0.6631 depth=0.0030
  Epoch 33 [420/537] loss=0.0030 mask=0.6630 depth=0.0030
  Epoch 33 [430/537] loss=0.0030 mask=0.6620 depth=0.0030
  Epoch 33 [440/537] loss=0.0030 mask=0.6633 depth=0.0030
  Epoch 33 [450/537] loss=0.0030 mask=0.6644 depth=0.0030
  Epoch 33 [460/537] loss=0.0030 mask=0.6658 depth=0.0030
  Epoch 33 [470/537] loss=0.0030 mask=0.6651 depth=0.0030
  Epoch 33 [480/537] loss=0.0030 mask=0.6654 depth=0.0030
  Epoch 33 [490/537] loss=0.0030 mask=0.6652 depth=0.0030
  Epoch 33 [500/537] loss=0.0030 mask=0.6639 depth=0.0030
  Epoch 33 [510/537] loss=0.0030 mask=0.6645 depth=0.0030
  Epoch 33 [520/537] loss=0.0030 mask=0.6631 depth=0.0030
  Epoch 33 [530/537] loss=0.0030 mask=0.6641 depth=0.0030
  Train: loss=0.0030 mask=0.6648 depth=0.0030 time=469.7s
  Val epoch 33: loss=0.1134

=== Phase2 Epoch 34/49 ===
  Epoch 34 [10/537] loss=0.0028 mask=0.6828 depth=0.0028
  Epoch 34 [20/537] loss=0.0035 mask=0.6547 depth=0.0035
  Epoch 34 [30/537] loss=0.0033 mask=0.6515 depth=0.0033
  Epoch 34 [40/537] loss=0.0031 mask=0.6684 depth=0.0031
  Epoch 34 [50/537] loss=0.0033 mask=0.6648 depth=0.0033
  Epoch 34 [60/537] loss=0.0031 mask=0.6711 depth=0.0031
  Epoch 34 [70/537] loss=0.0034 mask=0.6706 depth=0.0034
  Epoch 34 [80/537] loss=0.0032 mask=0.6674 depth=0.0032
  Epoch 34 [90/537] loss=0.0032 mask=0.6643 depth=0.0032
  Epoch 34 [100/537] loss=0.0031 mask=0.6599 depth=0.0031
  Epoch 34 [110/537] loss=0.0032 mask=0.6620 depth=0.0032
  Epoch 34 [120/537] loss=0.0031 mask=0.6621 depth=0.0031
  Epoch 34 [130/537] loss=0.0031 mask=0.6682 depth=0.0031
  Epoch 34 [140/537] loss=0.0031 mask=0.6704 depth=0.0031
  Epoch 34 [150/537] loss=0.0031 mask=0.6670 depth=0.0031
  Epoch 34 [160/537] loss=0.0030 mask=0.6589 depth=0.0030
  Epoch 34 [170/537] loss=0.0030 mask=0.6602 depth=0.0030
  Epoch 34 [180/537] loss=0.0030 mask=0.6588 depth=0.0030
  Epoch 34 [190/537] loss=0.0030 mask=0.6587 depth=0.0030
  Epoch 34 [200/537] loss=0.0029 mask=0.6592 depth=0.0029
  Epoch 34 [210/537] loss=0.0029 mask=0.6618 depth=0.0029
  Epoch 34 [220/537] loss=0.0029 mask=0.6620 depth=0.0029
  Epoch 34 [230/537] loss=0.0030 mask=0.6642 depth=0.0030
  Epoch 34 [240/537] loss=0.0030 mask=0.6651 depth=0.0030
  Epoch 34 [250/537] loss=0.0030 mask=0.6642 depth=0.0030
  Epoch 34 [260/537] loss=0.0030 mask=0.6636 depth=0.0030
  Epoch 34 [270/537] loss=0.0030 mask=0.6626 depth=0.0030
  Epoch 34 [280/537] loss=0.0030 mask=0.6627 depth=0.0030
  Epoch 34 [290/537] loss=0.0030 mask=0.6630 depth=0.0030
  Epoch 34 [300/537] loss=0.0030 mask=0.6641 depth=0.0030
  Epoch 34 [310/537] loss=0.0030 mask=0.6647 depth=0.0030
  Epoch 34 [320/537] loss=0.0031 mask=0.6649 depth=0.0031
  Epoch 34 [330/537] loss=0.0031 mask=0.6642 depth=0.0031
  Epoch 34 [340/537] loss=0.0031 mask=0.6651 depth=0.0031
  Epoch 34 [350/537] loss=0.0031 mask=0.6669 depth=0.0031
  Epoch 34 [360/537] loss=0.0031 mask=0.6651 depth=0.0031
  Epoch 34 [370/537] loss=0.0030 mask=0.6630 depth=0.0030
  Epoch 34 [380/537] loss=0.0030 mask=0.6651 depth=0.0030
  Epoch 34 [390/537] loss=0.0031 mask=0.6646 depth=0.0031
  Epoch 34 [400/537] loss=0.0031 mask=0.6658 depth=0.0031
  Epoch 34 [410/537] loss=0.0031 mask=0.6648 depth=0.0031
  Epoch 34 [420/537] loss=0.0030 mask=0.6649 depth=0.0030
  Epoch 34 [430/537] loss=0.0030 mask=0.6643 depth=0.0030
  Epoch 34 [440/537] loss=0.0030 mask=0.6638 depth=0.0030
  Epoch 34 [450/537] loss=0.0030 mask=0.6638 depth=0.0030
  Epoch 34 [460/537] loss=0.0030 mask=0.6646 depth=0.0030
  Epoch 34 [470/537] loss=0.0030 mask=0.6634 depth=0.0030
  Epoch 34 [480/537] loss=0.0030 mask=0.6626 depth=0.0030
  Epoch 34 [490/537] loss=0.0030 mask=0.6624 depth=0.0030
  Epoch 34 [500/537] loss=0.0030 mask=0.6614 depth=0.0030
  Epoch 34 [510/537] loss=0.0030 mask=0.6601 depth=0.0030
  Epoch 34 [520/537] loss=0.0030 mask=0.6598 depth=0.0030
  Epoch 34 [530/537] loss=0.0030 mask=0.6585 depth=0.0030
  Train: loss=0.0033 mask=0.6580 depth=0.0033 time=472.8s
  Val epoch 34: loss=0.1159

=== Phase2 Epoch 35/49 ===
  Epoch 35 [10/537] loss=0.0027 mask=0.6254 depth=0.0027
  Epoch 35 [20/537] loss=0.0032 mask=0.6445 depth=0.0032
  Epoch 35 [30/537] loss=0.0030 mask=0.6683 depth=0.0030
  Epoch 35 [40/537] loss=0.0029 mask=0.6765 depth=0.0029
  Epoch 35 [50/537] loss=0.0029 mask=0.6781 depth=0.0029
  Epoch 35 [60/537] loss=0.0031 mask=0.6705 depth=0.0031
  Epoch 35 [70/537] loss=0.0031 mask=0.6563 depth=0.0031
  Epoch 35 [80/537] loss=0.0030 mask=0.6483 depth=0.0030
  Epoch 35 [90/537] loss=0.0030 mask=0.6464 depth=0.0030
  Epoch 35 [100/537] loss=0.0029 mask=0.6512 depth=0.0029
  Epoch 35 [110/537] loss=0.0029 mask=0.6565 depth=0.0029
  Epoch 35 [120/537] loss=0.0029 mask=0.6554 depth=0.0029
  Epoch 35 [130/537] loss=0.0028 mask=0.6582 depth=0.0028
  Epoch 35 [140/537] loss=0.0028 mask=0.6659 depth=0.0028
  Epoch 35 [150/537] loss=0.0028 mask=0.6665 depth=0.0028
  Epoch 35 [160/537] loss=0.0028 mask=0.6644 depth=0.0028
  Epoch 35 [170/537] loss=0.0028 mask=0.6643 depth=0.0028
  Epoch 35 [180/537] loss=0.0028 mask=0.6652 depth=0.0028
  Epoch 35 [190/537] loss=0.0028 mask=0.6673 depth=0.0028
  Epoch 35 [200/537] loss=0.0027 mask=0.6655 depth=0.0027
  Epoch 35 [210/537] loss=0.0028 mask=0.6657 depth=0.0028
  Epoch 35 [220/537] loss=0.0028 mask=0.6665 depth=0.0028
  Epoch 35 [230/537] loss=0.0028 mask=0.6678 depth=0.0028
  Epoch 35 [240/537] loss=0.0028 mask=0.6675 depth=0.0028
  Epoch 35 [250/537] loss=0.0028 mask=0.6692 depth=0.0028
  Epoch 35 [260/537] loss=0.0028 mask=0.6691 depth=0.0028
  Epoch 35 [270/537] loss=0.0028 mask=0.6692 depth=0.0028
  Epoch 35 [280/537] loss=0.0028 mask=0.6707 depth=0.0028
  Epoch 35 [290/537] loss=0.0028 mask=0.6715 depth=0.0028
  Epoch 35 [300/537] loss=0.0028 mask=0.6754 depth=0.0028
  Epoch 35 [310/537] loss=0.0028 mask=0.6738 depth=0.0028
  Epoch 35 [320/537] loss=0.0028 mask=0.6753 depth=0.0028
  Epoch 35 [330/537] loss=0.0028 mask=0.6759 depth=0.0028
  Epoch 35 [340/537] loss=0.0028 mask=0.6749 depth=0.0028
  Epoch 35 [350/537] loss=0.0028 mask=0.6737 depth=0.0028
  Epoch 35 [360/537] loss=0.0028 mask=0.6715 depth=0.0028
  Epoch 35 [370/537] loss=0.0028 mask=0.6718 depth=0.0028
  Epoch 35 [380/537] loss=0.0029 mask=0.6715 depth=0.0029
  Epoch 35 [390/537] loss=0.0029 mask=0.6727 depth=0.0029
  Epoch 35 [400/537] loss=0.0029 mask=0.6725 depth=0.0029
  Epoch 35 [410/537] loss=0.0029 mask=0.6725 depth=0.0029
  Epoch 35 [420/537] loss=0.0029 mask=0.6727 depth=0.0029
  Epoch 35 [430/537] loss=0.0029 mask=0.6737 depth=0.0029
  Epoch 35 [440/537] loss=0.0029 mask=0.6742 depth=0.0029
  Epoch 35 [450/537] loss=0.0029 mask=0.6734 depth=0.0029
  Epoch 35 [460/537] loss=0.0029 mask=0.6730 depth=0.0029
  Epoch 35 [470/537] loss=0.0029 mask=0.6721 depth=0.0029
  Epoch 35 [480/537] loss=0.0029 mask=0.6724 depth=0.0029
  Epoch 35 [490/537] loss=0.0029 mask=0.6707 depth=0.0029
  Epoch 35 [500/537] loss=0.0029 mask=0.6700 depth=0.0029
  Epoch 35 [510/537] loss=0.0029 mask=0.6689 depth=0.0029
  Epoch 35 [520/537] loss=0.0029 mask=0.6690 depth=0.0029
  Epoch 35 [530/537] loss=0.0029 mask=0.6687 depth=0.0029
  Train: loss=0.0045 mask=0.6693 depth=0.0045 time=502.3s
  Val epoch 35: loss=0.1173

=== Phase2 Epoch 36/49 ===
  Epoch 36 [10/537] loss=0.0036 mask=0.6119 depth=0.0036
  Epoch 36 [20/537] loss=0.0057 mask=0.6532 depth=0.0057
  Epoch 36 [30/537] loss=0.0049 mask=0.6491 depth=0.0049
  Epoch 36 [40/537] loss=0.0045 mask=0.6591 depth=0.0045
  Epoch 36 [50/537] loss=0.0042 mask=0.6664 depth=0.0042
  Epoch 36 [60/537] loss=0.0039 mask=0.6700 depth=0.0039
  Epoch 36 [70/537] loss=0.0037 mask=0.6745 depth=0.0037
  Epoch 36 [80/537] loss=0.0037 mask=0.6660 depth=0.0037
  Epoch 36 [90/537] loss=0.0036 mask=0.6654 depth=0.0036
  Epoch 36 [100/537] loss=0.0036 mask=0.6662 depth=0.0036
  Epoch 36 [110/537] loss=0.0036 mask=0.6668 depth=0.0036
  Epoch 36 [120/537] loss=0.0036 mask=0.6638 depth=0.0036
  Epoch 36 [130/537] loss=0.0036 mask=0.6650 depth=0.0036
  Epoch 36 [140/537] loss=0.0034 mask=0.6616 depth=0.0034
  Epoch 36 [150/537] loss=0.0033 mask=0.6595 depth=0.0033
  Epoch 36 [160/537] loss=0.0033 mask=0.6639 depth=0.0033
  Epoch 36 [170/537] loss=0.0033 mask=0.6664 depth=0.0033
  Epoch 36 [180/537] loss=0.0033 mask=0.6656 depth=0.0033
  Epoch 36 [190/537] loss=0.0032 mask=0.6626 depth=0.0032
  Epoch 36 [200/537] loss=0.0032 mask=0.6632 depth=0.0032
  Epoch 36 [210/537] loss=0.0032 mask=0.6622 depth=0.0032
  Epoch 36 [220/537] loss=0.0032 mask=0.6614 depth=0.0032
  Epoch 36 [230/537] loss=0.0032 mask=0.6612 depth=0.0032
  Epoch 36 [240/537] loss=0.0032 mask=0.6611 depth=0.0032
  Epoch 36 [250/537] loss=0.0032 mask=0.6608 depth=0.0032
  Epoch 36 [260/537] loss=0.0032 mask=0.6613 depth=0.0032
  Epoch 36 [270/537] loss=0.0032 mask=0.6599 depth=0.0032
  Epoch 36 [280/537] loss=0.0031 mask=0.6601 depth=0.0031
  Epoch 36 [290/537] loss=0.0031 mask=0.6585 depth=0.0031
  Epoch 36 [300/537] loss=0.0031 mask=0.6585 depth=0.0031
  Epoch 36 [310/537] loss=0.0031 mask=0.6591 depth=0.0031
  Epoch 36 [320/537] loss=0.0031 mask=0.6597 depth=0.0031
  Epoch 36 [330/537] loss=0.0030 mask=0.6609 depth=0.0030
  Epoch 36 [340/537] loss=0.0030 mask=0.6631 depth=0.0030
  Epoch 36 [350/537] loss=0.0030 mask=0.6633 depth=0.0030
  Epoch 36 [360/537] loss=0.0030 mask=0.6629 depth=0.0030
  Epoch 36 [370/537] loss=0.0030 mask=0.6628 depth=0.0030
  Epoch 36 [380/537] loss=0.0030 mask=0.6623 depth=0.0030
  Epoch 36 [390/537] loss=0.0030 mask=0.6622 depth=0.0030
  Epoch 36 [400/537] loss=0.0030 mask=0.6618 depth=0.0030
  Epoch 36 [410/537] loss=0.0030 mask=0.6606 depth=0.0030
  Epoch 36 [420/537] loss=0.0030 mask=0.6616 depth=0.0030
  Epoch 36 [430/537] loss=0.0030 mask=0.6596 depth=0.0030
  Epoch 36 [440/537] loss=0.0030 mask=0.6601 depth=0.0030
  Epoch 36 [450/537] loss=0.0030 mask=0.6600 depth=0.0030
  Epoch 36 [460/537] loss=0.0030 mask=0.6601 depth=0.0030
  Epoch 36 [470/537] loss=0.0030 mask=0.6607 depth=0.0030
  Epoch 36 [480/537] loss=0.0030 mask=0.6619 depth=0.0030
  Epoch 36 [490/537] loss=0.0030 mask=0.6617 depth=0.0030
  Epoch 36 [500/537] loss=0.0030 mask=0.6628 depth=0.0030
  Epoch 36 [510/537] loss=0.0030 mask=0.6633 depth=0.0030
  Epoch 36 [520/537] loss=0.0030 mask=0.6641 depth=0.0030
  Epoch 36 [530/537] loss=0.0030 mask=0.6639 depth=0.0030
  Train: loss=0.0032 mask=0.6645 depth=0.0032 time=476.1s
  Val epoch 36: loss=0.1175

=== Phase2 Epoch 37/49 ===
  Epoch 37 [10/537] loss=0.0041 mask=0.6300 depth=0.0041
  Epoch 37 [20/537] loss=0.0034 mask=0.6245 depth=0.0034
  Epoch 37 [30/537] loss=0.0030 mask=0.6524 depth=0.0030
  Epoch 37 [40/537] loss=0.0029 mask=0.6536 depth=0.0029
  Epoch 37 [50/537] loss=0.0030 mask=0.6516 depth=0.0030
  Epoch 37 [60/537] loss=0.0030 mask=0.6459 depth=0.0030
  Epoch 37 [70/537] loss=0.0029 mask=0.6448 depth=0.0029
  Epoch 37 [80/537] loss=0.0030 mask=0.6500 depth=0.0030
  Epoch 37 [90/537] loss=0.0029 mask=0.6439 depth=0.0029
  Epoch 37 [100/537] loss=0.0031 mask=0.6434 depth=0.0031
  Epoch 37 [110/537] loss=0.0030 mask=0.6435 depth=0.0030
  Epoch 37 [120/537] loss=0.0031 mask=0.6435 depth=0.0031
  Epoch 37 [130/537] loss=0.0030 mask=0.6431 depth=0.0030
  Epoch 37 [140/537] loss=0.0030 mask=0.6499 depth=0.0030
  Epoch 37 [150/537] loss=0.0030 mask=0.6512 depth=0.0030
  Epoch 37 [160/537] loss=0.0030 mask=0.6550 depth=0.0030
  Epoch 37 [170/537] loss=0.0030 mask=0.6555 depth=0.0030
  Epoch 37 [180/537] loss=0.0029 mask=0.6576 depth=0.0029
  Epoch 37 [190/537] loss=0.0029 mask=0.6560 depth=0.0029
  Epoch 37 [200/537] loss=0.0030 mask=0.6572 depth=0.0030
  Epoch 37 [210/537] loss=0.0030 mask=0.6577 depth=0.0030
  Epoch 37 [220/537] loss=0.0030 mask=0.6581 depth=0.0030
  Epoch 37 [230/537] loss=0.0030 mask=0.6584 depth=0.0030
  Epoch 37 [240/537] loss=0.0030 mask=0.6591 depth=0.0030
  Epoch 37 [250/537] loss=0.0029 mask=0.6609 depth=0.0029
  Epoch 37 [260/537] loss=0.0029 mask=0.6625 depth=0.0029
  Epoch 37 [270/537] loss=0.0029 mask=0.6615 depth=0.0029
  Epoch 37 [280/537] loss=0.0029 mask=0.6623 depth=0.0029
  Epoch 37 [290/537] loss=0.0029 mask=0.6610 depth=0.0029
  Epoch 37 [300/537] loss=0.0029 mask=0.6616 depth=0.0029
  Epoch 37 [310/537] loss=0.0028 mask=0.6641 depth=0.0028
  Epoch 37 [320/537] loss=0.0028 mask=0.6641 depth=0.0028
  Epoch 37 [330/537] loss=0.0029 mask=0.6635 depth=0.0029
  Epoch 37 [340/537] loss=0.0029 mask=0.6641 depth=0.0029
  Epoch 37 [350/537] loss=0.0029 mask=0.6640 depth=0.0029
  Epoch 37 [360/537] loss=0.0028 mask=0.6639 depth=0.0028
  Epoch 37 [370/537] loss=0.0029 mask=0.6630 depth=0.0029
  Epoch 37 [380/537] loss=0.0028 mask=0.6641 depth=0.0028
  Epoch 37 [390/537] loss=0.0028 mask=0.6637 depth=0.0028
  Epoch 37 [400/537] loss=0.0028 mask=0.6624 depth=0.0028
  Epoch 37 [410/537] loss=0.0028 mask=0.6626 depth=0.0028
  Epoch 37 [420/537] loss=0.0028 mask=0.6629 depth=0.0028
  Epoch 37 [430/537] loss=0.0028 mask=0.6638 depth=0.0028
  Epoch 37 [440/537] loss=0.0028 mask=0.6626 depth=0.0028
  Epoch 37 [450/537] loss=0.0028 mask=0.6624 depth=0.0028
  Epoch 37 [460/537] loss=0.0028 mask=0.6625 depth=0.0028
  Epoch 37 [470/537] loss=0.0028 mask=0.6624 depth=0.0028
  Epoch 37 [480/537] loss=0.0028 mask=0.6621 depth=0.0028
  Epoch 37 [490/537] loss=0.0028 mask=0.6628 depth=0.0028
  Epoch 37 [500/537] loss=0.0028 mask=0.6623 depth=0.0028
  Epoch 37 [510/537] loss=0.0028 mask=0.6638 depth=0.0028
  Epoch 37 [520/537] loss=0.0028 mask=0.6631 depth=0.0028
  Epoch 37 [530/537] loss=0.0028 mask=0.6623 depth=0.0028
  Train: loss=0.0028 mask=0.6612 depth=0.0028 time=489.5s
  Val epoch 37: loss=0.1157

=== Phase2 Epoch 38/49 ===
  Epoch 38 [10/537] loss=0.0037 mask=0.7390 depth=0.0037
  Epoch 38 [20/537] loss=0.0032 mask=0.7105 depth=0.0032
  Epoch 38 [30/537] loss=0.0028 mask=0.6806 depth=0.0028
  Epoch 38 [40/537] loss=0.0029 mask=0.6716 depth=0.0029
  Epoch 38 [50/537] loss=0.0027 mask=0.6632 depth=0.0027
  Epoch 38 [60/537] loss=0.0028 mask=0.6676 depth=0.0028
  Epoch 38 [70/537] loss=0.0027 mask=0.6733 depth=0.0027
  Epoch 38 [80/537] loss=0.0027 mask=0.6720 depth=0.0027
  Epoch 38 [90/537] loss=0.0026 mask=0.6659 depth=0.0026
  Epoch 38 [100/537] loss=0.0026 mask=0.6647 depth=0.0026
  Epoch 38 [110/537] loss=0.0026 mask=0.6632 depth=0.0026
  Epoch 38 [120/537] loss=0.0025 mask=0.6641 depth=0.0025
  Epoch 38 [130/537] loss=0.0027 mask=0.6649 depth=0.0027
  Epoch 38 [140/537] loss=0.0027 mask=0.6645 depth=0.0027
  Epoch 38 [150/537] loss=0.0027 mask=0.6677 depth=0.0027
  Epoch 38 [160/537] loss=0.0027 mask=0.6673 depth=0.0027
  Epoch 38 [170/537] loss=0.0027 mask=0.6706 depth=0.0027
  Epoch 38 [180/537] loss=0.0027 mask=0.6707 depth=0.0027
  Epoch 38 [190/537] loss=0.0027 mask=0.6722 depth=0.0027
  Epoch 38 [200/537] loss=0.0027 mask=0.6743 depth=0.0027
  Epoch 38 [210/537] loss=0.0027 mask=0.6728 depth=0.0027
  Epoch 38 [220/537] loss=0.0027 mask=0.6737 depth=0.0027
  Epoch 38 [230/537] loss=0.0027 mask=0.6767 depth=0.0027
  Epoch 38 [240/537] loss=0.0027 mask=0.6774 depth=0.0027
  Epoch 38 [250/537] loss=0.0027 mask=0.6759 depth=0.0027
  Epoch 38 [260/537] loss=0.0027 mask=0.6781 depth=0.0027
  Epoch 38 [270/537] loss=0.0027 mask=0.6801 depth=0.0027
  Epoch 38 [280/537] loss=0.0028 mask=0.6782 depth=0.0028
  Epoch 38 [290/537] loss=0.0028 mask=0.6762 depth=0.0028
  Epoch 38 [300/537] loss=0.0028 mask=0.6773 depth=0.0028
  Epoch 38 [310/537] loss=0.0028 mask=0.6790 depth=0.0028
  Epoch 38 [320/537] loss=0.0028 mask=0.6771 depth=0.0028
  Epoch 38 [330/537] loss=0.0027 mask=0.6778 depth=0.0027
  Epoch 38 [340/537] loss=0.0027 mask=0.6787 depth=0.0027
  Epoch 38 [350/537] loss=0.0027 mask=0.6759 depth=0.0027
  Epoch 38 [360/537] loss=0.0028 mask=0.6769 depth=0.0028
  Epoch 38 [370/537] loss=0.0027 mask=0.6758 depth=0.0027
  Epoch 38 [380/537] loss=0.0027 mask=0.6742 depth=0.0027
  Epoch 38 [390/537] loss=0.0027 mask=0.6739 depth=0.0027
  Epoch 38 [400/537] loss=0.0027 mask=0.6743 depth=0.0027
  Epoch 38 [410/537] loss=0.0027 mask=0.6731 depth=0.0027
  Epoch 38 [420/537] loss=0.0027 mask=0.6726 depth=0.0027
  Epoch 38 [430/537] loss=0.0027 mask=0.6725 depth=0.0027
  Epoch 38 [440/537] loss=0.0027 mask=0.6729 depth=0.0027
  Epoch 38 [450/537] loss=0.0027 mask=0.6727 depth=0.0027
  Epoch 38 [460/537] loss=0.0027 mask=0.6723 depth=0.0027
  Epoch 38 [470/537] loss=0.0027 mask=0.6710 depth=0.0027
  Epoch 38 [480/537] loss=0.0027 mask=0.6684 depth=0.0027
  Epoch 38 [490/537] loss=0.0027 mask=0.6694 depth=0.0027
  Epoch 38 [500/537] loss=0.0027 mask=0.6698 depth=0.0027
  Epoch 38 [510/537] loss=0.0027 mask=0.6694 depth=0.0027
  Epoch 38 [520/537] loss=0.0027 mask=0.6685 depth=0.0027
  Epoch 38 [530/537] loss=0.0027 mask=0.6683 depth=0.0027
  Train: loss=0.0035 mask=0.6669 depth=0.0035 time=466.8s
  Val epoch 38: loss=0.1118

=== Phase2 Epoch 39/49 ===
  Epoch 39 [10/537] loss=0.0031 mask=0.6805 depth=0.0031
  Epoch 39 [20/537] loss=0.0030 mask=0.6506 depth=0.0030
  Epoch 39 [30/537] loss=0.0029 mask=0.6547 depth=0.0029
  Epoch 39 [40/537] loss=0.0029 mask=0.6534 depth=0.0029
  Epoch 39 [50/537] loss=0.0030 mask=0.6500 depth=0.0030
  Epoch 39 [60/537] loss=0.0029 mask=0.6541 depth=0.0029
  Epoch 39 [70/537] loss=0.0029 mask=0.6639 depth=0.0029
  Epoch 39 [80/537] loss=0.0029 mask=0.6693 depth=0.0029
  Epoch 39 [90/537] loss=0.0028 mask=0.6728 depth=0.0028
  Epoch 39 [100/537] loss=0.0030 mask=0.6719 depth=0.0030
  Epoch 39 [110/537] loss=0.0030 mask=0.6653 depth=0.0030
  Epoch 39 [120/537] loss=0.0030 mask=0.6566 depth=0.0030
  Epoch 39 [130/537] loss=0.0029 mask=0.6579 depth=0.0029
  Epoch 39 [140/537] loss=0.0029 mask=0.6576 depth=0.0029
  Epoch 39 [150/537] loss=0.0028 mask=0.6579 depth=0.0028
  Epoch 39 [160/537] loss=0.0029 mask=0.6610 depth=0.0029
  Epoch 39 [170/537] loss=0.0028 mask=0.6582 depth=0.0028
  Epoch 39 [180/537] loss=0.0028 mask=0.6603 depth=0.0028
  Epoch 39 [190/537] loss=0.0028 mask=0.6581 depth=0.0028
  Epoch 39 [200/537] loss=0.0028 mask=0.6580 depth=0.0028
  Epoch 39 [210/537] loss=0.0028 mask=0.6592 depth=0.0028
  Epoch 39 [220/537] loss=0.0028 mask=0.6579 depth=0.0028
  Epoch 39 [230/537] loss=0.0028 mask=0.6578 depth=0.0028
  Epoch 39 [240/537] loss=0.0028 mask=0.6616 depth=0.0028
  Epoch 39 [250/537] loss=0.0028 mask=0.6631 depth=0.0028
  Epoch 39 [260/537] loss=0.0028 mask=0.6649 depth=0.0028
  Epoch 39 [270/537] loss=0.0027 mask=0.6650 depth=0.0027
  Epoch 39 [280/537] loss=0.0027 mask=0.6653 depth=0.0027
  Epoch 39 [290/537] loss=0.0027 mask=0.6658 depth=0.0027
  Epoch 39 [300/537] loss=0.0027 mask=0.6631 depth=0.0027
  Epoch 39 [310/537] loss=0.0028 mask=0.6658 depth=0.0028
  Epoch 39 [320/537] loss=0.0028 mask=0.6656 depth=0.0028
  Epoch 39 [330/537] loss=0.0028 mask=0.6696 depth=0.0028
  Epoch 39 [340/537] loss=0.0028 mask=0.6707 depth=0.0028
  Epoch 39 [350/537] loss=0.0028 mask=0.6698 depth=0.0028
  Epoch 39 [360/537] loss=0.0028 mask=0.6681 depth=0.0028
  Epoch 39 [370/537] loss=0.0027 mask=0.6676 depth=0.0027
  Epoch 39 [380/537] loss=0.0027 mask=0.6682 depth=0.0027
  Epoch 39 [390/537] loss=0.0027 mask=0.6675 depth=0.0027
  Epoch 39 [400/537] loss=0.0027 mask=0.6688 depth=0.0027
  Epoch 39 [410/537] loss=0.0027 mask=0.6694 depth=0.0027
  Epoch 39 [420/537] loss=0.0027 mask=0.6702 depth=0.0027
  Epoch 39 [430/537] loss=0.0027 mask=0.6685 depth=0.0027
  Epoch 39 [440/537] loss=0.0027 mask=0.6688 depth=0.0027
  Epoch 39 [450/537] loss=0.0027 mask=0.6663 depth=0.0027
  Epoch 39 [460/537] loss=0.0027 mask=0.6654 depth=0.0027
  Epoch 39 [470/537] loss=0.0027 mask=0.6646 depth=0.0027
  Epoch 39 [480/537] loss=0.0027 mask=0.6638 depth=0.0027
  Epoch 39 [490/537] loss=0.0027 mask=0.6630 depth=0.0027
  Epoch 39 [500/537] loss=0.0027 mask=0.6646 depth=0.0027
  Epoch 39 [510/537] loss=0.0027 mask=0.6649 depth=0.0027
  Epoch 39 [520/537] loss=0.0027 mask=0.6652 depth=0.0027
  Epoch 39 [530/537] loss=0.0027 mask=0.6657 depth=0.0027
  Train: loss=0.0028 mask=0.6656 depth=0.0028 time=514.4s
  Val epoch 39: loss=0.1133

=== Phase2 Epoch 40/49 ===
  Epoch 40 [10/537] loss=0.0020 mask=0.6728 depth=0.0020
  Epoch 40 [20/537] loss=0.0024 mask=0.6429 depth=0.0024
  Epoch 40 [30/537] loss=0.0026 mask=0.6614 depth=0.0026
  Epoch 40 [40/537] loss=0.0026 mask=0.6617 depth=0.0026
  Epoch 40 [50/537] loss=0.0026 mask=0.6546 depth=0.0026
  Epoch 40 [60/537] loss=0.0026 mask=0.6435 depth=0.0026
  Epoch 40 [70/537] loss=0.0027 mask=0.6559 depth=0.0027
  Epoch 40 [80/537] loss=0.0026 mask=0.6550 depth=0.0026
  Epoch 40 [90/537] loss=0.0026 mask=0.6521 depth=0.0026
  Epoch 40 [100/537] loss=0.0026 mask=0.6587 depth=0.0026
  Epoch 40 [110/537] loss=0.0026 mask=0.6608 depth=0.0026
  Epoch 40 [120/537] loss=0.0026 mask=0.6577 depth=0.0026
  Epoch 40 [130/537] loss=0.0025 mask=0.6554 depth=0.0025
  Epoch 40 [140/537] loss=0.0025 mask=0.6583 depth=0.0025
  Epoch 40 [150/537] loss=0.0025 mask=0.6571 depth=0.0025
  Epoch 40 [160/537] loss=0.0025 mask=0.6596 depth=0.0025
  Epoch 40 [170/537] loss=0.0025 mask=0.6601 depth=0.0025
  Epoch 40 [180/537] loss=0.0024 mask=0.6579 depth=0.0024
  Epoch 40 [190/537] loss=0.0024 mask=0.6593 depth=0.0024
  Epoch 40 [200/537] loss=0.0024 mask=0.6634 depth=0.0024
  Epoch 40 [210/537] loss=0.0024 mask=0.6636 depth=0.0024
  Epoch 40 [220/537] loss=0.0025 mask=0.6662 depth=0.0025
  Epoch 40 [230/537] loss=0.0024 mask=0.6666 depth=0.0024
  Epoch 40 [240/537] loss=0.0025 mask=0.6642 depth=0.0025
  Epoch 40 [250/537] loss=0.0024 mask=0.6621 depth=0.0024
  Epoch 40 [260/537] loss=0.0025 mask=0.6619 depth=0.0025
  Epoch 40 [270/537] loss=0.0025 mask=0.6625 depth=0.0025
  Epoch 40 [280/537] loss=0.0025 mask=0.6637 depth=0.0025
  Epoch 40 [290/537] loss=0.0025 mask=0.6646 depth=0.0025
  Epoch 40 [300/537] loss=0.0025 mask=0.6646 depth=0.0025
  Epoch 40 [310/537] loss=0.0025 mask=0.6654 depth=0.0025
  Epoch 40 [320/537] loss=0.0025 mask=0.6637 depth=0.0025
  Epoch 40 [330/537] loss=0.0025 mask=0.6661 depth=0.0025
  Epoch 40 [340/537] loss=0.0025 mask=0.6677 depth=0.0025
  Epoch 40 [350/537] loss=0.0025 mask=0.6678 depth=0.0025
  Epoch 40 [360/537] loss=0.0025 mask=0.6680 depth=0.0025
  Epoch 40 [370/537] loss=0.0025 mask=0.6655 depth=0.0025
  Epoch 40 [380/537] loss=0.0025 mask=0.6661 depth=0.0025
  Epoch 40 [390/537] loss=0.0026 mask=0.6652 depth=0.0026
  Epoch 40 [400/537] loss=0.0026 mask=0.6645 depth=0.0026
  Epoch 40 [410/537] loss=0.0026 mask=0.6662 depth=0.0026
  Epoch 40 [420/537] loss=0.0026 mask=0.6653 depth=0.0026
  Epoch 40 [430/537] loss=0.0026 mask=0.6663 depth=0.0026
  Epoch 40 [440/537] loss=0.0026 mask=0.6646 depth=0.0026
  Epoch 40 [450/537] loss=0.0025 mask=0.6617 depth=0.0025
  Epoch 40 [460/537] loss=0.0025 mask=0.6621 depth=0.0025
  Epoch 40 [470/537] loss=0.0026 mask=0.6630 depth=0.0026
  Epoch 40 [480/537] loss=0.0026 mask=0.6639 depth=0.0026
  Epoch 40 [490/537] loss=0.0026 mask=0.6627 depth=0.0026
  Epoch 40 [500/537] loss=0.0026 mask=0.6627 depth=0.0026
  Epoch 40 [510/537] loss=0.0026 mask=0.6625 depth=0.0026
  Epoch 40 [520/537] loss=0.0026 mask=0.6625 depth=0.0026
  Epoch 40 [530/537] loss=0.0026 mask=0.6623 depth=0.0026
  Train: loss=0.0049 mask=0.6620 depth=0.0049 time=481.7s
  Val epoch 40: loss=0.1129

=== Phase2 Epoch 41/49 ===
  Epoch 41 [10/537] loss=0.0026 mask=0.6625 depth=0.0026
  Epoch 41 [20/537] loss=0.0031 mask=0.6495 depth=0.0031
  Epoch 41 [30/537] loss=0.0030 mask=0.6591 depth=0.0030
  Epoch 41 [40/537] loss=0.0029 mask=0.6401 depth=0.0029
  Epoch 41 [50/537] loss=0.0027 mask=0.6311 depth=0.0027
  Epoch 41 [60/537] loss=0.0027 mask=0.6310 depth=0.0027
  Epoch 41 [70/537] loss=0.0025 mask=0.6241 depth=0.0025
  Epoch 41 [80/537] loss=0.0025 mask=0.6259 depth=0.0025
  Epoch 41 [90/537] loss=0.0025 mask=0.6259 depth=0.0025
  Epoch 41 [100/537] loss=0.0025 mask=0.6341 depth=0.0025
  Epoch 41 [110/537] loss=0.0025 mask=0.6357 depth=0.0025
  Epoch 41 [120/537] loss=0.0025 mask=0.6334 depth=0.0025
  Epoch 41 [130/537] loss=0.0025 mask=0.6367 depth=0.0025
  Epoch 41 [140/537] loss=0.0025 mask=0.6338 depth=0.0025
  Epoch 41 [150/537] loss=0.0025 mask=0.6310 depth=0.0025
  Epoch 41 [160/537] loss=0.0025 mask=0.6321 depth=0.0025
  Epoch 41 [170/537] loss=0.0025 mask=0.6330 depth=0.0025
  Epoch 41 [180/537] loss=0.0025 mask=0.6346 depth=0.0025
  Epoch 41 [190/537] loss=0.0025 mask=0.6354 depth=0.0025
  Epoch 41 [200/537] loss=0.0026 mask=0.6389 depth=0.0026
  Epoch 41 [210/537] loss=0.0026 mask=0.6404 depth=0.0026
  Epoch 41 [220/537] loss=0.0026 mask=0.6422 depth=0.0026
  Epoch 41 [230/537] loss=0.0026 mask=0.6411 depth=0.0026
  Epoch 41 [240/537] loss=0.0025 mask=0.6400 depth=0.0025
  Epoch 41 [250/537] loss=0.0025 mask=0.6396 depth=0.0025
  Epoch 41 [260/537] loss=0.0026 mask=0.6401 depth=0.0026
  Epoch 41 [270/537] loss=0.0025 mask=0.6425 depth=0.0025
  Epoch 41 [280/537] loss=0.0026 mask=0.6436 depth=0.0026
  Epoch 41 [290/537] loss=0.0026 mask=0.6448 depth=0.0026
  Epoch 41 [300/537] loss=0.0026 mask=0.6449 depth=0.0026
  Epoch 41 [310/537] loss=0.0025 mask=0.6438 depth=0.0025
  Epoch 41 [320/537] loss=0.0025 mask=0.6433 depth=0.0025
  Epoch 41 [330/537] loss=0.0026 mask=0.6441 depth=0.0026
  Epoch 41 [340/537] loss=0.0026 mask=0.6449 depth=0.0026
  Epoch 41 [350/537] loss=0.0026 mask=0.6454 depth=0.0026
  Epoch 41 [360/537] loss=0.0025 mask=0.6471 depth=0.0025
  Epoch 41 [370/537] loss=0.0025 mask=0.6498 depth=0.0025
  Epoch 41 [380/537] loss=0.0025 mask=0.6509 depth=0.0025
  Epoch 41 [390/537] loss=0.0025 mask=0.6494 depth=0.0025
  Epoch 41 [400/537] loss=0.0025 mask=0.6472 depth=0.0025
  Epoch 41 [410/537] loss=0.0025 mask=0.6469 depth=0.0025
  Epoch 41 [420/537] loss=0.0025 mask=0.6462 depth=0.0025
  Epoch 41 [430/537] loss=0.0025 mask=0.6467 depth=0.0025
  Epoch 41 [440/537] loss=0.0025 mask=0.6480 depth=0.0025
  Epoch 41 [450/537] loss=0.0025 mask=0.6476 depth=0.0025
  Epoch 41 [460/537] loss=0.0025 mask=0.6486 depth=0.0025
  Epoch 41 [470/537] loss=0.0025 mask=0.6493 depth=0.0025
  Epoch 41 [480/537] loss=0.0025 mask=0.6490 depth=0.0025
  Epoch 41 [490/537] loss=0.0025 mask=0.6486 depth=0.0025
  Epoch 41 [500/537] loss=0.0025 mask=0.6491 depth=0.0025
  Epoch 41 [510/537] loss=0.0025 mask=0.6493 depth=0.0025
  Epoch 41 [520/537] loss=0.0025 mask=0.6505 depth=0.0025
  Epoch 41 [530/537] loss=0.0025 mask=0.6517 depth=0.0025
  Train: loss=0.0026 mask=0.6526 depth=0.0026 time=524.8s
  Val epoch 41: loss=0.1117

=== Phase2 Epoch 42/49 ===
  Epoch 42 [10/537] loss=0.0026 mask=0.6760 depth=0.0026
  Epoch 42 [20/537] loss=0.0028 mask=0.6895 depth=0.0028
  Epoch 42 [30/537] loss=0.0028 mask=0.6905 depth=0.0028
  Epoch 42 [40/537] loss=0.0027 mask=0.6916 depth=0.0027
  Epoch 42 [50/537] loss=0.0026 mask=0.6769 depth=0.0026
  Epoch 42 [60/537] loss=0.0025 mask=0.6570 depth=0.0025
  Epoch 42 [70/537] loss=0.0025 mask=0.6667 depth=0.0025
  Epoch 42 [80/537] loss=0.0025 mask=0.6628 depth=0.0025
  Epoch 42 [90/537] loss=0.0025 mask=0.6587 depth=0.0025
  Epoch 42 [100/537] loss=0.0026 mask=0.6549 depth=0.0026
  Epoch 42 [110/537] loss=0.0025 mask=0.6548 depth=0.0025
  Epoch 42 [120/537] loss=0.0025 mask=0.6606 depth=0.0025
  Epoch 42 [130/537] loss=0.0024 mask=0.6599 depth=0.0024
  Epoch 42 [140/537] loss=0.0025 mask=0.6594 depth=0.0025
  Epoch 42 [150/537] loss=0.0025 mask=0.6609 depth=0.0025
  Epoch 42 [160/537] loss=0.0024 mask=0.6594 depth=0.0024
  Epoch 42 [170/537] loss=0.0024 mask=0.6601 depth=0.0024
  Epoch 42 [180/537] loss=0.0025 mask=0.6581 depth=0.0025
  Epoch 42 [190/537] loss=0.0024 mask=0.6607 depth=0.0024
  Epoch 42 [200/537] loss=0.0024 mask=0.6582 depth=0.0024
  Epoch 42 [210/537] loss=0.0024 mask=0.6579 depth=0.0024
  Epoch 42 [220/537] loss=0.0024 mask=0.6593 depth=0.0024
  Epoch 42 [230/537] loss=0.0024 mask=0.6600 depth=0.0024
  Epoch 42 [240/537] loss=0.0024 mask=0.6577 depth=0.0024
  Epoch 42 [250/537] loss=0.0024 mask=0.6597 depth=0.0024
  Epoch 42 [260/537] loss=0.0024 mask=0.6594 depth=0.0024
  Epoch 42 [270/537] loss=0.0024 mask=0.6575 depth=0.0024
  Epoch 42 [280/537] loss=0.0024 mask=0.6562 depth=0.0024
  Epoch 42 [290/537] loss=0.0024 mask=0.6556 depth=0.0024
  Epoch 42 [300/537] loss=0.0024 mask=0.6554 depth=0.0024
  Epoch 42 [310/537] loss=0.0023 mask=0.6563 depth=0.0023
  Epoch 42 [320/537] loss=0.0024 mask=0.6578 depth=0.0024
  Epoch 42 [330/537] loss=0.0024 mask=0.6564 depth=0.0024
  Epoch 42 [340/537] loss=0.0024 mask=0.6560 depth=0.0024
  Epoch 42 [350/537] loss=0.0024 mask=0.6551 depth=0.0024
  Epoch 42 [360/537] loss=0.0024 mask=0.6526 depth=0.0024
  Epoch 42 [370/537] loss=0.0024 mask=0.6522 depth=0.0024
  Epoch 42 [380/537] loss=0.0024 mask=0.6535 depth=0.0024
  Epoch 42 [390/537] loss=0.0024 mask=0.6546 depth=0.0024
  Epoch 42 [400/537] loss=0.0024 mask=0.6532 depth=0.0024
  Epoch 42 [410/537] loss=0.0024 mask=0.6540 depth=0.0024
  Epoch 42 [420/537] loss=0.0024 mask=0.6535 depth=0.0024
  Epoch 42 [430/537] loss=0.0024 mask=0.6539 depth=0.0024
  Epoch 42 [440/537] loss=0.0024 mask=0.6539 depth=0.0024
  Epoch 42 [450/537] loss=0.0024 mask=0.6522 depth=0.0024
  Epoch 42 [460/537] loss=0.0024 mask=0.6529 depth=0.0024
  Epoch 42 [470/537] loss=0.0024 mask=0.6531 depth=0.0024
  Epoch 42 [480/537] loss=0.0024 mask=0.6537 depth=0.0024
  Epoch 42 [490/537] loss=0.0024 mask=0.6541 depth=0.0024
  Epoch 42 [500/537] loss=0.0024 mask=0.6550 depth=0.0024
  Epoch 42 [510/537] loss=0.0024 mask=0.6550 depth=0.0024
  Epoch 42 [520/537] loss=0.0024 mask=0.6539 depth=0.0024
  Epoch 42 [530/537] loss=0.0024 mask=0.6542 depth=0.0024
  Train: loss=0.0025 mask=0.6548 depth=0.0025 time=473.5s
  Val epoch 42: loss=0.1148

=== Phase2 Epoch 43/49 ===
  Epoch 43 [10/537] loss=0.0026 mask=0.6165 depth=0.0026
  Epoch 43 [20/537] loss=0.0024 mask=0.6102 depth=0.0024
  Epoch 43 [30/537] loss=0.0024 mask=0.6300 depth=0.0024
  Epoch 43 [40/537] loss=0.0024 mask=0.6224 depth=0.0024
  Epoch 43 [50/537] loss=0.0024 mask=0.6430 depth=0.0024
  Epoch 43 [60/537] loss=0.0024 mask=0.6483 depth=0.0024
  Epoch 43 [70/537] loss=0.0023 mask=0.6435 depth=0.0023
  Epoch 43 [80/537] loss=0.0025 mask=0.6391 depth=0.0025
  Epoch 43 [90/537] loss=0.0025 mask=0.6466 depth=0.0025
  Epoch 43 [100/537] loss=0.0025 mask=0.6440 depth=0.0025
  Epoch 43 [110/537] loss=0.0025 mask=0.6380 depth=0.0025
  Epoch 43 [120/537] loss=0.0025 mask=0.6361 depth=0.0025
  Epoch 43 [130/537] loss=0.0025 mask=0.6377 depth=0.0025
  Epoch 43 [140/537] loss=0.0024 mask=0.6432 depth=0.0024
  Epoch 43 [150/537] loss=0.0024 mask=0.6465 depth=0.0024
  Epoch 43 [160/537] loss=0.0024 mask=0.6464 depth=0.0024
  Epoch 43 [170/537] loss=0.0024 mask=0.6486 depth=0.0024
  Epoch 43 [180/537] loss=0.0024 mask=0.6497 depth=0.0024
  Epoch 43 [190/537] loss=0.0024 mask=0.6508 depth=0.0024
  Epoch 43 [200/537] loss=0.0024 mask=0.6508 depth=0.0024
  Epoch 43 [210/537] loss=0.0024 mask=0.6531 depth=0.0024
  Epoch 43 [220/537] loss=0.0024 mask=0.6545 depth=0.0024
  Epoch 43 [230/537] loss=0.0024 mask=0.6551 depth=0.0024
  Epoch 43 [240/537] loss=0.0024 mask=0.6569 depth=0.0024
  Epoch 43 [250/537] loss=0.0024 mask=0.6598 depth=0.0024
  Epoch 43 [260/537] loss=0.0024 mask=0.6600 depth=0.0024
  Epoch 43 [270/537] loss=0.0024 mask=0.6602 depth=0.0024
  Epoch 43 [280/537] loss=0.0024 mask=0.6611 depth=0.0024
  Epoch 43 [290/537] loss=0.0024 mask=0.6623 depth=0.0024
  Epoch 43 [300/537] loss=0.0024 mask=0.6610 depth=0.0024
  Epoch 43 [310/537] loss=0.0024 mask=0.6616 depth=0.0024
  Epoch 43 [320/537] loss=0.0024 mask=0.6611 depth=0.0024
  Epoch 43 [330/537] loss=0.0024 mask=0.6612 depth=0.0024
  Epoch 43 [340/537] loss=0.0024 mask=0.6602 depth=0.0024
  Epoch 43 [350/537] loss=0.0024 mask=0.6609 depth=0.0024
  Epoch 43 [360/537] loss=0.0024 mask=0.6616 depth=0.0024
  Epoch 43 [370/537] loss=0.0024 mask=0.6587 depth=0.0024
  Epoch 43 [380/537] loss=0.0024 mask=0.6597 depth=0.0024
  Epoch 43 [390/537] loss=0.0024 mask=0.6597 depth=0.0024
  Epoch 43 [400/537] loss=0.0024 mask=0.6609 depth=0.0024
  Epoch 43 [410/537] loss=0.0024 mask=0.6612 depth=0.0024
  Epoch 43 [420/537] loss=0.0024 mask=0.6613 depth=0.0024
  Epoch 43 [430/537] loss=0.0024 mask=0.6622 depth=0.0024
  Epoch 43 [440/537] loss=0.0024 mask=0.6616 depth=0.0024
  Epoch 43 [450/537] loss=0.0024 mask=0.6608 depth=0.0024
  Epoch 43 [460/537] loss=0.0024 mask=0.6614 depth=0.0024
  Epoch 43 [470/537] loss=0.0024 mask=0.6603 depth=0.0024
  Epoch 43 [480/537] loss=0.0024 mask=0.6599 depth=0.0024
  Epoch 43 [490/537] loss=0.0024 mask=0.6607 depth=0.0024
  Epoch 43 [500/537] loss=0.0024 mask=0.6613 depth=0.0024
  Epoch 43 [510/537] loss=0.0024 mask=0.6607 depth=0.0024
  Epoch 43 [520/537] loss=0.0024 mask=0.6619 depth=0.0024
  Epoch 43 [530/537] loss=0.0024 mask=0.6617 depth=0.0024
  Train: loss=0.0026 mask=0.6609 depth=0.0026 time=526.5s
  Val epoch 43: loss=0.1121

=== Phase2 Epoch 44/49 ===
  Epoch 44 [10/537] loss=0.0025 mask=0.6435 depth=0.0025
  Epoch 44 [20/537] loss=0.0024 mask=0.6709 depth=0.0024
  Epoch 44 [30/537] loss=0.0025 mask=0.6635 depth=0.0025
  Epoch 44 [40/537] loss=0.0023 mask=0.6694 depth=0.0023
  Epoch 44 [50/537] loss=0.0024 mask=0.6783 depth=0.0024
  Epoch 44 [60/537] loss=0.0023 mask=0.6748 depth=0.0023
  Epoch 44 [70/537] loss=0.0023 mask=0.6689 depth=0.0023
  Epoch 44 [80/537] loss=0.0023 mask=0.6709 depth=0.0023
  Epoch 44 [90/537] loss=0.0023 mask=0.6671 depth=0.0023
  Epoch 44 [100/537] loss=0.0023 mask=0.6646 depth=0.0023
  Epoch 44 [110/537] loss=0.0023 mask=0.6556 depth=0.0023
  Epoch 44 [120/537] loss=0.0023 mask=0.6532 depth=0.0023
  Epoch 44 [130/537] loss=0.0023 mask=0.6553 depth=0.0023
  Epoch 44 [140/537] loss=0.0023 mask=0.6565 depth=0.0023
  Epoch 44 [150/537] loss=0.0023 mask=0.6601 depth=0.0023
  Epoch 44 [160/537] loss=0.0023 mask=0.6595 depth=0.0023
  Epoch 44 [170/537] loss=0.0023 mask=0.6589 depth=0.0023
  Epoch 44 [180/537] loss=0.0023 mask=0.6614 depth=0.0023
  Epoch 44 [190/537] loss=0.0023 mask=0.6620 depth=0.0023
  Epoch 44 [200/537] loss=0.0023 mask=0.6637 depth=0.0023
  Epoch 44 [210/537] loss=0.0023 mask=0.6637 depth=0.0023
  Epoch 44 [220/537] loss=0.0023 mask=0.6629 depth=0.0023
  Epoch 44 [230/537] loss=0.0023 mask=0.6641 depth=0.0023
  Epoch 44 [240/537] loss=0.0023 mask=0.6634 depth=0.0023
  Epoch 44 [250/537] loss=0.0023 mask=0.6628 depth=0.0023
  Epoch 44 [260/537] loss=0.0023 mask=0.6618 depth=0.0023
  Epoch 44 [270/537] loss=0.0023 mask=0.6619 depth=0.0023
  Epoch 44 [280/537] loss=0.0023 mask=0.6625 depth=0.0023
  Epoch 44 [290/537] loss=0.0023 mask=0.6648 depth=0.0023
  Epoch 44 [300/537] loss=0.0023 mask=0.6624 depth=0.0023
  Epoch 44 [310/537] loss=0.0023 mask=0.6636 depth=0.0023
  Epoch 44 [320/537] loss=0.0023 mask=0.6655 depth=0.0023
  Epoch 44 [330/537] loss=0.0023 mask=0.6646 depth=0.0023
  Epoch 44 [340/537] loss=0.0023 mask=0.6657 depth=0.0023
  Epoch 44 [350/537] loss=0.0023 mask=0.6668 depth=0.0023
  Epoch 44 [360/537] loss=0.0023 mask=0.6668 depth=0.0023
  Epoch 44 [370/537] loss=0.0023 mask=0.6674 depth=0.0023
  Epoch 44 [380/537] loss=0.0023 mask=0.6672 depth=0.0023
  Epoch 44 [390/537] loss=0.0023 mask=0.6687 depth=0.0023
  Epoch 44 [400/537] loss=0.0023 mask=0.6666 depth=0.0023
  Epoch 44 [410/537] loss=0.0023 mask=0.6665 depth=0.0023
  Epoch 44 [420/537] loss=0.0023 mask=0.6653 depth=0.0023
  Epoch 44 [430/537] loss=0.0023 mask=0.6648 depth=0.0023
  Epoch 44 [440/537] loss=0.0023 mask=0.6636 depth=0.0023
  Epoch 44 [450/537] loss=0.0023 mask=0.6640 depth=0.0023
  Epoch 44 [460/537] loss=0.0023 mask=0.6650 depth=0.0023
  Epoch 44 [470/537] loss=0.0023 mask=0.6641 depth=0.0023
  Epoch 44 [480/537] loss=0.0023 mask=0.6633 depth=0.0023
  Epoch 44 [490/537] loss=0.0023 mask=0.6644 depth=0.0023
  Epoch 44 [500/537] loss=0.0023 mask=0.6647 depth=0.0023
  Epoch 44 [510/537] loss=0.0024 mask=0.6648 depth=0.0024
  Epoch 44 [520/537] loss=0.0024 mask=0.6656 depth=0.0024
  Epoch 44 [530/537] loss=0.0024 mask=0.6657 depth=0.0024
  Train: loss=0.0024 mask=0.6642 depth=0.0024 time=469.1s
  Val epoch 44: loss=0.1137

=== Phase2 Epoch 45/49 ===
  Epoch 45 [10/537] loss=0.0029 mask=0.6218 depth=0.0029
  Epoch 45 [20/537] loss=0.0030 mask=0.6457 depth=0.0030
  Epoch 45 [30/537] loss=0.0025 mask=0.6381 depth=0.0025
  Epoch 45 [40/537] loss=0.0023 mask=0.6483 depth=0.0023
  Epoch 45 [50/537] loss=0.0023 mask=0.6527 depth=0.0023
  Epoch 45 [60/537] loss=0.0023 mask=0.6642 depth=0.0023
  Epoch 45 [70/537] loss=0.0025 mask=0.6664 depth=0.0025
  Epoch 45 [80/537] loss=0.0026 mask=0.6679 depth=0.0026
  Epoch 45 [90/537] loss=0.0026 mask=0.6686 depth=0.0026
  Epoch 45 [100/537] loss=0.0025 mask=0.6656 depth=0.0025
  Epoch 45 [110/537] loss=0.0025 mask=0.6690 depth=0.0025
  Epoch 45 [120/537] loss=0.0024 mask=0.6693 depth=0.0024
  Epoch 45 [130/537] loss=0.0024 mask=0.6741 depth=0.0024
  Epoch 45 [140/537] loss=0.0024 mask=0.6743 depth=0.0024
  Epoch 45 [150/537] loss=0.0024 mask=0.6771 depth=0.0024
  Epoch 45 [160/537] loss=0.0024 mask=0.6788 depth=0.0024
  Epoch 45 [170/537] loss=0.0024 mask=0.6764 depth=0.0024
  Epoch 45 [180/537] loss=0.0024 mask=0.6769 depth=0.0024
  Epoch 45 [190/537] loss=0.0024 mask=0.6762 depth=0.0024
  Epoch 45 [200/537] loss=0.0023 mask=0.6750 depth=0.0023
  Epoch 45 [210/537] loss=0.0024 mask=0.6759 depth=0.0024
  Epoch 45 [220/537] loss=0.0024 mask=0.6748 depth=0.0024
  Epoch 45 [230/537] loss=0.0024 mask=0.6745 depth=0.0024
  Epoch 45 [240/537] loss=0.0024 mask=0.6718 depth=0.0024
  Epoch 45 [250/537] loss=0.0025 mask=0.6714 depth=0.0025
  Epoch 45 [260/537] loss=0.0024 mask=0.6693 depth=0.0024
  Epoch 45 [270/537] loss=0.0024 mask=0.6691 depth=0.0024
  Epoch 45 [280/537] loss=0.0024 mask=0.6706 depth=0.0024
  Epoch 45 [290/537] loss=0.0024 mask=0.6672 depth=0.0024
  Epoch 45 [300/537] loss=0.0024 mask=0.6673 depth=0.0024
  Epoch 45 [310/537] loss=0.0024 mask=0.6654 depth=0.0024
  Epoch 45 [320/537] loss=0.0024 mask=0.6649 depth=0.0024
  Epoch 45 [330/537] loss=0.0024 mask=0.6649 depth=0.0024
  Epoch 45 [340/537] loss=0.0023 mask=0.6641 depth=0.0023
  Epoch 45 [350/537] loss=0.0024 mask=0.6640 depth=0.0024
  Epoch 45 [360/537] loss=0.0024 mask=0.6617 depth=0.0024
  Epoch 45 [370/537] loss=0.0024 mask=0.6610 depth=0.0024
  Epoch 45 [380/537] loss=0.0024 mask=0.6630 depth=0.0024
  Epoch 45 [390/537] loss=0.0024 mask=0.6611 depth=0.0024
  Epoch 45 [400/537] loss=0.0024 mask=0.6613 depth=0.0024
  Epoch 45 [410/537] loss=0.0024 mask=0.6611 depth=0.0024
  Epoch 45 [420/537] loss=0.0024 mask=0.6609 depth=0.0024
  Epoch 45 [430/537] loss=0.0023 mask=0.6600 depth=0.0023
  Epoch 45 [440/537] loss=0.0023 mask=0.6596 depth=0.0023
  Epoch 45 [450/537] loss=0.0023 mask=0.6588 depth=0.0023
  Epoch 45 [460/537] loss=0.0023 mask=0.6581 depth=0.0023
  Epoch 45 [470/537] loss=0.0023 mask=0.6591 depth=0.0023
  Epoch 45 [480/537] loss=0.0023 mask=0.6594 depth=0.0023
  Epoch 45 [490/537] loss=0.0023 mask=0.6600 depth=0.0023
  Epoch 45 [500/537] loss=0.0023 mask=0.6589 depth=0.0023
  Epoch 45 [510/537] loss=0.0023 mask=0.6599 depth=0.0023
  Epoch 45 [520/537] loss=0.0024 mask=0.6603 depth=0.0024
  Epoch 45 [530/537] loss=0.0024 mask=0.6609 depth=0.0024
  Train: loss=0.0024 mask=0.6610 depth=0.0024 time=509.1s
  Val epoch 45: loss=0.1115

=== Phase2 Epoch 46/49 ===
  Epoch 46 [10/537] loss=0.0025 mask=0.5906 depth=0.0025
  Epoch 46 [20/537] loss=0.0026 mask=0.6374 depth=0.0026
  Epoch 46 [30/537] loss=0.0024 mask=0.6381 depth=0.0024
  Epoch 46 [40/537] loss=0.0022 mask=0.6581 depth=0.0022
  Epoch 46 [50/537] loss=0.0024 mask=0.6580 depth=0.0024
  Epoch 46 [60/537] loss=0.0023 mask=0.6565 depth=0.0023
  Epoch 46 [70/537] loss=0.0023 mask=0.6572 depth=0.0023
  Epoch 46 [80/537] loss=0.0022 mask=0.6591 depth=0.0022
  Epoch 46 [90/537] loss=0.0022 mask=0.6551 depth=0.0022
  Epoch 46 [100/537] loss=0.0022 mask=0.6654 depth=0.0022
  Epoch 46 [110/537] loss=0.0022 mask=0.6626 depth=0.0022
  Epoch 46 [120/537] loss=0.0022 mask=0.6613 depth=0.0022
  Epoch 46 [130/537] loss=0.0022 mask=0.6581 depth=0.0022
  Epoch 46 [140/537] loss=0.0021 mask=0.6589 depth=0.0021
  Epoch 46 [150/537] loss=0.0022 mask=0.6536 depth=0.0022
  Epoch 46 [160/537] loss=0.0022 mask=0.6549 depth=0.0022
  Epoch 46 [170/537] loss=0.0022 mask=0.6523 depth=0.0022
  Epoch 46 [180/537] loss=0.0022 mask=0.6516 depth=0.0022
  Epoch 46 [190/537] loss=0.0022 mask=0.6552 depth=0.0022
  Epoch 46 [200/537] loss=0.0022 mask=0.6536 depth=0.0022
  Epoch 46 [210/537] loss=0.0022 mask=0.6532 depth=0.0022
  Epoch 46 [220/537] loss=0.0022 mask=0.6536 depth=0.0022
  Epoch 46 [230/537] loss=0.0022 mask=0.6547 depth=0.0022
  Epoch 46 [240/537] loss=0.0022 mask=0.6578 depth=0.0022
  Epoch 46 [250/537] loss=0.0022 mask=0.6586 depth=0.0022
  Epoch 46 [260/537] loss=0.0022 mask=0.6556 depth=0.0022
  Epoch 46 [270/537] loss=0.0022 mask=0.6559 depth=0.0022
  Epoch 46 [280/537] loss=0.0022 mask=0.6564 depth=0.0022
  Epoch 46 [290/537] loss=0.0022 mask=0.6561 depth=0.0022
  Epoch 46 [300/537] loss=0.0022 mask=0.6543 depth=0.0022
  Epoch 46 [310/537] loss=0.0022 mask=0.6560 depth=0.0022
  Epoch 46 [320/537] loss=0.0022 mask=0.6553 depth=0.0022
  Epoch 46 [330/537] loss=0.0022 mask=0.6563 depth=0.0022
  Epoch 46 [340/537] loss=0.0022 mask=0.6542 depth=0.0022
  Epoch 46 [350/537] loss=0.0022 mask=0.6564 depth=0.0022
  Epoch 46 [360/537] loss=0.0022 mask=0.6549 depth=0.0022
  Epoch 46 [370/537] loss=0.0022 mask=0.6565 depth=0.0022
  Epoch 46 [380/537] loss=0.0022 mask=0.6577 depth=0.0022
  Epoch 46 [390/537] loss=0.0022 mask=0.6587 depth=0.0022
  Epoch 46 [400/537] loss=0.0023 mask=0.6587 depth=0.0023
  Epoch 46 [410/537] loss=0.0023 mask=0.6599 depth=0.0023
  Epoch 46 [420/537] loss=0.0023 mask=0.6600 depth=0.0023
  Epoch 46 [430/537] loss=0.0023 mask=0.6581 depth=0.0023
  Epoch 46 [440/537] loss=0.0023 mask=0.6582 depth=0.0023
  Epoch 46 [450/537] loss=0.0023 mask=0.6575 depth=0.0023
  Epoch 46 [460/537] loss=0.0023 mask=0.6553 depth=0.0023
  Epoch 46 [470/537] loss=0.0023 mask=0.6562 depth=0.0023
  Epoch 46 [480/537] loss=0.0023 mask=0.6576 depth=0.0023
  Epoch 46 [490/537] loss=0.0023 mask=0.6602 depth=0.0023
  Epoch 46 [500/537] loss=0.0023 mask=0.6587 depth=0.0023
  Epoch 46 [510/537] loss=0.0023 mask=0.6589 depth=0.0023
  Epoch 46 [520/537] loss=0.0023 mask=0.6595 depth=0.0023
  Epoch 46 [530/537] loss=0.0023 mask=0.6596 depth=0.0023
  Train: loss=0.0030 mask=0.6601 depth=0.0030 time=545.9s
  Val epoch 46: loss=0.1126

=== Phase2 Epoch 47/49 ===
  Epoch 47 [10/537] loss=0.0026 mask=0.6218 depth=0.0026
  Epoch 47 [20/537] loss=0.0026 mask=0.6296 depth=0.0026
  Epoch 47 [30/537] loss=0.0023 mask=0.6285 depth=0.0023
  Epoch 47 [40/537] loss=0.0024 mask=0.6456 depth=0.0024
  Epoch 47 [50/537] loss=0.0023 mask=0.6482 depth=0.0023
  Epoch 47 [60/537] loss=0.0023 mask=0.6463 depth=0.0023
  Epoch 47 [70/537] loss=0.0023 mask=0.6460 depth=0.0023
  Epoch 47 [80/537] loss=0.0022 mask=0.6438 depth=0.0022
  Epoch 47 [90/537] loss=0.0022 mask=0.6427 depth=0.0022
  Epoch 47 [100/537] loss=0.0023 mask=0.6537 depth=0.0023
  Epoch 47 [110/537] loss=0.0023 mask=0.6516 depth=0.0023
  Epoch 47 [120/537] loss=0.0023 mask=0.6542 depth=0.0023
  Epoch 47 [130/537] loss=0.0024 mask=0.6542 depth=0.0024
  Epoch 47 [140/537] loss=0.0023 mask=0.6554 depth=0.0023
  Epoch 47 [150/537] loss=0.0023 mask=0.6530 depth=0.0023
  Epoch 47 [160/537] loss=0.0023 mask=0.6549 depth=0.0023
  Epoch 47 [170/537] loss=0.0023 mask=0.6553 depth=0.0023
  Epoch 47 [180/537] loss=0.0023 mask=0.6565 depth=0.0023
  Epoch 47 [190/537] loss=0.0023 mask=0.6591 depth=0.0023
  Epoch 47 [200/537] loss=0.0023 mask=0.6616 depth=0.0023
  Epoch 47 [210/537] loss=0.0023 mask=0.6629 depth=0.0023
  Epoch 47 [220/537] loss=0.0023 mask=0.6638 depth=0.0023
  Epoch 47 [230/537] loss=0.0024 mask=0.6615 depth=0.0024
  Epoch 47 [240/537] loss=0.0023 mask=0.6639 depth=0.0023
  Epoch 47 [250/537] loss=0.0023 mask=0.6656 depth=0.0023
  Epoch 47 [260/537] loss=0.0023 mask=0.6667 depth=0.0023
  Epoch 47 [270/537] loss=0.0023 mask=0.6675 depth=0.0023
  Epoch 47 [280/537] loss=0.0023 mask=0.6677 depth=0.0023
  Epoch 47 [290/537] loss=0.0023 mask=0.6648 depth=0.0023
  Epoch 47 [300/537] loss=0.0023 mask=0.6632 depth=0.0023
  Epoch 47 [310/537] loss=0.0023 mask=0.6639 depth=0.0023
  Epoch 47 [320/537] loss=0.0023 mask=0.6639 depth=0.0023
  Epoch 47 [330/537] loss=0.0024 mask=0.6627 depth=0.0024
  Epoch 47 [340/537] loss=0.0024 mask=0.6640 depth=0.0024
  Epoch 47 [350/537] loss=0.0024 mask=0.6623 depth=0.0024
  Epoch 47 [360/537] loss=0.0024 mask=0.6626 depth=0.0024
  Epoch 47 [370/537] loss=0.0024 mask=0.6629 depth=0.0024
  Epoch 47 [380/537] loss=0.0024 mask=0.6623 depth=0.0024
  Epoch 47 [390/537] loss=0.0024 mask=0.6622 depth=0.0024
  Epoch 47 [400/537] loss=0.0024 mask=0.6608 depth=0.0024
  Epoch 47 [410/537] loss=0.0024 mask=0.6624 depth=0.0024
  Epoch 47 [420/537] loss=0.0024 mask=0.6633 depth=0.0024
  Epoch 47 [430/537] loss=0.0024 mask=0.6620 depth=0.0024
  Epoch 47 [440/537] loss=0.0024 mask=0.6605 depth=0.0024
  Epoch 47 [450/537] loss=0.0024 mask=0.6610 depth=0.0024
  Epoch 47 [460/537] loss=0.0024 mask=0.6606 depth=0.0024
  Epoch 47 [470/537] loss=0.0024 mask=0.6610 depth=0.0024
  Epoch 47 [480/537] loss=0.0024 mask=0.6608 depth=0.0024
  Epoch 47 [490/537] loss=0.0024 mask=0.6598 depth=0.0024
  Epoch 47 [500/537] loss=0.0024 mask=0.6609 depth=0.0024
  Epoch 47 [510/537] loss=0.0024 mask=0.6613 depth=0.0024
  Epoch 47 [520/537] loss=0.0024 mask=0.6635 depth=0.0024
  Epoch 47 [530/537] loss=0.0023 mask=0.6635 depth=0.0023
  Train: loss=0.0032 mask=0.6634 depth=0.0032 time=563.5s
  Val epoch 47: loss=0.1082

=== Phase2 Epoch 48/49 ===
  Epoch 48 [10/537] loss=0.0034 mask=0.6511 depth=0.0034
  Epoch 48 [20/537] loss=0.0036 mask=0.6596 depth=0.0036
  Epoch 48 [30/537] loss=0.0032 mask=0.6508 depth=0.0032
  Epoch 48 [40/537] loss=0.0033 mask=0.6547 depth=0.0033
  Epoch 48 [50/537] loss=0.0030 mask=0.6401 depth=0.0030
  Epoch 48 [60/537] loss=0.0029 mask=0.6491 depth=0.0029
  Epoch 48 [70/537] loss=0.0029 mask=0.6516 depth=0.0029
  Epoch 48 [80/537] loss=0.0027 mask=0.6504 depth=0.0027
  Epoch 48 [90/537] loss=0.0027 mask=0.6473 depth=0.0027
  Epoch 48 [100/537] loss=0.0026 mask=0.6497 depth=0.0026
  Epoch 48 [110/537] loss=0.0026 mask=0.6420 depth=0.0026
  Epoch 48 [120/537] loss=0.0026 mask=0.6423 depth=0.0026
  Epoch 48 [130/537] loss=0.0026 mask=0.6416 depth=0.0026
  Epoch 48 [140/537] loss=0.0027 mask=0.6451 depth=0.0027
  Epoch 48 [150/537] loss=0.0026 mask=0.6458 depth=0.0026
  Epoch 48 [160/537] loss=0.0026 mask=0.6431 depth=0.0026
  Epoch 48 [170/537] loss=0.0026 mask=0.6419 depth=0.0026
  Epoch 48 [180/537] loss=0.0025 mask=0.6425 depth=0.0025
  Epoch 48 [190/537] loss=0.0025 mask=0.6404 depth=0.0025
  Epoch 48 [200/537] loss=0.0025 mask=0.6410 depth=0.0025
  Epoch 48 [210/537] loss=0.0025 mask=0.6418 depth=0.0025
  Epoch 48 [220/537] loss=0.0025 mask=0.6411 depth=0.0025
  Epoch 48 [230/537] loss=0.0025 mask=0.6424 depth=0.0025
  Epoch 48 [240/537] loss=0.0024 mask=0.6380 depth=0.0024
  Epoch 48 [250/537] loss=0.0024 mask=0.6414 depth=0.0024
  Epoch 48 [260/537] loss=0.0024 mask=0.6444 depth=0.0024
  Epoch 48 [270/537] loss=0.0024 mask=0.6459 depth=0.0024
  Epoch 48 [280/537] loss=0.0024 mask=0.6447 depth=0.0024
  Epoch 48 [290/537] loss=0.0024 mask=0.6431 depth=0.0024
  Epoch 48 [300/537] loss=0.0024 mask=0.6416 depth=0.0024
  Epoch 48 [310/537] loss=0.0024 mask=0.6402 depth=0.0024
  Epoch 48 [320/537] loss=0.0023 mask=0.6423 depth=0.0023
  Epoch 48 [330/537] loss=0.0024 mask=0.6419 depth=0.0024
  Epoch 48 [340/537] loss=0.0023 mask=0.6421 depth=0.0023
  Epoch 48 [350/537] loss=0.0023 mask=0.6433 depth=0.0023
  Epoch 48 [360/537] loss=0.0024 mask=0.6415 depth=0.0024
  Epoch 48 [370/537] loss=0.0024 mask=0.6408 depth=0.0024
  Epoch 48 [380/537] loss=0.0024 mask=0.6411 depth=0.0024
  Epoch 48 [390/537] loss=0.0023 mask=0.6412 depth=0.0023
  Epoch 48 [400/537] loss=0.0023 mask=0.6421 depth=0.0023
  Epoch 48 [410/537] loss=0.0024 mask=0.6437 depth=0.0024
  Epoch 48 [420/537] loss=0.0023 mask=0.6432 depth=0.0023
  Epoch 48 [430/537] loss=0.0023 mask=0.6440 depth=0.0023
  Epoch 48 [440/537] loss=0.0023 mask=0.6446 depth=0.0023
  Epoch 48 [450/537] loss=0.0024 mask=0.6453 depth=0.0024
  Epoch 48 [460/537] loss=0.0024 mask=0.6452 depth=0.0024
  Epoch 48 [470/537] loss=0.0024 mask=0.6436 depth=0.0024
  Epoch 48 [480/537] loss=0.0024 mask=0.6431 depth=0.0024
  Epoch 48 [490/537] loss=0.0024 mask=0.6437 depth=0.0024
  Epoch 48 [500/537] loss=0.0024 mask=0.6439 depth=0.0024
  Epoch 48 [510/537] loss=0.0024 mask=0.6438 depth=0.0024
  Epoch 48 [520/537] loss=0.0024 mask=0.6436 depth=0.0024
  Epoch 48 [530/537] loss=0.0024 mask=0.6438 depth=0.0024
  Train: loss=0.0026 mask=0.6447 depth=0.0026 time=564.1s
  Val epoch 48: loss=0.1137

=== Phase2 Epoch 49/49 ===
  Epoch 49 [10/537] loss=0.0025 mask=0.6379 depth=0.0025
  Epoch 49 [20/537] loss=0.0020 mask=0.6426 depth=0.0020
  Epoch 49 [30/537] loss=0.0019 mask=0.6488 depth=0.0019
  Epoch 49 [40/537] loss=0.0021 mask=0.6649 depth=0.0021
  Epoch 49 [50/537] loss=0.0021 mask=0.6632 depth=0.0021
  Epoch 49 [60/537] loss=0.0023 mask=0.6661 depth=0.0023
  Epoch 49 [70/537] loss=0.0023 mask=0.6633 depth=0.0023
  Epoch 49 [80/537] loss=0.0022 mask=0.6653 depth=0.0022
  Epoch 49 [90/537] loss=0.0022 mask=0.6612 depth=0.0022
  Epoch 49 [100/537] loss=0.0021 mask=0.6627 depth=0.0021
  Epoch 49 [110/537] loss=0.0021 mask=0.6616 depth=0.0021
  Epoch 49 [120/537] loss=0.0021 mask=0.6659 depth=0.0021
  Epoch 49 [130/537] loss=0.0022 mask=0.6651 depth=0.0022
  Epoch 49 [140/537] loss=0.0021 mask=0.6651 depth=0.0021
  Epoch 49 [150/537] loss=0.0022 mask=0.6687 depth=0.0022
  Epoch 49 [160/537] loss=0.0022 mask=0.6662 depth=0.0022
  Epoch 49 [170/537] loss=0.0022 mask=0.6667 depth=0.0022
  Epoch 49 [180/537] loss=0.0021 mask=0.6648 depth=0.0021
  Epoch 49 [190/537] loss=0.0021 mask=0.6652 depth=0.0021
  Epoch 49 [200/537] loss=0.0021 mask=0.6635 depth=0.0021
  Epoch 49 [210/537] loss=0.0021 mask=0.6628 depth=0.0021
  Epoch 49 [220/537] loss=0.0021 mask=0.6623 depth=0.0021
  Epoch 49 [230/537] loss=0.0021 mask=0.6613 depth=0.0021
  Epoch 49 [240/537] loss=0.0021 mask=0.6600 depth=0.0021
  Epoch 49 [250/537] loss=0.0021 mask=0.6602 depth=0.0021
  Epoch 49 [260/537] loss=0.0021 mask=0.6599 depth=0.0021
  Epoch 49 [270/537] loss=0.0021 mask=0.6593 depth=0.0021
  Epoch 49 [280/537] loss=0.0021 mask=0.6585 depth=0.0021
  Epoch 49 [290/537] loss=0.0021 mask=0.6546 depth=0.0021
  Epoch 49 [300/537] loss=0.0021 mask=0.6558 depth=0.0021
  Epoch 49 [310/537] loss=0.0021 mask=0.6558 depth=0.0021
  Epoch 49 [320/537] loss=0.0021 mask=0.6565 depth=0.0021
  Epoch 49 [330/537] loss=0.0021 mask=0.6569 depth=0.0021
  Epoch 49 [340/537] loss=0.0021 mask=0.6545 depth=0.0021
  Epoch 49 [350/537] loss=0.0021 mask=0.6556 depth=0.0021
  Epoch 49 [360/537] loss=0.0021 mask=0.6550 depth=0.0021
  Epoch 49 [370/537] loss=0.0021 mask=0.6538 depth=0.0021
  Epoch 49 [380/537] loss=0.0021 mask=0.6533 depth=0.0021
  Epoch 49 [390/537] loss=0.0021 mask=0.6547 depth=0.0021
  Epoch 49 [400/537] loss=0.0021 mask=0.6539 depth=0.0021
  Epoch 49 [410/537] loss=0.0021 mask=0.6526 depth=0.0021
  Epoch 49 [420/537] loss=0.0021 mask=0.6533 depth=0.0021
  Epoch 49 [430/537] loss=0.0021 mask=0.6527 depth=0.0021
  Epoch 49 [440/537] loss=0.0021 mask=0.6531 depth=0.0021
  Epoch 49 [450/537] loss=0.0022 mask=0.6518 depth=0.0022
  Epoch 49 [460/537] loss=0.0022 mask=0.6518 depth=0.0022
  Epoch 49 [470/537] loss=0.0022 mask=0.6517 depth=0.0022
  Epoch 49 [480/537] loss=0.0022 mask=0.6513 depth=0.0022
  Epoch 49 [490/537] loss=0.0022 mask=0.6519 depth=0.0022
  Epoch 49 [500/537] loss=0.0022 mask=0.6509 depth=0.0022
  Epoch 49 [510/537] loss=0.0022 mask=0.6513 depth=0.0022
  Epoch 49 [520/537] loss=0.0022 mask=0.6511 depth=0.0022
  Epoch 49 [530/537] loss=0.0022 mask=0.6528 depth=0.0022
  Train: loss=0.0025 mask=0.6531 depth=0.0025 time=548.8s
  Val epoch 49: loss=0.1111

Phase 2 complete. Best val loss: 0.1060



(dinov3-sam) LXT@ubuntu:~/lxt/DINOSAM$ cd /home/LXT/lxt/DINOSAM && CUDA_VISIBLE_DEVICES=1 python -m dinosam.evaluate --sam_checkpoint  /data3/LXT/data/checkpoint/sam_vit_b_01ec64.pth --encoder sam --phase1_checkpoint /data3/LXT/DINOv3-SAM/model_sam/SAM_date/phase1_best.pt  --phase2_checkpoint /data3/LXT/DINOv3-SAM/model_sam/SAM_data/phase2_best.pt --n_sub_iterations 8 --test_dir /data3/LXT/DINOv3-SAM/data_test  --save_masks_dir /data3/LXT/DINOv3-SAM/model_sam/SAM_data/eval_data_test
Test dataset: /data3/LXT/DINOv3-SAM/data_test
Test samples: 543
Iterative eval: n_sub=8, mask_prob=0.0

Phase 1 checkpoint not found: /data3/LXT/DINOv3-SAM/model_sam/SAM_date/phase1_best.pt

Loading Phase 2 model: /data3/LXT/DINOv3-SAM/model_sam/SAM_data/phase2_best.pt

============================================================
  Phase 2 Model (depth trained)
============================================================
  Segmentation Dice:  0.9354  (median: 0.9680)
  Segmentation IoU:   0.8897  (median: 0.9380)
  IoU Prediction:     0.8962
  IoU Pred MAE:       0.0585
  Depth MSE:          682.0087
  Depth MAE:          16.2522
  Depth RMSE:         26.1153
  Depth R²:           0.8065
  Depth Pred:         mean=-6.89  std=53.53
  Depth GT:           mean=-0.99  std=59.37
  Samples:            543

  Depth MAE by class (original scale):
       Depth       MAE      RMSE   Pred Mean     N
    --------  --------  --------  ----------  ----
        -100     19.57     25.14      -84.40    28
         -90     20.38     25.56      -77.81    28
         -80     14.00     17.89      -81.64    28
         -70     12.75     15.55      -75.95    28
         -50     11.52     14.55      -48.10    28
         -40      9.82     12.07      -37.58    29
         -30     10.80     13.56      -28.95    29
         -20      8.35     10.94      -16.84    29
         -10      7.42      9.27      -11.85    28
          +0      6.76      8.45       -2.40    40
         +10     11.54     13.75        3.10    29
         +20     15.08     19.92        8.26    28
         +30      8.31     11.10       25.89    28
         +40      8.23     12.34       34.13    28
         +50     11.11     13.82       40.85    28
         +70     20.98     24.33       57.69    28
         +80     33.67     48.74       57.57    27
         +90     28.29     42.17       73.52    26
        +100     59.75     72.79       45.22    26
  Saved: /data3/LXT/DINOv3-SAM/model_sam/SAM_data/eval_data_test/phase2/phase2_depth_pred_vs_gt.png
  Saved: /data3/LXT/DINOv3-SAM/model_sam/SAM_data/eval_data_test/phase2/phase2_depth_residual_vs_gt.png

  Masks + plots saved to: /data3/LXT/DINOv3-SAM/model_sam/SAM_data/eval_data_test/phase2
