nohup: ignoring input
/home/LXT/.conda/envs/dinov3-sam/lib/python3.10/runpy.py:126: RuntimeWarning: 'dinosam.train.trainer' found in sys.modules after import of package 'dinosam.train', but prior to execution of 'dinosam.train.trainer'; this may result in unpredictable behaviour
  warn(RuntimeWarning(msg))
Initialized depth branch from SAM inner weights (depth_prediction_head random)
Train samples: 1345  Val samples: 343

============================================================
PHASE 1: Mask-only training (dice + iou loss)
============================================================
Phase 1: Total params: 97,379,069  Trainable: 4,064,560

=== Phase1 Epoch 0/49 ===
  Epoch 0 [10/337] loss=1.3661 mask=0.8106 iou=0.5554
  Epoch 0 [20/337] loss=1.1628 mask=0.7961 iou=0.3667
  Epoch 0 [30/337] loss=1.0092 mask=0.7257 iou=0.2835
  Epoch 0 [40/337] loss=0.8632 mask=0.6220 iou=0.2412
  Epoch 0 [50/337] loss=0.7434 mask=0.5352 iou=0.2082
  Epoch 0 [60/337] loss=0.6818 mask=0.4883 iou=0.1935
  Epoch 0 [70/337] loss=0.6388 mask=0.4546 iou=0.1842
  Epoch 0 [80/337] loss=0.5895 mask=0.4188 iou=0.1707
  Epoch 0 [90/337] loss=0.5590 mask=0.3970 iou=0.1620
  Epoch 0 [100/337] loss=0.5296 mask=0.3761 iou=0.1535
  Epoch 0 [110/337] loss=0.4974 mask=0.3536 iou=0.1438
  Epoch 0 [120/337] loss=0.4802 mask=0.3413 iou=0.1389
  Epoch 0 [130/337] loss=0.4624 mask=0.3290 iou=0.1334
  Epoch 0 [140/337] loss=0.4406 mask=0.3138 iou=0.1268
  Epoch 0 [150/337] loss=0.4361 mask=0.3097 iou=0.1263
  Epoch 0 [160/337] loss=0.4260 mask=0.3021 iou=0.1239
  Epoch 0 [170/337] loss=0.4197 mask=0.2977 iou=0.1220
  Epoch 0 [180/337] loss=0.4066 mask=0.2889 iou=0.1177
  Epoch 0 [190/337] loss=0.4002 mask=0.2847 iou=0.1156
  Epoch 0 [200/337] loss=0.3914 mask=0.2787 iou=0.1127
  Epoch 0 [210/337] loss=0.3847 mask=0.2743 iou=0.1104
  Epoch 0 [220/337] loss=0.3784 mask=0.2698 iou=0.1085
  Epoch 0 [230/337] loss=0.3716 mask=0.2651 iou=0.1065
  Epoch 0 [240/337] loss=0.3648 mask=0.2605 iou=0.1043
  Epoch 0 [250/337] loss=0.3562 mask=0.2545 iou=0.1017
  Epoch 0 [260/337] loss=0.3503 mask=0.2500 iou=0.1002
  Epoch 0 [270/337] loss=0.3470 mask=0.2477 iou=0.0993
  Epoch 0 [280/337] loss=0.3433 mask=0.2452 iou=0.0982
  Epoch 0 [290/337] loss=0.3376 mask=0.2412 iou=0.0964
  Epoch 0 [300/337] loss=0.3330 mask=0.2382 iou=0.0948
  Epoch 0 [310/337] loss=0.3279 mask=0.2346 iou=0.0934
  Epoch 0 [320/337] loss=0.3236 mask=0.2315 iou=0.0921
  Epoch 0 [330/337] loss=0.3199 mask=0.2289 iou=0.0910
  Train: loss=0.3217 mask=0.2304 iou=0.0913 time=173.1s
  Val epoch 0: loss=0.2147
  Saved best phase1 model (val_loss=0.2147)

=== Phase1 Epoch 1/49 ===
  Epoch 1 [10/337] loss=0.2289 mask=0.1707 iou=0.0582
  Epoch 1 [20/337] loss=0.1881 mask=0.1370 iou=0.0511
  Epoch 1 [30/337] loss=0.2091 mask=0.1566 iou=0.0525
  Epoch 1 [40/337] loss=0.2144 mask=0.1609 iou=0.0535
  Epoch 1 [50/337] loss=0.2162 mask=0.1611 iou=0.0551
  Epoch 1 [60/337] loss=0.2083 mask=0.1551 iou=0.0532
  Epoch 1 [70/337] loss=0.2085 mask=0.1536 iou=0.0550
  Epoch 1 [80/337] loss=0.2127 mask=0.1565 iou=0.0562
  Epoch 1 [90/337] loss=0.2165 mask=0.1585 iou=0.0580
  Epoch 1 [100/337] loss=0.2131 mask=0.1561 iou=0.0570
  Epoch 1 [110/337] loss=0.2040 mask=0.1492 iou=0.0547
  Epoch 1 [120/337] loss=0.2112 mask=0.1537 iou=0.0576
  Epoch 1 [130/337] loss=0.2073 mask=0.1509 iou=0.0564
  Epoch 1 [140/337] loss=0.2075 mask=0.1513 iou=0.0561
  Epoch 1 [150/337] loss=0.2049 mask=0.1489 iou=0.0560
  Epoch 1 [160/337] loss=0.1982 mask=0.1440 iou=0.0543
  Epoch 1 [170/337] loss=0.2006 mask=0.1460 iou=0.0546
  Epoch 1 [180/337] loss=0.1963 mask=0.1432 iou=0.0531
  Epoch 1 [190/337] loss=0.1965 mask=0.1433 iou=0.0532
  Epoch 1 [200/337] loss=0.1990 mask=0.1449 iou=0.0541
  Epoch 1 [210/337] loss=0.2003 mask=0.1455 iou=0.0549
  Epoch 1 [220/337] loss=0.1974 mask=0.1433 iou=0.0542
  Epoch 1 [230/337] loss=0.1964 mask=0.1430 iou=0.0534
  Epoch 1 [240/337] loss=0.1934 mask=0.1412 iou=0.0522
  Epoch 1 [250/337] loss=0.1957 mask=0.1430 iou=0.0528
  Epoch 1 [260/337] loss=0.1970 mask=0.1437 iou=0.0533
  Epoch 1 [270/337] loss=0.1988 mask=0.1453 iou=0.0534
  Epoch 1 [280/337] loss=0.1979 mask=0.1446 iou=0.0532
  Epoch 1 [290/337] loss=0.2009 mask=0.1470 iou=0.0539
  Epoch 1 [300/337] loss=0.2025 mask=0.1478 iou=0.0547
  Epoch 1 [310/337] loss=0.2065 mask=0.1513 iou=0.0552
  Epoch 1 [320/337] loss=0.2062 mask=0.1510 iou=0.0552
  Epoch 1 [330/337] loss=0.2074 mask=0.1517 iou=0.0557
  Train: loss=0.2113 mask=0.1550 iou=0.0563 time=170.4s
  Val epoch 1: loss=0.2000
  Saved best phase1 model (val_loss=0.2000)

=== Phase1 Epoch 2/49 ===
  Epoch 2 [10/337] loss=0.1989 mask=0.1523 iou=0.0467
  Epoch 2 [20/337] loss=0.2371 mask=0.1765 iou=0.0605
  Epoch 2 [30/337] loss=0.2066 mask=0.1525 iou=0.0541
  Epoch 2 [40/337] loss=0.1967 mask=0.1432 iou=0.0535
  Epoch 2 [50/337] loss=0.1868 mask=0.1368 iou=0.0501
  Epoch 2 [60/337] loss=0.1937 mask=0.1407 iou=0.0529
  Epoch 2 [70/337] loss=0.2051 mask=0.1474 iou=0.0577
  Epoch 2 [80/337] loss=0.2053 mask=0.1485 iou=0.0568
  Epoch 2 [90/337] loss=0.1975 mask=0.1433 iou=0.0542
  Epoch 2 [100/337] loss=0.1913 mask=0.1390 iou=0.0523
  Epoch 2 [110/337] loss=0.1903 mask=0.1383 iou=0.0521
  Epoch 2 [120/337] loss=0.1904 mask=0.1385 iou=0.0519
  Epoch 2 [130/337] loss=0.1924 mask=0.1406 iou=0.0518
  Epoch 2 [140/337] loss=0.1914 mask=0.1403 iou=0.0511
  Epoch 2 [150/337] loss=0.1895 mask=0.1394 iou=0.0501
  Epoch 2 [160/337] loss=0.1979 mask=0.1450 iou=0.0529
  Epoch 2 [170/337] loss=0.2018 mask=0.1479 iou=0.0538
  Epoch 2 [180/337] loss=0.2038 mask=0.1487 iou=0.0550
  Epoch 2 [190/337] loss=0.2012 mask=0.1472 iou=0.0540
  Epoch 2 [200/337] loss=0.2009 mask=0.1475 iou=0.0534
  Epoch 2 [210/337] loss=0.2000 mask=0.1469 iou=0.0531
  Epoch 2 [220/337] loss=0.1970 mask=0.1445 iou=0.0525
  Epoch 2 [230/337] loss=0.1950 mask=0.1430 iou=0.0519
  Epoch 2 [240/337] loss=0.1916 mask=0.1407 iou=0.0509
  Epoch 2 [250/337] loss=0.1904 mask=0.1397 iou=0.0507
  Epoch 2 [260/337] loss=0.1906 mask=0.1394 iou=0.0511
  Epoch 2 [270/337] loss=0.1897 mask=0.1387 iou=0.0510
  Epoch 2 [280/337] loss=0.1893 mask=0.1387 iou=0.0506
  Epoch 2 [290/337] loss=0.1899 mask=0.1393 iou=0.0506
  Epoch 2 [300/337] loss=0.1907 mask=0.1399 iou=0.0508
  Epoch 2 [310/337] loss=0.1910 mask=0.1404 iou=0.0506
  Epoch 2 [320/337] loss=0.1901 mask=0.1398 iou=0.0503
  Epoch 2 [330/337] loss=0.1929 mask=0.1413 iou=0.0515
  Train: loss=0.1946 mask=0.1432 iou=0.0514 time=171.0s
  Val epoch 2: loss=0.2091

=== Phase1 Epoch 3/49 ===
  Epoch 3 [10/337] loss=0.2901 mask=0.2121 iou=0.0780
  Epoch 3 [20/337] loss=0.2381 mask=0.1747 iou=0.0635
  Epoch 3 [30/337] loss=0.2219 mask=0.1637 iou=0.0582
  Epoch 3 [40/337] loss=0.1995 mask=0.1477 iou=0.0518
  Epoch 3 [50/337] loss=0.2099 mask=0.1560 iou=0.0539
  Epoch 3 [60/337] loss=0.2114 mask=0.1560 iou=0.0554
  Epoch 3 [70/337] loss=0.2037 mask=0.1510 iou=0.0527
  Epoch 3 [80/337] loss=0.2001 mask=0.1486 iou=0.0516
  Epoch 3 [90/337] loss=0.2007 mask=0.1494 iou=0.0513
  Epoch 3 [100/337] loss=0.1935 mask=0.1442 iou=0.0493
  Epoch 3 [110/337] loss=0.1948 mask=0.1441 iou=0.0507
  Epoch 3 [120/337] loss=0.1972 mask=0.1460 iou=0.0513
  Epoch 3 [130/337] loss=0.1978 mask=0.1473 iou=0.0505
  Epoch 3 [140/337] loss=0.1927 mask=0.1436 iou=0.0491
  Epoch 3 [150/337] loss=0.1966 mask=0.1466 iou=0.0501
  Epoch 3 [160/337] loss=0.1988 mask=0.1478 iou=0.0510
  Epoch 3 [170/337] loss=0.1963 mask=0.1460 iou=0.0503
  Epoch 3 [180/337] loss=0.1961 mask=0.1452 iou=0.0508
  Epoch 3 [190/337] loss=0.1961 mask=0.1456 iou=0.0505
  Epoch 3 [200/337] loss=0.1959 mask=0.1455 iou=0.0503
  Epoch 3 [210/337] loss=0.1941 mask=0.1437 iou=0.0503
  Epoch 3 [220/337] loss=0.1902 mask=0.1412 iou=0.0490
  Epoch 3 [230/337] loss=0.1931 mask=0.1431 iou=0.0500
  Epoch 3 [240/337] loss=0.1924 mask=0.1425 iou=0.0499
  Epoch 3 [250/337] loss=0.1934 mask=0.1437 iou=0.0497
  Epoch 3 [260/337] loss=0.1912 mask=0.1421 iou=0.0491
  Epoch 3 [270/337] loss=0.1904 mask=0.1416 iou=0.0488
  Epoch 3 [280/337] loss=0.1931 mask=0.1436 iou=0.0496
  Epoch 3 [290/337] loss=0.1942 mask=0.1440 iou=0.0502
  Epoch 3 [300/337] loss=0.1938 mask=0.1437 iou=0.0500
  Epoch 3 [310/337] loss=0.1944 mask=0.1442 iou=0.0502
  Epoch 3 [320/337] loss=0.1969 mask=0.1456 iou=0.0512
  Epoch 3 [330/337] loss=0.1961 mask=0.1451 iou=0.0510
  Train: loss=0.1980 mask=0.1468 iou=0.0512 time=169.7s
  Val epoch 3: loss=0.1842
  Saved best phase1 model (val_loss=0.1842)

=== Phase1 Epoch 4/49 ===
  Epoch 4 [10/337] loss=0.2037 mask=0.1422 iou=0.0615
  Epoch 4 [20/337] loss=0.1953 mask=0.1372 iou=0.0580
  Epoch 4 [30/337] loss=0.2032 mask=0.1455 iou=0.0577
  Epoch 4 [40/337] loss=0.2064 mask=0.1501 iou=0.0563
  Epoch 4 [50/337] loss=0.2007 mask=0.1475 iou=0.0532
  Epoch 4 [60/337] loss=0.1990 mask=0.1463 iou=0.0527
  Epoch 4 [70/337] loss=0.1932 mask=0.1424 iou=0.0508
  Epoch 4 [80/337] loss=0.1857 mask=0.1370 iou=0.0487
  Epoch 4 [90/337] loss=0.1833 mask=0.1355 iou=0.0478
  Epoch 4 [100/337] loss=0.1839 mask=0.1363 iou=0.0476
  Epoch 4 [110/337] loss=0.1840 mask=0.1363 iou=0.0477
  Epoch 4 [120/337] loss=0.1912 mask=0.1413 iou=0.0499
  Epoch 4 [130/337] loss=0.1865 mask=0.1384 iou=0.0481
  Epoch 4 [140/337] loss=0.1864 mask=0.1375 iou=0.0489
  Epoch 4 [150/337] loss=0.1831 mask=0.1352 iou=0.0478
  Epoch 4 [160/337] loss=0.1808 mask=0.1331 iou=0.0477
  Epoch 4 [170/337] loss=0.1807 mask=0.1330 iou=0.0477
  Epoch 4 [180/337] loss=0.1796 mask=0.1326 iou=0.0470
  Epoch 4 [190/337] loss=0.1821 mask=0.1340 iou=0.0481
  Epoch 4 [200/337] loss=0.1825 mask=0.1351 iou=0.0474
  Epoch 4 [210/337] loss=0.1825 mask=0.1352 iou=0.0473
  Epoch 4 [220/337] loss=0.1817 mask=0.1349 iou=0.0468
  Epoch 4 [230/337] loss=0.1811 mask=0.1345 iou=0.0466
  Epoch 4 [240/337] loss=0.1802 mask=0.1337 iou=0.0465
  Epoch 4 [250/337] loss=0.1797 mask=0.1333 iou=0.0464
  Epoch 4 [260/337] loss=0.1781 mask=0.1321 iou=0.0460
  Epoch 4 [270/337] loss=0.1790 mask=0.1326 iou=0.0465
  Epoch 4 [280/337] loss=0.1779 mask=0.1318 iou=0.0461
  Epoch 4 [290/337] loss=0.1751 mask=0.1299 iou=0.0452
  Epoch 4 [300/337] loss=0.1778 mask=0.1317 iou=0.0461
  Epoch 4 [310/337] loss=0.1776 mask=0.1318 iou=0.0458
  Epoch 4 [320/337] loss=0.1758 mask=0.1302 iou=0.0456
  Epoch 4 [330/337] loss=0.1758 mask=0.1301 iou=0.0457
  Train: loss=0.1789 mask=0.1332 iou=0.0457 time=169.0s
  Val epoch 4: loss=0.1873

=== Phase1 Epoch 5/49 ===
  Epoch 5 [10/337] loss=0.1770 mask=0.1326 iou=0.0444
  Epoch 5 [20/337] loss=0.1573 mask=0.1151 iou=0.0422
  Epoch 5 [30/337] loss=0.1447 mask=0.1086 iou=0.0361
  Epoch 5 [40/337] loss=0.1600 mask=0.1182 iou=0.0417
  Epoch 5 [50/337] loss=0.1762 mask=0.1289 iou=0.0474
  Epoch 5 [60/337] loss=0.1736 mask=0.1283 iou=0.0452
  Epoch 5 [70/337] loss=0.1739 mask=0.1292 iou=0.0447
  Epoch 5 [80/337] loss=0.1767 mask=0.1300 iou=0.0467
  Epoch 5 [90/337] loss=0.1811 mask=0.1335 iou=0.0476
  Epoch 5 [100/337] loss=0.1839 mask=0.1351 iou=0.0488
  Epoch 5 [110/337] loss=0.1816 mask=0.1342 iou=0.0474
  Epoch 5 [120/337] loss=0.1834 mask=0.1349 iou=0.0486
  Epoch 5 [130/337] loss=0.1832 mask=0.1347 iou=0.0485
  Epoch 5 [140/337] loss=0.1788 mask=0.1314 iou=0.0475
  Epoch 5 [150/337] loss=0.1759 mask=0.1287 iou=0.0471
  Epoch 5 [160/337] loss=0.1786 mask=0.1309 iou=0.0477
  Epoch 5 [170/337] loss=0.1794 mask=0.1319 iou=0.0474
  Epoch 5 [180/337] loss=0.1801 mask=0.1326 iou=0.0474
  Epoch 5 [190/337] loss=0.1824 mask=0.1346 iou=0.0479
  Epoch 5 [200/337] loss=0.1834 mask=0.1355 iou=0.0479
  Epoch 5 [210/337] loss=0.1797 mask=0.1330 iou=0.0467
  Epoch 5 [220/337] loss=0.1782 mask=0.1316 iou=0.0466
  Epoch 5 [230/337] loss=0.1787 mask=0.1324 iou=0.0463
  Epoch 5 [240/337] loss=0.1780 mask=0.1318 iou=0.0462
  Epoch 5 [250/337] loss=0.1772 mask=0.1311 iou=0.0461
  Epoch 5 [260/337] loss=0.1812 mask=0.1338 iou=0.0474
  Epoch 5 [270/337] loss=0.1773 mask=0.1310 iou=0.0463
  Epoch 5 [280/337] loss=0.1811 mask=0.1337 iou=0.0474
  Epoch 5 [290/337] loss=0.1792 mask=0.1323 iou=0.0469
  Epoch 5 [300/337] loss=0.1830 mask=0.1351 iou=0.0478
  Epoch 5 [310/337] loss=0.1834 mask=0.1355 iou=0.0479
  Epoch 5 [320/337] loss=0.1818 mask=0.1343 iou=0.0474
  Epoch 5 [330/337] loss=0.1802 mask=0.1334 iou=0.0468
  Train: loss=0.1824 mask=0.1356 iou=0.0467 time=168.8s
  Val epoch 5: loss=0.1808
  Saved best phase1 model (val_loss=0.1808)

=== Phase1 Epoch 6/49 ===
  Epoch 6 [10/337] loss=0.0657 mask=0.0490 iou=0.0167
  Epoch 6 [20/337] loss=0.0950 mask=0.0729 iou=0.0222
  Epoch 6 [30/337] loss=0.1192 mask=0.0879 iou=0.0314
  Epoch 6 [40/337] loss=0.1308 mask=0.0970 iou=0.0338
  Epoch 6 [50/337] loss=0.1447 mask=0.1067 iou=0.0380
  Epoch 6 [60/337] loss=0.1591 mask=0.1177 iou=0.0414
  Epoch 6 [70/337] loss=0.1659 mask=0.1237 iou=0.0421
  Epoch 6 [80/337] loss=0.1701 mask=0.1280 iou=0.0421
  Epoch 6 [90/337] loss=0.1695 mask=0.1274 iou=0.0421
  Epoch 6 [100/337] loss=0.1698 mask=0.1272 iou=0.0426
  Epoch 6 [110/337] loss=0.1651 mask=0.1236 iou=0.0414
  Epoch 6 [120/337] loss=0.1675 mask=0.1256 iou=0.0419
  Epoch 6 [130/337] loss=0.1648 mask=0.1233 iou=0.0415
  Epoch 6 [140/337] loss=0.1652 mask=0.1235 iou=0.0417
  Epoch 6 [150/337] loss=0.1671 mask=0.1247 iou=0.0425
  Epoch 6 [160/337] loss=0.1647 mask=0.1226 iou=0.0421
  Epoch 6 [170/337] loss=0.1653 mask=0.1232 iou=0.0421
  Epoch 6 [180/337] loss=0.1653 mask=0.1234 iou=0.0419
  Epoch 6 [190/337] loss=0.1652 mask=0.1234 iou=0.0417
  Epoch 6 [200/337] loss=0.1647 mask=0.1228 iou=0.0419
  Epoch 6 [210/337] loss=0.1662 mask=0.1241 iou=0.0421
  Epoch 6 [220/337] loss=0.1663 mask=0.1242 iou=0.0421
  Epoch 6 [230/337] loss=0.1651 mask=0.1233 iou=0.0418
  Epoch 6 [240/337] loss=0.1650 mask=0.1230 iou=0.0420
  Epoch 6 [250/337] loss=0.1673 mask=0.1245 iou=0.0429
  Epoch 6 [260/337] loss=0.1682 mask=0.1251 iou=0.0431
  Epoch 6 [270/337] loss=0.1688 mask=0.1253 iou=0.0434
  Epoch 6 [280/337] loss=0.1688 mask=0.1252 iou=0.0436
  Epoch 6 [290/337] loss=0.1673 mask=0.1242 iou=0.0430
  Epoch 6 [300/337] loss=0.1663 mask=0.1235 iou=0.0428
  Epoch 6 [310/337] loss=0.1650 mask=0.1224 iou=0.0426
  Epoch 6 [320/337] loss=0.1664 mask=0.1235 iou=0.0430
  Epoch 6 [330/337] loss=0.1678 mask=0.1247 iou=0.0432
  Train: loss=0.1691 mask=0.1264 iou=0.0427 time=168.8s
  Val epoch 6: loss=0.1975

=== Phase1 Epoch 7/49 ===
  Epoch 7 [10/337] loss=0.1414 mask=0.1058 iou=0.0356
  Epoch 7 [20/337] loss=0.1518 mask=0.1123 iou=0.0395
  Epoch 7 [30/337] loss=0.1569 mask=0.1191 iou=0.0378
  Epoch 7 [40/337] loss=0.1511 mask=0.1109 iou=0.0402
  Epoch 7 [50/337] loss=0.1458 mask=0.1072 iou=0.0386
  Epoch 7 [60/337] loss=0.1538 mask=0.1140 iou=0.0398
  Epoch 7 [70/337] loss=0.1589 mask=0.1201 iou=0.0388
  Epoch 7 [80/337] loss=0.1629 mask=0.1227 iou=0.0403
  Epoch 7 [90/337] loss=0.1643 mask=0.1239 iou=0.0404
  Epoch 7 [100/337] loss=0.1598 mask=0.1209 iou=0.0389
  Epoch 7 [110/337] loss=0.1613 mask=0.1226 iou=0.0387
  Epoch 7 [120/337] loss=0.1606 mask=0.1218 iou=0.0387
  Epoch 7 [130/337] loss=0.1617 mask=0.1224 iou=0.0393
  Epoch 7 [140/337] loss=0.1630 mask=0.1228 iou=0.0402
  Epoch 7 [150/337] loss=0.1674 mask=0.1253 iou=0.0421
  Epoch 7 [160/337] loss=0.1693 mask=0.1256 iou=0.0437
  Epoch 7 [170/337] loss=0.1630 mask=0.1209 iou=0.0420
  Epoch 7 [180/337] loss=0.1616 mask=0.1202 iou=0.0415
  Epoch 7 [190/337] loss=0.1586 mask=0.1182 iou=0.0404
  Epoch 7 [200/337] loss=0.1583 mask=0.1179 iou=0.0403
  Epoch 7 [210/337] loss=0.1597 mask=0.1190 iou=0.0407
  Epoch 7 [220/337] loss=0.1587 mask=0.1179 iou=0.0408
  Epoch 7 [230/337] loss=0.1596 mask=0.1183 iou=0.0413
  Epoch 7 [240/337] loss=0.1621 mask=0.1201 iou=0.0421
  Epoch 7 [250/337] loss=0.1592 mask=0.1178 iou=0.0413
  Epoch 7 [260/337] loss=0.1622 mask=0.1198 iou=0.0424
  Epoch 7 [270/337] loss=0.1601 mask=0.1185 iou=0.0416
  Epoch 7 [280/337] loss=0.1613 mask=0.1197 iou=0.0417
  Epoch 7 [290/337] loss=0.1615 mask=0.1195 iou=0.0420
  Epoch 7 [300/337] loss=0.1606 mask=0.1189 iou=0.0417
  Epoch 7 [310/337] loss=0.1606 mask=0.1190 iou=0.0416
  Epoch 7 [320/337] loss=0.1620 mask=0.1200 iou=0.0420
  Epoch 7 [330/337] loss=0.1634 mask=0.1210 iou=0.0424
  Train: loss=0.1659 mask=0.1237 iou=0.0423 time=169.7s
  Val epoch 7: loss=0.1779
  Saved best phase1 model (val_loss=0.1779)

=== Phase1 Epoch 8/49 ===
  Epoch 8 [10/337] loss=0.1241 mask=0.0978 iou=0.0263
  Epoch 8 [20/337] loss=0.1350 mask=0.1063 iou=0.0287
  Epoch 8 [30/337] loss=0.1494 mask=0.1144 iou=0.0350
  Epoch 8 [40/337] loss=0.1586 mask=0.1206 iou=0.0380
  Epoch 8 [50/337] loss=0.1798 mask=0.1366 iou=0.0431
  Epoch 8 [60/337] loss=0.1641 mask=0.1244 iou=0.0398
  Epoch 8 [70/337] loss=0.1735 mask=0.1308 iou=0.0426
  Epoch 8 [80/337] loss=0.1731 mask=0.1299 iou=0.0432
  Epoch 8 [90/337] loss=0.1676 mask=0.1262 iou=0.0414
  Epoch 8 [100/337] loss=0.1633 mask=0.1227 iou=0.0406
  Epoch 8 [110/337] loss=0.1630 mask=0.1214 iou=0.0416
  Epoch 8 [120/337] loss=0.1613 mask=0.1204 iou=0.0409
  Epoch 8 [130/337] loss=0.1615 mask=0.1205 iou=0.0410
  Epoch 8 [140/337] loss=0.1589 mask=0.1187 iou=0.0402
  Epoch 8 [150/337] loss=0.1595 mask=0.1190 iou=0.0405
  Epoch 8 [160/337] loss=0.1611 mask=0.1195 iou=0.0417
  Epoch 8 [170/337] loss=0.1579 mask=0.1170 iou=0.0409
  Epoch 8 [180/337] loss=0.1580 mask=0.1172 iou=0.0409
  Epoch 8 [190/337] loss=0.1582 mask=0.1176 iou=0.0405
  Epoch 8 [200/337] loss=0.1590 mask=0.1181 iou=0.0410
  Epoch 8 [210/337] loss=0.1567 mask=0.1167 iou=0.0400
  Epoch 8 [220/337] loss=0.1560 mask=0.1159 iou=0.0401
  Epoch 8 [230/337] loss=0.1563 mask=0.1159 iou=0.0404
  Epoch 8 [240/337] loss=0.1532 mask=0.1138 iou=0.0394
  Epoch 8 [250/337] loss=0.1542 mask=0.1149 iou=0.0393
  Epoch 8 [260/337] loss=0.1572 mask=0.1171 iou=0.0401
  Epoch 8 [270/337] loss=0.1581 mask=0.1177 iou=0.0404
  Epoch 8 [280/337] loss=0.1590 mask=0.1182 iou=0.0408
  Epoch 8 [290/337] loss=0.1588 mask=0.1180 iou=0.0408
  Epoch 8 [300/337] loss=0.1599 mask=0.1186 iou=0.0414
  Epoch 8 [310/337] loss=0.1625 mask=0.1205 iou=0.0420
  Epoch 8 [320/337] loss=0.1615 mask=0.1201 iou=0.0414
  Epoch 8 [330/337] loss=0.1609 mask=0.1194 iou=0.0414
  Train: loss=0.1631 mask=0.1219 iou=0.0412 time=167.9s
  Val epoch 8: loss=0.1701
  Saved best phase1 model (val_loss=0.1701)

=== Phase1 Epoch 9/49 ===
  Epoch 9 [10/337] loss=0.2711 mask=0.1951 iou=0.0760
  Epoch 9 [20/337] loss=0.2158 mask=0.1570 iou=0.0588
  Epoch 9 [30/337] loss=0.1833 mask=0.1322 iou=0.0511
  Epoch 9 [40/337] loss=0.1740 mask=0.1245 iou=0.0495
  Epoch 9 [50/337] loss=0.1670 mask=0.1203 iou=0.0467
  Epoch 9 [60/337] loss=0.1615 mask=0.1172 iou=0.0443
  Epoch 9 [70/337] loss=0.1604 mask=0.1169 iou=0.0435
  Epoch 9 [80/337] loss=0.1617 mask=0.1192 iou=0.0425
  Epoch 9 [90/337] loss=0.1611 mask=0.1192 iou=0.0419
  Epoch 9 [100/337] loss=0.1682 mask=0.1232 iou=0.0450
  Epoch 9 [110/337] loss=0.1730 mask=0.1274 iou=0.0456
  Epoch 9 [120/337] loss=0.1723 mask=0.1274 iou=0.0449
  Epoch 9 [130/337] loss=0.1707 mask=0.1261 iou=0.0445
  Epoch 9 [140/337] loss=0.1727 mask=0.1282 iou=0.0445
  Epoch 9 [150/337] loss=0.1690 mask=0.1255 iou=0.0435
  Epoch 9 [160/337] loss=0.1696 mask=0.1258 iou=0.0438
  Epoch 9 [170/337] loss=0.1700 mask=0.1260 iou=0.0440
  Epoch 9 [180/337] loss=0.1750 mask=0.1302 iou=0.0448
  Epoch 9 [190/337] loss=0.1769 mask=0.1318 iou=0.0452
  Epoch 9 [200/337] loss=0.1771 mask=0.1319 iou=0.0452
  Epoch 9 [210/337] loss=0.1749 mask=0.1301 iou=0.0448
  Epoch 9 [220/337] loss=0.1739 mask=0.1292 iou=0.0447
  Epoch 9 [230/337] loss=0.1756 mask=0.1301 iou=0.0455
  Epoch 9 [240/337] loss=0.1731 mask=0.1285 iou=0.0446
  Epoch 9 [250/337] loss=0.1717 mask=0.1275 iou=0.0442
  Epoch 9 [260/337] loss=0.1691 mask=0.1255 iou=0.0436
  Epoch 9 [270/337] loss=0.1661 mask=0.1234 iou=0.0427
  Epoch 9 [280/337] loss=0.1657 mask=0.1233 iou=0.0424
  Epoch 9 [290/337] loss=0.1631 mask=0.1215 iou=0.0416
  Epoch 9 [300/337] loss=0.1630 mask=0.1211 iou=0.0419
  Epoch 9 [310/337] loss=0.1636 mask=0.1214 iou=0.0422
  Epoch 9 [320/337] loss=0.1624 mask=0.1204 iou=0.0420
  Epoch 9 [330/337] loss=0.1614 mask=0.1199 iou=0.0415
  Train: loss=0.1664 mask=0.1227 iou=0.0436 time=170.7s
  Val epoch 9: loss=0.1804

=== Phase1 Epoch 10/49 ===
  Epoch 10 [10/337] loss=0.1378 mask=0.1005 iou=0.0372
  Epoch 10 [20/337] loss=0.1564 mask=0.1203 iou=0.0361
  Epoch 10 [30/337] loss=0.1525 mask=0.1147 iou=0.0378
  Epoch 10 [40/337] loss=0.1658 mask=0.1283 iou=0.0376
  Epoch 10 [50/337] loss=0.1508 mask=0.1145 iou=0.0362
  Epoch 10 [60/337] loss=0.1403 mask=0.1069 iou=0.0334
  Epoch 10 [70/337] loss=0.1387 mask=0.1050 iou=0.0337
  Epoch 10 [80/337] loss=0.1394 mask=0.1051 iou=0.0343
  Epoch 10 [90/337] loss=0.1404 mask=0.1059 iou=0.0345
  Epoch 10 [100/337] loss=0.1413 mask=0.1062 iou=0.0351
  Epoch 10 [110/337] loss=0.1376 mask=0.1037 iou=0.0339
  Epoch 10 [120/337] loss=0.1399 mask=0.1056 iou=0.0343
  Epoch 10 [130/337] loss=0.1459 mask=0.1086 iou=0.0372
  Epoch 10 [140/337] loss=0.1479 mask=0.1093 iou=0.0386
  Epoch 10 [150/337] loss=0.1509 mask=0.1115 iou=0.0394
  Epoch 10 [160/337] loss=0.1487 mask=0.1100 iou=0.0386
  Epoch 10 [170/337] loss=0.1529 mask=0.1130 iou=0.0400
  Epoch 10 [180/337] loss=0.1530 mask=0.1127 iou=0.0402
  Epoch 10 [190/337] loss=0.1531 mask=0.1126 iou=0.0405
  Epoch 10 [200/337] loss=0.1521 mask=0.1121 iou=0.0401
  Epoch 10 [210/337] loss=0.1526 mask=0.1126 iou=0.0400
  Epoch 10 [220/337] loss=0.1490 mask=0.1098 iou=0.0392
  Epoch 10 [230/337] loss=0.1482 mask=0.1091 iou=0.0391
  Epoch 10 [240/337] loss=0.1461 mask=0.1075 iou=0.0386
  Epoch 10 [250/337] loss=0.1446 mask=0.1063 iou=0.0383
  Epoch 10 [260/337] loss=0.1418 mask=0.1044 iou=0.0374
  Epoch 10 [270/337] loss=0.1421 mask=0.1045 iou=0.0376
  Epoch 10 [280/337] loss=0.1402 mask=0.1034 iou=0.0368
  Epoch 10 [290/337] loss=0.1412 mask=0.1040 iou=0.0371
  Epoch 10 [300/337] loss=0.1416 mask=0.1043 iou=0.0373
  Epoch 10 [310/337] loss=0.1434 mask=0.1053 iou=0.0381
  Epoch 10 [320/337] loss=0.1418 mask=0.1042 iou=0.0376
  Epoch 10 [330/337] loss=0.1410 mask=0.1037 iou=0.0373
  Train: loss=0.1435 mask=0.1064 iou=0.0372 time=170.1s
  Val epoch 10: loss=0.1713

=== Phase1 Epoch 11/49 ===
  Epoch 11 [10/337] loss=0.1609 mask=0.1146 iou=0.0463
  Epoch 11 [20/337] loss=0.1201 mask=0.0905 iou=0.0295
  Epoch 11 [30/337] loss=0.1525 mask=0.1168 iou=0.0358
  Epoch 11 [40/337] loss=0.1443 mask=0.1097 iou=0.0347
  Epoch 11 [50/337] loss=0.1456 mask=0.1086 iou=0.0370
  Epoch 11 [60/337] loss=0.1426 mask=0.1067 iou=0.0359
  Epoch 11 [70/337] loss=0.1331 mask=0.1005 iou=0.0326
  Epoch 11 [80/337] loss=0.1368 mask=0.1030 iou=0.0338
  Epoch 11 [90/337] loss=0.1388 mask=0.1043 iou=0.0345
  Epoch 11 [100/337] loss=0.1417 mask=0.1055 iou=0.0362
  Epoch 11 [110/337] loss=0.1459 mask=0.1084 iou=0.0375
  Epoch 11 [120/337] loss=0.1425 mask=0.1057 iou=0.0368
  Epoch 11 [130/337] loss=0.1469 mask=0.1093 iou=0.0376
  Epoch 11 [140/337] loss=0.1458 mask=0.1084 iou=0.0374
  Epoch 11 [150/337] loss=0.1451 mask=0.1077 iou=0.0374
  Epoch 11 [160/337] loss=0.1470 mask=0.1088 iou=0.0382
  Epoch 11 [170/337] loss=0.1472 mask=0.1083 iou=0.0389
  Epoch 11 [180/337] loss=0.1443 mask=0.1064 iou=0.0379
  Epoch 11 [190/337] loss=0.1426 mask=0.1049 iou=0.0377
  Epoch 11 [200/337] loss=0.1426 mask=0.1052 iou=0.0374
  Epoch 11 [210/337] loss=0.1421 mask=0.1049 iou=0.0372
  Epoch 11 [220/337] loss=0.1430 mask=0.1056 iou=0.0374
  Epoch 11 [230/337] loss=0.1409 mask=0.1042 iou=0.0367
  Epoch 11 [240/337] loss=0.1453 mask=0.1068 iou=0.0384
  Epoch 11 [250/337] loss=0.1442 mask=0.1061 iou=0.0382
  Epoch 11 [260/337] loss=0.1421 mask=0.1046 iou=0.0375
  Epoch 11 [270/337] loss=0.1386 mask=0.1021 iou=0.0365
  Epoch 11 [280/337] loss=0.1413 mask=0.1041 iou=0.0372
  Epoch 11 [290/337] loss=0.1398 mask=0.1031 iou=0.0367
  Epoch 11 [300/337] loss=0.1381 mask=0.1020 iou=0.0361
  Epoch 11 [310/337] loss=0.1406 mask=0.1037 iou=0.0369
  Epoch 11 [320/337] loss=0.1384 mask=0.1019 iou=0.0365
  Epoch 11 [330/337] loss=0.1370 mask=0.1011 iou=0.0360
  Train: loss=0.1382 mask=0.1026 iou=0.0355 time=170.9s
  Val epoch 11: loss=0.1709

=== Phase1 Epoch 12/49 ===
  Epoch 12 [10/337] loss=0.0948 mask=0.0731 iou=0.0217
  Epoch 12 [20/337] loss=0.1247 mask=0.0958 iou=0.0290
  Epoch 12 [30/337] loss=0.1235 mask=0.0917 iou=0.0318
  Epoch 12 [40/337] loss=0.1267 mask=0.0921 iou=0.0346
  Epoch 12 [50/337] loss=0.1322 mask=0.0957 iou=0.0364
  Epoch 12 [60/337] loss=0.1340 mask=0.0974 iou=0.0367
  Epoch 12 [70/337] loss=0.1304 mask=0.0960 iou=0.0344
  Epoch 12 [80/337] loss=0.1246 mask=0.0915 iou=0.0331
  Epoch 12 [90/337] loss=0.1224 mask=0.0902 iou=0.0322
  Epoch 12 [100/337] loss=0.1222 mask=0.0893 iou=0.0329
  Epoch 12 [110/337] loss=0.1168 mask=0.0857 iou=0.0311
  Epoch 12 [120/337] loss=0.1138 mask=0.0845 iou=0.0293
  Epoch 12 [130/337] loss=0.1173 mask=0.0868 iou=0.0305
  Epoch 12 [140/337] loss=0.1182 mask=0.0872 iou=0.0310
  Epoch 12 [150/337] loss=0.1161 mask=0.0858 iou=0.0304
  Epoch 12 [160/337] loss=0.1222 mask=0.0901 iou=0.0321
  Epoch 12 [170/337] loss=0.1231 mask=0.0909 iou=0.0321
  Epoch 12 [180/337] loss=0.1234 mask=0.0913 iou=0.0321
  Epoch 12 [190/337] loss=0.1241 mask=0.0919 iou=0.0322
  Epoch 12 [200/337] loss=0.1238 mask=0.0916 iou=0.0322
  Epoch 12 [210/337] loss=0.1245 mask=0.0920 iou=0.0325
  Epoch 12 [220/337] loss=0.1277 mask=0.0938 iou=0.0339
  Epoch 12 [230/337] loss=0.1304 mask=0.0959 iou=0.0344
  Epoch 12 [240/337] loss=0.1288 mask=0.0950 iou=0.0338
  Epoch 12 [250/337] loss=0.1280 mask=0.0943 iou=0.0337
  Epoch 12 [260/337] loss=0.1296 mask=0.0951 iou=0.0345
  Epoch 12 [270/337] loss=0.1288 mask=0.0945 iou=0.0343
  Epoch 12 [280/337] loss=0.1291 mask=0.0948 iou=0.0342
  Epoch 12 [290/337] loss=0.1298 mask=0.0955 iou=0.0343
  Epoch 12 [300/337] loss=0.1312 mask=0.0961 iou=0.0350
  Epoch 12 [310/337] loss=0.1311 mask=0.0961 iou=0.0351
  Epoch 12 [320/337] loss=0.1322 mask=0.0966 iou=0.0355
  Epoch 12 [330/337] loss=0.1315 mask=0.0963 iou=0.0352
  Train: loss=0.1326 mask=0.0979 iou=0.0347 time=169.0s
  Val epoch 12: loss=0.1704

=== Phase1 Epoch 13/49 ===
  Epoch 13 [10/337] loss=0.1532 mask=0.1140 iou=0.0392
  Epoch 13 [20/337] loss=0.1290 mask=0.0920 iou=0.0370
  Epoch 13 [30/337] loss=0.1411 mask=0.1027 iou=0.0384
  Epoch 13 [40/337] loss=0.1299 mask=0.0957 iou=0.0342
  Epoch 13 [50/337] loss=0.1267 mask=0.0936 iou=0.0331
  Epoch 13 [60/337] loss=0.1263 mask=0.0932 iou=0.0331
  Epoch 13 [70/337] loss=0.1184 mask=0.0872 iou=0.0312
  Epoch 13 [80/337] loss=0.1299 mask=0.0939 iou=0.0360
  Epoch 13 [90/337] loss=0.1327 mask=0.0954 iou=0.0373
  Epoch 13 [100/337] loss=0.1303 mask=0.0940 iou=0.0363
  Epoch 13 [110/337] loss=0.1251 mask=0.0905 iou=0.0346
  Epoch 13 [120/337] loss=0.1306 mask=0.0942 iou=0.0364
  Epoch 13 [130/337] loss=0.1348 mask=0.0970 iou=0.0378
  Epoch 13 [140/337] loss=0.1327 mask=0.0957 iou=0.0370
  Epoch 13 [150/337] loss=0.1291 mask=0.0933 iou=0.0358
  Epoch 13 [160/337] loss=0.1244 mask=0.0900 iou=0.0344
  Epoch 13 [170/337] loss=0.1222 mask=0.0887 iou=0.0335
  Epoch 13 [180/337] loss=0.1265 mask=0.0913 iou=0.0352
  Epoch 13 [190/337] loss=0.1255 mask=0.0907 iou=0.0348
  Epoch 13 [200/337] loss=0.1252 mask=0.0905 iou=0.0347
  Epoch 13 [210/337] loss=0.1248 mask=0.0904 iou=0.0344
  Epoch 13 [220/337] loss=0.1231 mask=0.0899 iou=0.0332
  Epoch 13 [230/337] loss=0.1246 mask=0.0909 iou=0.0337
  Epoch 13 [240/337] loss=0.1231 mask=0.0899 iou=0.0333
  Epoch 13 [250/337] loss=0.1218 mask=0.0891 iou=0.0327
  Epoch 13 [260/337] loss=0.1219 mask=0.0893 iou=0.0325
  Epoch 13 [270/337] loss=0.1212 mask=0.0889 iou=0.0323
  Epoch 13 [280/337] loss=0.1208 mask=0.0886 iou=0.0321
  Epoch 13 [290/337] loss=0.1204 mask=0.0884 iou=0.0320
  Epoch 13 [300/337] loss=0.1233 mask=0.0905 iou=0.0328
  Epoch 13 [310/337] loss=0.1218 mask=0.0894 iou=0.0324
  Epoch 13 [320/337] loss=0.1240 mask=0.0909 iou=0.0330
  Epoch 13 [330/337] loss=0.1239 mask=0.0910 iou=0.0329
  Train: loss=0.1265 mask=0.0936 iou=0.0328 time=169.1s
  Val epoch 13: loss=0.1844

=== Phase1 Epoch 14/49 ===
  Epoch 14 [10/337] loss=0.1149 mask=0.0917 iou=0.0232
  Epoch 14 [20/337] loss=0.1308 mask=0.1011 iou=0.0296
  Epoch 14 [30/337] loss=0.1483 mask=0.1102 iou=0.0381
  Epoch 14 [40/337] loss=0.1528 mask=0.1110 iou=0.0418
  Epoch 14 [50/337] loss=0.1452 mask=0.1063 iou=0.0388
  Epoch 14 [60/337] loss=0.1570 mask=0.1139 iou=0.0431
  Epoch 14 [70/337] loss=0.1597 mask=0.1175 iou=0.0422
  Epoch 14 [80/337] loss=0.1522 mask=0.1113 iou=0.0409
  Epoch 14 [90/337] loss=0.1553 mask=0.1126 iou=0.0427
  Epoch 14 [100/337] loss=0.1555 mask=0.1125 iou=0.0429
  Epoch 14 [110/337] loss=0.1512 mask=0.1097 iou=0.0415
  Epoch 14 [120/337] loss=0.1469 mask=0.1071 iou=0.0398
  Epoch 14 [130/337] loss=0.1539 mask=0.1121 iou=0.0418
  Epoch 14 [140/337] loss=0.1528 mask=0.1116 iou=0.0412
  Epoch 14 [150/337] loss=0.1493 mask=0.1091 iou=0.0402
  Epoch 14 [160/337] loss=0.1488 mask=0.1096 iou=0.0392
  Epoch 14 [170/337] loss=0.1492 mask=0.1103 iou=0.0390
  Epoch 14 [180/337] loss=0.1448 mask=0.1067 iou=0.0381
  Epoch 14 [190/337] loss=0.1444 mask=0.1060 iou=0.0384
  Epoch 14 [200/337] loss=0.1421 mask=0.1044 iou=0.0377
  Epoch 14 [210/337] loss=0.1378 mask=0.1013 iou=0.0365
  Epoch 14 [220/337] loss=0.1357 mask=0.0997 iou=0.0361
  Epoch 14 [230/337] loss=0.1336 mask=0.0983 iou=0.0353
  Epoch 14 [240/337] loss=0.1309 mask=0.0965 iou=0.0344
  Epoch 14 [250/337] loss=0.1300 mask=0.0956 iou=0.0344
  Epoch 14 [260/337] loss=0.1309 mask=0.0962 iou=0.0347
  Epoch 14 [270/337] loss=0.1304 mask=0.0958 iou=0.0346
  Epoch 14 [280/337] loss=0.1303 mask=0.0957 iou=0.0346
  Epoch 14 [290/337] loss=0.1301 mask=0.0955 iou=0.0347
  Epoch 14 [300/337] loss=0.1298 mask=0.0951 iou=0.0348
  Epoch 14 [310/337] loss=0.1291 mask=0.0946 iou=0.0346
  Epoch 14 [320/337] loss=0.1277 mask=0.0934 iou=0.0343
  Epoch 14 [330/337] loss=0.1262 mask=0.0924 iou=0.0338
  Train: loss=0.1280 mask=0.0945 iou=0.0335 time=169.3s
  Val epoch 14: loss=0.1797

=== Phase1 Epoch 15/49 ===
  Epoch 15 [10/337] loss=0.0515 mask=0.0457 iou=0.0059
  Epoch 15 [20/337] loss=0.1116 mask=0.0847 iou=0.0269
  Epoch 15 [30/337] loss=0.1046 mask=0.0786 iou=0.0260
  Epoch 15 [40/337] loss=0.0970 mask=0.0738 iou=0.0232
  Epoch 15 [50/337] loss=0.1075 mask=0.0803 iou=0.0272
  Epoch 15 [60/337] loss=0.1233 mask=0.0898 iou=0.0334
  Epoch 15 [70/337] loss=0.1180 mask=0.0861 iou=0.0318
  Epoch 15 [80/337] loss=0.1145 mask=0.0831 iou=0.0314
  Epoch 15 [90/337] loss=0.1135 mask=0.0828 iou=0.0306
  Epoch 15 [100/337] loss=0.1102 mask=0.0809 iou=0.0293
  Epoch 15 [110/337] loss=0.1123 mask=0.0825 iou=0.0298
  Epoch 15 [120/337] loss=0.1112 mask=0.0818 iou=0.0293
  Epoch 15 [130/337] loss=0.1145 mask=0.0836 iou=0.0309
  Epoch 15 [140/337] loss=0.1121 mask=0.0819 iou=0.0302
  Epoch 15 [150/337] loss=0.1116 mask=0.0816 iou=0.0300
  Epoch 15 [160/337] loss=0.1098 mask=0.0803 iou=0.0296
  Epoch 15 [170/337] loss=0.1133 mask=0.0826 iou=0.0307
  Epoch 15 [180/337] loss=0.1130 mask=0.0822 iou=0.0309
  Epoch 15 [190/337] loss=0.1151 mask=0.0832 iou=0.0320
  Epoch 15 [200/337] loss=0.1169 mask=0.0845 iou=0.0323
  Epoch 15 [210/337] loss=0.1174 mask=0.0853 iou=0.0320
  Epoch 15 [220/337] loss=0.1150 mask=0.0837 iou=0.0313
  Epoch 15 [230/337] loss=0.1131 mask=0.0824 iou=0.0308
  Epoch 15 [240/337] loss=0.1149 mask=0.0834 iou=0.0314
  Epoch 15 [250/337] loss=0.1179 mask=0.0856 iou=0.0323
  Epoch 15 [260/337] loss=0.1186 mask=0.0863 iou=0.0323
  Epoch 15 [270/337] loss=0.1177 mask=0.0858 iou=0.0319
  Epoch 15 [280/337] loss=0.1162 mask=0.0849 iou=0.0313
  Epoch 15 [290/337] loss=0.1171 mask=0.0855 iou=0.0317
  Epoch 15 [300/337] loss=0.1160 mask=0.0848 iou=0.0312
  Epoch 15 [310/337] loss=0.1160 mask=0.0849 iou=0.0311
  Epoch 15 [320/337] loss=0.1149 mask=0.0841 iou=0.0308
  Epoch 15 [330/337] loss=0.1142 mask=0.0838 iou=0.0304
  Train: loss=0.1178 mask=0.0873 iou=0.0304 time=170.9s
  Val epoch 15: loss=0.1847

=== Phase1 Epoch 16/49 ===
  Epoch 16 [10/337] loss=0.1532 mask=0.1061 iou=0.0470
  Epoch 16 [20/337] loss=0.1020 mask=0.0746 iou=0.0274
  Epoch 16 [30/337] loss=0.1341 mask=0.0963 iou=0.0378
  Epoch 16 [40/337] loss=0.1269 mask=0.0916 iou=0.0353
  Epoch 16 [50/337] loss=0.1322 mask=0.0948 iou=0.0374
  Epoch 16 [60/337] loss=0.1242 mask=0.0907 iou=0.0334
  Epoch 16 [70/337] loss=0.1261 mask=0.0923 iou=0.0338
  Epoch 16 [80/337] loss=0.1311 mask=0.0956 iou=0.0355
  Epoch 16 [90/337] loss=0.1305 mask=0.0952 iou=0.0353
  Epoch 16 [100/337] loss=0.1296 mask=0.0941 iou=0.0355
  Epoch 16 [110/337] loss=0.1268 mask=0.0920 iou=0.0349
  Epoch 16 [120/337] loss=0.1333 mask=0.0965 iou=0.0367
  Epoch 16 [130/337] loss=0.1329 mask=0.0962 iou=0.0366
  Epoch 16 [140/337] loss=0.1311 mask=0.0949 iou=0.0362
  Epoch 16 [150/337] loss=0.1290 mask=0.0940 iou=0.0351
  Epoch 16 [160/337] loss=0.1279 mask=0.0931 iou=0.0348
  Epoch 16 [170/337] loss=0.1255 mask=0.0914 iou=0.0341
  Epoch 16 [180/337] loss=0.1249 mask=0.0912 iou=0.0337
  Epoch 16 [190/337] loss=0.1251 mask=0.0910 iou=0.0340
  Epoch 16 [200/337] loss=0.1229 mask=0.0896 iou=0.0333
  Epoch 16 [210/337] loss=0.1222 mask=0.0894 iou=0.0328
  Epoch 16 [220/337] loss=0.1196 mask=0.0877 iou=0.0319
  Epoch 16 [230/337] loss=0.1187 mask=0.0872 iou=0.0315
  Epoch 16 [240/337] loss=0.1195 mask=0.0880 iou=0.0315
  Epoch 16 [250/337] loss=0.1195 mask=0.0881 iou=0.0314
  Epoch 16 [260/337] loss=0.1215 mask=0.0893 iou=0.0322
  Epoch 16 [270/337] loss=0.1201 mask=0.0886 iou=0.0315
  Epoch 16 [280/337] loss=0.1238 mask=0.0912 iou=0.0326
  Epoch 16 [290/337] loss=0.1234 mask=0.0911 iou=0.0323
  Epoch 16 [300/337] loss=0.1228 mask=0.0909 iou=0.0320
  Epoch 16 [310/337] loss=0.1240 mask=0.0916 iou=0.0324
  Epoch 16 [320/337] loss=0.1259 mask=0.0929 iou=0.0330
  Epoch 16 [330/337] loss=0.1261 mask=0.0930 iou=0.0331
  Train: loss=0.1279 mask=0.0949 iou=0.0330 time=165.5s
  Val epoch 16: loss=0.1844

=== Phase1 Epoch 17/49 ===
  Epoch 17 [10/337] loss=0.0787 mask=0.0579 iou=0.0208
  Epoch 17 [20/337] loss=0.1017 mask=0.0729 iou=0.0289
  Epoch 17 [30/337] loss=0.1133 mask=0.0835 iou=0.0298
  Epoch 17 [40/337] loss=0.1081 mask=0.0804 iou=0.0277
  Epoch 17 [50/337] loss=0.1093 mask=0.0801 iou=0.0293
  Epoch 17 [60/337] loss=0.1182 mask=0.0872 iou=0.0311
  Epoch 17 [70/337] loss=0.1166 mask=0.0863 iou=0.0303
  Epoch 17 [80/337] loss=0.1125 mask=0.0833 iou=0.0293
  Epoch 17 [90/337] loss=0.1182 mask=0.0884 iou=0.0298
  Epoch 17 [100/337] loss=0.1146 mask=0.0861 iou=0.0284
  Epoch 17 [110/337] loss=0.1198 mask=0.0897 iou=0.0300
  Epoch 17 [120/337] loss=0.1152 mask=0.0867 iou=0.0285
  Epoch 17 [130/337] loss=0.1125 mask=0.0846 iou=0.0278
  Epoch 17 [140/337] loss=0.1114 mask=0.0836 iou=0.0278
  Epoch 17 [150/337] loss=0.1106 mask=0.0833 iou=0.0273
  Epoch 17 [160/337] loss=0.1137 mask=0.0860 iou=0.0277
  Epoch 17 [170/337] loss=0.1153 mask=0.0870 iou=0.0284
  Epoch 17 [180/337] loss=0.1141 mask=0.0861 iou=0.0280
  Epoch 17 [190/337] loss=0.1193 mask=0.0888 iou=0.0304
  Epoch 17 [200/337] loss=0.1179 mask=0.0880 iou=0.0299
  Epoch 17 [210/337] loss=0.1183 mask=0.0882 iou=0.0301
  Epoch 17 [220/337] loss=0.1202 mask=0.0894 iou=0.0308
  Epoch 17 [230/337] loss=0.1204 mask=0.0895 iou=0.0310
  Epoch 17 [240/337] loss=0.1208 mask=0.0896 iou=0.0312
  Epoch 17 [250/337] loss=0.1189 mask=0.0883 iou=0.0306
  Epoch 17 [260/337] loss=0.1184 mask=0.0879 iou=0.0304
  Epoch 17 [270/337] loss=0.1181 mask=0.0879 iou=0.0302
  Epoch 17 [280/337] loss=0.1186 mask=0.0884 iou=0.0303
  Epoch 17 [290/337] loss=0.1184 mask=0.0883 iou=0.0301
  Epoch 17 [300/337] loss=0.1188 mask=0.0885 iou=0.0303
  Epoch 17 [310/337] loss=0.1190 mask=0.0886 iou=0.0305
  Epoch 17 [320/337] loss=0.1190 mask=0.0886 iou=0.0304
  Epoch 17 [330/337] loss=0.1180 mask=0.0879 iou=0.0301
  Train: loss=0.1200 mask=0.0902 iou=0.0298 time=160.6s
  Val epoch 17: loss=0.1749

=== Phase1 Epoch 18/49 ===
  Epoch 18 [10/337] loss=0.1688 mask=0.1157 iou=0.0532
  Epoch 18 [20/337] loss=0.1137 mask=0.0813 iou=0.0324
  Epoch 18 [30/337] loss=0.1013 mask=0.0732 iou=0.0281
  Epoch 18 [40/337] loss=0.1069 mask=0.0771 iou=0.0298
  Epoch 18 [50/337] loss=0.1113 mask=0.0807 iou=0.0306
  Epoch 18 [60/337] loss=0.1057 mask=0.0773 iou=0.0284
  Epoch 18 [70/337] loss=0.1020 mask=0.0756 iou=0.0264
  Epoch 18 [80/337] loss=0.0980 mask=0.0726 iou=0.0254
  Epoch 18 [90/337] loss=0.0961 mask=0.0710 iou=0.0251
  Epoch 18 [100/337] loss=0.0954 mask=0.0710 iou=0.0244
  Epoch 18 [110/337] loss=0.0942 mask=0.0704 iou=0.0238
  Epoch 18 [120/337] loss=0.1008 mask=0.0747 iou=0.0261
  Epoch 18 [130/337] loss=0.0990 mask=0.0738 iou=0.0253
  Epoch 18 [140/337] loss=0.0988 mask=0.0735 iou=0.0254
  Epoch 18 [150/337] loss=0.0973 mask=0.0725 iou=0.0248
  Epoch 18 [160/337] loss=0.0994 mask=0.0741 iou=0.0252
  Epoch 18 [170/337] loss=0.0993 mask=0.0742 iou=0.0251
  Epoch 18 [180/337] loss=0.0986 mask=0.0739 iou=0.0247
  Epoch 18 [190/337] loss=0.1035 mask=0.0770 iou=0.0265
  Epoch 18 [200/337] loss=0.1060 mask=0.0788 iou=0.0272
  Epoch 18 [210/337] loss=0.1043 mask=0.0778 iou=0.0265
  Epoch 18 [220/337] loss=0.1064 mask=0.0791 iou=0.0273
  Epoch 18 [230/337] loss=0.1091 mask=0.0811 iou=0.0281
  Epoch 18 [240/337] loss=0.1092 mask=0.0812 iou=0.0281
  Epoch 18 [250/337] loss=0.1091 mask=0.0810 iou=0.0280
  Epoch 18 [260/337] loss=0.1081 mask=0.0805 iou=0.0276
  Epoch 18 [270/337] loss=0.1108 mask=0.0825 iou=0.0282
  Epoch 18 [280/337] loss=0.1092 mask=0.0815 iou=0.0277
  Epoch 18 [290/337] loss=0.1102 mask=0.0823 iou=0.0279
  Epoch 18 [300/337] loss=0.1087 mask=0.0813 iou=0.0274
  Epoch 18 [310/337] loss=0.1103 mask=0.0824 iou=0.0279
  Epoch 18 [320/337] loss=0.1110 mask=0.0831 iou=0.0278
  Epoch 18 [330/337] loss=0.1104 mask=0.0828 iou=0.0276
  Train: loss=0.1127 mask=0.0848 iou=0.0279 time=160.1s
  Val epoch 18: loss=0.1800

=== Phase1 Epoch 19/49 ===
  Epoch 19 [10/337] loss=0.1111 mask=0.0760 iou=0.0350
  Epoch 19 [20/337] loss=0.0902 mask=0.0665 iou=0.0237
  Epoch 19 [30/337] loss=0.0939 mask=0.0703 iou=0.0236
  Epoch 19 [40/337] loss=0.0948 mask=0.0710 iou=0.0237
  Epoch 19 [50/337] loss=0.0931 mask=0.0699 iou=0.0232
  Epoch 19 [60/337] loss=0.0899 mask=0.0679 iou=0.0220
  Epoch 19 [70/337] loss=0.0884 mask=0.0666 iou=0.0218
  Epoch 19 [80/337] loss=0.0998 mask=0.0745 iou=0.0253
  Epoch 19 [90/337] loss=0.0967 mask=0.0725 iou=0.0242
  Epoch 19 [100/337] loss=0.0977 mask=0.0745 iou=0.0232
  Epoch 19 [110/337] loss=0.1020 mask=0.0775 iou=0.0245
  Epoch 19 [120/337] loss=0.1021 mask=0.0776 iou=0.0245
  Epoch 19 [130/337] loss=0.1006 mask=0.0765 iou=0.0241
  Epoch 19 [140/337] loss=0.0998 mask=0.0758 iou=0.0240
  Epoch 19 [150/337] loss=0.0982 mask=0.0745 iou=0.0237
  Epoch 19 [160/337] loss=0.1043 mask=0.0791 iou=0.0253
  Epoch 19 [170/337] loss=0.1015 mask=0.0773 iou=0.0243
  Epoch 19 [180/337] loss=0.1006 mask=0.0765 iou=0.0241
  Epoch 19 [190/337] loss=0.1037 mask=0.0783 iou=0.0254
  Epoch 19 [200/337] loss=0.1027 mask=0.0775 iou=0.0252
  Epoch 19 [210/337] loss=0.1012 mask=0.0765 iou=0.0246
  Epoch 19 [220/337] loss=0.1024 mask=0.0772 iou=0.0252
  Epoch 19 [230/337] loss=0.1029 mask=0.0774 iou=0.0255
  Epoch 19 [240/337] loss=0.1023 mask=0.0769 iou=0.0254
  Epoch 19 [250/337] loss=0.1054 mask=0.0787 iou=0.0267
  Epoch 19 [260/337] loss=0.1055 mask=0.0788 iou=0.0267
  Epoch 19 [270/337] loss=0.1074 mask=0.0801 iou=0.0273
  Epoch 19 [280/337] loss=0.1060 mask=0.0792 iou=0.0268
  Epoch 19 [290/337] loss=0.1064 mask=0.0795 iou=0.0268
  Epoch 19 [300/337] loss=0.1049 mask=0.0785 iou=0.0264
  Epoch 19 [310/337] loss=0.1045 mask=0.0783 iou=0.0262
  Epoch 19 [320/337] loss=0.1053 mask=0.0788 iou=0.0266
  Epoch 19 [330/337] loss=0.1070 mask=0.0801 iou=0.0269
  Train: loss=0.1079 mask=0.0812 iou=0.0268 time=159.8s
  Val epoch 19: loss=0.1742

=== Phase1 Epoch 20/49 ===
  Epoch 20 [10/337] loss=0.1226 mask=0.0931 iou=0.0295
  Epoch 20 [20/337] loss=0.1330 mask=0.0998 iou=0.0333
  Epoch 20 [30/337] loss=0.1316 mask=0.0999 iou=0.0318
  Epoch 20 [40/337] loss=0.1320 mask=0.0996 iou=0.0324
  Epoch 20 [50/337] loss=0.1261 mask=0.0968 iou=0.0294
  Epoch 20 [60/337] loss=0.1313 mask=0.0996 iou=0.0317
  Epoch 20 [70/337] loss=0.1215 mask=0.0919 iou=0.0296
  Epoch 20 [80/337] loss=0.1186 mask=0.0895 iou=0.0290
  Epoch 20 [90/337] loss=0.1155 mask=0.0874 iou=0.0280
  Epoch 20 [100/337] loss=0.1159 mask=0.0881 iou=0.0278
  Epoch 20 [110/337] loss=0.1185 mask=0.0897 iou=0.0288
  Epoch 20 [120/337] loss=0.1161 mask=0.0878 iou=0.0283
  Epoch 20 [130/337] loss=0.1168 mask=0.0880 iou=0.0288
  Epoch 20 [140/337] loss=0.1150 mask=0.0869 iou=0.0281
  Epoch 20 [150/337] loss=0.1132 mask=0.0856 iou=0.0275
  Epoch 20 [160/337] loss=0.1125 mask=0.0851 iou=0.0274
  Epoch 20 [170/337] loss=0.1137 mask=0.0854 iou=0.0282
  Epoch 20 [180/337] loss=0.1174 mask=0.0883 iou=0.0290
  Epoch 20 [190/337] loss=0.1201 mask=0.0900 iou=0.0301
  Epoch 20 [200/337] loss=0.1200 mask=0.0902 iou=0.0298
  Epoch 20 [210/337] loss=0.1199 mask=0.0900 iou=0.0299
  Epoch 20 [220/337] loss=0.1192 mask=0.0891 iou=0.0301
  Epoch 20 [230/337] loss=0.1181 mask=0.0882 iou=0.0300
  Epoch 20 [240/337] loss=0.1162 mask=0.0868 iou=0.0294
  Epoch 20 [250/337] loss=0.1139 mask=0.0852 iou=0.0287
  Epoch 20 [260/337] loss=0.1131 mask=0.0844 iou=0.0286
  Epoch 20 [270/337] loss=0.1113 mask=0.0834 iou=0.0279
  Epoch 20 [280/337] loss=0.1136 mask=0.0852 iou=0.0284
  Epoch 20 [290/337] loss=0.1113 mask=0.0837 iou=0.0276
  Epoch 20 [300/337] loss=0.1094 mask=0.0823 iou=0.0271
  Epoch 20 [310/337] loss=0.1084 mask=0.0816 iou=0.0268
  Epoch 20 [320/337] loss=0.1080 mask=0.0811 iou=0.0269
  Epoch 20 [330/337] loss=0.1082 mask=0.0811 iou=0.0270
  Train: loss=0.1089 mask=0.0811 iou=0.0278 time=158.9s
  Val epoch 20: loss=0.1703

=== Phase1 Epoch 21/49 ===
  Epoch 21 [10/337] loss=0.0758 mask=0.0576 iou=0.0182
  Epoch 21 [20/337] loss=0.1060 mask=0.0784 iou=0.0277
  Epoch 21 [30/337] loss=0.1066 mask=0.0798 iou=0.0269
  Epoch 21 [40/337] loss=0.1158 mask=0.0855 iou=0.0303
  Epoch 21 [50/337] loss=0.1172 mask=0.0863 iou=0.0309
  Epoch 21 [60/337] loss=0.1142 mask=0.0852 iou=0.0290
  Epoch 21 [70/337] loss=0.1210 mask=0.0885 iou=0.0325
  Epoch 21 [80/337] loss=0.1191 mask=0.0881 iou=0.0311
  Epoch 21 [90/337] loss=0.1128 mask=0.0841 iou=0.0287
  Epoch 21 [100/337] loss=0.1080 mask=0.0811 iou=0.0269
  Epoch 21 [110/337] loss=0.1087 mask=0.0810 iou=0.0277
  Epoch 21 [120/337] loss=0.1023 mask=0.0764 iou=0.0259
  Epoch 21 [130/337] loss=0.1067 mask=0.0793 iou=0.0274
  Epoch 21 [140/337] loss=0.1047 mask=0.0778 iou=0.0269
  Epoch 21 [150/337] loss=0.1072 mask=0.0790 iou=0.0282
  Epoch 21 [160/337] loss=0.1053 mask=0.0779 iou=0.0274
  Epoch 21 [170/337] loss=0.1046 mask=0.0778 iou=0.0269
  Epoch 21 [180/337] loss=0.1042 mask=0.0775 iou=0.0267
  Epoch 21 [190/337] loss=0.1056 mask=0.0784 iou=0.0272
  Epoch 21 [200/337] loss=0.1071 mask=0.0794 iou=0.0277
  Epoch 21 [210/337] loss=0.1060 mask=0.0789 iou=0.0271
  Epoch 21 [220/337] loss=0.1047 mask=0.0781 iou=0.0265
  Epoch 21 [230/337] loss=0.1042 mask=0.0779 iou=0.0263
  Epoch 21 [240/337] loss=0.1032 mask=0.0771 iou=0.0261
  Epoch 21 [250/337] loss=0.1012 mask=0.0757 iou=0.0255
  Epoch 21 [260/337] loss=0.0997 mask=0.0747 iou=0.0250
  Epoch 21 [270/337] loss=0.0990 mask=0.0742 iou=0.0248
  Epoch 21 [280/337] loss=0.0987 mask=0.0740 iou=0.0247
  Epoch 21 [290/337] loss=0.0988 mask=0.0741 iou=0.0247
  Epoch 21 [300/337] loss=0.0997 mask=0.0747 iou=0.0250
  Epoch 21 [310/337] loss=0.1010 mask=0.0757 iou=0.0253
  Epoch 21 [320/337] loss=0.0992 mask=0.0746 iou=0.0246
  Epoch 21 [330/337] loss=0.1008 mask=0.0759 iou=0.0248
  Train: loss=0.1015 mask=0.0767 iou=0.0248 time=169.2s
  Val epoch 21: loss=0.1738

=== Phase1 Epoch 22/49 ===
  Epoch 22 [10/337] loss=0.1199 mask=0.0890 iou=0.0310
  Epoch 22 [20/337] loss=0.1281 mask=0.0933 iou=0.0347
  Epoch 22 [30/337] loss=0.1172 mask=0.0858 iou=0.0314
  Epoch 22 [40/337] loss=0.1225 mask=0.0925 iou=0.0300
  Epoch 22 [50/337] loss=0.1186 mask=0.0885 iou=0.0301
  Epoch 22 [60/337] loss=0.1104 mask=0.0837 iou=0.0267
  Epoch 22 [70/337] loss=0.1164 mask=0.0874 iou=0.0290
  Epoch 22 [80/337] loss=0.1133 mask=0.0856 iou=0.0277
  Epoch 22 [90/337] loss=0.1157 mask=0.0859 iou=0.0298
  Epoch 22 [100/337] loss=0.1154 mask=0.0858 iou=0.0295
  Epoch 22 [110/337] loss=0.1094 mask=0.0815 iou=0.0278
  Epoch 22 [120/337] loss=0.1073 mask=0.0805 iou=0.0268
  Epoch 22 [130/337] loss=0.1089 mask=0.0819 iou=0.0270
  Epoch 22 [140/337] loss=0.1076 mask=0.0806 iou=0.0270
  Epoch 22 [150/337] loss=0.1091 mask=0.0815 iou=0.0276
  Epoch 22 [160/337] loss=0.1069 mask=0.0799 iou=0.0270
  Epoch 22 [170/337] loss=0.1047 mask=0.0784 iou=0.0263
  Epoch 22 [180/337] loss=0.1022 mask=0.0763 iou=0.0259
  Epoch 22 [190/337] loss=0.1013 mask=0.0759 iou=0.0254
  Epoch 22 [200/337] loss=0.0990 mask=0.0743 iou=0.0247
  Epoch 22 [210/337] loss=0.1034 mask=0.0772 iou=0.0262
  Epoch 22 [220/337] loss=0.1018 mask=0.0761 iou=0.0257
  Epoch 22 [230/337] loss=0.1001 mask=0.0750 iou=0.0251
  Epoch 22 [240/337] loss=0.0993 mask=0.0744 iou=0.0250
  Epoch 22 [250/337] loss=0.0999 mask=0.0744 iou=0.0255
  Epoch 22 [260/337] loss=0.0998 mask=0.0744 iou=0.0253
  Epoch 22 [270/337] loss=0.1007 mask=0.0752 iou=0.0255
  Epoch 22 [280/337] loss=0.0996 mask=0.0745 iou=0.0251
  Epoch 22 [290/337] loss=0.0987 mask=0.0739 iou=0.0247
  Epoch 22 [300/337] loss=0.0987 mask=0.0741 iou=0.0246
  Epoch 22 [310/337] loss=0.0977 mask=0.0734 iou=0.0243
  Epoch 22 [320/337] loss=0.0975 mask=0.0733 iou=0.0242
  Epoch 22 [330/337] loss=0.0983 mask=0.0739 iou=0.0244
  Train: loss=0.1001 mask=0.0757 iou=0.0244 time=168.3s
  Val epoch 22: loss=0.1748

=== Phase1 Epoch 23/49 ===
  Epoch 23 [10/337] loss=0.1068 mask=0.0860 iou=0.0208
  Epoch 23 [20/337] loss=0.0902 mask=0.0717 iou=0.0185
  Epoch 23 [30/337] loss=0.0877 mask=0.0693 iou=0.0184
  Epoch 23 [40/337] loss=0.1010 mask=0.0783 iou=0.0226
  Epoch 23 [50/337] loss=0.1012 mask=0.0786 iou=0.0226
  Epoch 23 [60/337] loss=0.0963 mask=0.0746 iou=0.0217
  Epoch 23 [70/337] loss=0.0967 mask=0.0746 iou=0.0221
  Epoch 23 [80/337] loss=0.1022 mask=0.0783 iou=0.0240
  Epoch 23 [90/337] loss=0.0996 mask=0.0760 iou=0.0236
  Epoch 23 [100/337] loss=0.1010 mask=0.0769 iou=0.0241
  Epoch 23 [110/337] loss=0.0992 mask=0.0755 iou=0.0237
  Epoch 23 [120/337] loss=0.0971 mask=0.0737 iou=0.0234
  Epoch 23 [130/337] loss=0.0971 mask=0.0736 iou=0.0235
  Epoch 23 [140/337] loss=0.0940 mask=0.0713 iou=0.0227
  Epoch 23 [150/337] loss=0.0964 mask=0.0727 iou=0.0237
  Epoch 23 [160/337] loss=0.0979 mask=0.0740 iou=0.0239
  Epoch 23 [170/337] loss=0.1000 mask=0.0751 iou=0.0249
  Epoch 23 [180/337] loss=0.0999 mask=0.0752 iou=0.0248
  Epoch 23 [190/337] loss=0.0987 mask=0.0744 iou=0.0243
  Epoch 23 [200/337] loss=0.0993 mask=0.0746 iou=0.0247
  Epoch 23 [210/337] loss=0.1014 mask=0.0758 iou=0.0256
  Epoch 23 [220/337] loss=0.1018 mask=0.0760 iou=0.0258
  Epoch 23 [230/337] loss=0.0998 mask=0.0746 iou=0.0251
  Epoch 23 [240/337] loss=0.0991 mask=0.0743 iou=0.0249
  Epoch 23 [250/337] loss=0.1004 mask=0.0753 iou=0.0251
  Epoch 23 [260/337] loss=0.0980 mask=0.0736 iou=0.0244
  Epoch 23 [270/337] loss=0.0968 mask=0.0728 iou=0.0239
  Epoch 23 [280/337] loss=0.0982 mask=0.0740 iou=0.0242
  Epoch 23 [290/337] loss=0.0980 mask=0.0738 iou=0.0242
  Epoch 23 [300/337] loss=0.0969 mask=0.0729 iou=0.0240
  Epoch 23 [310/337] loss=0.0955 mask=0.0719 iou=0.0236
  Epoch 23 [320/337] loss=0.0947 mask=0.0714 iou=0.0233
  Epoch 23 [330/337] loss=0.0944 mask=0.0710 iou=0.0234
  Train: loss=0.0969 mask=0.0718 iou=0.0251 time=163.4s
  Val epoch 23: loss=0.1734

=== Phase1 Epoch 24/49 ===
  Epoch 24 [10/337] loss=0.0532 mask=0.0450 iou=0.0082
  Epoch 24 [20/337] loss=0.0712 mask=0.0546 iou=0.0166
  Epoch 24 [30/337] loss=0.0786 mask=0.0613 iou=0.0173
  Epoch 24 [40/337] loss=0.0955 mask=0.0732 iou=0.0223
  Epoch 24 [50/337] loss=0.1018 mask=0.0778 iou=0.0241
  Epoch 24 [60/337] loss=0.1054 mask=0.0802 iou=0.0251
  Epoch 24 [70/337] loss=0.0983 mask=0.0750 iou=0.0234
  Epoch 24 [80/337] loss=0.0998 mask=0.0760 iou=0.0238
  Epoch 24 [90/337] loss=0.1026 mask=0.0773 iou=0.0253
  Epoch 24 [100/337] loss=0.1001 mask=0.0752 iou=0.0249
  Epoch 24 [110/337] loss=0.1012 mask=0.0756 iou=0.0255
  Epoch 24 [120/337] loss=0.0980 mask=0.0732 iou=0.0248
  Epoch 24 [130/337] loss=0.0979 mask=0.0731 iou=0.0249
  Epoch 24 [140/337] loss=0.0975 mask=0.0728 iou=0.0247
  Epoch 24 [150/337] loss=0.0959 mask=0.0715 iou=0.0245
  Epoch 24 [160/337] loss=0.0968 mask=0.0721 iou=0.0246
  Epoch 24 [170/337] loss=0.0963 mask=0.0719 iou=0.0244
  Epoch 24 [180/337] loss=0.0992 mask=0.0739 iou=0.0253
  Epoch 24 [190/337] loss=0.0962 mask=0.0718 iou=0.0244
  Epoch 24 [200/337] loss=0.0949 mask=0.0707 iou=0.0241
  Epoch 24 [210/337] loss=0.0948 mask=0.0707 iou=0.0241
  Epoch 24 [220/337] loss=0.0934 mask=0.0699 iou=0.0235
  Epoch 24 [230/337] loss=0.0938 mask=0.0702 iou=0.0236
  Epoch 24 [240/337] loss=0.0919 mask=0.0690 iou=0.0229
  Epoch 24 [250/337] loss=0.0955 mask=0.0714 iou=0.0241
  Epoch 24 [260/337] loss=0.0955 mask=0.0712 iou=0.0243
  Epoch 24 [270/337] loss=0.0960 mask=0.0716 iou=0.0244
  Epoch 24 [280/337] loss=0.0953 mask=0.0709 iou=0.0243
  Epoch 24 [290/337] loss=0.0943 mask=0.0702 iou=0.0241
  Epoch 24 [300/337] loss=0.0937 mask=0.0700 iou=0.0237
  Epoch 24 [310/337] loss=0.0935 mask=0.0700 iou=0.0235
  Epoch 24 [320/337] loss=0.0925 mask=0.0694 iou=0.0231
  Epoch 24 [330/337] loss=0.0935 mask=0.0703 iou=0.0232
  Train: loss=0.0968 mask=0.0734 iou=0.0234 time=165.2s
  Val epoch 24: loss=0.1752

=== Phase1 Epoch 25/49 ===
  Epoch 25 [10/337] loss=0.1233 mask=0.0895 iou=0.0338
  Epoch 25 [20/337] loss=0.0937 mask=0.0713 iou=0.0224
  Epoch 25 [30/337] loss=0.1046 mask=0.0770 iou=0.0276
  Epoch 25 [40/337] loss=0.0923 mask=0.0699 iou=0.0224
  Epoch 25 [50/337] loss=0.0883 mask=0.0668 iou=0.0214
  Epoch 25 [60/337] loss=0.1090 mask=0.0805 iou=0.0285
  Epoch 25 [70/337] loss=0.1056 mask=0.0780 iou=0.0276
  Epoch 25 [80/337] loss=0.1084 mask=0.0816 iou=0.0268
  Epoch 25 [90/337] loss=0.1071 mask=0.0805 iou=0.0267
  Epoch 25 [100/337] loss=0.1037 mask=0.0779 iou=0.0258
  Epoch 25 [110/337] loss=0.1049 mask=0.0789 iou=0.0261
  Epoch 25 [120/337] loss=0.1063 mask=0.0797 iou=0.0266
  Epoch 25 [130/337] loss=0.1045 mask=0.0783 iou=0.0262
  Epoch 25 [140/337] loss=0.1062 mask=0.0792 iou=0.0270
  Epoch 25 [150/337] loss=0.1040 mask=0.0773 iou=0.0267
  Epoch 25 [160/337] loss=0.1047 mask=0.0784 iou=0.0264
  Epoch 25 [170/337] loss=0.1044 mask=0.0779 iou=0.0265
  Epoch 25 [180/337] loss=0.1042 mask=0.0778 iou=0.0263
  Epoch 25 [190/337] loss=0.1032 mask=0.0771 iou=0.0261
  Epoch 25 [200/337] loss=0.1022 mask=0.0766 iou=0.0256
  Epoch 25 [210/337] loss=0.1007 mask=0.0755 iou=0.0252
  Epoch 25 [220/337] loss=0.1010 mask=0.0756 iou=0.0254
  Epoch 25 [230/337] loss=0.1011 mask=0.0758 iou=0.0253
  Epoch 25 [240/337] loss=0.1003 mask=0.0755 iou=0.0248
  Epoch 25 [250/337] loss=0.0986 mask=0.0746 iou=0.0240
  Epoch 25 [260/337] loss=0.0985 mask=0.0744 iou=0.0241
  Epoch 25 [270/337] loss=0.0992 mask=0.0748 iou=0.0243
  Epoch 25 [280/337] loss=0.0985 mask=0.0742 iou=0.0242
  Epoch 25 [290/337] loss=0.0977 mask=0.0736 iou=0.0241
  Epoch 25 [300/337] loss=0.0959 mask=0.0725 iou=0.0234
  Epoch 25 [310/337] loss=0.0957 mask=0.0724 iou=0.0234
  Epoch 25 [320/337] loss=0.0953 mask=0.0720 iou=0.0233
  Epoch 25 [330/337] loss=0.0958 mask=0.0723 iou=0.0234
  Train: loss=0.0965 mask=0.0722 iou=0.0244 time=165.2s
  Val epoch 25: loss=0.1740

=== Phase1 Epoch 26/49 ===
  Epoch 26 [10/337] loss=0.0836 mask=0.0654 iou=0.0181
  Epoch 26 [20/337] loss=0.0830 mask=0.0626 iou=0.0204
  Epoch 26 [30/337] loss=0.0794 mask=0.0601 iou=0.0193
  Epoch 26 [40/337] loss=0.0867 mask=0.0651 iou=0.0217
  Epoch 26 [50/337] loss=0.0781 mask=0.0592 iou=0.0189
  Epoch 26 [60/337] loss=0.0826 mask=0.0620 iou=0.0206
  Epoch 26 [70/337] loss=0.0812 mask=0.0613 iou=0.0199
  Epoch 26 [80/337] loss=0.0825 mask=0.0624 iou=0.0201
  Epoch 26 [90/337] loss=0.0831 mask=0.0629 iou=0.0202
  Epoch 26 [100/337] loss=0.0863 mask=0.0657 iou=0.0206
  Epoch 26 [110/337] loss=0.0844 mask=0.0642 iou=0.0202
  Epoch 26 [120/337] loss=0.0828 mask=0.0630 iou=0.0198
  Epoch 26 [130/337] loss=0.0859 mask=0.0653 iou=0.0206
  Epoch 26 [140/337] loss=0.0859 mask=0.0653 iou=0.0206
  Epoch 26 [150/337] loss=0.0835 mask=0.0636 iou=0.0199
  Epoch 26 [160/337] loss=0.0815 mask=0.0624 iou=0.0190
  Epoch 26 [170/337] loss=0.0809 mask=0.0623 iou=0.0186
  Epoch 26 [180/337] loss=0.0805 mask=0.0622 iou=0.0183
  Epoch 26 [190/337] loss=0.0817 mask=0.0629 iou=0.0188
  Epoch 26 [200/337] loss=0.0842 mask=0.0646 iou=0.0197
  Epoch 26 [210/337] loss=0.0841 mask=0.0647 iou=0.0194
  Epoch 26 [220/337] loss=0.0898 mask=0.0682 iou=0.0216
  Epoch 26 [230/337] loss=0.0884 mask=0.0674 iou=0.0210
  Epoch 26 [240/337] loss=0.0883 mask=0.0674 iou=0.0209
  Epoch 26 [250/337] loss=0.0892 mask=0.0678 iou=0.0215
  Epoch 26 [260/337] loss=0.0881 mask=0.0670 iou=0.0211
  Epoch 26 [270/337] loss=0.0880 mask=0.0671 iou=0.0209
  Epoch 26 [280/337] loss=0.0864 mask=0.0659 iou=0.0205
  Epoch 26 [290/337] loss=0.0865 mask=0.0660 iou=0.0205
  Epoch 26 [300/337] loss=0.0886 mask=0.0672 iou=0.0214
  Epoch 26 [310/337] loss=0.0899 mask=0.0681 iou=0.0218
  Epoch 26 [320/337] loss=0.0904 mask=0.0685 iou=0.0219
  Epoch 26 [330/337] loss=0.0911 mask=0.0691 iou=0.0221
  Train: loss=0.0914 mask=0.0693 iou=0.0222 time=163.5s
  Val epoch 26: loss=0.1732

=== Phase1 Epoch 27/49 ===
  Epoch 27 [10/337] loss=0.0617 mask=0.0461 iou=0.0156
  Epoch 27 [20/337] loss=0.0622 mask=0.0472 iou=0.0149
  Epoch 27 [30/337] loss=0.0782 mask=0.0605 iou=0.0177
  Epoch 27 [40/337] loss=0.0758 mask=0.0579 iou=0.0178
  Epoch 27 [50/337] loss=0.0823 mask=0.0629 iou=0.0194
  Epoch 27 [60/337] loss=0.0875 mask=0.0657 iou=0.0218
  Epoch 27 [70/337] loss=0.0855 mask=0.0646 iou=0.0209
  Epoch 27 [80/337] loss=0.0898 mask=0.0676 iou=0.0221
  Epoch 27 [90/337] loss=0.0862 mask=0.0649 iou=0.0213
  Epoch 27 [100/337] loss=0.0887 mask=0.0670 iou=0.0217
  Epoch 27 [110/337] loss=0.0878 mask=0.0666 iou=0.0212
  Epoch 27 [120/337] loss=0.0853 mask=0.0651 iou=0.0202
  Epoch 27 [130/337] loss=0.0847 mask=0.0649 iou=0.0198
  Epoch 27 [140/337] loss=0.0867 mask=0.0661 iou=0.0206
  Epoch 27 [150/337] loss=0.0885 mask=0.0672 iou=0.0213
  Epoch 27 [160/337] loss=0.0923 mask=0.0698 iou=0.0225
  Epoch 27 [170/337] loss=0.0921 mask=0.0692 iou=0.0229
  Epoch 27 [180/337] loss=0.0919 mask=0.0691 iou=0.0228
  Epoch 27 [190/337] loss=0.0895 mask=0.0675 iou=0.0220
  Epoch 27 [200/337] loss=0.0887 mask=0.0673 iou=0.0214
  Epoch 27 [210/337] loss=0.0879 mask=0.0667 iou=0.0212
  Epoch 27 [220/337] loss=0.0890 mask=0.0675 iou=0.0215
  Epoch 27 [230/337] loss=0.0903 mask=0.0683 iou=0.0219
  Epoch 27 [240/337] loss=0.0887 mask=0.0672 iou=0.0215
  Epoch 27 [250/337] loss=0.0899 mask=0.0682 iou=0.0217
  Epoch 27 [260/337] loss=0.0929 mask=0.0701 iou=0.0228
  Epoch 27 [270/337] loss=0.0925 mask=0.0698 iou=0.0228
  Epoch 27 [280/337] loss=0.0909 mask=0.0686 iou=0.0223
  Epoch 27 [290/337] loss=0.0895 mask=0.0677 iou=0.0218
  Epoch 27 [300/337] loss=0.0881 mask=0.0669 iou=0.0212
  Epoch 27 [310/337] loss=0.0901 mask=0.0684 iou=0.0217
  Epoch 27 [320/337] loss=0.0904 mask=0.0687 iou=0.0217
  Epoch 27 [330/337] loss=0.0904 mask=0.0687 iou=0.0218
  Train: loss=0.0926 mask=0.0707 iou=0.0219 time=165.7s
  Val epoch 27: loss=0.1722

=== Phase1 Epoch 28/49 ===
  Epoch 28 [10/337] loss=0.1041 mask=0.0746 iou=0.0295
  Epoch 28 [20/337] loss=0.1027 mask=0.0781 iou=0.0246
  Epoch 28 [30/337] loss=0.0933 mask=0.0709 iou=0.0223
  Epoch 28 [40/337] loss=0.0843 mask=0.0645 iou=0.0198
  Epoch 28 [50/337] loss=0.0871 mask=0.0667 iou=0.0204
  Epoch 28 [60/337] loss=0.0781 mask=0.0604 iou=0.0177
  Epoch 28 [70/337] loss=0.0802 mask=0.0614 iou=0.0189
  Epoch 28 [80/337] loss=0.0787 mask=0.0599 iou=0.0188
  Epoch 28 [90/337] loss=0.0813 mask=0.0610 iou=0.0203
  Epoch 28 [100/337] loss=0.0824 mask=0.0617 iou=0.0206
  Epoch 28 [110/337] loss=0.0829 mask=0.0623 iou=0.0206
  Epoch 28 [120/337] loss=0.0827 mask=0.0625 iou=0.0203
  Epoch 28 [130/337] loss=0.0791 mask=0.0599 iou=0.0193
  Epoch 28 [140/337] loss=0.0806 mask=0.0608 iou=0.0198
  Epoch 28 [150/337] loss=0.0799 mask=0.0604 iou=0.0194
  Epoch 28 [160/337] loss=0.0802 mask=0.0607 iou=0.0195
  Epoch 28 [170/337] loss=0.0813 mask=0.0616 iou=0.0197
  Epoch 28 [180/337] loss=0.0793 mask=0.0602 iou=0.0190
  Epoch 28 [190/337] loss=0.0786 mask=0.0597 iou=0.0188
  Epoch 28 [200/337] loss=0.0822 mask=0.0623 iou=0.0199
  Epoch 28 [210/337] loss=0.0839 mask=0.0635 iou=0.0204
  Epoch 28 [220/337] loss=0.0846 mask=0.0640 iou=0.0205
  Epoch 28 [230/337] loss=0.0839 mask=0.0636 iou=0.0203
  Epoch 28 [240/337] loss=0.0881 mask=0.0667 iou=0.0214
  Epoch 28 [250/337] loss=0.0894 mask=0.0675 iou=0.0219
  Epoch 28 [260/337] loss=0.0881 mask=0.0667 iou=0.0214
  Epoch 28 [270/337] loss=0.0883 mask=0.0669 iou=0.0214
  Epoch 28 [280/337] loss=0.0898 mask=0.0679 iou=0.0219
  Epoch 28 [290/337] loss=0.0893 mask=0.0676 iou=0.0217
  Epoch 28 [300/337] loss=0.0898 mask=0.0682 iou=0.0216
  Epoch 28 [310/337] loss=0.0911 mask=0.0689 iou=0.0223
  Epoch 28 [320/337] loss=0.0923 mask=0.0698 iou=0.0225
  Epoch 28 [330/337] loss=0.0909 mask=0.0688 iou=0.0221
  Train: loss=0.0943 mask=0.0719 iou=0.0224 time=171.5s
  Val epoch 28: loss=0.1748

=== Phase1 Epoch 29/49 ===
  Epoch 29 [10/337] loss=0.0822 mask=0.0619 iou=0.0204
  Epoch 29 [20/337] loss=0.1004 mask=0.0731 iou=0.0273
  Epoch 29 [30/337] loss=0.1062 mask=0.0790 iou=0.0272
  Epoch 29 [40/337] loss=0.1060 mask=0.0793 iou=0.0268
  Epoch 29 [50/337] loss=0.0930 mask=0.0710 iou=0.0220
  Epoch 29 [60/337] loss=0.0878 mask=0.0675 iou=0.0203
  Epoch 29 [70/337] loss=0.0885 mask=0.0677 iou=0.0208
  Epoch 29 [80/337] loss=0.0837 mask=0.0643 iou=0.0193
  Epoch 29 [90/337] loss=0.0886 mask=0.0676 iou=0.0210
  Epoch 29 [100/337] loss=0.0853 mask=0.0652 iou=0.0201
  Epoch 29 [110/337] loss=0.0853 mask=0.0650 iou=0.0203
  Epoch 29 [120/337] loss=0.0860 mask=0.0656 iou=0.0205
  Epoch 29 [130/337] loss=0.0918 mask=0.0687 iou=0.0231
  Epoch 29 [140/337] loss=0.0901 mask=0.0676 iou=0.0225
  Epoch 29 [150/337] loss=0.0883 mask=0.0664 iou=0.0218
  Epoch 29 [160/337] loss=0.0893 mask=0.0677 iou=0.0217
  Epoch 29 [170/337] loss=0.0889 mask=0.0673 iou=0.0216
  Epoch 29 [180/337] loss=0.0873 mask=0.0663 iou=0.0210
  Epoch 29 [190/337] loss=0.0871 mask=0.0663 iou=0.0208
  Epoch 29 [200/337] loss=0.0860 mask=0.0656 iou=0.0204
  Epoch 29 [210/337] loss=0.0840 mask=0.0641 iou=0.0199
  Epoch 29 [220/337] loss=0.0819 mask=0.0625 iou=0.0194
  Epoch 29 [230/337] loss=0.0811 mask=0.0617 iou=0.0194
  Epoch 29 [240/337] loss=0.0851 mask=0.0642 iou=0.0208
  Epoch 29 [250/337] loss=0.0837 mask=0.0634 iou=0.0203
  Epoch 29 [260/337] loss=0.0842 mask=0.0640 iou=0.0202
  Epoch 29 [270/337] loss=0.0855 mask=0.0649 iou=0.0205
  Epoch 29 [280/337] loss=0.0851 mask=0.0648 iou=0.0203
  Epoch 29 [290/337] loss=0.0858 mask=0.0653 iou=0.0205
  Epoch 29 [300/337] loss=0.0860 mask=0.0654 iou=0.0206
  Epoch 29 [310/337] loss=0.0852 mask=0.0649 iou=0.0203
  Epoch 29 [320/337] loss=0.0858 mask=0.0656 iou=0.0203
  Epoch 29 [330/337] loss=0.0882 mask=0.0671 iou=0.0210
  Train: loss=0.0886 mask=0.0678 iou=0.0208 time=171.6s
  Val epoch 29: loss=0.1740

=== Phase1 Epoch 30/49 ===
  Epoch 30 [10/337] loss=0.1026 mask=0.0762 iou=0.0263
  Epoch 30 [20/337] loss=0.1264 mask=0.0940 iou=0.0324
  Epoch 30 [30/337] loss=0.1105 mask=0.0838 iou=0.0268
  Epoch 30 [40/337] loss=0.0976 mask=0.0745 iou=0.0230
  Epoch 30 [50/337] loss=0.0953 mask=0.0732 iou=0.0221
  Epoch 30 [60/337] loss=0.0881 mask=0.0686 iou=0.0195
  Epoch 30 [70/337] loss=0.0818 mask=0.0641 iou=0.0177
  Epoch 30 [80/337] loss=0.0864 mask=0.0664 iou=0.0201
  Epoch 30 [90/337] loss=0.0848 mask=0.0654 iou=0.0194
  Epoch 30 [100/337] loss=0.0835 mask=0.0643 iou=0.0192
  Epoch 30 [110/337] loss=0.0863 mask=0.0659 iou=0.0204
  Epoch 30 [120/337] loss=0.0852 mask=0.0654 iou=0.0198
  Epoch 30 [130/337] loss=0.0840 mask=0.0647 iou=0.0193
  Epoch 30 [140/337] loss=0.0834 mask=0.0643 iou=0.0192
  Epoch 30 [150/337] loss=0.0846 mask=0.0647 iou=0.0200
  Epoch 30 [160/337] loss=0.0832 mask=0.0635 iou=0.0197
  Epoch 30 [170/337] loss=0.0815 mask=0.0624 iou=0.0191
  Epoch 30 [180/337] loss=0.0807 mask=0.0617 iou=0.0190
  Epoch 30 [190/337] loss=0.0805 mask=0.0619 iou=0.0186
  Epoch 30 [200/337] loss=0.0829 mask=0.0636 iou=0.0193
  Epoch 30 [210/337] loss=0.0824 mask=0.0631 iou=0.0193
  Epoch 30 [220/337] loss=0.0809 mask=0.0621 iou=0.0189
  Epoch 30 [230/337] loss=0.0802 mask=0.0614 iou=0.0188
  Epoch 30 [240/337] loss=0.0832 mask=0.0638 iou=0.0194
  Epoch 30 [250/337] loss=0.0832 mask=0.0639 iou=0.0194
  Epoch 30 [260/337] loss=0.0814 mask=0.0626 iou=0.0188
  Epoch 30 [270/337] loss=0.0831 mask=0.0636 iou=0.0195
  Epoch 30 [280/337] loss=0.0823 mask=0.0633 iou=0.0190
  Epoch 30 [290/337] loss=0.0813 mask=0.0626 iou=0.0187
  Epoch 30 [300/337] loss=0.0808 mask=0.0623 iou=0.0185
  Epoch 30 [310/337] loss=0.0838 mask=0.0642 iou=0.0195
  Epoch 30 [320/337] loss=0.0850 mask=0.0651 iou=0.0200
  Epoch 30 [330/337] loss=0.0857 mask=0.0655 iou=0.0202
  Train: loss=0.0859 mask=0.0652 iou=0.0207 time=170.9s
  Val epoch 30: loss=0.1710

=== Phase1 Epoch 31/49 ===
  Epoch 31 [10/337] loss=0.0971 mask=0.0698 iou=0.0273
  Epoch 31 [20/337] loss=0.1117 mask=0.0762 iou=0.0355
  Epoch 31 [30/337] loss=0.1202 mask=0.0824 iou=0.0378
  Epoch 31 [40/337] loss=0.1051 mask=0.0750 iou=0.0301
  Epoch 31 [50/337] loss=0.0950 mask=0.0687 iou=0.0263
  Epoch 31 [60/337] loss=0.0928 mask=0.0677 iou=0.0251
  Epoch 31 [70/337] loss=0.0844 mask=0.0622 iou=0.0222
  Epoch 31 [80/337] loss=0.0805 mask=0.0598 iou=0.0208
  Epoch 31 [90/337] loss=0.0848 mask=0.0626 iou=0.0222
  Epoch 31 [100/337] loss=0.0865 mask=0.0640 iou=0.0225
  Epoch 31 [110/337] loss=0.0845 mask=0.0629 iou=0.0216
  Epoch 31 [120/337] loss=0.0840 mask=0.0626 iou=0.0214
  Epoch 31 [130/337] loss=0.0801 mask=0.0599 iou=0.0201
  Epoch 31 [140/337] loss=0.0850 mask=0.0637 iou=0.0214
  Epoch 31 [150/337] loss=0.0843 mask=0.0634 iou=0.0209
  Epoch 31 [160/337] loss=0.0848 mask=0.0637 iou=0.0211
  Epoch 31 [170/337] loss=0.0832 mask=0.0626 iou=0.0206
  Epoch 31 [180/337] loss=0.0848 mask=0.0638 iou=0.0210
  Epoch 31 [190/337] loss=0.0857 mask=0.0644 iou=0.0213
  Epoch 31 [200/337] loss=0.0878 mask=0.0660 iou=0.0218
  Epoch 31 [210/337] loss=0.0873 mask=0.0658 iou=0.0215
  Epoch 31 [220/337] loss=0.0884 mask=0.0669 iou=0.0215
  Epoch 31 [230/337] loss=0.0881 mask=0.0666 iou=0.0215
  Epoch 31 [240/337] loss=0.0883 mask=0.0669 iou=0.0214
  Epoch 31 [250/337] loss=0.0880 mask=0.0666 iou=0.0214
  Epoch 31 [260/337] loss=0.0890 mask=0.0675 iou=0.0215
  Epoch 31 [270/337] loss=0.0884 mask=0.0671 iou=0.0213
  Epoch 31 [280/337] loss=0.0870 mask=0.0662 iou=0.0207
  Epoch 31 [290/337] loss=0.0863 mask=0.0658 iou=0.0205
  Epoch 31 [300/337] loss=0.0844 mask=0.0645 iou=0.0199
  Epoch 31 [310/337] loss=0.0839 mask=0.0641 iou=0.0198
  Epoch 31 [320/337] loss=0.0843 mask=0.0643 iou=0.0201
  Epoch 31 [330/337] loss=0.0836 mask=0.0637 iou=0.0199
  Train: loss=0.0861 mask=0.0660 iou=0.0201 time=170.7s
  Val epoch 31: loss=0.1740

=== Phase1 Epoch 32/49 ===
  Epoch 32 [10/337] loss=0.0936 mask=0.0631 iou=0.0305
  Epoch 32 [20/337] loss=0.1061 mask=0.0752 iou=0.0309
  Epoch 32 [30/337] loss=0.0943 mask=0.0690 iou=0.0253
  Epoch 32 [40/337] loss=0.0974 mask=0.0728 iou=0.0245
  Epoch 32 [50/337] loss=0.0854 mask=0.0649 iou=0.0205
  Epoch 32 [60/337] loss=0.0853 mask=0.0649 iou=0.0205
  Epoch 32 [70/337] loss=0.0865 mask=0.0653 iou=0.0212
  Epoch 32 [80/337] loss=0.0882 mask=0.0666 iou=0.0216
  Epoch 32 [90/337] loss=0.0834 mask=0.0635 iou=0.0199
  Epoch 32 [100/337] loss=0.0831 mask=0.0635 iou=0.0196
  Epoch 32 [110/337] loss=0.0852 mask=0.0650 iou=0.0202
  Epoch 32 [120/337] loss=0.0942 mask=0.0707 iou=0.0235
  Epoch 32 [130/337] loss=0.1009 mask=0.0756 iou=0.0253
  Epoch 32 [140/337] loss=0.1009 mask=0.0760 iou=0.0249
  Epoch 32 [150/337] loss=0.1005 mask=0.0754 iou=0.0251
  Epoch 32 [160/337] loss=0.1010 mask=0.0756 iou=0.0254
  Epoch 32 [170/337] loss=0.0982 mask=0.0737 iou=0.0245
  Epoch 32 [180/337] loss=0.0959 mask=0.0721 iou=0.0239
  Epoch 32 [190/337] loss=0.0939 mask=0.0705 iou=0.0234
  Epoch 32 [200/337] loss=0.0925 mask=0.0696 iou=0.0229
  Epoch 32 [210/337] loss=0.0916 mask=0.0690 iou=0.0227
  Epoch 32 [220/337] loss=0.0914 mask=0.0689 iou=0.0225
  Epoch 32 [230/337] loss=0.0887 mask=0.0671 iou=0.0216
  Epoch 32 [240/337] loss=0.0876 mask=0.0664 iou=0.0212
  Epoch 32 [250/337] loss=0.0865 mask=0.0655 iou=0.0210
  Epoch 32 [260/337] loss=0.0848 mask=0.0644 iou=0.0204
  Epoch 32 [270/337] loss=0.0851 mask=0.0650 iou=0.0202
  Epoch 32 [280/337] loss=0.0847 mask=0.0646 iou=0.0201
  Epoch 32 [290/337] loss=0.0834 mask=0.0638 iou=0.0196
  Epoch 32 [300/337] loss=0.0833 mask=0.0638 iou=0.0195
  Epoch 32 [310/337] loss=0.0829 mask=0.0635 iou=0.0193
  Epoch 32 [320/337] loss=0.0818 mask=0.0628 iou=0.0190
  Epoch 32 [330/337] loss=0.0829 mask=0.0636 iou=0.0193
  Train: loss=0.0845 mask=0.0652 iou=0.0193 time=171.3s
  Val epoch 32: loss=0.1764

=== Phase1 Epoch 33/49 ===
  Epoch 33 [10/337] loss=0.0911 mask=0.0742 iou=0.0169
  Epoch 33 [20/337] loss=0.0789 mask=0.0650 iou=0.0138
  Epoch 33 [30/337] loss=0.0794 mask=0.0655 iou=0.0139
  Epoch 33 [40/337] loss=0.0759 mask=0.0615 iou=0.0143
  Epoch 33 [50/337] loss=0.0790 mask=0.0636 iou=0.0154
  Epoch 33 [60/337] loss=0.0817 mask=0.0658 iou=0.0159
  Epoch 33 [70/337] loss=0.0812 mask=0.0652 iou=0.0160
  Epoch 33 [80/337] loss=0.0803 mask=0.0641 iou=0.0162
  Epoch 33 [90/337] loss=0.0829 mask=0.0656 iou=0.0174
  Epoch 33 [100/337] loss=0.0825 mask=0.0648 iou=0.0177
  Epoch 33 [110/337] loss=0.0850 mask=0.0668 iou=0.0181
  Epoch 33 [120/337] loss=0.0846 mask=0.0659 iou=0.0187
  Epoch 33 [130/337] loss=0.0883 mask=0.0681 iou=0.0201
  Epoch 33 [140/337] loss=0.0864 mask=0.0669 iou=0.0195
  Epoch 33 [150/337] loss=0.0871 mask=0.0673 iou=0.0199
  Epoch 33 [160/337] loss=0.0874 mask=0.0675 iou=0.0199
  Epoch 33 [170/337] loss=0.0862 mask=0.0666 iou=0.0196
  Epoch 33 [180/337] loss=0.0840 mask=0.0651 iou=0.0189
  Epoch 33 [190/337] loss=0.0817 mask=0.0633 iou=0.0184
  Epoch 33 [200/337] loss=0.0805 mask=0.0625 iou=0.0180
  Epoch 33 [210/337] loss=0.0798 mask=0.0619 iou=0.0180
  Epoch 33 [220/337] loss=0.0790 mask=0.0616 iou=0.0174
  Epoch 33 [230/337] loss=0.0794 mask=0.0617 iou=0.0177
  Epoch 33 [240/337] loss=0.0815 mask=0.0631 iou=0.0184
  Epoch 33 [250/337] loss=0.0799 mask=0.0621 iou=0.0178
  Epoch 33 [260/337] loss=0.0803 mask=0.0623 iou=0.0180
  Epoch 33 [270/337] loss=0.0803 mask=0.0621 iou=0.0181
  Epoch 33 [280/337] loss=0.0797 mask=0.0616 iou=0.0181
  Epoch 33 [290/337] loss=0.0811 mask=0.0624 iou=0.0187
  Epoch 33 [300/337] loss=0.0815 mask=0.0626 iou=0.0189
  Epoch 33 [310/337] loss=0.0810 mask=0.0623 iou=0.0187
  Epoch 33 [320/337] loss=0.0818 mask=0.0630 iou=0.0188
  Epoch 33 [330/337] loss=0.0819 mask=0.0630 iou=0.0188
  Train: loss=0.0832 mask=0.0640 iou=0.0193 time=171.6s
  Val epoch 33: loss=0.1767

=== Phase1 Epoch 34/49 ===
  Epoch 34 [10/337] loss=0.0743 mask=0.0574 iou=0.0169
  Epoch 34 [20/337] loss=0.0915 mask=0.0680 iou=0.0235
  Epoch 34 [30/337] loss=0.0992 mask=0.0738 iou=0.0254
  Epoch 34 [40/337] loss=0.0886 mask=0.0666 iou=0.0220
  Epoch 34 [50/337] loss=0.0833 mask=0.0628 iou=0.0205
  Epoch 34 [60/337] loss=0.0793 mask=0.0600 iou=0.0192
  Epoch 34 [70/337] loss=0.0846 mask=0.0638 iou=0.0208
  Epoch 34 [80/337] loss=0.0854 mask=0.0638 iou=0.0216
  Epoch 34 [90/337] loss=0.0801 mask=0.0605 iou=0.0196
  Epoch 34 [100/337] loss=0.0764 mask=0.0581 iou=0.0183
  Epoch 34 [110/337] loss=0.0811 mask=0.0620 iou=0.0191
  Epoch 34 [120/337] loss=0.0848 mask=0.0645 iou=0.0203
  Epoch 34 [130/337] loss=0.0834 mask=0.0635 iou=0.0199
  Epoch 34 [140/337] loss=0.0799 mask=0.0611 iou=0.0188
  Epoch 34 [150/337] loss=0.0766 mask=0.0589 iou=0.0177
  Epoch 34 [160/337] loss=0.0757 mask=0.0583 iou=0.0174
  Epoch 34 [170/337] loss=0.0757 mask=0.0585 iou=0.0172
  Epoch 34 [180/337] loss=0.0756 mask=0.0582 iou=0.0174
  Epoch 34 [190/337] loss=0.0796 mask=0.0613 iou=0.0184
  Epoch 34 [200/337] loss=0.0814 mask=0.0626 iou=0.0188
  Epoch 34 [210/337] loss=0.0802 mask=0.0618 iou=0.0183
  Epoch 34 [220/337] loss=0.0832 mask=0.0640 iou=0.0192
  Epoch 34 [230/337] loss=0.0834 mask=0.0641 iou=0.0193
  Epoch 34 [240/337] loss=0.0813 mask=0.0627 iou=0.0186
  Epoch 34 [250/337] loss=0.0813 mask=0.0626 iou=0.0187
  Epoch 34 [260/337] loss=0.0791 mask=0.0611 iou=0.0180
  Epoch 34 [270/337] loss=0.0791 mask=0.0608 iou=0.0183
  Epoch 34 [280/337] loss=0.0776 mask=0.0598 iou=0.0178
  Epoch 34 [290/337] loss=0.0796 mask=0.0616 iou=0.0181
  Epoch 34 [300/337] loss=0.0790 mask=0.0612 iou=0.0178
  Epoch 34 [310/337] loss=0.0802 mask=0.0618 iou=0.0184
  Epoch 34 [320/337] loss=0.0819 mask=0.0628 iou=0.0191
  Epoch 34 [330/337] loss=0.0818 mask=0.0627 iou=0.0191
  Train: loss=0.0827 mask=0.0631 iou=0.0196 time=171.1s
  Val epoch 34: loss=0.1745

=== Phase1 Epoch 35/49 ===
  Epoch 35 [10/337] loss=0.0575 mask=0.0440 iou=0.0135
  Epoch 35 [20/337] loss=0.0585 mask=0.0451 iou=0.0135
  Epoch 35 [30/337] loss=0.0559 mask=0.0435 iou=0.0123
  Epoch 35 [40/337] loss=0.0629 mask=0.0490 iou=0.0139
  Epoch 35 [50/337] loss=0.0728 mask=0.0563 iou=0.0165
  Epoch 35 [60/337] loss=0.0696 mask=0.0538 iou=0.0158
  Epoch 35 [70/337] loss=0.0796 mask=0.0617 iou=0.0178
  Epoch 35 [80/337] loss=0.0758 mask=0.0591 iou=0.0167
  Epoch 35 [90/337] loss=0.0807 mask=0.0627 iou=0.0179
  Epoch 35 [100/337] loss=0.0839 mask=0.0644 iou=0.0195
  Epoch 35 [110/337] loss=0.0810 mask=0.0625 iou=0.0186
  Epoch 35 [120/337] loss=0.0806 mask=0.0625 iou=0.0181
  Epoch 35 [130/337] loss=0.0850 mask=0.0653 iou=0.0196
  Epoch 35 [140/337] loss=0.0857 mask=0.0657 iou=0.0199
  Epoch 35 [150/337] loss=0.0883 mask=0.0671 iou=0.0212
  Epoch 35 [160/337] loss=0.0880 mask=0.0669 iou=0.0211
  Epoch 35 [170/337] loss=0.0868 mask=0.0661 iou=0.0207
  Epoch 35 [180/337] loss=0.0871 mask=0.0665 iou=0.0206
  Epoch 35 [190/337] loss=0.0845 mask=0.0647 iou=0.0198
  Epoch 35 [200/337] loss=0.0874 mask=0.0668 iou=0.0205
  Epoch 35 [210/337] loss=0.0864 mask=0.0663 iou=0.0201
  Epoch 35 [220/337] loss=0.0843 mask=0.0649 iou=0.0194
  Epoch 35 [230/337] loss=0.0848 mask=0.0653 iou=0.0195
  Epoch 35 [240/337] loss=0.0843 mask=0.0648 iou=0.0195
  Epoch 35 [250/337] loss=0.0823 mask=0.0633 iou=0.0190
  Epoch 35 [260/337] loss=0.0821 mask=0.0632 iou=0.0189
  Epoch 35 [270/337] loss=0.0823 mask=0.0633 iou=0.0189
  Epoch 35 [280/337] loss=0.0810 mask=0.0624 iou=0.0186
  Epoch 35 [290/337] loss=0.0805 mask=0.0620 iou=0.0184
  Epoch 35 [300/337] loss=0.0805 mask=0.0622 iou=0.0183
  Epoch 35 [310/337] loss=0.0796 mask=0.0615 iou=0.0181
  Epoch 35 [320/337] loss=0.0805 mask=0.0620 iou=0.0184
  Epoch 35 [330/337] loss=0.0802 mask=0.0618 iou=0.0184
  Train: loss=0.0811 mask=0.0628 iou=0.0183 time=171.7s
  Val epoch 35: loss=0.1781

=== Phase1 Epoch 36/49 ===
  Epoch 36 [10/337] loss=0.0700 mask=0.0578 iou=0.0121
  Epoch 36 [20/337] loss=0.0715 mask=0.0604 iou=0.0111
  Epoch 36 [30/337] loss=0.0675 mask=0.0576 iou=0.0100
  Epoch 36 [40/337] loss=0.0737 mask=0.0621 iou=0.0116
  Epoch 36 [50/337] loss=0.0724 mask=0.0596 iou=0.0128
  Epoch 36 [60/337] loss=0.0677 mask=0.0558 iou=0.0120
  Epoch 36 [70/337] loss=0.0711 mask=0.0569 iou=0.0142
  Epoch 36 [80/337] loss=0.0660 mask=0.0533 iou=0.0127
  Epoch 36 [90/337] loss=0.0634 mask=0.0514 iou=0.0121
  Epoch 36 [100/337] loss=0.0616 mask=0.0499 iou=0.0117
  Epoch 36 [110/337] loss=0.0656 mask=0.0526 iou=0.0131
  Epoch 36 [120/337] loss=0.0633 mask=0.0509 iou=0.0123
  Epoch 36 [130/337] loss=0.0620 mask=0.0499 iou=0.0120
  Epoch 36 [140/337] loss=0.0642 mask=0.0517 iou=0.0125
  Epoch 36 [150/337] loss=0.0660 mask=0.0526 iou=0.0133
  Epoch 36 [160/337] loss=0.0669 mask=0.0533 iou=0.0136
  Epoch 36 [170/337] loss=0.0697 mask=0.0548 iou=0.0149
  Epoch 36 [180/337] loss=0.0709 mask=0.0557 iou=0.0152
  Epoch 36 [190/337] loss=0.0714 mask=0.0560 iou=0.0154
  Epoch 36 [200/337] loss=0.0753 mask=0.0589 iou=0.0164
  Epoch 36 [210/337] loss=0.0772 mask=0.0602 iou=0.0170
  Epoch 36 [220/337] loss=0.0792 mask=0.0615 iou=0.0177
  Epoch 36 [230/337] loss=0.0805 mask=0.0625 iou=0.0180
  Epoch 36 [240/337] loss=0.0815 mask=0.0633 iou=0.0182
  Epoch 36 [250/337] loss=0.0843 mask=0.0651 iou=0.0192
  Epoch 36 [260/337] loss=0.0835 mask=0.0646 iou=0.0189
  Epoch 36 [270/337] loss=0.0830 mask=0.0642 iou=0.0188
  Epoch 36 [280/337] loss=0.0824 mask=0.0638 iou=0.0186
  Epoch 36 [290/337] loss=0.0831 mask=0.0642 iou=0.0189
  Epoch 36 [300/337] loss=0.0829 mask=0.0641 iou=0.0188
  Epoch 36 [310/337] loss=0.0819 mask=0.0633 iou=0.0186
  Epoch 36 [320/337] loss=0.0813 mask=0.0629 iou=0.0184
  Epoch 36 [330/337] loss=0.0807 mask=0.0625 iou=0.0182
  Train: loss=0.0809 mask=0.0622 iou=0.0187 time=171.2s
  Val epoch 36: loss=0.1773

=== Phase1 Epoch 37/49 ===
  Epoch 37 [10/337] loss=0.0428 mask=0.0378 iou=0.0050
  Epoch 37 [20/337] loss=0.0679 mask=0.0552 iou=0.0127
  Epoch 37 [30/337] loss=0.0745 mask=0.0580 iou=0.0165
  Epoch 37 [40/337] loss=0.0825 mask=0.0643 iou=0.0182
  Epoch 37 [50/337] loss=0.0845 mask=0.0661 iou=0.0184
  Epoch 37 [60/337] loss=0.0877 mask=0.0699 iou=0.0178
  Epoch 37 [70/337] loss=0.0905 mask=0.0717 iou=0.0187
  Epoch 37 [80/337] loss=0.0899 mask=0.0703 iou=0.0196
  Epoch 37 [90/337] loss=0.0895 mask=0.0695 iou=0.0200
  Epoch 37 [100/337] loss=0.0843 mask=0.0659 iou=0.0185
  Epoch 37 [110/337] loss=0.0873 mask=0.0678 iou=0.0195
  Epoch 37 [120/337] loss=0.0881 mask=0.0684 iou=0.0197
  Epoch 37 [130/337] loss=0.0879 mask=0.0683 iou=0.0197
  Epoch 37 [140/337] loss=0.0881 mask=0.0689 iou=0.0191
  Epoch 37 [150/337] loss=0.0891 mask=0.0692 iou=0.0198
  Epoch 37 [160/337] loss=0.0875 mask=0.0683 iou=0.0192
  Epoch 37 [170/337] loss=0.0864 mask=0.0676 iou=0.0188
  Epoch 37 [180/337] loss=0.0844 mask=0.0660 iou=0.0184
  Epoch 37 [190/337] loss=0.0826 mask=0.0647 iou=0.0179
  Epoch 37 [200/337] loss=0.0823 mask=0.0643 iou=0.0180
  Epoch 37 [210/337] loss=0.0826 mask=0.0642 iou=0.0184
  Epoch 37 [220/337] loss=0.0821 mask=0.0636 iou=0.0185
  Epoch 37 [230/337] loss=0.0803 mask=0.0625 iou=0.0179
  Epoch 37 [240/337] loss=0.0818 mask=0.0632 iou=0.0186
  Epoch 37 [250/337] loss=0.0820 mask=0.0632 iou=0.0188
  Epoch 37 [260/337] loss=0.0817 mask=0.0631 iou=0.0187
  Epoch 37 [270/337] loss=0.0806 mask=0.0622 iou=0.0184
  Epoch 37 [280/337] loss=0.0804 mask=0.0621 iou=0.0183
  Epoch 37 [290/337] loss=0.0804 mask=0.0622 iou=0.0182
  Epoch 37 [300/337] loss=0.0792 mask=0.0614 iou=0.0178
  Epoch 37 [310/337] loss=0.0780 mask=0.0604 iou=0.0175
  Epoch 37 [320/337] loss=0.0800 mask=0.0617 iou=0.0184
  Epoch 37 [330/337] loss=0.0791 mask=0.0612 iou=0.0180
  Train: loss=0.0799 mask=0.0613 iou=0.0186 time=171.2s
  Val epoch 37: loss=0.1791

=== Phase1 Epoch 38/49 ===
  Epoch 38 [10/337] loss=0.1108 mask=0.0852 iou=0.0256
  Epoch 38 [20/337] loss=0.0977 mask=0.0725 iou=0.0251
  Epoch 38 [30/337] loss=0.0978 mask=0.0733 iou=0.0245
  Epoch 38 [40/337] loss=0.0981 mask=0.0758 iou=0.0224
  Epoch 38 [50/337] loss=0.0897 mask=0.0694 iou=0.0203
  Epoch 38 [60/337] loss=0.0838 mask=0.0657 iou=0.0181
  Epoch 38 [70/337] loss=0.0914 mask=0.0709 iou=0.0204
  Epoch 38 [80/337] loss=0.0897 mask=0.0689 iou=0.0207
  Epoch 38 [90/337] loss=0.0922 mask=0.0703 iou=0.0220
  Epoch 38 [100/337] loss=0.0860 mask=0.0659 iou=0.0200
  Epoch 38 [110/337] loss=0.0866 mask=0.0661 iou=0.0205
  Epoch 38 [120/337] loss=0.0842 mask=0.0646 iou=0.0196
  Epoch 38 [130/337] loss=0.0858 mask=0.0659 iou=0.0199
  Epoch 38 [140/337] loss=0.0828 mask=0.0639 iou=0.0190
  Epoch 38 [150/337] loss=0.0810 mask=0.0627 iou=0.0183
  Epoch 38 [160/337] loss=0.0779 mask=0.0605 iou=0.0174
  Epoch 38 [170/337] loss=0.0785 mask=0.0612 iou=0.0173
  Epoch 38 [180/337] loss=0.0760 mask=0.0595 iou=0.0165
  Epoch 38 [190/337] loss=0.0767 mask=0.0599 iou=0.0168
  Epoch 38 [200/337] loss=0.0777 mask=0.0605 iou=0.0172
  Epoch 38 [210/337] loss=0.0760 mask=0.0591 iou=0.0169
  Epoch 38 [220/337] loss=0.0756 mask=0.0588 iou=0.0167
  Epoch 38 [230/337] loss=0.0759 mask=0.0592 iou=0.0168
  Epoch 38 [240/337] loss=0.0765 mask=0.0597 iou=0.0168
  Epoch 38 [250/337] loss=0.0787 mask=0.0612 iou=0.0175
  Epoch 38 [260/337] loss=0.0790 mask=0.0612 iou=0.0177
  Epoch 38 [270/337] loss=0.0788 mask=0.0611 iou=0.0177
  Epoch 38 [280/337] loss=0.0775 mask=0.0603 iou=0.0172
  Epoch 38 [290/337] loss=0.0765 mask=0.0596 iou=0.0170
  Epoch 38 [300/337] loss=0.0759 mask=0.0592 iou=0.0167
  Epoch 38 [310/337] loss=0.0800 mask=0.0618 iou=0.0182
  Epoch 38 [320/337] loss=0.0793 mask=0.0613 iou=0.0180
  Epoch 38 [330/337] loss=0.0781 mask=0.0605 iou=0.0176
  Train: loss=0.0786 mask=0.0605 iou=0.0181 time=171.7s
  Val epoch 38: loss=0.1799

=== Phase1 Epoch 39/49 ===
  Epoch 39 [10/337] loss=0.0732 mask=0.0548 iou=0.0185
  Epoch 39 [20/337] loss=0.0790 mask=0.0599 iou=0.0191
  Epoch 39 [30/337] loss=0.0893 mask=0.0685 iou=0.0208
  Epoch 39 [40/337] loss=0.0855 mask=0.0645 iou=0.0210
  Epoch 39 [50/337] loss=0.0867 mask=0.0669 iou=0.0198
  Epoch 39 [60/337] loss=0.0840 mask=0.0649 iou=0.0190
  Epoch 39 [70/337] loss=0.0939 mask=0.0710 iou=0.0229
  Epoch 39 [80/337] loss=0.0985 mask=0.0739 iou=0.0246
  Epoch 39 [90/337] loss=0.0999 mask=0.0756 iou=0.0243
  Epoch 39 [100/337] loss=0.0996 mask=0.0752 iou=0.0244
  Epoch 39 [110/337] loss=0.0975 mask=0.0736 iou=0.0239
  Epoch 39 [120/337] loss=0.0952 mask=0.0722 iou=0.0231
  Epoch 39 [130/337] loss=0.0908 mask=0.0691 iou=0.0216
  Epoch 39 [140/337] loss=0.0906 mask=0.0687 iou=0.0219
  Epoch 39 [150/337] loss=0.0884 mask=0.0672 iou=0.0212
  Epoch 39 [160/337] loss=0.0864 mask=0.0659 iou=0.0204
  Epoch 39 [170/337] loss=0.0835 mask=0.0639 iou=0.0196
  Epoch 39 [180/337] loss=0.0809 mask=0.0621 iou=0.0188
  Epoch 39 [190/337] loss=0.0792 mask=0.0606 iou=0.0186
  Epoch 39 [200/337] loss=0.0780 mask=0.0600 iou=0.0180
  Epoch 39 [210/337] loss=0.0791 mask=0.0610 iou=0.0181
  Epoch 39 [220/337] loss=0.0778 mask=0.0601 iou=0.0177
  Epoch 39 [230/337] loss=0.0772 mask=0.0597 iou=0.0175
  Epoch 39 [240/337] loss=0.0773 mask=0.0598 iou=0.0174
  Epoch 39 [250/337] loss=0.0777 mask=0.0603 iou=0.0175
  Epoch 39 [260/337] loss=0.0775 mask=0.0600 iou=0.0175
  Epoch 39 [270/337] loss=0.0788 mask=0.0610 iou=0.0178
  Epoch 39 [280/337] loss=0.0804 mask=0.0621 iou=0.0183
  Epoch 39 [290/337] loss=0.0799 mask=0.0618 iou=0.0181
  Epoch 39 [300/337] loss=0.0802 mask=0.0619 iou=0.0183
  Epoch 39 [310/337] loss=0.0787 mask=0.0609 iou=0.0178
  Epoch 39 [320/337] loss=0.0782 mask=0.0605 iou=0.0177
  Epoch 39 [330/337] loss=0.0779 mask=0.0604 iou=0.0174
  Train: loss=0.0786 mask=0.0614 iou=0.0172 time=171.3s
  Val epoch 39: loss=0.1740

=== Phase1 Epoch 40/49 ===
  Epoch 40 [10/337] loss=0.0448 mask=0.0393 iou=0.0055
  Epoch 40 [20/337] loss=0.0669 mask=0.0524 iou=0.0144
  Epoch 40 [30/337] loss=0.0697 mask=0.0558 iou=0.0139
  Epoch 40 [40/337] loss=0.0766 mask=0.0615 iou=0.0151
  Epoch 40 [50/337] loss=0.0741 mask=0.0599 iou=0.0142
  Epoch 40 [60/337] loss=0.0871 mask=0.0687 iou=0.0183
  Epoch 40 [70/337] loss=0.0841 mask=0.0668 iou=0.0173
  Epoch 40 [80/337] loss=0.0781 mask=0.0621 iou=0.0160
  Epoch 40 [90/337] loss=0.0773 mask=0.0617 iou=0.0155
  Epoch 40 [100/337] loss=0.0785 mask=0.0624 iou=0.0161
  Epoch 40 [110/337] loss=0.0763 mask=0.0606 iou=0.0157
  Epoch 40 [120/337] loss=0.0806 mask=0.0631 iou=0.0175
  Epoch 40 [130/337] loss=0.0813 mask=0.0634 iou=0.0179
  Epoch 40 [140/337] loss=0.0805 mask=0.0629 iou=0.0176
  Epoch 40 [150/337] loss=0.0813 mask=0.0638 iou=0.0175
  Epoch 40 [160/337] loss=0.0805 mask=0.0632 iou=0.0173
  Epoch 40 [170/337] loss=0.0808 mask=0.0631 iou=0.0177
  Epoch 40 [180/337] loss=0.0830 mask=0.0644 iou=0.0186
  Epoch 40 [190/337] loss=0.0803 mask=0.0626 iou=0.0178
  Epoch 40 [200/337] loss=0.0811 mask=0.0630 iou=0.0181
  Epoch 40 [210/337] loss=0.0792 mask=0.0615 iou=0.0177
  Epoch 40 [220/337] loss=0.0807 mask=0.0627 iou=0.0180
  Epoch 40 [230/337] loss=0.0817 mask=0.0637 iou=0.0180
  Epoch 40 [240/337] loss=0.0796 mask=0.0623 iou=0.0173
  Epoch 40 [250/337] loss=0.0781 mask=0.0612 iou=0.0168
  Epoch 40 [260/337] loss=0.0794 mask=0.0621 iou=0.0173
  Epoch 40 [270/337] loss=0.0797 mask=0.0623 iou=0.0174
  Epoch 40 [280/337] loss=0.0779 mask=0.0609 iou=0.0170
  Epoch 40 [290/337] loss=0.0781 mask=0.0609 iou=0.0172
  Epoch 40 [300/337] loss=0.0776 mask=0.0605 iou=0.0171
  Epoch 40 [310/337] loss=0.0785 mask=0.0612 iou=0.0173
  Epoch 40 [320/337] loss=0.0783 mask=0.0609 iou=0.0174
  Epoch 40 [330/337] loss=0.0770 mask=0.0601 iou=0.0169
  Train: loss=0.0773 mask=0.0604 iou=0.0169 time=171.1s
  Val epoch 40: loss=0.1800

=== Phase1 Epoch 41/49 ===
  Epoch 41 [10/337] loss=0.0512 mask=0.0387 iou=0.0125
  Epoch 41 [20/337] loss=0.0622 mask=0.0462 iou=0.0161
  Epoch 41 [30/337] loss=0.0583 mask=0.0449 iou=0.0134
  Epoch 41 [40/337] loss=0.0571 mask=0.0444 iou=0.0128
  Epoch 41 [50/337] loss=0.0584 mask=0.0459 iou=0.0125
  Epoch 41 [60/337] loss=0.0596 mask=0.0469 iou=0.0127
  Epoch 41 [70/337] loss=0.0613 mask=0.0481 iou=0.0133
  Epoch 41 [80/337] loss=0.0619 mask=0.0483 iou=0.0136
  Epoch 41 [90/337] loss=0.0673 mask=0.0530 iou=0.0142
  Epoch 41 [100/337] loss=0.0759 mask=0.0583 iou=0.0176
  Epoch 41 [110/337] loss=0.0794 mask=0.0603 iou=0.0191
  Epoch 41 [120/337] loss=0.0770 mask=0.0590 iou=0.0180
  Epoch 41 [130/337] loss=0.0758 mask=0.0582 iou=0.0176
  Epoch 41 [140/337] loss=0.0747 mask=0.0577 iou=0.0171
  Epoch 41 [150/337] loss=0.0773 mask=0.0593 iou=0.0180
  Epoch 41 [160/337] loss=0.0782 mask=0.0601 iou=0.0181
  Epoch 41 [170/337] loss=0.0777 mask=0.0599 iou=0.0177
  Epoch 41 [180/337] loss=0.0776 mask=0.0599 iou=0.0177
  Epoch 41 [190/337] loss=0.0757 mask=0.0586 iou=0.0171
  Epoch 41 [200/337] loss=0.0786 mask=0.0607 iou=0.0179
  Epoch 41 [210/337] loss=0.0764 mask=0.0592 iou=0.0173
  Epoch 41 [220/337] loss=0.0772 mask=0.0598 iou=0.0174
  Epoch 41 [230/337] loss=0.0769 mask=0.0597 iou=0.0172
  Epoch 41 [240/337] loss=0.0777 mask=0.0604 iou=0.0173
  Epoch 41 [250/337] loss=0.0811 mask=0.0628 iou=0.0183
  Epoch 41 [260/337] loss=0.0797 mask=0.0619 iou=0.0178
  Epoch 41 [270/337] loss=0.0796 mask=0.0618 iou=0.0178
  Epoch 41 [280/337] loss=0.0798 mask=0.0619 iou=0.0179
  Epoch 41 [290/337] loss=0.0788 mask=0.0612 iou=0.0176
  Epoch 41 [300/337] loss=0.0777 mask=0.0605 iou=0.0172
  Epoch 41 [310/337] loss=0.0775 mask=0.0603 iou=0.0171
  Epoch 41 [320/337] loss=0.0775 mask=0.0605 iou=0.0170
  Epoch 41 [330/337] loss=0.0770 mask=0.0601 iou=0.0169
  Train: loss=0.0776 mask=0.0609 iou=0.0167 time=170.6s
  Val epoch 41: loss=0.1782

=== Phase1 Epoch 42/49 ===
  Epoch 42 [10/337] loss=0.0777 mask=0.0585 iou=0.0192
  Epoch 42 [20/337] loss=0.1384 mask=0.1037 iou=0.0347
  Epoch 42 [30/337] loss=0.1034 mask=0.0789 iou=0.0245
  Epoch 42 [40/337] loss=0.0918 mask=0.0708 iou=0.0211
  Epoch 42 [50/337] loss=0.0849 mask=0.0662 iou=0.0187
  Epoch 42 [60/337] loss=0.0786 mask=0.0612 iou=0.0174
  Epoch 42 [70/337] loss=0.0859 mask=0.0673 iou=0.0186
  Epoch 42 [80/337] loss=0.0863 mask=0.0676 iou=0.0186
  Epoch 42 [90/337] loss=0.0865 mask=0.0677 iou=0.0189
  Epoch 42 [100/337] loss=0.0832 mask=0.0652 iou=0.0180
  Epoch 42 [110/337] loss=0.0805 mask=0.0633 iou=0.0172
  Epoch 42 [120/337] loss=0.0826 mask=0.0644 iou=0.0182
  Epoch 42 [130/337] loss=0.0796 mask=0.0626 iou=0.0170
  Epoch 42 [140/337] loss=0.0805 mask=0.0629 iou=0.0176
  Epoch 42 [150/337] loss=0.0816 mask=0.0635 iou=0.0182
  Epoch 42 [160/337] loss=0.0793 mask=0.0617 iou=0.0175
  Epoch 42 [170/337] loss=0.0779 mask=0.0609 iou=0.0170
  Epoch 42 [180/337] loss=0.0764 mask=0.0597 iou=0.0166
  Epoch 42 [190/337] loss=0.0757 mask=0.0593 iou=0.0164
  Epoch 42 [200/337] loss=0.0747 mask=0.0588 iou=0.0159
  Epoch 42 [210/337] loss=0.0746 mask=0.0588 iou=0.0157
  Epoch 42 [220/337] loss=0.0772 mask=0.0608 iou=0.0164
  Epoch 42 [230/337] loss=0.0769 mask=0.0604 iou=0.0165
  Epoch 42 [240/337] loss=0.0770 mask=0.0605 iou=0.0165
  Epoch 42 [250/337] loss=0.0756 mask=0.0594 iou=0.0162
  Epoch 42 [260/337] loss=0.0746 mask=0.0587 iou=0.0159
  Epoch 42 [270/337] loss=0.0759 mask=0.0598 iou=0.0161
  Epoch 42 [280/337] loss=0.0768 mask=0.0605 iou=0.0163
  Epoch 42 [290/337] loss=0.0764 mask=0.0601 iou=0.0163
  Epoch 42 [300/337] loss=0.0758 mask=0.0597 iou=0.0161
  Epoch 42 [310/337] loss=0.0765 mask=0.0600 iou=0.0165
  Epoch 42 [320/337] loss=0.0763 mask=0.0598 iou=0.0165
  Epoch 42 [330/337] loss=0.0756 mask=0.0592 iou=0.0164
  Train: loss=0.0764 mask=0.0601 iou=0.0164 time=169.9s
  Val epoch 42: loss=0.1818

=== Phase1 Epoch 43/49 ===
  Epoch 43 [10/337] loss=0.1928 mask=0.1390 iou=0.0538
  Epoch 43 [20/337] loss=0.1241 mask=0.0909 iou=0.0332
  Epoch 43 [30/337] loss=0.1100 mask=0.0821 iou=0.0279
  Epoch 43 [40/337] loss=0.0959 mask=0.0720 iou=0.0240
  Epoch 43 [50/337] loss=0.0849 mask=0.0644 iou=0.0204
  Epoch 43 [60/337] loss=0.0825 mask=0.0639 iou=0.0187
  Epoch 43 [70/337] loss=0.0843 mask=0.0649 iou=0.0194
  Epoch 43 [80/337] loss=0.0809 mask=0.0627 iou=0.0183
  Epoch 43 [90/337] loss=0.0755 mask=0.0589 iou=0.0167
  Epoch 43 [100/337] loss=0.0732 mask=0.0570 iou=0.0162
  Epoch 43 [110/337] loss=0.0767 mask=0.0599 iou=0.0168
  Epoch 43 [120/337] loss=0.0791 mask=0.0619 iou=0.0172
  Epoch 43 [130/337] loss=0.0808 mask=0.0629 iou=0.0179
  Epoch 43 [140/337] loss=0.0801 mask=0.0625 iou=0.0176
  Epoch 43 [150/337] loss=0.0806 mask=0.0626 iou=0.0180
  Epoch 43 [160/337] loss=0.0790 mask=0.0616 iou=0.0174
  Epoch 43 [170/337] loss=0.0783 mask=0.0608 iou=0.0175
  Epoch 43 [180/337] loss=0.0774 mask=0.0603 iou=0.0170
  Epoch 43 [190/337] loss=0.0809 mask=0.0627 iou=0.0182
  Epoch 43 [200/337] loss=0.0821 mask=0.0633 iou=0.0188
  Epoch 43 [210/337] loss=0.0812 mask=0.0627 iou=0.0184
  Epoch 43 [220/337] loss=0.0807 mask=0.0626 iou=0.0182
  Epoch 43 [230/337] loss=0.0794 mask=0.0615 iou=0.0179
  Epoch 43 [240/337] loss=0.0784 mask=0.0607 iou=0.0177
  Epoch 43 [250/337] loss=0.0775 mask=0.0602 iou=0.0173
  Epoch 43 [260/337] loss=0.0766 mask=0.0596 iou=0.0170
  Epoch 43 [270/337] loss=0.0773 mask=0.0601 iou=0.0172
  Epoch 43 [280/337] loss=0.0770 mask=0.0600 iou=0.0170
  Epoch 43 [290/337] loss=0.0757 mask=0.0592 iou=0.0165
  Epoch 43 [300/337] loss=0.0756 mask=0.0591 iou=0.0165
  Epoch 43 [310/337] loss=0.0758 mask=0.0592 iou=0.0167
  Epoch 43 [320/337] loss=0.0748 mask=0.0585 iou=0.0163
  Epoch 43 [330/337] loss=0.0749 mask=0.0587 iou=0.0162
  Train: loss=0.0754 mask=0.0590 iou=0.0165 time=170.5s
  Val epoch 43: loss=0.1832

=== Phase1 Epoch 44/49 ===
  Epoch 44 [10/337] loss=0.0897 mask=0.0652 iou=0.0245
  Epoch 44 [20/337] loss=0.0894 mask=0.0667 iou=0.0227
  Epoch 44 [30/337] loss=0.0850 mask=0.0648 iou=0.0202
  Epoch 44 [40/337] loss=0.0867 mask=0.0684 iou=0.0183
  Epoch 44 [50/337] loss=0.0855 mask=0.0680 iou=0.0174
  Epoch 44 [60/337] loss=0.0874 mask=0.0703 iou=0.0171
  Epoch 44 [70/337] loss=0.0867 mask=0.0687 iou=0.0180
  Epoch 44 [80/337] loss=0.0796 mask=0.0633 iou=0.0162
  Epoch 44 [90/337] loss=0.0785 mask=0.0623 iou=0.0162
  Epoch 44 [100/337] loss=0.0780 mask=0.0614 iou=0.0165
  Epoch 44 [110/337] loss=0.0756 mask=0.0597 iou=0.0159
  Epoch 44 [120/337] loss=0.0742 mask=0.0585 iou=0.0157
  Epoch 44 [130/337] loss=0.0764 mask=0.0599 iou=0.0165
  Epoch 44 [140/337] loss=0.0777 mask=0.0606 iou=0.0171
  Epoch 44 [150/337] loss=0.0780 mask=0.0612 iou=0.0168
  Epoch 44 [160/337] loss=0.0763 mask=0.0597 iou=0.0166
  Epoch 44 [170/337] loss=0.0771 mask=0.0605 iou=0.0165
  Epoch 44 [180/337] loss=0.0757 mask=0.0596 iou=0.0160
  Epoch 44 [190/337] loss=0.0756 mask=0.0596 iou=0.0160
  Epoch 44 [200/337] loss=0.0738 mask=0.0583 iou=0.0155
  Epoch 44 [210/337] loss=0.0719 mask=0.0570 iou=0.0150
  Epoch 44 [220/337] loss=0.0700 mask=0.0556 iou=0.0145
  Epoch 44 [230/337] loss=0.0708 mask=0.0561 iou=0.0147
  Epoch 44 [240/337] loss=0.0719 mask=0.0569 iou=0.0150
  Epoch 44 [250/337] loss=0.0722 mask=0.0572 iou=0.0150
  Epoch 44 [260/337] loss=0.0737 mask=0.0581 iou=0.0156
  Epoch 44 [270/337] loss=0.0731 mask=0.0577 iou=0.0154
  Epoch 44 [280/337] loss=0.0735 mask=0.0579 iou=0.0155
  Epoch 44 [290/337] loss=0.0746 mask=0.0587 iou=0.0159
  Epoch 44 [300/337] loss=0.0768 mask=0.0601 iou=0.0167
  Epoch 44 [310/337] loss=0.0763 mask=0.0597 iou=0.0166
  Epoch 44 [320/337] loss=0.0760 mask=0.0596 iou=0.0164
  Epoch 44 [330/337] loss=0.0748 mask=0.0588 iou=0.0160
  Train: loss=0.0748 mask=0.0591 iou=0.0157 time=171.7s
  Val epoch 44: loss=0.1769

=== Phase1 Epoch 45/49 ===
  Epoch 45 [10/337] loss=0.0503 mask=0.0418 iou=0.0085
  Epoch 45 [20/337] loss=0.0673 mask=0.0518 iou=0.0154
  Epoch 45 [30/337] loss=0.0759 mask=0.0589 iou=0.0170
  Epoch 45 [40/337] loss=0.0963 mask=0.0705 iou=0.0259
  Epoch 45 [50/337] loss=0.0867 mask=0.0644 iou=0.0223
  Epoch 45 [60/337] loss=0.0783 mask=0.0586 iou=0.0197
  Epoch 45 [70/337] loss=0.0778 mask=0.0585 iou=0.0194
  Epoch 45 [80/337] loss=0.0797 mask=0.0596 iou=0.0201
  Epoch 45 [90/337] loss=0.0800 mask=0.0607 iou=0.0193
  Epoch 45 [100/337] loss=0.0749 mask=0.0572 iou=0.0177
  Epoch 45 [110/337] loss=0.0736 mask=0.0566 iou=0.0170
  Epoch 45 [120/337] loss=0.0773 mask=0.0596 iou=0.0178
  Epoch 45 [130/337] loss=0.0813 mask=0.0625 iou=0.0188
  Epoch 45 [140/337] loss=0.0777 mask=0.0601 iou=0.0176
  Epoch 45 [150/337] loss=0.0774 mask=0.0597 iou=0.0177
  Epoch 45 [160/337] loss=0.0798 mask=0.0616 iou=0.0182
  Epoch 45 [170/337] loss=0.0791 mask=0.0611 iou=0.0180
  Epoch 45 [180/337] loss=0.0805 mask=0.0622 iou=0.0183
  Epoch 45 [190/337] loss=0.0811 mask=0.0626 iou=0.0185
  Epoch 45 [200/337] loss=0.0798 mask=0.0617 iou=0.0180
  Epoch 45 [210/337] loss=0.0773 mask=0.0600 iou=0.0173
  Epoch 45 [220/337] loss=0.0781 mask=0.0607 iou=0.0174
  Epoch 45 [230/337] loss=0.0768 mask=0.0597 iou=0.0171
  Epoch 45 [240/337] loss=0.0769 mask=0.0599 iou=0.0170
  Epoch 45 [250/337] loss=0.0767 mask=0.0598 iou=0.0169
  Epoch 45 [260/337] loss=0.0754 mask=0.0590 iou=0.0164
  Epoch 45 [270/337] loss=0.0754 mask=0.0590 iou=0.0165
  Epoch 45 [280/337] loss=0.0752 mask=0.0590 iou=0.0162
  Epoch 45 [290/337] loss=0.0760 mask=0.0595 iou=0.0165
  Epoch 45 [300/337] loss=0.0751 mask=0.0588 iou=0.0163
  Epoch 45 [310/337] loss=0.0745 mask=0.0583 iou=0.0161
  Epoch 45 [320/337] loss=0.0746 mask=0.0586 iou=0.0160
  Epoch 45 [330/337] loss=0.0747 mask=0.0587 iou=0.0160
  Train: loss=0.0752 mask=0.0588 iou=0.0164 time=172.6s
  Val epoch 45: loss=0.1813

=== Phase1 Epoch 46/49 ===
  Epoch 46 [10/337] loss=0.1272 mask=0.0945 iou=0.0328
  Epoch 46 [20/337] loss=0.0885 mask=0.0681 iou=0.0204
  Epoch 46 [30/337] loss=0.0857 mask=0.0684 iou=0.0173
  Epoch 46 [40/337] loss=0.0910 mask=0.0716 iou=0.0194
  Epoch 46 [50/337] loss=0.0832 mask=0.0654 iou=0.0178
  Epoch 46 [60/337] loss=0.0756 mask=0.0593 iou=0.0163
  Epoch 46 [70/337] loss=0.0807 mask=0.0636 iou=0.0170
  Epoch 46 [80/337] loss=0.0849 mask=0.0663 iou=0.0186
  Epoch 46 [90/337] loss=0.0829 mask=0.0653 iou=0.0176
  Epoch 46 [100/337] loss=0.0805 mask=0.0631 iou=0.0175
  Epoch 46 [110/337] loss=0.0766 mask=0.0602 iou=0.0164
  Epoch 46 [120/337] loss=0.0760 mask=0.0596 iou=0.0164
  Epoch 46 [130/337] loss=0.0764 mask=0.0597 iou=0.0168
  Epoch 46 [140/337] loss=0.0761 mask=0.0597 iou=0.0164
  Epoch 46 [150/337] loss=0.0759 mask=0.0595 iou=0.0164
  Epoch 46 [160/337] loss=0.0796 mask=0.0625 iou=0.0171
  Epoch 46 [170/337] loss=0.0792 mask=0.0622 iou=0.0171
  Epoch 46 [180/337] loss=0.0785 mask=0.0617 iou=0.0167
  Epoch 46 [190/337] loss=0.0794 mask=0.0624 iou=0.0169
  Epoch 46 [200/337] loss=0.0778 mask=0.0611 iou=0.0167
  Epoch 46 [210/337] loss=0.0755 mask=0.0595 iou=0.0160
  Epoch 46 [220/337] loss=0.0748 mask=0.0590 iou=0.0158
  Epoch 46 [230/337] loss=0.0752 mask=0.0592 iou=0.0160
  Epoch 46 [240/337] loss=0.0754 mask=0.0592 iou=0.0162
  Epoch 46 [250/337] loss=0.0767 mask=0.0601 iou=0.0165
  Epoch 46 [260/337] loss=0.0762 mask=0.0601 iou=0.0162
  Epoch 46 [270/337] loss=0.0750 mask=0.0591 iou=0.0158
  Epoch 46 [280/337] loss=0.0738 mask=0.0584 iou=0.0154
  Epoch 46 [290/337] loss=0.0752 mask=0.0593 iou=0.0159
  Epoch 46 [300/337] loss=0.0758 mask=0.0596 iou=0.0162
  Epoch 46 [310/337] loss=0.0749 mask=0.0590 iou=0.0159
  Epoch 46 [320/337] loss=0.0743 mask=0.0585 iou=0.0158
  Epoch 46 [330/337] loss=0.0740 mask=0.0583 iou=0.0157
  Train: loss=0.0748 mask=0.0592 iou=0.0156 time=170.3s
  Val epoch 46: loss=0.1805

=== Phase1 Epoch 47/49 ===
  Epoch 47 [10/337] loss=0.0913 mask=0.0661 iou=0.0252
  Epoch 47 [20/337] loss=0.0733 mask=0.0570 iou=0.0164
  Epoch 47 [30/337] loss=0.0581 mask=0.0458 iou=0.0123
  Epoch 47 [40/337] loss=0.0548 mask=0.0436 iou=0.0112
  Epoch 47 [50/337] loss=0.0660 mask=0.0525 iou=0.0136
  Epoch 47 [60/337] loss=0.0641 mask=0.0512 iou=0.0129
  Epoch 47 [70/337] loss=0.0670 mask=0.0530 iou=0.0139
  Epoch 47 [80/337] loss=0.0712 mask=0.0555 iou=0.0158
  Epoch 47 [90/337] loss=0.0680 mask=0.0532 iou=0.0148
  Epoch 47 [100/337] loss=0.0746 mask=0.0582 iou=0.0164
  Epoch 47 [110/337] loss=0.0748 mask=0.0587 iou=0.0161
  Epoch 47 [120/337] loss=0.0779 mask=0.0621 iou=0.0158
  Epoch 47 [130/337] loss=0.0807 mask=0.0641 iou=0.0165
  Epoch 47 [140/337] loss=0.0825 mask=0.0646 iou=0.0179
  Epoch 47 [150/337] loss=0.0885 mask=0.0691 iou=0.0194
  Epoch 47 [160/337] loss=0.0862 mask=0.0673 iou=0.0189
  Epoch 47 [170/337] loss=0.0837 mask=0.0656 iou=0.0181
  Epoch 47 [180/337] loss=0.0819 mask=0.0643 iou=0.0175
  Epoch 47 [190/337] loss=0.0793 mask=0.0624 iou=0.0169
  Epoch 47 [200/337] loss=0.0814 mask=0.0636 iou=0.0178
  Epoch 47 [210/337] loss=0.0801 mask=0.0626 iou=0.0175
  Epoch 47 [220/337] loss=0.0790 mask=0.0617 iou=0.0173
  Epoch 47 [230/337] loss=0.0767 mask=0.0601 iou=0.0166
  Epoch 47 [240/337] loss=0.0757 mask=0.0593 iou=0.0164
  Epoch 47 [250/337] loss=0.0756 mask=0.0595 iou=0.0161
  Epoch 47 [260/337] loss=0.0750 mask=0.0591 iou=0.0160
  Epoch 47 [270/337] loss=0.0744 mask=0.0585 iou=0.0158
  Epoch 47 [280/337] loss=0.0739 mask=0.0582 iou=0.0157
  Epoch 47 [290/337] loss=0.0749 mask=0.0590 iou=0.0159
  Epoch 47 [300/337] loss=0.0761 mask=0.0600 iou=0.0161
  Epoch 47 [310/337] loss=0.0748 mask=0.0590 iou=0.0158
  Epoch 47 [320/337] loss=0.0740 mask=0.0585 iou=0.0156
  Epoch 47 [330/337] loss=0.0727 mask=0.0576 iou=0.0152
  Train: loss=0.0780 mask=0.0603 iou=0.0177 time=170.1s
  Val epoch 47: loss=0.1780

=== Phase1 Epoch 48/49 ===
  Epoch 48 [10/337] loss=0.0886 mask=0.0757 iou=0.0128
  Epoch 48 [20/337] loss=0.0988 mask=0.0805 iou=0.0183
  Epoch 48 [30/337] loss=0.0967 mask=0.0757 iou=0.0210
  Epoch 48 [40/337] loss=0.0964 mask=0.0758 iou=0.0206
  Epoch 48 [50/337] loss=0.0885 mask=0.0699 iou=0.0186
  Epoch 48 [60/337] loss=0.0889 mask=0.0702 iou=0.0187
  Epoch 48 [70/337] loss=0.0811 mask=0.0647 iou=0.0164
  Epoch 48 [80/337] loss=0.0812 mask=0.0655 iou=0.0157
  Epoch 48 [90/337] loss=0.0868 mask=0.0699 iou=0.0169
  Epoch 48 [100/337] loss=0.0839 mask=0.0676 iou=0.0163
  Epoch 48 [110/337] loss=0.0826 mask=0.0664 iou=0.0162
  Epoch 48 [120/337] loss=0.0828 mask=0.0663 iou=0.0165
  Epoch 48 [130/337] loss=0.0848 mask=0.0671 iou=0.0177
  Epoch 48 [140/337] loss=0.0841 mask=0.0666 iou=0.0175
  Epoch 48 [150/337] loss=0.0808 mask=0.0641 iou=0.0167
  Epoch 48 [160/337] loss=0.0821 mask=0.0649 iou=0.0172
  Epoch 48 [170/337] loss=0.0826 mask=0.0653 iou=0.0173
  Epoch 48 [180/337] loss=0.0808 mask=0.0640 iou=0.0168
  Epoch 48 [190/337] loss=0.0817 mask=0.0647 iou=0.0171
  Epoch 48 [200/337] loss=0.0814 mask=0.0643 iou=0.0171
  Epoch 48 [210/337] loss=0.0814 mask=0.0642 iou=0.0172
  Epoch 48 [220/337] loss=0.0800 mask=0.0631 iou=0.0169
  Epoch 48 [230/337] loss=0.0798 mask=0.0627 iou=0.0170
  Epoch 48 [240/337] loss=0.0801 mask=0.0629 iou=0.0172
  Epoch 48 [250/337] loss=0.0788 mask=0.0619 iou=0.0169
  Epoch 48 [260/337] loss=0.0780 mask=0.0612 iou=0.0168
  Epoch 48 [270/337] loss=0.0783 mask=0.0613 iou=0.0169
  Epoch 48 [280/337] loss=0.0787 mask=0.0618 iou=0.0169
  Epoch 48 [290/337] loss=0.0771 mask=0.0607 iou=0.0165
  Epoch 48 [300/337] loss=0.0765 mask=0.0601 iou=0.0164
  Epoch 48 [310/337] loss=0.0754 mask=0.0593 iou=0.0161
  Epoch 48 [320/337] loss=0.0743 mask=0.0586 iou=0.0157
  Epoch 48 [330/337] loss=0.0737 mask=0.0582 iou=0.0155
  Train: loss=0.0744 mask=0.0586 iou=0.0158 time=170.0s
  Val epoch 48: loss=0.1775

=== Phase1 Epoch 49/49 ===
  Epoch 49 [10/337] loss=0.1071 mask=0.0867 iou=0.0204
  Epoch 49 [20/337] loss=0.0853 mask=0.0673 iou=0.0180
  Epoch 49 [30/337] loss=0.0681 mask=0.0551 iou=0.0129
  Epoch 49 [40/337] loss=0.0684 mask=0.0544 iou=0.0140
  Epoch 49 [50/337] loss=0.0674 mask=0.0541 iou=0.0133
  Epoch 49 [60/337] loss=0.0698 mask=0.0558 iou=0.0141
  Epoch 49 [70/337] loss=0.0658 mask=0.0530 iou=0.0128
  Epoch 49 [80/337] loss=0.0714 mask=0.0560 iou=0.0154
  Epoch 49 [90/337] loss=0.0687 mask=0.0542 iou=0.0145
  Epoch 49 [100/337] loss=0.0724 mask=0.0569 iou=0.0155
  Epoch 49 [110/337] loss=0.0700 mask=0.0551 iou=0.0148
  Epoch 49 [120/337] loss=0.0721 mask=0.0567 iou=0.0154
  Epoch 49 [130/337] loss=0.0710 mask=0.0558 iou=0.0152
  Epoch 49 [140/337] loss=0.0748 mask=0.0583 iou=0.0165
  Epoch 49 [150/337] loss=0.0781 mask=0.0606 iou=0.0175
  Epoch 49 [160/337] loss=0.0762 mask=0.0593 iou=0.0169
  Epoch 49 [170/337] loss=0.0757 mask=0.0588 iou=0.0168
  Epoch 49 [180/337] loss=0.0757 mask=0.0591 iou=0.0166
  Epoch 49 [190/337] loss=0.0739 mask=0.0579 iou=0.0161
  Epoch 49 [200/337] loss=0.0725 mask=0.0570 iou=0.0156
  Epoch 49 [210/337] loss=0.0719 mask=0.0568 iou=0.0151
  Epoch 49 [220/337] loss=0.0715 mask=0.0566 iou=0.0150
  Epoch 49 [230/337] loss=0.0731 mask=0.0577 iou=0.0155
  Epoch 49 [240/337] loss=0.0727 mask=0.0574 iou=0.0153
  Epoch 49 [250/337] loss=0.0728 mask=0.0572 iou=0.0155
  Epoch 49 [260/337] loss=0.0721 mask=0.0570 iou=0.0151
  Epoch 49 [270/337] loss=0.0721 mask=0.0567 iou=0.0153
  Epoch 49 [280/337] loss=0.0728 mask=0.0574 iou=0.0154
  Epoch 49 [290/337] loss=0.0730 mask=0.0576 iou=0.0154
  Epoch 49 [300/337] loss=0.0745 mask=0.0587 iou=0.0158
  Epoch 49 [310/337] loss=0.0733 mask=0.0579 iou=0.0154
  Epoch 49 [320/337] loss=0.0728 mask=0.0575 iou=0.0153
  Epoch 49 [330/337] loss=0.0737 mask=0.0582 iou=0.0155
  Train: loss=0.0752 mask=0.0596 iou=0.0157 time=169.9s
  Val epoch 49: loss=0.1783

Phase 1 complete. Best val loss: 0.1701

============================================================
PHASE 2: Depth training (depth loss, only depth branch trainable)
============================================================
Loading phase 1 checkpoint: /data3/LXT/DINOv3-SAM/model_sam/nolit_sam_0/phase1_best.pt
Initialized depth branch from SAM inner weights (depth_prediction_head random)
Phase 2: Total params: 97,379,069  Trainable: 3,643,597

=== Phase2 Epoch 0/49 ===
  Epoch 0 [10/337] loss=0.4034 mask=0.0923 depth=0.4034
  Epoch 0 [20/337] loss=0.3517 mask=0.1192 depth=0.3517
  Epoch 0 [30/337] loss=0.3173 mask=0.1085 depth=0.3173
  Epoch 0 [40/337] loss=0.3167 mask=0.1145 depth=0.3167
  Epoch 0 [50/337] loss=0.3105 mask=0.1139 depth=0.3105
  Epoch 0 [60/337] loss=0.3089 mask=0.1099 depth=0.3089
  Epoch 0 [70/337] loss=0.3026 mask=0.1096 depth=0.3026
  Epoch 0 [80/337] loss=0.2903 mask=0.1093 depth=0.2903
  Epoch 0 [90/337] loss=0.2818 mask=0.1102 depth=0.2818
  Epoch 0 [100/337] loss=0.2746 mask=0.1144 depth=0.2746
  Epoch 0 [110/337] loss=0.2665 mask=0.1119 depth=0.2665
  Epoch 0 [120/337] loss=0.2586 mask=0.1149 depth=0.2586
  Epoch 0 [130/337] loss=0.2586 mask=0.1194 depth=0.2586
  Epoch 0 [140/337] loss=0.2523 mask=0.1183 depth=0.2523
  Epoch 0 [150/337] loss=0.2451 mask=0.1195 depth=0.2451
  Epoch 0 [160/337] loss=0.2403 mask=0.1173 depth=0.2403
  Epoch 0 [170/337] loss=0.2352 mask=0.1196 depth=0.2352
  Epoch 0 [180/337] loss=0.2272 mask=0.1187 depth=0.2272
  Epoch 0 [190/337] loss=0.2220 mask=0.1205 depth=0.2220
  Epoch 0 [200/337] loss=0.2187 mask=0.1204 depth=0.2187
  Epoch 0 [210/337] loss=0.2119 mask=0.1199 depth=0.2119
  Epoch 0 [220/337] loss=0.2068 mask=0.1197 depth=0.2068
  Epoch 0 [230/337] loss=0.2038 mask=0.1180 depth=0.2038
  Epoch 0 [240/337] loss=0.1996 mask=0.1191 depth=0.1996
  Epoch 0 [250/337] loss=0.1953 mask=0.1210 depth=0.1953
  Epoch 0 [260/337] loss=0.1930 mask=0.1211 depth=0.1930
  Epoch 0 [270/337] loss=0.1904 mask=0.1224 depth=0.1904
  Epoch 0 [280/337] loss=0.1897 mask=0.1225 depth=0.1897
  Epoch 0 [290/337] loss=0.1870 mask=0.1226 depth=0.1870
  Epoch 0 [300/337] loss=0.1845 mask=0.1222 depth=0.1845
  Epoch 0 [310/337] loss=0.1815 mask=0.1209 depth=0.1815
  Epoch 0 [320/337] loss=0.1789 mask=0.1196 depth=0.1789
  Epoch 0 [330/337] loss=0.1758 mask=0.1184 depth=0.1758
  Train: loss=0.1734 mask=0.1209 depth=0.1734 time=176.0s
  Val epoch 0: loss=0.0858
  Saved best phase2 model (val_loss=0.0858)

=== Phase2 Epoch 1/49 ===
  Epoch 1 [10/337] loss=0.0425 mask=0.1190 depth=0.0425
  Epoch 1 [20/337] loss=0.0529 mask=0.1195 depth=0.0529
  Epoch 1 [30/337] loss=0.0575 mask=0.1145 depth=0.0575
  Epoch 1 [40/337] loss=0.0598 mask=0.1192 depth=0.0598
  Epoch 1 [50/337] loss=0.0608 mask=0.1180 depth=0.0608
  Epoch 1 [60/337] loss=0.0584 mask=0.1192 depth=0.0584
  Epoch 1 [70/337] loss=0.0606 mask=0.1153 depth=0.0606
  Epoch 1 [80/337] loss=0.0616 mask=0.1141 depth=0.0616
  Epoch 1 [90/337] loss=0.0629 mask=0.1116 depth=0.0629
  Epoch 1 [100/337] loss=0.0625 mask=0.1170 depth=0.0625
  Epoch 1 [110/337] loss=0.0633 mask=0.1189 depth=0.0633
  Epoch 1 [120/337] loss=0.0642 mask=0.1178 depth=0.0642
  Epoch 1 [130/337] loss=0.0625 mask=0.1199 depth=0.0625
  Epoch 1 [140/337] loss=0.0627 mask=0.1204 depth=0.0627
  Epoch 1 [150/337] loss=0.0649 mask=0.1202 depth=0.0649
  Epoch 1 [160/337] loss=0.0640 mask=0.1172 depth=0.0640
  Epoch 1 [170/337] loss=0.0633 mask=0.1179 depth=0.0633
  Epoch 1 [180/337] loss=0.0614 mask=0.1146 depth=0.0614
  Epoch 1 [190/337] loss=0.0634 mask=0.1181 depth=0.0634
  Epoch 1 [200/337] loss=0.0631 mask=0.1187 depth=0.0631
  Epoch 1 [210/337] loss=0.0632 mask=0.1191 depth=0.0632
  Epoch 1 [220/337] loss=0.0616 mask=0.1186 depth=0.0616
  Epoch 1 [230/337] loss=0.0610 mask=0.1200 depth=0.0610
  Epoch 1 [240/337] loss=0.0599 mask=0.1198 depth=0.0599
  Epoch 1 [250/337] loss=0.0593 mask=0.1206 depth=0.0593
  Epoch 1 [260/337] loss=0.0589 mask=0.1199 depth=0.0589
  Epoch 1 [270/337] loss=0.0586 mask=0.1185 depth=0.0586
  Epoch 1 [280/337] loss=0.0575 mask=0.1176 depth=0.0575
  Epoch 1 [290/337] loss=0.0576 mask=0.1173 depth=0.0576
  Epoch 1 [300/337] loss=0.0577 mask=0.1191 depth=0.0577
  Epoch 1 [310/337] loss=0.0595 mask=0.1196 depth=0.0595
  Epoch 1 [320/337] loss=0.0592 mask=0.1191 depth=0.0592
  Epoch 1 [330/337] loss=0.0593 mask=0.1187 depth=0.0593
  Train: loss=0.0622 mask=0.1204 depth=0.0622 time=176.5s
  Val epoch 1: loss=0.0603
  Saved best phase2 model (val_loss=0.0603)

=== Phase2 Epoch 2/49 ===
  Epoch 2 [10/337] loss=0.0488 mask=0.1130 depth=0.0488
  Epoch 2 [20/337] loss=0.0399 mask=0.1260 depth=0.0399
  Epoch 2 [30/337] loss=0.0360 mask=0.1143 depth=0.0360
  Epoch 2 [40/337] loss=0.0350 mask=0.1181 depth=0.0350
  Epoch 2 [50/337] loss=0.0349 mask=0.1318 depth=0.0349
  Epoch 2 [60/337] loss=0.0340 mask=0.1357 depth=0.0340
  Epoch 2 [70/337] loss=0.0344 mask=0.1331 depth=0.0344
  Epoch 2 [80/337] loss=0.0381 mask=0.1277 depth=0.0381
  Epoch 2 [90/337] loss=0.0367 mask=0.1334 depth=0.0367
  Epoch 2 [100/337] loss=0.0389 mask=0.1349 depth=0.0389
  Epoch 2 [110/337] loss=0.0400 mask=0.1310 depth=0.0400
  Epoch 2 [120/337] loss=0.0395 mask=0.1285 depth=0.0395
  Epoch 2 [130/337] loss=0.0397 mask=0.1234 depth=0.0397
  Epoch 2 [140/337] loss=0.0384 mask=0.1226 depth=0.0384
  Epoch 2 [150/337] loss=0.0368 mask=0.1218 depth=0.0368
  Epoch 2 [160/337] loss=0.0361 mask=0.1218 depth=0.0361
  Epoch 2 [170/337] loss=0.0360 mask=0.1218 depth=0.0360
  Epoch 2 [180/337] loss=0.0353 mask=0.1195 depth=0.0353
  Epoch 2 [190/337] loss=0.0352 mask=0.1198 depth=0.0352
  Epoch 2 [200/337] loss=0.0345 mask=0.1188 depth=0.0345
  Epoch 2 [210/337] loss=0.0351 mask=0.1210 depth=0.0351
  Epoch 2 [220/337] loss=0.0346 mask=0.1194 depth=0.0346
  Epoch 2 [230/337] loss=0.0363 mask=0.1199 depth=0.0363
  Epoch 2 [240/337] loss=0.0370 mask=0.1177 depth=0.0370
  Epoch 2 [250/337] loss=0.0365 mask=0.1180 depth=0.0365
  Epoch 2 [260/337] loss=0.0361 mask=0.1183 depth=0.0361
  Epoch 2 [270/337] loss=0.0356 mask=0.1178 depth=0.0356
  Epoch 2 [280/337] loss=0.0352 mask=0.1184 depth=0.0352
  Epoch 2 [290/337] loss=0.0351 mask=0.1170 depth=0.0351
  Epoch 2 [300/337] loss=0.0347 mask=0.1163 depth=0.0347
  Epoch 2 [310/337] loss=0.0342 mask=0.1177 depth=0.0342
  Epoch 2 [320/337] loss=0.0339 mask=0.1175 depth=0.0339
  Epoch 2 [330/337] loss=0.0337 mask=0.1168 depth=0.0337
  Train: loss=0.0356 mask=0.1208 depth=0.0356 time=177.0s
  Val epoch 2: loss=0.0478
  Saved best phase2 model (val_loss=0.0478)

=== Phase2 Epoch 3/49 ===
  Epoch 3 [10/337] loss=0.0257 mask=0.0954 depth=0.0257
  Epoch 3 [20/337] loss=0.0226 mask=0.0989 depth=0.0226
  Epoch 3 [30/337] loss=0.0210 mask=0.1203 depth=0.0210
  Epoch 3 [40/337] loss=0.0190 mask=0.1223 depth=0.0190
  Epoch 3 [50/337] loss=0.0193 mask=0.1188 depth=0.0193
  Epoch 3 [60/337] loss=0.0190 mask=0.1144 depth=0.0190
  Epoch 3 [70/337] loss=0.0250 mask=0.1060 depth=0.0250
  Epoch 3 [80/337] loss=0.0240 mask=0.1044 depth=0.0240
  Epoch 3 [90/337] loss=0.0238 mask=0.1047 depth=0.0238
  Epoch 3 [100/337] loss=0.0232 mask=0.1067 depth=0.0232
  Epoch 3 [110/337] loss=0.0250 mask=0.1081 depth=0.0250
  Epoch 3 [120/337] loss=0.0250 mask=0.1140 depth=0.0250
  Epoch 3 [130/337] loss=0.0243 mask=0.1120 depth=0.0243
  Epoch 3 [140/337] loss=0.0243 mask=0.1164 depth=0.0243
  Epoch 3 [150/337] loss=0.0238 mask=0.1205 depth=0.0238
  Epoch 3 [160/337] loss=0.0239 mask=0.1187 depth=0.0239
  Epoch 3 [170/337] loss=0.0240 mask=0.1196 depth=0.0240
  Epoch 3 [180/337] loss=0.0238 mask=0.1217 depth=0.0238
  Epoch 3 [190/337] loss=0.0237 mask=0.1232 depth=0.0237
  Epoch 3 [200/337] loss=0.0247 mask=0.1237 depth=0.0247
  Epoch 3 [210/337] loss=0.0241 mask=0.1232 depth=0.0241
  Epoch 3 [220/337] loss=0.0235 mask=0.1211 depth=0.0235
  Epoch 3 [230/337] loss=0.0239 mask=0.1223 depth=0.0239
  Epoch 3 [240/337] loss=0.0234 mask=0.1214 depth=0.0234
  Epoch 3 [250/337] loss=0.0231 mask=0.1211 depth=0.0231
  Epoch 3 [260/337] loss=0.0231 mask=0.1203 depth=0.0231
  Epoch 3 [270/337] loss=0.0233 mask=0.1197 depth=0.0233
  Epoch 3 [280/337] loss=0.0235 mask=0.1187 depth=0.0235
  Epoch 3 [290/337] loss=0.0233 mask=0.1178 depth=0.0233
  Epoch 3 [300/337] loss=0.0233 mask=0.1191 depth=0.0233
  Epoch 3 [310/337] loss=0.0232 mask=0.1195 depth=0.0232
  Epoch 3 [320/337] loss=0.0230 mask=0.1189 depth=0.0230
  Epoch 3 [330/337] loss=0.0231 mask=0.1180 depth=0.0231
  Train: loss=0.0232 mask=0.1204 depth=0.0232 time=178.0s
  Val epoch 3: loss=0.0407
  Saved best phase2 model (val_loss=0.0407)

=== Phase2 Epoch 4/49 ===
  Epoch 4 [10/337] loss=0.0120 mask=0.1714 depth=0.0120
  Epoch 4 [20/337] loss=0.0114 mask=0.1250 depth=0.0114
  Epoch 4 [30/337] loss=0.0121 mask=0.1273 depth=0.0121
  Epoch 4 [40/337] loss=0.0110 mask=0.1085 depth=0.0110
  Epoch 4 [50/337] loss=0.0104 mask=0.1157 depth=0.0104
  Epoch 4 [60/337] loss=0.0099 mask=0.1293 depth=0.0099
  Epoch 4 [70/337] loss=0.0102 mask=0.1264 depth=0.0102
  Epoch 4 [80/337] loss=0.0103 mask=0.1184 depth=0.0103
  Epoch 4 [90/337] loss=0.0109 mask=0.1207 depth=0.0109
  Epoch 4 [100/337] loss=0.0130 mask=0.1186 depth=0.0130
  Epoch 4 [110/337] loss=0.0160 mask=0.1205 depth=0.0160
  Epoch 4 [120/337] loss=0.0160 mask=0.1153 depth=0.0160
  Epoch 4 [130/337] loss=0.0174 mask=0.1141 depth=0.0174
  Epoch 4 [140/337] loss=0.0176 mask=0.1125 depth=0.0176
  Epoch 4 [150/337] loss=0.0172 mask=0.1107 depth=0.0172
  Epoch 4 [160/337] loss=0.0180 mask=0.1114 depth=0.0180
  Epoch 4 [170/337] loss=0.0176 mask=0.1169 depth=0.0176
  Epoch 4 [180/337] loss=0.0175 mask=0.1170 depth=0.0175
  Epoch 4 [190/337] loss=0.0173 mask=0.1170 depth=0.0173
  Epoch 4 [200/337] loss=0.0178 mask=0.1174 depth=0.0178
  Epoch 4 [210/337] loss=0.0184 mask=0.1183 depth=0.0184
  Epoch 4 [220/337] loss=0.0183 mask=0.1182 depth=0.0183
  Epoch 4 [230/337] loss=0.0180 mask=0.1200 depth=0.0180
  Epoch 4 [240/337] loss=0.0181 mask=0.1202 depth=0.0181
  Epoch 4 [250/337] loss=0.0182 mask=0.1199 depth=0.0182
  Epoch 4 [260/337] loss=0.0180 mask=0.1196 depth=0.0180
  Epoch 4 [270/337] loss=0.0178 mask=0.1175 depth=0.0178
  Epoch 4 [280/337] loss=0.0176 mask=0.1158 depth=0.0176
  Epoch 4 [290/337] loss=0.0175 mask=0.1154 depth=0.0175
  Epoch 4 [300/337] loss=0.0174 mask=0.1168 depth=0.0174
  Epoch 4 [310/337] loss=0.0172 mask=0.1158 depth=0.0172
  Epoch 4 [320/337] loss=0.0172 mask=0.1158 depth=0.0172
  Epoch 4 [330/337] loss=0.0171 mask=0.1171 depth=0.0171
  Train: loss=0.0170 mask=0.1202 depth=0.0170 time=176.5s
  Val epoch 4: loss=0.0420

=== Phase2 Epoch 5/49 ===
  Epoch 5 [10/337] loss=0.0076 mask=0.0960 depth=0.0076
  Epoch 5 [20/337] loss=0.0150 mask=0.0826 depth=0.0150
  Epoch 5 [30/337] loss=0.0140 mask=0.1152 depth=0.0140
  Epoch 5 [40/337] loss=0.0147 mask=0.1173 depth=0.0147
  Epoch 5 [50/337] loss=0.0136 mask=0.1059 depth=0.0136
  Epoch 5 [60/337] loss=0.0137 mask=0.1055 depth=0.0137
  Epoch 5 [70/337] loss=0.0134 mask=0.1091 depth=0.0134
  Epoch 5 [80/337] loss=0.0182 mask=0.1155 depth=0.0182
  Epoch 5 [90/337] loss=0.0183 mask=0.1153 depth=0.0183
  Epoch 5 [100/337] loss=0.0174 mask=0.1149 depth=0.0174
  Epoch 5 [110/337] loss=0.0171 mask=0.1135 depth=0.0171
  Epoch 5 [120/337] loss=0.0166 mask=0.1105 depth=0.0166
  Epoch 5 [130/337] loss=0.0165 mask=0.1076 depth=0.0165
  Epoch 5 [140/337] loss=0.0163 mask=0.1084 depth=0.0163
  Epoch 5 [150/337] loss=0.0159 mask=0.1092 depth=0.0159
  Epoch 5 [160/337] loss=0.0161 mask=0.1113 depth=0.0161
  Epoch 5 [170/337] loss=0.0157 mask=0.1111 depth=0.0157
  Epoch 5 [180/337] loss=0.0157 mask=0.1117 depth=0.0157
  Epoch 5 [190/337] loss=0.0167 mask=0.1142 depth=0.0167
  Epoch 5 [200/337] loss=0.0166 mask=0.1153 depth=0.0166
  Epoch 5 [210/337] loss=0.0164 mask=0.1162 depth=0.0164
  Epoch 5 [220/337] loss=0.0165 mask=0.1176 depth=0.0165
  Epoch 5 [230/337] loss=0.0162 mask=0.1174 depth=0.0162
  Epoch 5 [240/337] loss=0.0159 mask=0.1162 depth=0.0159
  Epoch 5 [250/337] loss=0.0160 mask=0.1178 depth=0.0160
  Epoch 5 [260/337] loss=0.0167 mask=0.1172 depth=0.0167
  Epoch 5 [270/337] loss=0.0165 mask=0.1173 depth=0.0165
  Epoch 5 [280/337] loss=0.0163 mask=0.1151 depth=0.0163
  Epoch 5 [290/337] loss=0.0161 mask=0.1163 depth=0.0161
  Epoch 5 [300/337] loss=0.0161 mask=0.1162 depth=0.0161
  Epoch 5 [310/337] loss=0.0159 mask=0.1157 depth=0.0159
  Epoch 5 [320/337] loss=0.0158 mask=0.1164 depth=0.0158
  Epoch 5 [330/337] loss=0.0156 mask=0.1184 depth=0.0156
  Train: loss=0.0177 mask=0.1206 depth=0.0177 time=173.5s
  Val epoch 5: loss=0.0393
  Saved best phase2 model (val_loss=0.0393)

=== Phase2 Epoch 6/49 ===
  Epoch 6 [10/337] loss=0.0161 mask=0.1235 depth=0.0161
  Epoch 6 [20/337] loss=0.0170 mask=0.1024 depth=0.0170
  Epoch 6 [30/337] loss=0.0154 mask=0.1199 depth=0.0154
  Epoch 6 [40/337] loss=0.0148 mask=0.1102 depth=0.0148
  Epoch 6 [50/337] loss=0.0152 mask=0.1074 depth=0.0152
  Epoch 6 [60/337] loss=0.0142 mask=0.1255 depth=0.0142
  Epoch 6 [70/337] loss=0.0133 mask=0.1306 depth=0.0133
  Epoch 6 [80/337] loss=0.0130 mask=0.1252 depth=0.0130
  Epoch 6 [90/337] loss=0.0129 mask=0.1227 depth=0.0129
  Epoch 6 [100/337] loss=0.0124 mask=0.1249 depth=0.0124
  Epoch 6 [110/337] loss=0.0120 mask=0.1289 depth=0.0120
  Epoch 6 [120/337] loss=0.0118 mask=0.1284 depth=0.0118
  Epoch 6 [130/337] loss=0.0118 mask=0.1258 depth=0.0118
  Epoch 6 [140/337] loss=0.0120 mask=0.1246 depth=0.0120
  Epoch 6 [150/337] loss=0.0119 mask=0.1235 depth=0.0119
  Epoch 6 [160/337] loss=0.0115 mask=0.1220 depth=0.0115
  Epoch 6 [170/337] loss=0.0114 mask=0.1216 depth=0.0114
  Epoch 6 [180/337] loss=0.0113 mask=0.1198 depth=0.0113
  Epoch 6 [190/337] loss=0.0113 mask=0.1196 depth=0.0113
  Epoch 6 [200/337] loss=0.0115 mask=0.1194 depth=0.0115
  Epoch 6 [210/337] loss=0.0114 mask=0.1214 depth=0.0114
  Epoch 6 [220/337] loss=0.0120 mask=0.1219 depth=0.0120
  Epoch 6 [230/337] loss=0.0133 mask=0.1218 depth=0.0133
  Epoch 6 [240/337] loss=0.0140 mask=0.1224 depth=0.0140
  Epoch 6 [250/337] loss=0.0138 mask=0.1219 depth=0.0138
  Epoch 6 [260/337] loss=0.0137 mask=0.1202 depth=0.0137
  Epoch 6 [270/337] loss=0.0136 mask=0.1203 depth=0.0136
  Epoch 6 [280/337] loss=0.0135 mask=0.1197 depth=0.0135
  Epoch 6 [290/337] loss=0.0133 mask=0.1187 depth=0.0133
  Epoch 6 [300/337] loss=0.0131 mask=0.1183 depth=0.0131
  Epoch 6 [310/337] loss=0.0130 mask=0.1186 depth=0.0130
  Epoch 6 [320/337] loss=0.0131 mask=0.1177 depth=0.0131
  Epoch 6 [330/337] loss=0.0132 mask=0.1175 depth=0.0132
  Train: loss=0.0139 mask=0.1198 depth=0.0139 time=174.4s
  Val epoch 6: loss=0.0331
  Saved best phase2 model (val_loss=0.0331)

=== Phase2 Epoch 7/49 ===
  Epoch 7 [10/337] loss=0.0085 mask=0.1107 depth=0.0085
  Epoch 7 [20/337] loss=0.0087 mask=0.1324 depth=0.0087
  Epoch 7 [30/337] loss=0.0082 mask=0.1506 depth=0.0082
  Epoch 7 [40/337] loss=0.0088 mask=0.1373 depth=0.0088
  Epoch 7 [50/337] loss=0.0087 mask=0.1547 depth=0.0087
  Epoch 7 [60/337] loss=0.0094 mask=0.1464 depth=0.0094
  Epoch 7 [70/337] loss=0.0092 mask=0.1331 depth=0.0092
  Epoch 7 [80/337] loss=0.0093 mask=0.1294 depth=0.0093
  Epoch 7 [90/337] loss=0.0089 mask=0.1200 depth=0.0089
  Epoch 7 [100/337] loss=0.0089 mask=0.1161 depth=0.0089
  Epoch 7 [110/337] loss=0.0090 mask=0.1146 depth=0.0090
  Epoch 7 [120/337] loss=0.0092 mask=0.1163 depth=0.0092
  Epoch 7 [130/337] loss=0.0095 mask=0.1173 depth=0.0095
  Epoch 7 [140/337] loss=0.0092 mask=0.1177 depth=0.0092
  Epoch 7 [150/337] loss=0.0092 mask=0.1160 depth=0.0092
  Epoch 7 [160/337] loss=0.0089 mask=0.1170 depth=0.0089
  Epoch 7 [170/337] loss=0.0089 mask=0.1198 depth=0.0089
  Epoch 7 [180/337] loss=0.0087 mask=0.1201 depth=0.0087
  Epoch 7 [190/337] loss=0.0085 mask=0.1185 depth=0.0085
  Epoch 7 [200/337] loss=0.0091 mask=0.1175 depth=0.0091
  Epoch 7 [210/337] loss=0.0092 mask=0.1174 depth=0.0092
  Epoch 7 [220/337] loss=0.0092 mask=0.1158 depth=0.0092
  Epoch 7 [230/337] loss=0.0091 mask=0.1162 depth=0.0091
  Epoch 7 [240/337] loss=0.0090 mask=0.1150 depth=0.0090
  Epoch 7 [250/337] loss=0.0090 mask=0.1156 depth=0.0090
  Epoch 7 [260/337] loss=0.0089 mask=0.1152 depth=0.0089
  Epoch 7 [270/337] loss=0.0090 mask=0.1160 depth=0.0090
  Epoch 7 [280/337] loss=0.0091 mask=0.1170 depth=0.0091
  Epoch 7 [290/337] loss=0.0091 mask=0.1169 depth=0.0091
  Epoch 7 [300/337] loss=0.0090 mask=0.1178 depth=0.0090
  Epoch 7 [310/337] loss=0.0090 mask=0.1183 depth=0.0090
  Epoch 7 [320/337] loss=0.0090 mask=0.1177 depth=0.0090
  Epoch 7 [330/337] loss=0.0090 mask=0.1165 depth=0.0090
  Train: loss=0.0106 mask=0.1204 depth=0.0106 time=173.9s
  Val epoch 7: loss=0.0295
  Saved best phase2 model (val_loss=0.0295)

=== Phase2 Epoch 8/49 ===
  Epoch 8 [10/337] loss=0.0075 mask=0.0990 depth=0.0075
  Epoch 8 [20/337] loss=0.0111 mask=0.1158 depth=0.0111
  Epoch 8 [30/337] loss=0.0101 mask=0.1213 depth=0.0101
  Epoch 8 [40/337] loss=0.0092 mask=0.1127 depth=0.0092
  Epoch 8 [50/337] loss=0.0091 mask=0.1072 depth=0.0091
  Epoch 8 [60/337] loss=0.0091 mask=0.1114 depth=0.0091
  Epoch 8 [70/337] loss=0.0090 mask=0.1159 depth=0.0090
  Epoch 8 [80/337] loss=0.0093 mask=0.1180 depth=0.0093
  Epoch 8 [90/337] loss=0.0095 mask=0.1160 depth=0.0095
  Epoch 8 [100/337] loss=0.0093 mask=0.1121 depth=0.0093
  Epoch 8 [110/337] loss=0.0087 mask=0.1131 depth=0.0087
  Epoch 8 [120/337] loss=0.0087 mask=0.1184 depth=0.0087
  Epoch 8 [130/337] loss=0.0086 mask=0.1161 depth=0.0086
  Epoch 8 [140/337] loss=0.0092 mask=0.1206 depth=0.0092
  Epoch 8 [150/337] loss=0.0090 mask=0.1183 depth=0.0090
  Epoch 8 [160/337] loss=0.0090 mask=0.1206 depth=0.0090
  Epoch 8 [170/337] loss=0.0090 mask=0.1188 depth=0.0090
  Epoch 8 [180/337] loss=0.0108 mask=0.1211 depth=0.0108
  Epoch 8 [190/337] loss=0.0109 mask=0.1221 depth=0.0109
  Epoch 8 [200/337] loss=0.0109 mask=0.1242 depth=0.0109
  Epoch 8 [210/337] loss=0.0107 mask=0.1242 depth=0.0107
  Epoch 8 [220/337] loss=0.0112 mask=0.1230 depth=0.0112
  Epoch 8 [230/337] loss=0.0111 mask=0.1250 depth=0.0111
  Epoch 8 [240/337] loss=0.0112 mask=0.1237 depth=0.0112
  Epoch 8 [250/337] loss=0.0112 mask=0.1233 depth=0.0112
  Epoch 8 [260/337] loss=0.0112 mask=0.1215 depth=0.0112
  Epoch 8 [270/337] loss=0.0111 mask=0.1217 depth=0.0111
  Epoch 8 [280/337] loss=0.0109 mask=0.1206 depth=0.0109
  Epoch 8 [290/337] loss=0.0109 mask=0.1214 depth=0.0109
  Epoch 8 [300/337] loss=0.0107 mask=0.1198 depth=0.0107
  Epoch 8 [310/337] loss=0.0106 mask=0.1198 depth=0.0106
  Epoch 8 [320/337] loss=0.0105 mask=0.1196 depth=0.0105
  Epoch 8 [330/337] loss=0.0105 mask=0.1184 depth=0.0105
  Train: loss=0.0106 mask=0.1209 depth=0.0106 time=176.6s
  Val epoch 8: loss=0.0353

=== Phase2 Epoch 9/49 ===
  Epoch 9 [10/337] loss=0.0154 mask=0.0640 depth=0.0154
  Epoch 9 [20/337] loss=0.0123 mask=0.0738 depth=0.0123
  Epoch 9 [30/337] loss=0.0099 mask=0.0990 depth=0.0099
  Epoch 9 [40/337] loss=0.0112 mask=0.1077 depth=0.0112
  Epoch 9 [50/337] loss=0.0104 mask=0.1221 depth=0.0104
  Epoch 9 [60/337] loss=0.0100 mask=0.1354 depth=0.0100
  Epoch 9 [70/337] loss=0.0091 mask=0.1297 depth=0.0091
  Epoch 9 [80/337] loss=0.0087 mask=0.1304 depth=0.0087
  Epoch 9 [90/337] loss=0.0084 mask=0.1328 depth=0.0084
  Epoch 9 [100/337] loss=0.0082 mask=0.1277 depth=0.0082
  Epoch 9 [110/337] loss=0.0081 mask=0.1270 depth=0.0081
  Epoch 9 [120/337] loss=0.0079 mask=0.1226 depth=0.0079
  Epoch 9 [130/337] loss=0.0077 mask=0.1220 depth=0.0077
  Epoch 9 [140/337] loss=0.0075 mask=0.1247 depth=0.0075
  Epoch 9 [150/337] loss=0.0075 mask=0.1244 depth=0.0075
  Epoch 9 [160/337] loss=0.0073 mask=0.1237 depth=0.0073
  Epoch 9 [170/337] loss=0.0071 mask=0.1263 depth=0.0071
  Epoch 9 [180/337] loss=0.0072 mask=0.1303 depth=0.0072
  Epoch 9 [190/337] loss=0.0071 mask=0.1305 depth=0.0071
  Epoch 9 [200/337] loss=0.0078 mask=0.1299 depth=0.0078
  Epoch 9 [210/337] loss=0.0076 mask=0.1295 depth=0.0076
  Epoch 9 [220/337] loss=0.0076 mask=0.1288 depth=0.0076
  Epoch 9 [230/337] loss=0.0076 mask=0.1269 depth=0.0076
  Epoch 9 [240/337] loss=0.0075 mask=0.1262 depth=0.0075
  Epoch 9 [250/337] loss=0.0075 mask=0.1265 depth=0.0075
  Epoch 9 [260/337] loss=0.0074 mask=0.1278 depth=0.0074
  Epoch 9 [270/337] loss=0.0074 mask=0.1262 depth=0.0074
  Epoch 9 [280/337] loss=0.0074 mask=0.1248 depth=0.0074
  Epoch 9 [290/337] loss=0.0073 mask=0.1235 depth=0.0073
  Epoch 9 [300/337] loss=0.0073 mask=0.1227 depth=0.0073
  Epoch 9 [310/337] loss=0.0072 mask=0.1211 depth=0.0072
  Epoch 9 [320/337] loss=0.0072 mask=0.1194 depth=0.0072
  Epoch 9 [330/337] loss=0.0072 mask=0.1187 depth=0.0072
  Train: loss=0.0088 mask=0.1209 depth=0.0088 time=177.5s
  Val epoch 9: loss=0.0238
  Saved best phase2 model (val_loss=0.0238)

=== Phase2 Epoch 10/49 ===
  Epoch 10 [10/337] loss=0.0059 mask=0.1214 depth=0.0059
  Epoch 10 [20/337] loss=0.0048 mask=0.1306 depth=0.0048
  Epoch 10 [30/337] loss=0.0050 mask=0.1327 depth=0.0050
  Epoch 10 [40/337] loss=0.0047 mask=0.1171 depth=0.0047
  Epoch 10 [50/337] loss=0.0042 mask=0.1120 depth=0.0042
  Epoch 10 [60/337] loss=0.0043 mask=0.1179 depth=0.0043
  Epoch 10 [70/337] loss=0.0045 mask=0.1142 depth=0.0045
  Epoch 10 [80/337] loss=0.0046 mask=0.1088 depth=0.0046
  Epoch 10 [90/337] loss=0.0045 mask=0.1113 depth=0.0045
  Epoch 10 [100/337] loss=0.0046 mask=0.1148 depth=0.0046
  Epoch 10 [110/337] loss=0.0046 mask=0.1138 depth=0.0046
  Epoch 10 [120/337] loss=0.0047 mask=0.1149 depth=0.0047
  Epoch 10 [130/337] loss=0.0048 mask=0.1168 depth=0.0048
  Epoch 10 [140/337] loss=0.0055 mask=0.1160 depth=0.0055
  Epoch 10 [150/337] loss=0.0055 mask=0.1158 depth=0.0055
  Epoch 10 [160/337] loss=0.0055 mask=0.1164 depth=0.0055
  Epoch 10 [170/337] loss=0.0056 mask=0.1171 depth=0.0056
  Epoch 10 [180/337] loss=0.0055 mask=0.1159 depth=0.0055
  Epoch 10 [190/337] loss=0.0054 mask=0.1134 depth=0.0054
  Epoch 10 [200/337] loss=0.0053 mask=0.1147 depth=0.0053
  Epoch 10 [210/337] loss=0.0052 mask=0.1129 depth=0.0052
  Epoch 10 [220/337] loss=0.0051 mask=0.1144 depth=0.0051
  Epoch 10 [230/337] loss=0.0060 mask=0.1146 depth=0.0060
  Epoch 10 [240/337] loss=0.0082 mask=0.1144 depth=0.0082
  Epoch 10 [250/337] loss=0.0082 mask=0.1137 depth=0.0082
  Epoch 10 [260/337] loss=0.0082 mask=0.1161 depth=0.0082
  Epoch 10 [270/337] loss=0.0081 mask=0.1157 depth=0.0081
  Epoch 10 [280/337] loss=0.0080 mask=0.1158 depth=0.0080
  Epoch 10 [290/337] loss=0.0080 mask=0.1146 depth=0.0080
  Epoch 10 [300/337] loss=0.0079 mask=0.1157 depth=0.0079
  Epoch 10 [310/337] loss=0.0078 mask=0.1172 depth=0.0078
  Epoch 10 [320/337] loss=0.0078 mask=0.1160 depth=0.0078
  Epoch 10 [330/337] loss=0.0077 mask=0.1173 depth=0.0077
  Train: loss=0.0078 mask=0.1199 depth=0.0078 time=169.0s
  Val epoch 10: loss=0.0286

=== Phase2 Epoch 11/49 ===
  Epoch 11 [10/337] loss=0.0036 mask=0.1704 depth=0.0036
  Epoch 11 [20/337] loss=0.0036 mask=0.1519 depth=0.0036
  Epoch 11 [30/337] loss=0.0040 mask=0.1324 depth=0.0040
  Epoch 11 [40/337] loss=0.0092 mask=0.1312 depth=0.0092
  Epoch 11 [50/337] loss=0.0081 mask=0.1212 depth=0.0081
  Epoch 11 [60/337] loss=0.0078 mask=0.1305 depth=0.0078
  Epoch 11 [70/337] loss=0.0073 mask=0.1275 depth=0.0073
  Epoch 11 [80/337] loss=0.0069 mask=0.1248 depth=0.0069
  Epoch 11 [90/337] loss=0.0065 mask=0.1246 depth=0.0065
  Epoch 11 [100/337] loss=0.0061 mask=0.1246 depth=0.0061
  Epoch 11 [110/337] loss=0.0059 mask=0.1293 depth=0.0059
  Epoch 11 [120/337] loss=0.0058 mask=0.1296 depth=0.0058
  Epoch 11 [130/337] loss=0.0057 mask=0.1257 depth=0.0057
  Epoch 11 [140/337] loss=0.0057 mask=0.1264 depth=0.0057
  Epoch 11 [150/337] loss=0.0056 mask=0.1249 depth=0.0056
  Epoch 11 [160/337] loss=0.0056 mask=0.1225 depth=0.0056
  Epoch 11 [170/337] loss=0.0054 mask=0.1206 depth=0.0054
  Epoch 11 [180/337] loss=0.0053 mask=0.1189 depth=0.0053
  Epoch 11 [190/337] loss=0.0053 mask=0.1181 depth=0.0053
  Epoch 11 [200/337] loss=0.0052 mask=0.1207 depth=0.0052
  Epoch 11 [210/337] loss=0.0051 mask=0.1226 depth=0.0051
  Epoch 11 [220/337] loss=0.0051 mask=0.1227 depth=0.0051
  Epoch 11 [230/337] loss=0.0050 mask=0.1223 depth=0.0050
  Epoch 11 [240/337] loss=0.0050 mask=0.1233 depth=0.0050
  Epoch 11 [250/337] loss=0.0049 mask=0.1225 depth=0.0049
  Epoch 11 [260/337] loss=0.0049 mask=0.1201 depth=0.0049
  Epoch 11 [270/337] loss=0.0049 mask=0.1210 depth=0.0049
  Epoch 11 [280/337] loss=0.0049 mask=0.1207 depth=0.0049
  Epoch 11 [290/337] loss=0.0049 mask=0.1194 depth=0.0049
  Epoch 11 [300/337] loss=0.0049 mask=0.1194 depth=0.0049
  Epoch 11 [310/337] loss=0.0051 mask=0.1183 depth=0.0051
  Epoch 11 [320/337] loss=0.0051 mask=0.1175 depth=0.0051
  Epoch 11 [330/337] loss=0.0051 mask=0.1179 depth=0.0051
  Train: loss=0.0051 mask=0.1207 depth=0.0051 time=168.5s
  Val epoch 11: loss=0.0278

=== Phase2 Epoch 12/49 ===
  Epoch 12 [10/337] loss=0.0050 mask=0.1307 depth=0.0050
  Epoch 12 [20/337] loss=0.0045 mask=0.1375 depth=0.0045
  Epoch 12 [30/337] loss=0.0040 mask=0.1285 depth=0.0040
  Epoch 12 [40/337] loss=0.0043 mask=0.1311 depth=0.0043
  Epoch 12 [50/337] loss=0.0042 mask=0.1208 depth=0.0042
  Epoch 12 [60/337] loss=0.0040 mask=0.1097 depth=0.0040
  Epoch 12 [70/337] loss=0.0038 mask=0.1109 depth=0.0038
  Epoch 12 [80/337] loss=0.0039 mask=0.1153 depth=0.0039
  Epoch 12 [90/337] loss=0.0041 mask=0.1142 depth=0.0041
  Epoch 12 [100/337] loss=0.0051 mask=0.1155 depth=0.0051
  Epoch 12 [110/337] loss=0.0050 mask=0.1134 depth=0.0050
  Epoch 12 [120/337] loss=0.0048 mask=0.1096 depth=0.0048
  Epoch 12 [130/337] loss=0.0047 mask=0.1114 depth=0.0047
  Epoch 12 [140/337] loss=0.0047 mask=0.1114 depth=0.0047
  Epoch 12 [150/337] loss=0.0047 mask=0.1109 depth=0.0047
  Epoch 12 [160/337] loss=0.0047 mask=0.1128 depth=0.0047
  Epoch 12 [170/337] loss=0.0046 mask=0.1111 depth=0.0046
  Epoch 12 [180/337] loss=0.0045 mask=0.1124 depth=0.0045
  Epoch 12 [190/337] loss=0.0044 mask=0.1137 depth=0.0044
  Epoch 12 [200/337] loss=0.0044 mask=0.1162 depth=0.0044
  Epoch 12 [210/337] loss=0.0044 mask=0.1160 depth=0.0044
  Epoch 12 [220/337] loss=0.0043 mask=0.1184 depth=0.0043
  Epoch 12 [230/337] loss=0.0044 mask=0.1179 depth=0.0044
  Epoch 12 [240/337] loss=0.0045 mask=0.1173 depth=0.0045
  Epoch 12 [250/337] loss=0.0045 mask=0.1180 depth=0.0045
  Epoch 12 [260/337] loss=0.0045 mask=0.1173 depth=0.0045
  Epoch 12 [270/337] loss=0.0045 mask=0.1167 depth=0.0045
  Epoch 12 [280/337] loss=0.0044 mask=0.1177 depth=0.0044
  Epoch 12 [290/337] loss=0.0044 mask=0.1161 depth=0.0044
  Epoch 12 [300/337] loss=0.0044 mask=0.1157 depth=0.0044
  Epoch 12 [310/337] loss=0.0044 mask=0.1167 depth=0.0044
  Epoch 12 [320/337] loss=0.0044 mask=0.1179 depth=0.0044
  Epoch 12 [330/337] loss=0.0044 mask=0.1174 depth=0.0044
  Train: loss=0.0098 mask=0.1191 depth=0.0098 time=167.7s
  Val epoch 12: loss=0.0276

=== Phase2 Epoch 13/49 ===
  Epoch 13 [10/337] loss=0.0080 mask=0.0873 depth=0.0080
  Epoch 13 [20/337] loss=0.0085 mask=0.0957 depth=0.0085
  Epoch 13 [30/337] loss=0.0073 mask=0.1005 depth=0.0073
  Epoch 13 [40/337] loss=0.0066 mask=0.1050 depth=0.0066
  Epoch 13 [50/337] loss=0.0060 mask=0.1148 depth=0.0060
  Epoch 13 [60/337] loss=0.0059 mask=0.1266 depth=0.0059
  Epoch 13 [70/337] loss=0.0057 mask=0.1225 depth=0.0057
  Epoch 13 [80/337] loss=0.0057 mask=0.1281 depth=0.0057
  Epoch 13 [90/337] loss=0.0055 mask=0.1307 depth=0.0055
  Epoch 13 [100/337] loss=0.0052 mask=0.1304 depth=0.0052
  Epoch 13 [110/337] loss=0.0050 mask=0.1279 depth=0.0050
  Epoch 13 [120/337] loss=0.0048 mask=0.1277 depth=0.0048
  Epoch 13 [130/337] loss=0.0048 mask=0.1294 depth=0.0048
  Epoch 13 [140/337] loss=0.0053 mask=0.1255 depth=0.0053
  Epoch 13 [150/337] loss=0.0052 mask=0.1257 depth=0.0052
  Epoch 13 [160/337] loss=0.0051 mask=0.1261 depth=0.0051
  Epoch 13 [170/337] loss=0.0050 mask=0.1252 depth=0.0050
  Epoch 13 [180/337] loss=0.0049 mask=0.1256 depth=0.0049
  Epoch 13 [190/337] loss=0.0049 mask=0.1249 depth=0.0049
  Epoch 13 [200/337] loss=0.0048 mask=0.1268 depth=0.0048
  Epoch 13 [210/337] loss=0.0048 mask=0.1269 depth=0.0048
  Epoch 13 [220/337] loss=0.0047 mask=0.1270 depth=0.0047
  Epoch 13 [230/337] loss=0.0047 mask=0.1261 depth=0.0047
  Epoch 13 [240/337] loss=0.0047 mask=0.1238 depth=0.0047
  Epoch 13 [250/337] loss=0.0047 mask=0.1222 depth=0.0047
  Epoch 13 [260/337] loss=0.0047 mask=0.1233 depth=0.0047
  Epoch 13 [270/337] loss=0.0046 mask=0.1221 depth=0.0046
  Epoch 13 [280/337] loss=0.0046 mask=0.1212 depth=0.0046
  Epoch 13 [290/337] loss=0.0046 mask=0.1206 depth=0.0046
  Epoch 13 [300/337] loss=0.0047 mask=0.1202 depth=0.0047
  Epoch 13 [310/337] loss=0.0047 mask=0.1193 depth=0.0047
  Epoch 13 [320/337] loss=0.0046 mask=0.1186 depth=0.0046
  Epoch 13 [330/337] loss=0.0046 mask=0.1185 depth=0.0046
  Train: loss=0.0047 mask=0.1210 depth=0.0047 time=167.9s
  Val epoch 13: loss=0.0281

=== Phase2 Epoch 14/49 ===
  Epoch 14 [10/337] loss=0.0036 mask=0.1227 depth=0.0036
  Epoch 14 [20/337] loss=0.0026 mask=0.1368 depth=0.0026
  Epoch 14 [30/337] loss=0.0032 mask=0.1258 depth=0.0032
  Epoch 14 [40/337] loss=0.0034 mask=0.1396 depth=0.0034
  Epoch 14 [50/337] loss=0.0034 mask=0.1322 depth=0.0034
  Epoch 14 [60/337] loss=0.0035 mask=0.1284 depth=0.0035
  Epoch 14 [70/337] loss=0.0036 mask=0.1280 depth=0.0036
  Epoch 14 [80/337] loss=0.0035 mask=0.1222 depth=0.0035
  Epoch 14 [90/337] loss=0.0035 mask=0.1197 depth=0.0035
  Epoch 14 [100/337] loss=0.0034 mask=0.1133 depth=0.0034
  Epoch 14 [110/337] loss=0.0036 mask=0.1118 depth=0.0036
  Epoch 14 [120/337] loss=0.0035 mask=0.1081 depth=0.0035
  Epoch 14 [130/337] loss=0.0034 mask=0.1081 depth=0.0034
  Epoch 14 [140/337] loss=0.0033 mask=0.1069 depth=0.0033
  Epoch 14 [150/337] loss=0.0033 mask=0.1097 depth=0.0033
  Epoch 14 [160/337] loss=0.0033 mask=0.1136 depth=0.0033
  Epoch 14 [170/337] loss=0.0032 mask=0.1129 depth=0.0032
  Epoch 14 [180/337] loss=0.0032 mask=0.1129 depth=0.0032
  Epoch 14 [190/337] loss=0.0032 mask=0.1135 depth=0.0032
  Epoch 14 [200/337] loss=0.0032 mask=0.1117 depth=0.0032
  Epoch 14 [210/337] loss=0.0031 mask=0.1142 depth=0.0031
  Epoch 14 [220/337] loss=0.0032 mask=0.1136 depth=0.0032
  Epoch 14 [230/337] loss=0.0032 mask=0.1137 depth=0.0032
  Epoch 14 [240/337] loss=0.0032 mask=0.1139 depth=0.0032
  Epoch 14 [250/337] loss=0.0032 mask=0.1148 depth=0.0032
  Epoch 14 [260/337] loss=0.0035 mask=0.1146 depth=0.0035
  Epoch 14 [270/337] loss=0.0035 mask=0.1152 depth=0.0035
  Epoch 14 [280/337] loss=0.0036 mask=0.1145 depth=0.0036
  Epoch 14 [290/337] loss=0.0036 mask=0.1156 depth=0.0036
  Epoch 14 [300/337] loss=0.0036 mask=0.1156 depth=0.0036
  Epoch 14 [310/337] loss=0.0036 mask=0.1160 depth=0.0036
  Epoch 14 [320/337] loss=0.0036 mask=0.1164 depth=0.0036
  Epoch 14 [330/337] loss=0.0036 mask=0.1189 depth=0.0036
  Train: loss=0.0051 mask=0.1217 depth=0.0051 time=178.3s
  Val epoch 14: loss=0.0273

=== Phase2 Epoch 15/49 ===
  Epoch 15 [10/337] loss=0.0035 mask=0.0866 depth=0.0035
  Epoch 15 [20/337] loss=0.0035 mask=0.1184 depth=0.0035
  Epoch 15 [30/337] loss=0.0031 mask=0.1313 depth=0.0031
  Epoch 15 [40/337] loss=0.0031 mask=0.1385 depth=0.0031
  Epoch 15 [50/337] loss=0.0030 mask=0.1339 depth=0.0030
  Epoch 15 [60/337] loss=0.0031 mask=0.1259 depth=0.0031
  Epoch 15 [70/337] loss=0.0029 mask=0.1239 depth=0.0029
  Epoch 15 [80/337] loss=0.0037 mask=0.1303 depth=0.0037
  Epoch 15 [90/337] loss=0.0037 mask=0.1294 depth=0.0037
  Epoch 15 [100/337] loss=0.0036 mask=0.1243 depth=0.0036
  Epoch 15 [110/337] loss=0.0035 mask=0.1203 depth=0.0035
  Epoch 15 [120/337] loss=0.0035 mask=0.1188 depth=0.0035
  Epoch 15 [130/337] loss=0.0035 mask=0.1182 depth=0.0035
  Epoch 15 [140/337] loss=0.0035 mask=0.1150 depth=0.0035
  Epoch 15 [150/337] loss=0.0035 mask=0.1167 depth=0.0035
  Epoch 15 [160/337] loss=0.0034 mask=0.1160 depth=0.0034
  Epoch 15 [170/337] loss=0.0034 mask=0.1176 depth=0.0034
  Epoch 15 [180/337] loss=0.0034 mask=0.1178 depth=0.0034
  Epoch 15 [190/337] loss=0.0033 mask=0.1181 depth=0.0033
  Epoch 15 [200/337] loss=0.0032 mask=0.1160 depth=0.0032
  Epoch 15 [210/337] loss=0.0033 mask=0.1152 depth=0.0033
  Epoch 15 [220/337] loss=0.0033 mask=0.1167 depth=0.0033
  Epoch 15 [230/337] loss=0.0034 mask=0.1166 depth=0.0034
  Epoch 15 [240/337] loss=0.0034 mask=0.1158 depth=0.0034
  Epoch 15 [250/337] loss=0.0034 mask=0.1163 depth=0.0034
  Epoch 15 [260/337] loss=0.0034 mask=0.1174 depth=0.0034
  Epoch 15 [270/337] loss=0.0034 mask=0.1181 depth=0.0034
  Epoch 15 [280/337] loss=0.0034 mask=0.1177 depth=0.0034
  Epoch 15 [290/337] loss=0.0034 mask=0.1193 depth=0.0034
  Epoch 15 [300/337] loss=0.0034 mask=0.1175 depth=0.0034
  Epoch 15 [310/337] loss=0.0034 mask=0.1164 depth=0.0034
  Epoch 15 [320/337] loss=0.0034 mask=0.1162 depth=0.0034
  Epoch 15 [330/337] loss=0.0034 mask=0.1160 depth=0.0034
  Train: loss=0.0038 mask=0.1194 depth=0.0038 time=177.4s
  Val epoch 15: loss=0.0230
  Saved best phase2 model (val_loss=0.0230)

=== Phase2 Epoch 16/49 ===
  Epoch 16 [10/337] loss=0.0038 mask=0.1708 depth=0.0038
  Epoch 16 [20/337] loss=0.0033 mask=0.1335 depth=0.0033
  Epoch 16 [30/337] loss=0.0031 mask=0.1210 depth=0.0031
  Epoch 16 [40/337] loss=0.0030 mask=0.1323 depth=0.0030
  Epoch 16 [50/337] loss=0.0029 mask=0.1353 depth=0.0029
  Epoch 16 [60/337] loss=0.0028 mask=0.1372 depth=0.0028
  Epoch 16 [70/337] loss=0.0029 mask=0.1377 depth=0.0029
  Epoch 16 [80/337] loss=0.0029 mask=0.1306 depth=0.0029
  Epoch 16 [90/337] loss=0.0029 mask=0.1278 depth=0.0029
  Epoch 16 [100/337] loss=0.0028 mask=0.1242 depth=0.0028
  Epoch 16 [110/337] loss=0.0027 mask=0.1235 depth=0.0027
  Epoch 16 [120/337] loss=0.0027 mask=0.1261 depth=0.0027
  Epoch 16 [130/337] loss=0.0027 mask=0.1251 depth=0.0027
  Epoch 16 [140/337] loss=0.0027 mask=0.1226 depth=0.0027
  Epoch 16 [150/337] loss=0.0028 mask=0.1257 depth=0.0028
  Epoch 16 [160/337] loss=0.0028 mask=0.1249 depth=0.0028
  Epoch 16 [170/337] loss=0.0028 mask=0.1247 depth=0.0028
  Epoch 16 [180/337] loss=0.0027 mask=0.1239 depth=0.0027
  Epoch 16 [190/337] loss=0.0027 mask=0.1227 depth=0.0027
  Epoch 16 [200/337] loss=0.0027 mask=0.1224 depth=0.0027
  Epoch 16 [210/337] loss=0.0028 mask=0.1216 depth=0.0028
  Epoch 16 [220/337] loss=0.0028 mask=0.1221 depth=0.0028
  Epoch 16 [230/337] loss=0.0028 mask=0.1221 depth=0.0028
  Epoch 16 [240/337] loss=0.0028 mask=0.1231 depth=0.0028
  Epoch 16 [250/337] loss=0.0027 mask=0.1217 depth=0.0027
  Epoch 16 [260/337] loss=0.0027 mask=0.1203 depth=0.0027
  Epoch 16 [270/337] loss=0.0029 mask=0.1212 depth=0.0029
  Epoch 16 [280/337] loss=0.0029 mask=0.1200 depth=0.0029
  Epoch 16 [290/337] loss=0.0029 mask=0.1207 depth=0.0029
  Epoch 16 [300/337] loss=0.0029 mask=0.1205 depth=0.0029
  Epoch 16 [310/337] loss=0.0029 mask=0.1215 depth=0.0029
  Epoch 16 [320/337] loss=0.0029 mask=0.1200 depth=0.0029
  Epoch 16 [330/337] loss=0.0029 mask=0.1187 depth=0.0029
  Train: loss=0.0035 mask=0.1214 depth=0.0035 time=176.4s
  Val epoch 16: loss=0.0231

=== Phase2 Epoch 17/49 ===
  Epoch 17 [10/337] loss=0.0040 mask=0.0853 depth=0.0040
  Epoch 17 [20/337] loss=0.0033 mask=0.1193 depth=0.0033
  Epoch 17 [30/337] loss=0.0030 mask=0.1107 depth=0.0030
  Epoch 17 [40/337] loss=0.0029 mask=0.1093 depth=0.0029
  Epoch 17 [50/337] loss=0.0031 mask=0.1023 depth=0.0031
  Epoch 17 [60/337] loss=0.0029 mask=0.1038 depth=0.0029
  Epoch 17 [70/337] loss=0.0029 mask=0.1119 depth=0.0029
  Epoch 17 [80/337] loss=0.0028 mask=0.1159 depth=0.0028
  Epoch 17 [90/337] loss=0.0029 mask=0.1159 depth=0.0029
  Epoch 17 [100/337] loss=0.0029 mask=0.1132 depth=0.0029
  Epoch 17 [110/337] loss=0.0029 mask=0.1207 depth=0.0029
  Epoch 17 [120/337] loss=0.0029 mask=0.1208 depth=0.0029
  Epoch 17 [130/337] loss=0.0028 mask=0.1226 depth=0.0028
  Epoch 17 [140/337] loss=0.0029 mask=0.1221 depth=0.0029
  Epoch 17 [150/337] loss=0.0029 mask=0.1167 depth=0.0029
  Epoch 17 [160/337] loss=0.0028 mask=0.1151 depth=0.0028
  Epoch 17 [170/337] loss=0.0028 mask=0.1123 depth=0.0028
  Epoch 17 [180/337] loss=0.0029 mask=0.1147 depth=0.0029
  Epoch 17 [190/337] loss=0.0029 mask=0.1141 depth=0.0029
  Epoch 17 [200/337] loss=0.0028 mask=0.1134 depth=0.0028
  Epoch 17 [210/337] loss=0.0028 mask=0.1142 depth=0.0028
  Epoch 17 [220/337] loss=0.0028 mask=0.1133 depth=0.0028
  Epoch 17 [230/337] loss=0.0028 mask=0.1159 depth=0.0028
  Epoch 17 [240/337] loss=0.0027 mask=0.1158 depth=0.0027
  Epoch 17 [250/337] loss=0.0028 mask=0.1177 depth=0.0028
  Epoch 17 [260/337] loss=0.0030 mask=0.1155 depth=0.0030
  Epoch 17 [270/337] loss=0.0030 mask=0.1155 depth=0.0030
  Epoch 17 [280/337] loss=0.0030 mask=0.1141 depth=0.0030
  Epoch 17 [290/337] loss=0.0030 mask=0.1137 depth=0.0030
  Epoch 17 [300/337] loss=0.0030 mask=0.1151 depth=0.0030
  Epoch 17 [310/337] loss=0.0030 mask=0.1159 depth=0.0030
  Epoch 17 [320/337] loss=0.0030 mask=0.1168 depth=0.0030
  Epoch 17 [330/337] loss=0.0030 mask=0.1179 depth=0.0030
  Train: loss=0.0066 mask=0.1202 depth=0.0066 time=175.6s
  Val epoch 17: loss=0.0236

=== Phase2 Epoch 18/49 ===
  Epoch 18 [10/337] loss=0.0027 mask=0.1184 depth=0.0027
  Epoch 18 [20/337] loss=0.0038 mask=0.1329 depth=0.0038
  Epoch 18 [30/337] loss=0.0036 mask=0.1280 depth=0.0036
  Epoch 18 [40/337] loss=0.0035 mask=0.1255 depth=0.0035
  Epoch 18 [50/337] loss=0.0062 mask=0.1384 depth=0.0062
  Epoch 18 [60/337] loss=0.0064 mask=0.1301 depth=0.0064
  Epoch 18 [70/337] loss=0.0064 mask=0.1269 depth=0.0064
  Epoch 18 [80/337] loss=0.0060 mask=0.1225 depth=0.0060
  Epoch 18 [90/337] loss=0.0058 mask=0.1230 depth=0.0058
  Epoch 18 [100/337] loss=0.0055 mask=0.1241 depth=0.0055
  Epoch 18 [110/337] loss=0.0053 mask=0.1262 depth=0.0053
  Epoch 18 [120/337] loss=0.0051 mask=0.1277 depth=0.0051
  Epoch 18 [130/337] loss=0.0049 mask=0.1288 depth=0.0049
  Epoch 18 [140/337] loss=0.0048 mask=0.1265 depth=0.0048
  Epoch 18 [150/337] loss=0.0047 mask=0.1268 depth=0.0047
  Epoch 18 [160/337] loss=0.0045 mask=0.1238 depth=0.0045
  Epoch 18 [170/337] loss=0.0046 mask=0.1239 depth=0.0046
  Epoch 18 [180/337] loss=0.0045 mask=0.1237 depth=0.0045
  Epoch 18 [190/337] loss=0.0044 mask=0.1235 depth=0.0044
  Epoch 18 [200/337] loss=0.0042 mask=0.1221 depth=0.0042
  Epoch 18 [210/337] loss=0.0042 mask=0.1214 depth=0.0042
  Epoch 18 [220/337] loss=0.0041 mask=0.1203 depth=0.0041
  Epoch 18 [230/337] loss=0.0041 mask=0.1199 depth=0.0041
  Epoch 18 [240/337] loss=0.0041 mask=0.1206 depth=0.0041
  Epoch 18 [250/337] loss=0.0040 mask=0.1207 depth=0.0040
  Epoch 18 [260/337] loss=0.0040 mask=0.1183 depth=0.0040
  Epoch 18 [270/337] loss=0.0039 mask=0.1224 depth=0.0039
  Epoch 18 [280/337] loss=0.0039 mask=0.1206 depth=0.0039
  Epoch 18 [290/337] loss=0.0039 mask=0.1196 depth=0.0039
  Epoch 18 [300/337] loss=0.0041 mask=0.1192 depth=0.0041
  Epoch 18 [310/337] loss=0.0041 mask=0.1187 depth=0.0041
  Epoch 18 [320/337] loss=0.0041 mask=0.1191 depth=0.0041
  Epoch 18 [330/337] loss=0.0040 mask=0.1182 depth=0.0040
  Train: loss=0.0054 mask=0.1207 depth=0.0054 time=169.3s
  Val epoch 18: loss=0.0211
  Saved best phase2 model (val_loss=0.0211)

=== Phase2 Epoch 19/49 ===
  Epoch 19 [10/337] loss=0.0044 mask=0.1322 depth=0.0044
  Epoch 19 [20/337] loss=0.0045 mask=0.1636 depth=0.0045
  Epoch 19 [30/337] loss=0.0041 mask=0.1480 depth=0.0041
  Epoch 19 [40/337] loss=0.0040 mask=0.1468 depth=0.0040
  Epoch 19 [50/337] loss=0.0038 mask=0.1550 depth=0.0038
  Epoch 19 [60/337] loss=0.0036 mask=0.1395 depth=0.0036
  Epoch 19 [70/337] loss=0.0035 mask=0.1329 depth=0.0035
  Epoch 19 [80/337] loss=0.0033 mask=0.1329 depth=0.0033
  Epoch 19 [90/337] loss=0.0033 mask=0.1326 depth=0.0033
  Epoch 19 [100/337] loss=0.0033 mask=0.1303 depth=0.0033
  Epoch 19 [110/337] loss=0.0032 mask=0.1304 depth=0.0032
  Epoch 19 [120/337] loss=0.0031 mask=0.1284 depth=0.0031
  Epoch 19 [130/337] loss=0.0031 mask=0.1238 depth=0.0031
  Epoch 19 [140/337] loss=0.0030 mask=0.1236 depth=0.0030
  Epoch 19 [150/337] loss=0.0030 mask=0.1242 depth=0.0030
  Epoch 19 [160/337] loss=0.0030 mask=0.1278 depth=0.0030
  Epoch 19 [170/337] loss=0.0030 mask=0.1282 depth=0.0030
  Epoch 19 [180/337] loss=0.0030 mask=0.1279 depth=0.0030
  Epoch 19 [190/337] loss=0.0029 mask=0.1287 depth=0.0029
  Epoch 19 [200/337] loss=0.0029 mask=0.1275 depth=0.0029
  Epoch 19 [210/337] loss=0.0029 mask=0.1278 depth=0.0029
  Epoch 19 [220/337] loss=0.0028 mask=0.1255 depth=0.0028
  Epoch 19 [230/337] loss=0.0028 mask=0.1243 depth=0.0028
  Epoch 19 [240/337] loss=0.0028 mask=0.1235 depth=0.0028
  Epoch 19 [250/337] loss=0.0028 mask=0.1216 depth=0.0028
  Epoch 19 [260/337] loss=0.0028 mask=0.1219 depth=0.0028
  Epoch 19 [270/337] loss=0.0029 mask=0.1207 depth=0.0029
  Epoch 19 [280/337] loss=0.0029 mask=0.1205 depth=0.0029
  Epoch 19 [290/337] loss=0.0029 mask=0.1204 depth=0.0029
  Epoch 19 [300/337] loss=0.0028 mask=0.1195 depth=0.0028
  Epoch 19 [310/337] loss=0.0028 mask=0.1200 depth=0.0028
  Epoch 19 [320/337] loss=0.0029 mask=0.1185 depth=0.0029
  Epoch 19 [330/337] loss=0.0028 mask=0.1174 depth=0.0028
  Train: loss=0.0033 mask=0.1209 depth=0.0033 time=168.7s
  Val epoch 19: loss=0.0241

=== Phase2 Epoch 20/49 ===
  Epoch 20 [10/337] loss=0.0023 mask=0.1132 depth=0.0023
  Epoch 20 [20/337] loss=0.0026 mask=0.1279 depth=0.0026
  Epoch 20 [30/337] loss=0.0026 mask=0.1417 depth=0.0026
  Epoch 20 [40/337] loss=0.0028 mask=0.1365 depth=0.0028
  Epoch 20 [50/337] loss=0.0026 mask=0.1360 depth=0.0026
  Epoch 20 [60/337] loss=0.0024 mask=0.1373 depth=0.0024
  Epoch 20 [70/337] loss=0.0024 mask=0.1358 depth=0.0024
  Epoch 20 [80/337] loss=0.0024 mask=0.1371 depth=0.0024
  Epoch 20 [90/337] loss=0.0023 mask=0.1388 depth=0.0023
  Epoch 20 [100/337] loss=0.0023 mask=0.1382 depth=0.0023
  Epoch 20 [110/337] loss=0.0023 mask=0.1354 depth=0.0023
  Epoch 20 [120/337] loss=0.0022 mask=0.1330 depth=0.0022
  Epoch 20 [130/337] loss=0.0024 mask=0.1318 depth=0.0024
  Epoch 20 [140/337] loss=0.0024 mask=0.1331 depth=0.0024
  Epoch 20 [150/337] loss=0.0024 mask=0.1295 depth=0.0024
  Epoch 20 [160/337] loss=0.0024 mask=0.1264 depth=0.0024
  Epoch 20 [170/337] loss=0.0023 mask=0.1241 depth=0.0023
  Epoch 20 [180/337] loss=0.0023 mask=0.1224 depth=0.0023
  Epoch 20 [190/337] loss=0.0023 mask=0.1213 depth=0.0023
  Epoch 20 [200/337] loss=0.0022 mask=0.1194 depth=0.0022
  Epoch 20 [210/337] loss=0.0022 mask=0.1186 depth=0.0022
  Epoch 20 [220/337] loss=0.0022 mask=0.1187 depth=0.0022
  Epoch 20 [230/337] loss=0.0022 mask=0.1171 depth=0.0022
  Epoch 20 [240/337] loss=0.0022 mask=0.1156 depth=0.0022
  Epoch 20 [250/337] loss=0.0022 mask=0.1169 depth=0.0022
  Epoch 20 [260/337] loss=0.0022 mask=0.1192 depth=0.0022
  Epoch 20 [270/337] loss=0.0022 mask=0.1180 depth=0.0022
  Epoch 20 [280/337] loss=0.0022 mask=0.1173 depth=0.0022
  Epoch 20 [290/337] loss=0.0023 mask=0.1158 depth=0.0023
  Epoch 20 [300/337] loss=0.0022 mask=0.1153 depth=0.0022
  Epoch 20 [310/337] loss=0.0022 mask=0.1160 depth=0.0022
  Epoch 20 [320/337] loss=0.0022 mask=0.1159 depth=0.0022
  Epoch 20 [330/337] loss=0.0022 mask=0.1174 depth=0.0022
  Train: loss=0.0030 mask=0.1203 depth=0.0030 time=172.0s
  Val epoch 20: loss=0.0232

=== Phase2 Epoch 21/49 ===
  Epoch 21 [10/337] loss=0.0026 mask=0.1135 depth=0.0026
  Epoch 21 [20/337] loss=0.0024 mask=0.1072 depth=0.0024
  Epoch 21 [30/337] loss=0.0036 mask=0.0987 depth=0.0036
  Epoch 21 [40/337] loss=0.0034 mask=0.0871 depth=0.0034
  Epoch 21 [50/337] loss=0.0031 mask=0.0950 depth=0.0031
  Epoch 21 [60/337] loss=0.0028 mask=0.1009 depth=0.0028
  Epoch 21 [70/337] loss=0.0028 mask=0.0953 depth=0.0028
  Epoch 21 [80/337] loss=0.0026 mask=0.0902 depth=0.0026
  Epoch 21 [90/337] loss=0.0025 mask=0.0985 depth=0.0025
  Epoch 21 [100/337] loss=0.0025 mask=0.0969 depth=0.0025
  Epoch 21 [110/337] loss=0.0024 mask=0.0993 depth=0.0024
  Epoch 21 [120/337] loss=0.0023 mask=0.1009 depth=0.0023
  Epoch 21 [130/337] loss=0.0022 mask=0.1022 depth=0.0022
  Epoch 21 [140/337] loss=0.0023 mask=0.0994 depth=0.0023
  Epoch 21 [150/337] loss=0.0022 mask=0.0988 depth=0.0022
  Epoch 21 [160/337] loss=0.0022 mask=0.1013 depth=0.0022
  Epoch 21 [170/337] loss=0.0021 mask=0.1012 depth=0.0021
  Epoch 21 [180/337] loss=0.0021 mask=0.1045 depth=0.0021
  Epoch 21 [190/337] loss=0.0021 mask=0.1056 depth=0.0021
  Epoch 21 [200/337] loss=0.0021 mask=0.1091 depth=0.0021
  Epoch 21 [210/337] loss=0.0021 mask=0.1108 depth=0.0021
  Epoch 21 [220/337] loss=0.0020 mask=0.1128 depth=0.0020
  Epoch 21 [230/337] loss=0.0020 mask=0.1119 depth=0.0020
  Epoch 21 [240/337] loss=0.0020 mask=0.1121 depth=0.0020
  Epoch 21 [250/337] loss=0.0020 mask=0.1122 depth=0.0020
  Epoch 21 [260/337] loss=0.0020 mask=0.1137 depth=0.0020
  Epoch 21 [270/337] loss=0.0020 mask=0.1135 depth=0.0020
  Epoch 21 [280/337] loss=0.0020 mask=0.1139 depth=0.0020
  Epoch 21 [290/337] loss=0.0020 mask=0.1152 depth=0.0020
  Epoch 21 [300/337] loss=0.0020 mask=0.1149 depth=0.0020
  Epoch 21 [310/337] loss=0.0020 mask=0.1166 depth=0.0020
  Epoch 21 [320/337] loss=0.0020 mask=0.1166 depth=0.0020
  Epoch 21 [330/337] loss=0.0020 mask=0.1165 depth=0.0020
  Train: loss=0.0025 mask=0.1206 depth=0.0025 time=172.4s
  Val epoch 21: loss=0.0234

=== Phase2 Epoch 22/49 ===
  Epoch 22 [10/337] loss=0.0016 mask=0.1559 depth=0.0016
  Epoch 22 [20/337] loss=0.0014 mask=0.1438 depth=0.0014
  Epoch 22 [30/337] loss=0.0015 mask=0.1190 depth=0.0015
  Epoch 22 [40/337] loss=0.0016 mask=0.1071 depth=0.0016
  Epoch 22 [50/337] loss=0.0016 mask=0.1104 depth=0.0016
  Epoch 22 [60/337] loss=0.0017 mask=0.1089 depth=0.0017
  Epoch 22 [70/337] loss=0.0018 mask=0.1153 depth=0.0018
  Epoch 22 [80/337] loss=0.0020 mask=0.1112 depth=0.0020
  Epoch 22 [90/337] loss=0.0019 mask=0.1086 depth=0.0019
  Epoch 22 [100/337] loss=0.0019 mask=0.1118 depth=0.0019
  Epoch 22 [110/337] loss=0.0020 mask=0.1133 depth=0.0020
  Epoch 22 [120/337] loss=0.0020 mask=0.1115 depth=0.0020
  Epoch 22 [130/337] loss=0.0020 mask=0.1114 depth=0.0020
  Epoch 22 [140/337] loss=0.0020 mask=0.1116 depth=0.0020
  Epoch 22 [150/337] loss=0.0019 mask=0.1161 depth=0.0019
  Epoch 22 [160/337] loss=0.0019 mask=0.1129 depth=0.0019
  Epoch 22 [170/337] loss=0.0019 mask=0.1176 depth=0.0019
  Epoch 22 [180/337] loss=0.0019 mask=0.1162 depth=0.0019
  Epoch 22 [190/337] loss=0.0019 mask=0.1145 depth=0.0019
  Epoch 22 [200/337] loss=0.0019 mask=0.1157 depth=0.0019
  Epoch 22 [210/337] loss=0.0019 mask=0.1164 depth=0.0019
  Epoch 22 [220/337] loss=0.0019 mask=0.1199 depth=0.0019
  Epoch 22 [230/337] loss=0.0019 mask=0.1186 depth=0.0019
  Epoch 22 [240/337] loss=0.0019 mask=0.1181 depth=0.0019
  Epoch 22 [250/337] loss=0.0019 mask=0.1177 depth=0.0019
  Epoch 22 [260/337] loss=0.0019 mask=0.1165 depth=0.0019
  Epoch 22 [270/337] loss=0.0019 mask=0.1159 depth=0.0019
  Epoch 22 [280/337] loss=0.0019 mask=0.1147 depth=0.0019
  Epoch 22 [290/337] loss=0.0019 mask=0.1159 depth=0.0019
  Epoch 22 [300/337] loss=0.0019 mask=0.1170 depth=0.0019
  Epoch 22 [310/337] loss=0.0019 mask=0.1166 depth=0.0019
  Epoch 22 [320/337] loss=0.0020 mask=0.1161 depth=0.0020
  Epoch 22 [330/337] loss=0.0019 mask=0.1171 depth=0.0019
  Train: loss=0.0027 mask=0.1197 depth=0.0027 time=171.4s
  Val epoch 22: loss=0.0245

=== Phase2 Epoch 23/49 ===
  Epoch 23 [10/337] loss=0.0027 mask=0.1390 depth=0.0027
  Epoch 23 [20/337] loss=0.0021 mask=0.1135 depth=0.0021
  Epoch 23 [30/337] loss=0.0018 mask=0.1323 depth=0.0018
  Epoch 23 [40/337] loss=0.0019 mask=0.1202 depth=0.0019
  Epoch 23 [50/337] loss=0.0019 mask=0.1193 depth=0.0019
  Epoch 23 [60/337] loss=0.0020 mask=0.1182 depth=0.0020
  Epoch 23 [70/337] loss=0.0020 mask=0.1209 depth=0.0020
  Epoch 23 [80/337] loss=0.0020 mask=0.1257 depth=0.0020
  Epoch 23 [90/337] loss=0.0019 mask=0.1260 depth=0.0019
  Epoch 23 [100/337] loss=0.0019 mask=0.1238 depth=0.0019
  Epoch 23 [110/337] loss=0.0018 mask=0.1255 depth=0.0018
  Epoch 23 [120/337] loss=0.0018 mask=0.1231 depth=0.0018
  Epoch 23 [130/337] loss=0.0017 mask=0.1208 depth=0.0017
  Epoch 23 [140/337] loss=0.0017 mask=0.1229 depth=0.0017
  Epoch 23 [150/337] loss=0.0017 mask=0.1195 depth=0.0017
  Epoch 23 [160/337] loss=0.0018 mask=0.1213 depth=0.0018
  Epoch 23 [170/337] loss=0.0018 mask=0.1225 depth=0.0018
  Epoch 23 [180/337] loss=0.0018 mask=0.1235 depth=0.0018
  Epoch 23 [190/337] loss=0.0019 mask=0.1205 depth=0.0019
  Epoch 23 [200/337] loss=0.0019 mask=0.1165 depth=0.0019
  Epoch 23 [210/337] loss=0.0019 mask=0.1173 depth=0.0019
  Epoch 23 [220/337] loss=0.0019 mask=0.1197 depth=0.0019
  Epoch 23 [230/337] loss=0.0018 mask=0.1181 depth=0.0018
  Epoch 23 [240/337] loss=0.0018 mask=0.1184 depth=0.0018
  Epoch 23 [250/337] loss=0.0018 mask=0.1198 depth=0.0018
  Epoch 23 [260/337] loss=0.0018 mask=0.1229 depth=0.0018
  Epoch 23 [270/337] loss=0.0018 mask=0.1209 depth=0.0018
  Epoch 23 [280/337] loss=0.0018 mask=0.1204 depth=0.0018
  Epoch 23 [290/337] loss=0.0018 mask=0.1199 depth=0.0018
  Epoch 23 [300/337] loss=0.0018 mask=0.1192 depth=0.0018
  Epoch 23 [310/337] loss=0.0018 mask=0.1194 depth=0.0018
  Epoch 23 [320/337] loss=0.0018 mask=0.1195 depth=0.0018
  Epoch 23 [330/337] loss=0.0018 mask=0.1180 depth=0.0018
  Train: loss=0.0018 mask=0.1208 depth=0.0018 time=172.4s
  Val epoch 23: loss=0.0228

=== Phase2 Epoch 24/49 ===
  Epoch 24 [10/337] loss=0.0012 mask=0.1362 depth=0.0012
  Epoch 24 [20/337] loss=0.0015 mask=0.1299 depth=0.0015
  Epoch 24 [30/337] loss=0.0017 mask=0.1242 depth=0.0017
  Epoch 24 [40/337] loss=0.0017 mask=0.1281 depth=0.0017
  Epoch 24 [50/337] loss=0.0018 mask=0.1280 depth=0.0018
  Epoch 24 [60/337] loss=0.0017 mask=0.1216 depth=0.0017
  Epoch 24 [70/337] loss=0.0017 mask=0.1192 depth=0.0017
  Epoch 24 [80/337] loss=0.0021 mask=0.1172 depth=0.0021
  Epoch 24 [90/337] loss=0.0019 mask=0.1143 depth=0.0019
  Epoch 24 [100/337] loss=0.0018 mask=0.1182 depth=0.0018
  Epoch 24 [110/337] loss=0.0018 mask=0.1148 depth=0.0018
  Epoch 24 [120/337] loss=0.0017 mask=0.1130 depth=0.0017
  Epoch 24 [130/337] loss=0.0017 mask=0.1158 depth=0.0017
  Epoch 24 [140/337] loss=0.0017 mask=0.1151 depth=0.0017
  Epoch 24 [150/337] loss=0.0017 mask=0.1165 depth=0.0017
  Epoch 24 [160/337] loss=0.0016 mask=0.1132 depth=0.0016
  Epoch 24 [170/337] loss=0.0016 mask=0.1127 depth=0.0016
  Epoch 24 [180/337] loss=0.0016 mask=0.1141 depth=0.0016
  Epoch 24 [190/337] loss=0.0017 mask=0.1143 depth=0.0017
  Epoch 24 [200/337] loss=0.0016 mask=0.1122 depth=0.0016
  Epoch 24 [210/337] loss=0.0016 mask=0.1135 depth=0.0016
  Epoch 24 [220/337] loss=0.0016 mask=0.1174 depth=0.0016
  Epoch 24 [230/337] loss=0.0016 mask=0.1186 depth=0.0016
  Epoch 24 [240/337] loss=0.0016 mask=0.1171 depth=0.0016
  Epoch 24 [250/337] loss=0.0016 mask=0.1183 depth=0.0016
  Epoch 24 [260/337] loss=0.0017 mask=0.1183 depth=0.0017
  Epoch 24 [270/337] loss=0.0016 mask=0.1187 depth=0.0016
  Epoch 24 [280/337] loss=0.0017 mask=0.1213 depth=0.0017
  Epoch 24 [290/337] loss=0.0016 mask=0.1194 depth=0.0016
  Epoch 24 [300/337] loss=0.0016 mask=0.1172 depth=0.0016
  Epoch 24 [310/337] loss=0.0016 mask=0.1175 depth=0.0016
  Epoch 24 [320/337] loss=0.0016 mask=0.1166 depth=0.0016
  Epoch 24 [330/337] loss=0.0016 mask=0.1159 depth=0.0016
  Train: loss=0.0024 mask=0.1202 depth=0.0024 time=172.3s
  Val epoch 24: loss=0.0239

=== Phase2 Epoch 25/49 ===
  Epoch 25 [10/337] loss=0.0018 mask=0.1050 depth=0.0018
  Epoch 25 [20/337] loss=0.0018 mask=0.1078 depth=0.0018
  Epoch 25 [30/337] loss=0.0016 mask=0.1002 depth=0.0016
  Epoch 25 [40/337] loss=0.0015 mask=0.0876 depth=0.0015
  Epoch 25 [50/337] loss=0.0017 mask=0.0855 depth=0.0017
  Epoch 25 [60/337] loss=0.0017 mask=0.0915 depth=0.0017
  Epoch 25 [70/337] loss=0.0016 mask=0.0946 depth=0.0016
  Epoch 25 [80/337] loss=0.0016 mask=0.0947 depth=0.0016
  Epoch 25 [90/337] loss=0.0015 mask=0.0929 depth=0.0015
  Epoch 25 [100/337] loss=0.0016 mask=0.0996 depth=0.0016
  Epoch 25 [110/337] loss=0.0016 mask=0.1003 depth=0.0016
  Epoch 25 [120/337] loss=0.0015 mask=0.1019 depth=0.0015
  Epoch 25 [130/337] loss=0.0015 mask=0.1024 depth=0.0015
  Epoch 25 [140/337] loss=0.0015 mask=0.1018 depth=0.0015
  Epoch 25 [150/337] loss=0.0015 mask=0.1018 depth=0.0015
  Epoch 25 [160/337] loss=0.0015 mask=0.1052 depth=0.0015
  Epoch 25 [170/337] loss=0.0015 mask=0.1078 depth=0.0015
  Epoch 25 [180/337] loss=0.0015 mask=0.1059 depth=0.0015
  Epoch 25 [190/337] loss=0.0015 mask=0.1074 depth=0.0015
  Epoch 25 [200/337] loss=0.0015 mask=0.1070 depth=0.0015
  Epoch 25 [210/337] loss=0.0015 mask=0.1075 depth=0.0015
  Epoch 25 [220/337] loss=0.0015 mask=0.1088 depth=0.0015
  Epoch 25 [230/337] loss=0.0015 mask=0.1111 depth=0.0015
  Epoch 25 [240/337] loss=0.0015 mask=0.1122 depth=0.0015
  Epoch 25 [250/337] loss=0.0015 mask=0.1120 depth=0.0015
  Epoch 25 [260/337] loss=0.0015 mask=0.1110 depth=0.0015
  Epoch 25 [270/337] loss=0.0015 mask=0.1136 depth=0.0015
  Epoch 25 [280/337] loss=0.0015 mask=0.1121 depth=0.0015
  Epoch 25 [290/337] loss=0.0015 mask=0.1147 depth=0.0015
  Epoch 25 [300/337] loss=0.0015 mask=0.1169 depth=0.0015
  Epoch 25 [310/337] loss=0.0017 mask=0.1169 depth=0.0017
  Epoch 25 [320/337] loss=0.0017 mask=0.1172 depth=0.0017
  Epoch 25 [330/337] loss=0.0017 mask=0.1178 depth=0.0017
  Train: loss=0.0018 mask=0.1205 depth=0.0018 time=170.5s
  Val epoch 25: loss=0.0229

=== Phase2 Epoch 26/49 ===
  Epoch 26 [10/337] loss=0.0014 mask=0.1048 depth=0.0014
  Epoch 26 [20/337] loss=0.0014 mask=0.0780 depth=0.0014
  Epoch 26 [30/337] loss=0.0016 mask=0.0915 depth=0.0016
  Epoch 26 [40/337] loss=0.0016 mask=0.0877 depth=0.0016
  Epoch 26 [50/337] loss=0.0015 mask=0.0938 depth=0.0015
  Epoch 26 [60/337] loss=0.0024 mask=0.1107 depth=0.0024
  Epoch 26 [70/337] loss=0.0024 mask=0.1156 depth=0.0024
  Epoch 26 [80/337] loss=0.0023 mask=0.1173 depth=0.0023
  Epoch 26 [90/337] loss=0.0023 mask=0.1189 depth=0.0023
  Epoch 26 [100/337] loss=0.0023 mask=0.1219 depth=0.0023
  Epoch 26 [110/337] loss=0.0022 mask=0.1187 depth=0.0022
  Epoch 26 [120/337] loss=0.0021 mask=0.1209 depth=0.0021
  Epoch 26 [130/337] loss=0.0021 mask=0.1221 depth=0.0021
  Epoch 26 [140/337] loss=0.0021 mask=0.1224 depth=0.0021
  Epoch 26 [150/337] loss=0.0020 mask=0.1250 depth=0.0020
  Epoch 26 [160/337] loss=0.0020 mask=0.1226 depth=0.0020
  Epoch 26 [170/337] loss=0.0019 mask=0.1218 depth=0.0019
  Epoch 26 [180/337] loss=0.0019 mask=0.1198 depth=0.0019
  Epoch 26 [190/337] loss=0.0019 mask=0.1197 depth=0.0019
  Epoch 26 [200/337] loss=0.0019 mask=0.1190 depth=0.0019
  Epoch 26 [210/337] loss=0.0018 mask=0.1195 depth=0.0018
  Epoch 26 [220/337] loss=0.0018 mask=0.1190 depth=0.0018
  Epoch 26 [230/337] loss=0.0018 mask=0.1174 depth=0.0018
  Epoch 26 [240/337] loss=0.0018 mask=0.1182 depth=0.0018
  Epoch 26 [250/337] loss=0.0018 mask=0.1191 depth=0.0018
  Epoch 26 [260/337] loss=0.0018 mask=0.1185 depth=0.0018
  Epoch 26 [270/337] loss=0.0017 mask=0.1182 depth=0.0017
  Epoch 26 [280/337] loss=0.0017 mask=0.1181 depth=0.0017
  Epoch 26 [290/337] loss=0.0017 mask=0.1186 depth=0.0017
  Epoch 26 [300/337] loss=0.0017 mask=0.1180 depth=0.0017
  Epoch 26 [310/337] loss=0.0017 mask=0.1173 depth=0.0017
  Epoch 26 [320/337] loss=0.0017 mask=0.1185 depth=0.0017
  Epoch 26 [330/337] loss=0.0016 mask=0.1172 depth=0.0016
  Train: loss=0.0026 mask=0.1212 depth=0.0026 time=171.5s
  Val epoch 26: loss=0.0229

=== Phase2 Epoch 27/49 ===
  Epoch 27 [10/337] loss=0.0018 mask=0.1182 depth=0.0018
  Epoch 27 [20/337] loss=0.0018 mask=0.1158 depth=0.0018
  Epoch 27 [30/337] loss=0.0019 mask=0.1295 depth=0.0019
  Epoch 27 [40/337] loss=0.0017 mask=0.1235 depth=0.0017
  Epoch 27 [50/337] loss=0.0017 mask=0.1221 depth=0.0017
  Epoch 27 [60/337] loss=0.0017 mask=0.1235 depth=0.0017
  Epoch 27 [70/337] loss=0.0017 mask=0.1202 depth=0.0017
  Epoch 27 [80/337] loss=0.0017 mask=0.1203 depth=0.0017
  Epoch 27 [90/337] loss=0.0016 mask=0.1193 depth=0.0016
  Epoch 27 [100/337] loss=0.0016 mask=0.1176 depth=0.0016
  Epoch 27 [110/337] loss=0.0015 mask=0.1229 depth=0.0015
  Epoch 27 [120/337] loss=0.0015 mask=0.1206 depth=0.0015
  Epoch 27 [130/337] loss=0.0015 mask=0.1188 depth=0.0015
  Epoch 27 [140/337] loss=0.0015 mask=0.1213 depth=0.0015
  Epoch 27 [150/337] loss=0.0015 mask=0.1206 depth=0.0015
  Epoch 27 [160/337] loss=0.0016 mask=0.1233 depth=0.0016
  Epoch 27 [170/337] loss=0.0017 mask=0.1197 depth=0.0017
  Epoch 27 [180/337] loss=0.0016 mask=0.1206 depth=0.0016
  Epoch 27 [190/337] loss=0.0016 mask=0.1191 depth=0.0016
  Epoch 27 [200/337] loss=0.0016 mask=0.1155 depth=0.0016
  Epoch 27 [210/337] loss=0.0016 mask=0.1195 depth=0.0016
  Epoch 27 [220/337] loss=0.0016 mask=0.1169 depth=0.0016
  Epoch 27 [230/337] loss=0.0016 mask=0.1187 depth=0.0016
  Epoch 27 [240/337] loss=0.0016 mask=0.1194 depth=0.0016
  Epoch 27 [250/337] loss=0.0016 mask=0.1202 depth=0.0016
  Epoch 27 [260/337] loss=0.0016 mask=0.1198 depth=0.0016
  Epoch 27 [270/337] loss=0.0016 mask=0.1201 depth=0.0016
  Epoch 27 [280/337] loss=0.0016 mask=0.1193 depth=0.0016
  Epoch 27 [290/337] loss=0.0016 mask=0.1182 depth=0.0016
  Epoch 27 [300/337] loss=0.0016 mask=0.1170 depth=0.0016
  Epoch 27 [310/337] loss=0.0016 mask=0.1171 depth=0.0016
  Epoch 27 [320/337] loss=0.0016 mask=0.1170 depth=0.0016
  Epoch 27 [330/337] loss=0.0016 mask=0.1165 depth=0.0016
  Train: loss=0.0031 mask=0.1200 depth=0.0031 time=173.4s
  Val epoch 27: loss=0.0224

=== Phase2 Epoch 28/49 ===
  Epoch 28 [10/337] loss=0.0029 mask=0.1504 depth=0.0029
  Epoch 28 [20/337] loss=0.0030 mask=0.1512 depth=0.0030
  Epoch 28 [30/337] loss=0.0027 mask=0.1523 depth=0.0027
  Epoch 28 [40/337] loss=0.0036 mask=0.1393 depth=0.0036
  Epoch 28 [50/337] loss=0.0032 mask=0.1328 depth=0.0032
  Epoch 28 [60/337] loss=0.0029 mask=0.1239 depth=0.0029
  Epoch 28 [70/337] loss=0.0028 mask=0.1247 depth=0.0028
  Epoch 28 [80/337] loss=0.0027 mask=0.1223 depth=0.0027
  Epoch 28 [90/337] loss=0.0027 mask=0.1221 depth=0.0027
  Epoch 28 [100/337] loss=0.0027 mask=0.1257 depth=0.0027
  Epoch 28 [110/337] loss=0.0025 mask=0.1229 depth=0.0025
  Epoch 28 [120/337] loss=0.0025 mask=0.1197 depth=0.0025
  Epoch 28 [130/337] loss=0.0024 mask=0.1211 depth=0.0024
  Epoch 28 [140/337] loss=0.0023 mask=0.1220 depth=0.0023
  Epoch 28 [150/337] loss=0.0022 mask=0.1222 depth=0.0022
  Epoch 28 [160/337] loss=0.0022 mask=0.1193 depth=0.0022
  Epoch 28 [170/337] loss=0.0021 mask=0.1173 depth=0.0021
  Epoch 28 [180/337] loss=0.0021 mask=0.1172 depth=0.0021
  Epoch 28 [190/337] loss=0.0020 mask=0.1183 depth=0.0020
  Epoch 28 [200/337] loss=0.0020 mask=0.1216 depth=0.0020
  Epoch 28 [210/337] loss=0.0020 mask=0.1215 depth=0.0020
  Epoch 28 [220/337] loss=0.0019 mask=0.1200 depth=0.0019
  Epoch 28 [230/337] loss=0.0019 mask=0.1185 depth=0.0019
  Epoch 28 [240/337] loss=0.0019 mask=0.1198 depth=0.0019
  Epoch 28 [250/337] loss=0.0018 mask=0.1201 depth=0.0018
  Epoch 28 [260/337] loss=0.0018 mask=0.1194 depth=0.0018
  Epoch 28 [270/337] loss=0.0018 mask=0.1202 depth=0.0018
  Epoch 28 [280/337] loss=0.0018 mask=0.1194 depth=0.0018
  Epoch 28 [290/337] loss=0.0018 mask=0.1181 depth=0.0018
  Epoch 28 [300/337] loss=0.0017 mask=0.1169 depth=0.0017
  Epoch 28 [310/337] loss=0.0017 mask=0.1179 depth=0.0017
  Epoch 28 [320/337] loss=0.0017 mask=0.1193 depth=0.0017
  Epoch 28 [330/337] loss=0.0017 mask=0.1187 depth=0.0017
  Train: loss=0.0017 mask=0.1213 depth=0.0017 time=171.4s
  Val epoch 28: loss=0.0233

=== Phase2 Epoch 29/49 ===
  Epoch 29 [10/337] loss=0.0009 mask=0.1501 depth=0.0009
  Epoch 29 [20/337] loss=0.0009 mask=0.1405 depth=0.0009
  Epoch 29 [30/337] loss=0.0015 mask=0.1410 depth=0.0015
  Epoch 29 [40/337] loss=0.0013 mask=0.1260 depth=0.0013
  Epoch 29 [50/337] loss=0.0012 mask=0.1240 depth=0.0012
  Epoch 29 [60/337] loss=0.0012 mask=0.1253 depth=0.0012
  Epoch 29 [70/337] loss=0.0012 mask=0.1182 depth=0.0012
  Epoch 29 [80/337] loss=0.0012 mask=0.1233 depth=0.0012
  Epoch 29 [90/337] loss=0.0011 mask=0.1236 depth=0.0011
  Epoch 29 [100/337] loss=0.0012 mask=0.1254 depth=0.0012
  Epoch 29 [110/337] loss=0.0012 mask=0.1210 depth=0.0012
  Epoch 29 [120/337] loss=0.0012 mask=0.1228 depth=0.0012
  Epoch 29 [130/337] loss=0.0012 mask=0.1201 depth=0.0012
  Epoch 29 [140/337] loss=0.0012 mask=0.1181 depth=0.0012
  Epoch 29 [150/337] loss=0.0012 mask=0.1164 depth=0.0012
  Epoch 29 [160/337] loss=0.0012 mask=0.1179 depth=0.0012
  Epoch 29 [170/337] loss=0.0012 mask=0.1191 depth=0.0012
  Epoch 29 [180/337] loss=0.0012 mask=0.1199 depth=0.0012
  Epoch 29 [190/337] loss=0.0012 mask=0.1233 depth=0.0012
  Epoch 29 [200/337] loss=0.0012 mask=0.1214 depth=0.0012
  Epoch 29 [210/337] loss=0.0012 mask=0.1218 depth=0.0012
  Epoch 29 [220/337] loss=0.0012 mask=0.1254 depth=0.0012
  Epoch 29 [230/337] loss=0.0012 mask=0.1244 depth=0.0012
  Epoch 29 [240/337] loss=0.0012 mask=0.1236 depth=0.0012
  Epoch 29 [250/337] loss=0.0012 mask=0.1224 depth=0.0012
  Epoch 29 [260/337] loss=0.0012 mask=0.1209 depth=0.0012
  Epoch 29 [270/337] loss=0.0012 mask=0.1198 depth=0.0012
  Epoch 29 [280/337] loss=0.0012 mask=0.1223 depth=0.0012
  Epoch 29 [290/337] loss=0.0012 mask=0.1208 depth=0.0012
  Epoch 29 [300/337] loss=0.0012 mask=0.1209 depth=0.0012
  Epoch 29 [310/337] loss=0.0013 mask=0.1201 depth=0.0013
  Epoch 29 [320/337] loss=0.0013 mask=0.1198 depth=0.0013
  Epoch 29 [330/337] loss=0.0012 mask=0.1186 depth=0.0012
  Train: loss=0.0013 mask=0.1208 depth=0.0013 time=172.4s
  Val epoch 29: loss=0.0236

=== Phase2 Epoch 30/49 ===
  Epoch 30 [10/337] loss=0.0010 mask=0.0852 depth=0.0010
  Epoch 30 [20/337] loss=0.0010 mask=0.0821 depth=0.0010
  Epoch 30 [30/337] loss=0.0009 mask=0.1175 depth=0.0009
  Epoch 30 [40/337] loss=0.0010 mask=0.1202 depth=0.0010
  Epoch 30 [50/337] loss=0.0010 mask=0.1208 depth=0.0010
  Epoch 30 [60/337] loss=0.0010 mask=0.1150 depth=0.0010
  Epoch 30 [70/337] loss=0.0010 mask=0.1177 depth=0.0010
  Epoch 30 [80/337] loss=0.0009 mask=0.1149 depth=0.0009
  Epoch 30 [90/337] loss=0.0010 mask=0.1195 depth=0.0010
  Epoch 30 [100/337] loss=0.0010 mask=0.1124 depth=0.0010
  Epoch 30 [110/337] loss=0.0010 mask=0.1108 depth=0.0010
  Epoch 30 [120/337] loss=0.0010 mask=0.1098 depth=0.0010
  Epoch 30 [130/337] loss=0.0010 mask=0.1093 depth=0.0010
  Epoch 30 [140/337] loss=0.0010 mask=0.1105 depth=0.0010
  Epoch 30 [150/337] loss=0.0011 mask=0.1097 depth=0.0011
  Epoch 30 [160/337] loss=0.0012 mask=0.1109 depth=0.0012
  Epoch 30 [170/337] loss=0.0012 mask=0.1105 depth=0.0012
  Epoch 30 [180/337] loss=0.0012 mask=0.1117 depth=0.0012
  Epoch 30 [190/337] loss=0.0012 mask=0.1146 depth=0.0012
  Epoch 30 [200/337] loss=0.0012 mask=0.1180 depth=0.0012
  Epoch 30 [210/337] loss=0.0012 mask=0.1191 depth=0.0012
  Epoch 30 [220/337] loss=0.0012 mask=0.1170 depth=0.0012
  Epoch 30 [230/337] loss=0.0012 mask=0.1164 depth=0.0012
  Epoch 30 [240/337] loss=0.0012 mask=0.1158 depth=0.0012
  Epoch 30 [250/337] loss=0.0011 mask=0.1178 depth=0.0011
  Epoch 30 [260/337] loss=0.0011 mask=0.1187 depth=0.0011
  Epoch 30 [270/337] loss=0.0011 mask=0.1182 depth=0.0011
  Epoch 30 [280/337] loss=0.0011 mask=0.1190 depth=0.0011
  Epoch 30 [290/337] loss=0.0011 mask=0.1212 depth=0.0011
  Epoch 30 [300/337] loss=0.0011 mask=0.1209 depth=0.0011
  Epoch 30 [310/337] loss=0.0011 mask=0.1197 depth=0.0011
  Epoch 30 [320/337] loss=0.0011 mask=0.1184 depth=0.0011
  Epoch 30 [330/337] loss=0.0011 mask=0.1176 depth=0.0011
  Train: loss=0.0011 mask=0.1207 depth=0.0011 time=172.7s
  Val epoch 30: loss=0.0222

=== Phase2 Epoch 31/49 ===
  Epoch 31 [10/337] loss=0.0007 mask=0.1117 depth=0.0007
  Epoch 31 [20/337] loss=0.0014 mask=0.1177 depth=0.0014
  Epoch 31 [30/337] loss=0.0012 mask=0.1039 depth=0.0012
  Epoch 31 [40/337] loss=0.0012 mask=0.1093 depth=0.0012
  Epoch 31 [50/337] loss=0.0011 mask=0.1199 depth=0.0011
  Epoch 31 [60/337] loss=0.0010 mask=0.1248 depth=0.0010
  Epoch 31 [70/337] loss=0.0010 mask=0.1174 depth=0.0010
  Epoch 31 [80/337] loss=0.0010 mask=0.1170 depth=0.0010
  Epoch 31 [90/337] loss=0.0011 mask=0.1161 depth=0.0011
  Epoch 31 [100/337] loss=0.0010 mask=0.1148 depth=0.0010
  Epoch 31 [110/337] loss=0.0010 mask=0.1144 depth=0.0010
  Epoch 31 [120/337] loss=0.0010 mask=0.1149 depth=0.0010
  Epoch 31 [130/337] loss=0.0010 mask=0.1184 depth=0.0010
  Epoch 31 [140/337] loss=0.0010 mask=0.1186 depth=0.0010
  Epoch 31 [150/337] loss=0.0010 mask=0.1167 depth=0.0010
  Epoch 31 [160/337] loss=0.0009 mask=0.1207 depth=0.0009
  Epoch 31 [170/337] loss=0.0009 mask=0.1230 depth=0.0009
  Epoch 31 [180/337] loss=0.0009 mask=0.1199 depth=0.0009
  Epoch 31 [190/337] loss=0.0009 mask=0.1200 depth=0.0009
  Epoch 31 [200/337] loss=0.0009 mask=0.1205 depth=0.0009
  Epoch 31 [210/337] loss=0.0009 mask=0.1208 depth=0.0009
  Epoch 31 [220/337] loss=0.0009 mask=0.1182 depth=0.0009
  Epoch 31 [230/337] loss=0.0009 mask=0.1185 depth=0.0009
  Epoch 31 [240/337] loss=0.0009 mask=0.1188 depth=0.0009
  Epoch 31 [250/337] loss=0.0009 mask=0.1223 depth=0.0009
  Epoch 31 [260/337] loss=0.0009 mask=0.1226 depth=0.0009
  Epoch 31 [270/337] loss=0.0009 mask=0.1203 depth=0.0009
  Epoch 31 [280/337] loss=0.0009 mask=0.1199 depth=0.0009
  Epoch 31 [290/337] loss=0.0009 mask=0.1192 depth=0.0009
  Epoch 31 [300/337] loss=0.0009 mask=0.1195 depth=0.0009
  Epoch 31 [310/337] loss=0.0009 mask=0.1187 depth=0.0009
  Epoch 31 [320/337] loss=0.0009 mask=0.1168 depth=0.0009
  Epoch 31 [330/337] loss=0.0009 mask=0.1172 depth=0.0009
  Train: loss=0.0026 mask=0.1209 depth=0.0026 time=173.5s
  Val epoch 31: loss=0.0228

=== Phase2 Epoch 32/49 ===
  Epoch 32 [10/337] loss=0.0007 mask=0.1285 depth=0.0007
  Epoch 32 [20/337] loss=0.0008 mask=0.0883 depth=0.0008
  Epoch 32 [30/337] loss=0.0009 mask=0.0990 depth=0.0009
  Epoch 32 [40/337] loss=0.0011 mask=0.1152 depth=0.0011
  Epoch 32 [50/337] loss=0.0011 mask=0.1234 depth=0.0011
  Epoch 32 [60/337] loss=0.0011 mask=0.1195 depth=0.0011
  Epoch 32 [70/337] loss=0.0011 mask=0.1161 depth=0.0011
  Epoch 32 [80/337] loss=0.0011 mask=0.1141 depth=0.0011
  Epoch 32 [90/337] loss=0.0011 mask=0.1105 depth=0.0011
  Epoch 32 [100/337] loss=0.0011 mask=0.1118 depth=0.0011
  Epoch 32 [110/337] loss=0.0010 mask=0.1135 depth=0.0010
  Epoch 32 [120/337] loss=0.0010 mask=0.1133 depth=0.0010
  Epoch 32 [130/337] loss=0.0010 mask=0.1145 depth=0.0010
  Epoch 32 [140/337] loss=0.0010 mask=0.1184 depth=0.0010
  Epoch 32 [150/337] loss=0.0010 mask=0.1229 depth=0.0010
  Epoch 32 [160/337] loss=0.0010 mask=0.1227 depth=0.0010
  Epoch 32 [170/337] loss=0.0010 mask=0.1240 depth=0.0010
  Epoch 32 [180/337] loss=0.0010 mask=0.1222 depth=0.0010
  Epoch 32 [190/337] loss=0.0011 mask=0.1197 depth=0.0011
  Epoch 32 [200/337] loss=0.0010 mask=0.1212 depth=0.0010
  Epoch 32 [210/337] loss=0.0011 mask=0.1208 depth=0.0011
  Epoch 32 [220/337] loss=0.0010 mask=0.1197 depth=0.0010
  Epoch 32 [230/337] loss=0.0010 mask=0.1203 depth=0.0010
  Epoch 32 [240/337] loss=0.0010 mask=0.1196 depth=0.0010
  Epoch 32 [250/337] loss=0.0010 mask=0.1193 depth=0.0010
  Epoch 32 [260/337] loss=0.0010 mask=0.1181 depth=0.0010
  Epoch 32 [270/337] loss=0.0010 mask=0.1196 depth=0.0010
  Epoch 32 [280/337] loss=0.0010 mask=0.1191 depth=0.0010
  Epoch 32 [290/337] loss=0.0010 mask=0.1192 depth=0.0010
  Epoch 32 [300/337] loss=0.0010 mask=0.1182 depth=0.0010
  Epoch 32 [310/337] loss=0.0010 mask=0.1175 depth=0.0010
  Epoch 32 [320/337] loss=0.0010 mask=0.1163 depth=0.0010
  Epoch 32 [330/337] loss=0.0011 mask=0.1167 depth=0.0011
  Train: loss=0.0042 mask=0.1206 depth=0.0042 time=173.5s
  Val epoch 32: loss=0.0234

=== Phase2 Epoch 33/49 ===
  Epoch 33 [10/337] loss=0.0017 mask=0.1546 depth=0.0017
  Epoch 33 [20/337] loss=0.0018 mask=0.1652 depth=0.0018
  Epoch 33 [30/337] loss=0.0016 mask=0.1303 depth=0.0016
  Epoch 33 [40/337] loss=0.0014 mask=0.1296 depth=0.0014
  Epoch 33 [50/337] loss=0.0014 mask=0.1181 depth=0.0014
  Epoch 33 [60/337] loss=0.0014 mask=0.1156 depth=0.0014
  Epoch 33 [70/337] loss=0.0012 mask=0.1123 depth=0.0012
  Epoch 33 [80/337] loss=0.0012 mask=0.1204 depth=0.0012
  Epoch 33 [90/337] loss=0.0012 mask=0.1236 depth=0.0012
  Epoch 33 [100/337] loss=0.0012 mask=0.1260 depth=0.0012
  Epoch 33 [110/337] loss=0.0012 mask=0.1226 depth=0.0012
  Epoch 33 [120/337] loss=0.0011 mask=0.1214 depth=0.0011
  Epoch 33 [130/337] loss=0.0011 mask=0.1180 depth=0.0011
  Epoch 33 [140/337] loss=0.0011 mask=0.1171 depth=0.0011
  Epoch 33 [150/337] loss=0.0011 mask=0.1207 depth=0.0011
  Epoch 33 [160/337] loss=0.0010 mask=0.1185 depth=0.0010
  Epoch 33 [170/337] loss=0.0010 mask=0.1164 depth=0.0010
  Epoch 33 [180/337] loss=0.0010 mask=0.1179 depth=0.0010
  Epoch 33 [190/337] loss=0.0011 mask=0.1180 depth=0.0011
  Epoch 33 [200/337] loss=0.0011 mask=0.1173 depth=0.0011
  Epoch 33 [210/337] loss=0.0011 mask=0.1200 depth=0.0011
  Epoch 33 [220/337] loss=0.0011 mask=0.1224 depth=0.0011
  Epoch 33 [230/337] loss=0.0010 mask=0.1226 depth=0.0010
  Epoch 33 [240/337] loss=0.0010 mask=0.1219 depth=0.0010
  Epoch 33 [250/337] loss=0.0010 mask=0.1211 depth=0.0010
  Epoch 33 [260/337] loss=0.0010 mask=0.1203 depth=0.0010
  Epoch 33 [270/337] loss=0.0010 mask=0.1189 depth=0.0010
  Epoch 33 [280/337] loss=0.0011 mask=0.1202 depth=0.0011
  Epoch 33 [290/337] loss=0.0011 mask=0.1206 depth=0.0011
  Epoch 33 [300/337] loss=0.0011 mask=0.1195 depth=0.0011
  Epoch 33 [310/337] loss=0.0011 mask=0.1188 depth=0.0011
  Epoch 33 [320/337] loss=0.0010 mask=0.1192 depth=0.0010
  Epoch 33 [330/337] loss=0.0010 mask=0.1187 depth=0.0010
  Train: loss=0.0015 mask=0.1205 depth=0.0015 time=171.2s
  Val epoch 33: loss=0.0223

=== Phase2 Epoch 34/49 ===
  Epoch 34 [10/337] loss=0.0010 mask=0.0865 depth=0.0010
  Epoch 34 [20/337] loss=0.0010 mask=0.0944 depth=0.0010
  Epoch 34 [30/337] loss=0.0009 mask=0.1304 depth=0.0009
  Epoch 34 [40/337] loss=0.0008 mask=0.1268 depth=0.0008
  Epoch 34 [50/337] loss=0.0009 mask=0.1410 depth=0.0009
  Epoch 34 [60/337] loss=0.0009 mask=0.1343 depth=0.0009
  Epoch 34 [70/337] loss=0.0009 mask=0.1316 depth=0.0009
  Epoch 34 [80/337] loss=0.0009 mask=0.1279 depth=0.0009
  Epoch 34 [90/337] loss=0.0009 mask=0.1272 depth=0.0009
  Epoch 34 [100/337] loss=0.0009 mask=0.1192 depth=0.0009
  Epoch 34 [110/337] loss=0.0009 mask=0.1217 depth=0.0009
  Epoch 34 [120/337] loss=0.0009 mask=0.1189 depth=0.0009
  Epoch 34 [130/337] loss=0.0009 mask=0.1193 depth=0.0009
  Epoch 34 [140/337] loss=0.0009 mask=0.1183 depth=0.0009
  Epoch 34 [150/337] loss=0.0009 mask=0.1199 depth=0.0009
  Epoch 34 [160/337] loss=0.0009 mask=0.1177 depth=0.0009
  Epoch 34 [170/337] loss=0.0009 mask=0.1213 depth=0.0009
  Epoch 34 [180/337] loss=0.0009 mask=0.1197 depth=0.0009
  Epoch 34 [190/337] loss=0.0009 mask=0.1212 depth=0.0009
  Epoch 34 [200/337] loss=0.0009 mask=0.1210 depth=0.0009
  Epoch 34 [210/337] loss=0.0009 mask=0.1178 depth=0.0009
  Epoch 34 [220/337] loss=0.0009 mask=0.1197 depth=0.0009
  Epoch 34 [230/337] loss=0.0008 mask=0.1185 depth=0.0008
  Epoch 34 [240/337] loss=0.0008 mask=0.1172 depth=0.0008
  Epoch 34 [250/337] loss=0.0008 mask=0.1159 depth=0.0008
  Epoch 34 [260/337] loss=0.0008 mask=0.1157 depth=0.0008
  Epoch 34 [270/337] loss=0.0009 mask=0.1163 depth=0.0009
  Epoch 34 [280/337] loss=0.0009 mask=0.1181 depth=0.0009
  Epoch 34 [290/337] loss=0.0009 mask=0.1175 depth=0.0009
  Epoch 34 [300/337] loss=0.0009 mask=0.1171 depth=0.0009
  Epoch 34 [310/337] loss=0.0009 mask=0.1161 depth=0.0009
  Epoch 34 [320/337] loss=0.0009 mask=0.1173 depth=0.0009
  Epoch 34 [330/337] loss=0.0009 mask=0.1178 depth=0.0009
  Train: loss=0.0030 mask=0.1205 depth=0.0030 time=168.7s
  Val epoch 34: loss=0.0225

=== Phase2 Epoch 35/49 ===
  Epoch 35 [10/337] loss=0.0011 mask=0.0899 depth=0.0011
  Epoch 35 [20/337] loss=0.0010 mask=0.0962 depth=0.0010
  Epoch 35 [30/337] loss=0.0014 mask=0.1073 depth=0.0014
  Epoch 35 [40/337] loss=0.0013 mask=0.1049 depth=0.0013
  Epoch 35 [50/337] loss=0.0013 mask=0.1055 depth=0.0013
  Epoch 35 [60/337] loss=0.0013 mask=0.1040 depth=0.0013
  Epoch 35 [70/337] loss=0.0012 mask=0.1006 depth=0.0012
  Epoch 35 [80/337] loss=0.0012 mask=0.0957 depth=0.0012
  Epoch 35 [90/337] loss=0.0012 mask=0.0989 depth=0.0012
  Epoch 35 [100/337] loss=0.0012 mask=0.1031 depth=0.0012
  Epoch 35 [110/337] loss=0.0012 mask=0.1052 depth=0.0012
  Epoch 35 [120/337] loss=0.0012 mask=0.1069 depth=0.0012
  Epoch 35 [130/337] loss=0.0012 mask=0.1105 depth=0.0012
  Epoch 35 [140/337] loss=0.0012 mask=0.1115 depth=0.0012
  Epoch 35 [150/337] loss=0.0012 mask=0.1113 depth=0.0012
  Epoch 35 [160/337] loss=0.0011 mask=0.1126 depth=0.0011
  Epoch 35 [170/337] loss=0.0011 mask=0.1147 depth=0.0011
  Epoch 35 [180/337] loss=0.0011 mask=0.1140 depth=0.0011
  Epoch 35 [190/337] loss=0.0011 mask=0.1116 depth=0.0011
  Epoch 35 [200/337] loss=0.0011 mask=0.1148 depth=0.0011
  Epoch 35 [210/337] loss=0.0011 mask=0.1145 depth=0.0011
  Epoch 35 [220/337] loss=0.0011 mask=0.1152 depth=0.0011
  Epoch 35 [230/337] loss=0.0011 mask=0.1144 depth=0.0011
  Epoch 35 [240/337] loss=0.0011 mask=0.1175 depth=0.0011
  Epoch 35 [250/337] loss=0.0011 mask=0.1163 depth=0.0011
  Epoch 35 [260/337] loss=0.0010 mask=0.1187 depth=0.0010
  Epoch 35 [270/337] loss=0.0011 mask=0.1196 depth=0.0011
  Epoch 35 [280/337] loss=0.0010 mask=0.1185 depth=0.0010
  Epoch 35 [290/337] loss=0.0010 mask=0.1203 depth=0.0010
  Epoch 35 [300/337] loss=0.0010 mask=0.1188 depth=0.0010
  Epoch 35 [310/337] loss=0.0010 mask=0.1186 depth=0.0010
  Epoch 35 [320/337] loss=0.0010 mask=0.1203 depth=0.0010
  Epoch 35 [330/337] loss=0.0010 mask=0.1192 depth=0.0010
  Train: loss=0.0032 mask=0.1212 depth=0.0032 time=165.3s
  Val epoch 35: loss=0.0229

=== Phase2 Epoch 36/49 ===
  Epoch 36 [10/337] loss=0.0016 mask=0.1135 depth=0.0016
  Epoch 36 [20/337] loss=0.0014 mask=0.1131 depth=0.0014
  Epoch 36 [30/337] loss=0.0014 mask=0.1056 depth=0.0014
  Epoch 36 [40/337] loss=0.0014 mask=0.0947 depth=0.0014
  Epoch 36 [50/337] loss=0.0014 mask=0.0925 depth=0.0014
  Epoch 36 [60/337] loss=0.0014 mask=0.0923 depth=0.0014
  Epoch 36 [70/337] loss=0.0014 mask=0.0996 depth=0.0014
  Epoch 36 [80/337] loss=0.0013 mask=0.0967 depth=0.0013
  Epoch 36 [90/337] loss=0.0013 mask=0.0958 depth=0.0013
  Epoch 36 [100/337] loss=0.0013 mask=0.0947 depth=0.0013
  Epoch 36 [110/337] loss=0.0012 mask=0.0988 depth=0.0012
  Epoch 36 [120/337] loss=0.0012 mask=0.1001 depth=0.0012
  Epoch 36 [130/337] loss=0.0011 mask=0.0997 depth=0.0011
  Epoch 36 [140/337] loss=0.0011 mask=0.0999 depth=0.0011
  Epoch 36 [150/337] loss=0.0011 mask=0.1015 depth=0.0011
  Epoch 36 [160/337] loss=0.0011 mask=0.1008 depth=0.0011
  Epoch 36 [170/337] loss=0.0011 mask=0.1015 depth=0.0011
  Epoch 36 [180/337] loss=0.0011 mask=0.1035 depth=0.0011
  Epoch 36 [190/337] loss=0.0011 mask=0.1025 depth=0.0011
  Epoch 36 [200/337] loss=0.0011 mask=0.1051 depth=0.0011
  Epoch 36 [210/337] loss=0.0011 mask=0.1063 depth=0.0011
  Epoch 36 [220/337] loss=0.0011 mask=0.1079 depth=0.0011
  Epoch 36 [230/337] loss=0.0011 mask=0.1068 depth=0.0011
  Epoch 36 [240/337] loss=0.0011 mask=0.1088 depth=0.0011
  Epoch 36 [250/337] loss=0.0011 mask=0.1084 depth=0.0011
  Epoch 36 [260/337] loss=0.0010 mask=0.1109 depth=0.0010
  Epoch 36 [270/337] loss=0.0010 mask=0.1125 depth=0.0010
  Epoch 36 [280/337] loss=0.0010 mask=0.1149 depth=0.0010
  Epoch 36 [290/337] loss=0.0010 mask=0.1145 depth=0.0010
  Epoch 36 [300/337] loss=0.0010 mask=0.1139 depth=0.0010
  Epoch 36 [310/337] loss=0.0010 mask=0.1160 depth=0.0010
  Epoch 36 [320/337] loss=0.0010 mask=0.1188 depth=0.0010
  Epoch 36 [330/337] loss=0.0010 mask=0.1185 depth=0.0010
  Train: loss=0.0011 mask=0.1206 depth=0.0011 time=167.9s
  Val epoch 36: loss=0.0232

=== Phase2 Epoch 37/49 ===
  Epoch 37 [10/337] loss=0.0010 mask=0.0967 depth=0.0010
  Epoch 37 [20/337] loss=0.0009 mask=0.1249 depth=0.0009
  Epoch 37 [30/337] loss=0.0008 mask=0.1268 depth=0.0008
  Epoch 37 [40/337] loss=0.0008 mask=0.1206 depth=0.0008
  Epoch 37 [50/337] loss=0.0007 mask=0.1227 depth=0.0007
  Epoch 37 [60/337] loss=0.0007 mask=0.1245 depth=0.0007
  Epoch 37 [70/337] loss=0.0007 mask=0.1279 depth=0.0007
  Epoch 37 [80/337] loss=0.0007 mask=0.1207 depth=0.0007
  Epoch 37 [90/337] loss=0.0008 mask=0.1177 depth=0.0008
  Epoch 37 [100/337] loss=0.0008 mask=0.1147 depth=0.0008
  Epoch 37 [110/337] loss=0.0008 mask=0.1128 depth=0.0008
  Epoch 37 [120/337] loss=0.0008 mask=0.1101 depth=0.0008
  Epoch 37 [130/337] loss=0.0008 mask=0.1106 depth=0.0008
  Epoch 37 [140/337] loss=0.0008 mask=0.1112 depth=0.0008
  Epoch 37 [150/337] loss=0.0008 mask=0.1104 depth=0.0008
  Epoch 37 [160/337] loss=0.0008 mask=0.1102 depth=0.0008
  Epoch 37 [170/337] loss=0.0008 mask=0.1142 depth=0.0008
  Epoch 37 [180/337] loss=0.0008 mask=0.1158 depth=0.0008
  Epoch 37 [190/337] loss=0.0008 mask=0.1143 depth=0.0008
  Epoch 37 [200/337] loss=0.0008 mask=0.1165 depth=0.0008
  Epoch 37 [210/337] loss=0.0009 mask=0.1180 depth=0.0009
  Epoch 37 [220/337] loss=0.0008 mask=0.1157 depth=0.0008
  Epoch 37 [230/337] loss=0.0008 mask=0.1158 depth=0.0008
  Epoch 37 [240/337] loss=0.0008 mask=0.1170 depth=0.0008
  Epoch 37 [250/337] loss=0.0008 mask=0.1174 depth=0.0008
  Epoch 37 [260/337] loss=0.0008 mask=0.1183 depth=0.0008
  Epoch 37 [270/337] loss=0.0008 mask=0.1199 depth=0.0008
  Epoch 37 [280/337] loss=0.0008 mask=0.1197 depth=0.0008
  Epoch 37 [290/337] loss=0.0008 mask=0.1198 depth=0.0008
  Epoch 37 [300/337] loss=0.0008 mask=0.1199 depth=0.0008
  Epoch 37 [310/337] loss=0.0008 mask=0.1191 depth=0.0008
  Epoch 37 [320/337] loss=0.0008 mask=0.1188 depth=0.0008
  Epoch 37 [330/337] loss=0.0008 mask=0.1194 depth=0.0008
  Train: loss=0.0009 mask=0.1212 depth=0.0009 time=168.9s
  Val epoch 37: loss=0.0232

=== Phase2 Epoch 38/49 ===
  Epoch 38 [10/337] loss=0.0009 mask=0.0854 depth=0.0009
  Epoch 38 [20/337] loss=0.0009 mask=0.1013 depth=0.0009
  Epoch 38 [30/337] loss=0.0008 mask=0.1032 depth=0.0008
  Epoch 38 [40/337] loss=0.0008 mask=0.1094 depth=0.0008
  Epoch 38 [50/337] loss=0.0008 mask=0.1179 depth=0.0008
  Epoch 38 [60/337] loss=0.0008 mask=0.1187 depth=0.0008
  Epoch 38 [70/337] loss=0.0008 mask=0.1121 depth=0.0008
  Epoch 38 [80/337] loss=0.0008 mask=0.1099 depth=0.0008
  Epoch 38 [90/337] loss=0.0008 mask=0.1046 depth=0.0008
  Epoch 38 [100/337] loss=0.0008 mask=0.1078 depth=0.0008
  Epoch 38 [110/337] loss=0.0008 mask=0.1061 depth=0.0008
  Epoch 38 [120/337] loss=0.0008 mask=0.1112 depth=0.0008
  Epoch 38 [130/337] loss=0.0008 mask=0.1123 depth=0.0008
  Epoch 38 [140/337] loss=0.0008 mask=0.1120 depth=0.0008
  Epoch 38 [150/337] loss=0.0008 mask=0.1160 depth=0.0008
  Epoch 38 [160/337] loss=0.0008 mask=0.1154 depth=0.0008
  Epoch 38 [170/337] loss=0.0008 mask=0.1162 depth=0.0008
  Epoch 38 [180/337] loss=0.0008 mask=0.1152 depth=0.0008
  Epoch 38 [190/337] loss=0.0008 mask=0.1143 depth=0.0008
  Epoch 38 [200/337] loss=0.0008 mask=0.1158 depth=0.0008
  Epoch 38 [210/337] loss=0.0008 mask=0.1172 depth=0.0008
  Epoch 38 [220/337] loss=0.0009 mask=0.1196 depth=0.0009
  Epoch 38 [230/337] loss=0.0009 mask=0.1189 depth=0.0009
  Epoch 38 [240/337] loss=0.0009 mask=0.1194 depth=0.0009
  Epoch 38 [250/337] loss=0.0008 mask=0.1202 depth=0.0008
  Epoch 38 [260/337] loss=0.0009 mask=0.1200 depth=0.0009
  Epoch 38 [270/337] loss=0.0009 mask=0.1195 depth=0.0009
  Epoch 38 [280/337] loss=0.0008 mask=0.1200 depth=0.0008
  Epoch 38 [290/337] loss=0.0008 mask=0.1192 depth=0.0008
  Epoch 38 [300/337] loss=0.0008 mask=0.1212 depth=0.0008
  Epoch 38 [310/337] loss=0.0008 mask=0.1212 depth=0.0008
  Epoch 38 [320/337] loss=0.0008 mask=0.1202 depth=0.0008
  Epoch 38 [330/337] loss=0.0008 mask=0.1193 depth=0.0008
  Train: loss=0.0011 mask=0.1214 depth=0.0011 time=168.4s
  Val epoch 38: loss=0.0233

=== Phase2 Epoch 39/49 ===
  Epoch 39 [10/337] loss=0.0006 mask=0.1631 depth=0.0006
  Epoch 39 [20/337] loss=0.0006 mask=0.1750 depth=0.0006
  Epoch 39 [30/337] loss=0.0006 mask=0.1620 depth=0.0006
  Epoch 39 [40/337] loss=0.0006 mask=0.1452 depth=0.0006
  Epoch 39 [50/337] loss=0.0006 mask=0.1447 depth=0.0006
  Epoch 39 [60/337] loss=0.0006 mask=0.1347 depth=0.0006
  Epoch 39 [70/337] loss=0.0005 mask=0.1357 depth=0.0005
  Epoch 39 [80/337] loss=0.0006 mask=0.1339 depth=0.0006
  Epoch 39 [90/337] loss=0.0006 mask=0.1317 depth=0.0006
  Epoch 39 [100/337] loss=0.0007 mask=0.1280 depth=0.0007
  Epoch 39 [110/337] loss=0.0007 mask=0.1282 depth=0.0007
  Epoch 39 [120/337] loss=0.0007 mask=0.1291 depth=0.0007
  Epoch 39 [130/337] loss=0.0007 mask=0.1279 depth=0.0007
  Epoch 39 [140/337] loss=0.0007 mask=0.1238 depth=0.0007
  Epoch 39 [150/337] loss=0.0008 mask=0.1228 depth=0.0008
  Epoch 39 [160/337] loss=0.0008 mask=0.1208 depth=0.0008
  Epoch 39 [170/337] loss=0.0008 mask=0.1185 depth=0.0008
  Epoch 39 [180/337] loss=0.0008 mask=0.1167 depth=0.0008
  Epoch 39 [190/337] loss=0.0008 mask=0.1154 depth=0.0008
  Epoch 39 [200/337] loss=0.0008 mask=0.1162 depth=0.0008
  Epoch 39 [210/337] loss=0.0008 mask=0.1193 depth=0.0008
  Epoch 39 [220/337] loss=0.0008 mask=0.1194 depth=0.0008
  Epoch 39 [230/337] loss=0.0008 mask=0.1186 depth=0.0008
  Epoch 39 [240/337] loss=0.0008 mask=0.1165 depth=0.0008
  Epoch 39 [250/337] loss=0.0008 mask=0.1172 depth=0.0008
  Epoch 39 [260/337] loss=0.0008 mask=0.1176 depth=0.0008
  Epoch 39 [270/337] loss=0.0008 mask=0.1180 depth=0.0008
  Epoch 39 [280/337] loss=0.0008 mask=0.1169 depth=0.0008
  Epoch 39 [290/337] loss=0.0008 mask=0.1170 depth=0.0008
  Epoch 39 [300/337] loss=0.0008 mask=0.1163 depth=0.0008
  Epoch 39 [310/337] loss=0.0008 mask=0.1165 depth=0.0008
  Epoch 39 [320/337] loss=0.0008 mask=0.1165 depth=0.0008
  Epoch 39 [330/337] loss=0.0008 mask=0.1171 depth=0.0008
  Train: loss=0.0013 mask=0.1196 depth=0.0013 time=174.9s
  Val epoch 39: loss=0.0235

=== Phase2 Epoch 40/49 ===
  Epoch 40 [10/337] loss=0.0010 mask=0.0851 depth=0.0010
  Epoch 40 [20/337] loss=0.0010 mask=0.1021 depth=0.0010
  Epoch 40 [30/337] loss=0.0009 mask=0.1006 depth=0.0009
  Epoch 40 [40/337] loss=0.0009 mask=0.0920 depth=0.0009
  Epoch 40 [50/337] loss=0.0009 mask=0.0943 depth=0.0009
  Epoch 40 [60/337] loss=0.0009 mask=0.0985 depth=0.0009
  Epoch 40 [70/337] loss=0.0009 mask=0.1038 depth=0.0009
  Epoch 40 [80/337] loss=0.0008 mask=0.1080 depth=0.0008
  Epoch 40 [90/337] loss=0.0008 mask=0.1084 depth=0.0008
  Epoch 40 [100/337] loss=0.0008 mask=0.1122 depth=0.0008
  Epoch 40 [110/337] loss=0.0008 mask=0.1095 depth=0.0008
  Epoch 40 [120/337] loss=0.0008 mask=0.1119 depth=0.0008
  Epoch 40 [130/337] loss=0.0008 mask=0.1163 depth=0.0008
  Epoch 40 [140/337] loss=0.0008 mask=0.1167 depth=0.0008
  Epoch 40 [150/337] loss=0.0008 mask=0.1170 depth=0.0008
  Epoch 40 [160/337] loss=0.0008 mask=0.1153 depth=0.0008
  Epoch 40 [170/337] loss=0.0008 mask=0.1135 depth=0.0008
  Epoch 40 [180/337] loss=0.0008 mask=0.1150 depth=0.0008
  Epoch 40 [190/337] loss=0.0008 mask=0.1140 depth=0.0008
  Epoch 40 [200/337] loss=0.0008 mask=0.1133 depth=0.0008
  Epoch 40 [210/337] loss=0.0008 mask=0.1112 depth=0.0008
  Epoch 40 [220/337] loss=0.0008 mask=0.1128 depth=0.0008
  Epoch 40 [230/337] loss=0.0008 mask=0.1125 depth=0.0008
  Epoch 40 [240/337] loss=0.0008 mask=0.1133 depth=0.0008
  Epoch 40 [250/337] loss=0.0008 mask=0.1159 depth=0.0008
  Epoch 40 [260/337] loss=0.0008 mask=0.1152 depth=0.0008
  Epoch 40 [270/337] loss=0.0008 mask=0.1168 depth=0.0008
  Epoch 40 [280/337] loss=0.0007 mask=0.1168 depth=0.0007
  Epoch 40 [290/337] loss=0.0008 mask=0.1168 depth=0.0008
  Epoch 40 [300/337] loss=0.0008 mask=0.1178 depth=0.0008
  Epoch 40 [310/337] loss=0.0008 mask=0.1171 depth=0.0008
  Epoch 40 [320/337] loss=0.0008 mask=0.1179 depth=0.0008
  Epoch 40 [330/337] loss=0.0008 mask=0.1182 depth=0.0008
  Train: loss=0.0017 mask=0.1204 depth=0.0017 time=174.4s
  Val epoch 40: loss=0.0238

=== Phase2 Epoch 41/49 ===
  Epoch 41 [10/337] loss=0.0004 mask=0.1197 depth=0.0004
  Epoch 41 [20/337] loss=0.0004 mask=0.1448 depth=0.0004
  Epoch 41 [30/337] loss=0.0005 mask=0.1453 depth=0.0005
  Epoch 41 [40/337] loss=0.0007 mask=0.1318 depth=0.0007
  Epoch 41 [50/337] loss=0.0007 mask=0.1216 depth=0.0007
  Epoch 41 [60/337] loss=0.0007 mask=0.1179 depth=0.0007
  Epoch 41 [70/337] loss=0.0007 mask=0.1121 depth=0.0007
  Epoch 41 [80/337] loss=0.0007 mask=0.1061 depth=0.0007
  Epoch 41 [90/337] loss=0.0007 mask=0.1063 depth=0.0007
  Epoch 41 [100/337] loss=0.0007 mask=0.1073 depth=0.0007
  Epoch 41 [110/337] loss=0.0007 mask=0.1108 depth=0.0007
  Epoch 41 [120/337] loss=0.0007 mask=0.1109 depth=0.0007
  Epoch 41 [130/337] loss=0.0007 mask=0.1131 depth=0.0007
  Epoch 41 [140/337] loss=0.0007 mask=0.1115 depth=0.0007
  Epoch 41 [150/337] loss=0.0007 mask=0.1132 depth=0.0007
  Epoch 41 [160/337] loss=0.0007 mask=0.1136 depth=0.0007
  Epoch 41 [170/337] loss=0.0007 mask=0.1144 depth=0.0007
  Epoch 41 [180/337] loss=0.0007 mask=0.1141 depth=0.0007
  Epoch 41 [190/337] loss=0.0007 mask=0.1144 depth=0.0007
  Epoch 41 [200/337] loss=0.0007 mask=0.1173 depth=0.0007
  Epoch 41 [210/337] loss=0.0007 mask=0.1191 depth=0.0007
  Epoch 41 [220/337] loss=0.0007 mask=0.1200 depth=0.0007
  Epoch 41 [230/337] loss=0.0007 mask=0.1187 depth=0.0007
  Epoch 41 [240/337] loss=0.0007 mask=0.1177 depth=0.0007
  Epoch 41 [250/337] loss=0.0007 mask=0.1166 depth=0.0007
  Epoch 41 [260/337] loss=0.0007 mask=0.1169 depth=0.0007
  Epoch 41 [270/337] loss=0.0007 mask=0.1167 depth=0.0007
  Epoch 41 [280/337] loss=0.0007 mask=0.1177 depth=0.0007
  Epoch 41 [290/337] loss=0.0007 mask=0.1180 depth=0.0007
  Epoch 41 [300/337] loss=0.0007 mask=0.1172 depth=0.0007
  Epoch 41 [310/337] loss=0.0007 mask=0.1174 depth=0.0007
  Epoch 41 [320/337] loss=0.0007 mask=0.1177 depth=0.0007
  Epoch 41 [330/337] loss=0.0007 mask=0.1181 depth=0.0007
  Train: loss=0.0012 mask=0.1203 depth=0.0012 time=175.3s
  Val epoch 41: loss=0.0240

=== Phase2 Epoch 42/49 ===
  Epoch 42 [10/337] loss=0.0006 mask=0.1033 depth=0.0006
  Epoch 42 [20/337] loss=0.0006 mask=0.1105 depth=0.0006
  Epoch 42 [30/337] loss=0.0007 mask=0.1074 depth=0.0007
  Epoch 42 [40/337] loss=0.0007 mask=0.1049 depth=0.0007
  Epoch 42 [50/337] loss=0.0007 mask=0.1030 depth=0.0007
  Epoch 42 [60/337] loss=0.0007 mask=0.1160 depth=0.0007
  Epoch 42 [70/337] loss=0.0007 mask=0.1283 depth=0.0007
  Epoch 42 [80/337] loss=0.0008 mask=0.1265 depth=0.0008
  Epoch 42 [90/337] loss=0.0008 mask=0.1212 depth=0.0008
  Epoch 42 [100/337] loss=0.0008 mask=0.1232 depth=0.0008
  Epoch 42 [110/337] loss=0.0008 mask=0.1193 depth=0.0008
  Epoch 42 [120/337] loss=0.0008 mask=0.1188 depth=0.0008
  Epoch 42 [130/337] loss=0.0008 mask=0.1199 depth=0.0008
  Epoch 42 [140/337] loss=0.0008 mask=0.1190 depth=0.0008
  Epoch 42 [150/337] loss=0.0008 mask=0.1193 depth=0.0008
  Epoch 42 [160/337] loss=0.0008 mask=0.1192 depth=0.0008
  Epoch 42 [170/337] loss=0.0008 mask=0.1183 depth=0.0008
  Epoch 42 [180/337] loss=0.0008 mask=0.1200 depth=0.0008
  Epoch 42 [190/337] loss=0.0008 mask=0.1196 depth=0.0008
  Epoch 42 [200/337] loss=0.0008 mask=0.1192 depth=0.0008
  Epoch 42 [210/337] loss=0.0007 mask=0.1198 depth=0.0007
  Epoch 42 [220/337] loss=0.0007 mask=0.1188 depth=0.0007
  Epoch 42 [230/337] loss=0.0007 mask=0.1191 depth=0.0007
  Epoch 42 [240/337] loss=0.0007 mask=0.1175 depth=0.0007
  Epoch 42 [250/337] loss=0.0007 mask=0.1176 depth=0.0007
  Epoch 42 [260/337] loss=0.0007 mask=0.1156 depth=0.0007
  Epoch 42 [270/337] loss=0.0007 mask=0.1178 depth=0.0007
  Epoch 42 [280/337] loss=0.0007 mask=0.1181 depth=0.0007
  Epoch 42 [290/337] loss=0.0007 mask=0.1178 depth=0.0007
  Epoch 42 [300/337] loss=0.0007 mask=0.1182 depth=0.0007
  Epoch 42 [310/337] loss=0.0007 mask=0.1183 depth=0.0007
  Epoch 42 [320/337] loss=0.0007 mask=0.1192 depth=0.0007
  Epoch 42 [330/337] loss=0.0007 mask=0.1175 depth=0.0007
  Train: loss=0.0007 mask=0.1204 depth=0.0007 time=175.4s
  Val epoch 42: loss=0.0236

=== Phase2 Epoch 43/49 ===
  Epoch 43 [10/337] loss=0.0003 mask=0.1203 depth=0.0003
  Epoch 43 [20/337] loss=0.0006 mask=0.0953 depth=0.0006
  Epoch 43 [30/337] loss=0.0007 mask=0.1077 depth=0.0007
  Epoch 43 [40/337] loss=0.0007 mask=0.1194 depth=0.0007
  Epoch 43 [50/337] loss=0.0007 mask=0.1194 depth=0.0007
  Epoch 43 [60/337] loss=0.0006 mask=0.1143 depth=0.0006
  Epoch 43 [70/337] loss=0.0006 mask=0.1110 depth=0.0006
  Epoch 43 [80/337] loss=0.0006 mask=0.1103 depth=0.0006
  Epoch 43 [90/337] loss=0.0006 mask=0.1123 depth=0.0006
  Epoch 43 [100/337] loss=0.0007 mask=0.1136 depth=0.0007
  Epoch 43 [110/337] loss=0.0007 mask=0.1134 depth=0.0007
  Epoch 43 [120/337] loss=0.0006 mask=0.1157 depth=0.0006
  Epoch 43 [130/337] loss=0.0006 mask=0.1194 depth=0.0006
  Epoch 43 [140/337] loss=0.0006 mask=0.1145 depth=0.0006
  Epoch 43 [150/337] loss=0.0006 mask=0.1151 depth=0.0006
  Epoch 43 [160/337] loss=0.0006 mask=0.1194 depth=0.0006
  Epoch 43 [170/337] loss=0.0006 mask=0.1214 depth=0.0006
  Epoch 43 [180/337] loss=0.0007 mask=0.1206 depth=0.0007
  Epoch 43 [190/337] loss=0.0007 mask=0.1207 depth=0.0007
  Epoch 43 [200/337] loss=0.0007 mask=0.1225 depth=0.0007
  Epoch 43 [210/337] loss=0.0007 mask=0.1227 depth=0.0007
  Epoch 43 [220/337] loss=0.0007 mask=0.1230 depth=0.0007
  Epoch 43 [230/337] loss=0.0007 mask=0.1231 depth=0.0007
  Epoch 43 [240/337] loss=0.0007 mask=0.1214 depth=0.0007
  Epoch 43 [250/337] loss=0.0007 mask=0.1230 depth=0.0007
  Epoch 43 [260/337] loss=0.0007 mask=0.1225 depth=0.0007
  Epoch 43 [270/337] loss=0.0007 mask=0.1210 depth=0.0007
  Epoch 43 [280/337] loss=0.0007 mask=0.1199 depth=0.0007
  Epoch 43 [290/337] loss=0.0007 mask=0.1195 depth=0.0007
  Epoch 43 [300/337] loss=0.0007 mask=0.1195 depth=0.0007
  Epoch 43 [310/337] loss=0.0007 mask=0.1188 depth=0.0007
  Epoch 43 [320/337] loss=0.0007 mask=0.1183 depth=0.0007
  Epoch 43 [330/337] loss=0.0007 mask=0.1180 depth=0.0007
  Train: loss=0.0011 mask=0.1205 depth=0.0011 time=175.8s
  Val epoch 43: loss=0.0239

=== Phase2 Epoch 44/49 ===
  Epoch 44 [10/337] loss=0.0005 mask=0.1234 depth=0.0005
  Epoch 44 [20/337] loss=0.0006 mask=0.1291 depth=0.0006
  Epoch 44 [30/337] loss=0.0008 mask=0.1258 depth=0.0008
  Epoch 44 [40/337] loss=0.0009 mask=0.1164 depth=0.0009
  Epoch 44 [50/337] loss=0.0009 mask=0.1207 depth=0.0009
  Epoch 44 [60/337] loss=0.0008 mask=0.1267 depth=0.0008
  Epoch 44 [70/337] loss=0.0008 mask=0.1253 depth=0.0008
  Epoch 44 [80/337] loss=0.0008 mask=0.1200 depth=0.0008
  Epoch 44 [90/337] loss=0.0007 mask=0.1153 depth=0.0007
  Epoch 44 [100/337] loss=0.0007 mask=0.1154 depth=0.0007
  Epoch 44 [110/337] loss=0.0007 mask=0.1148 depth=0.0007
  Epoch 44 [120/337] loss=0.0007 mask=0.1149 depth=0.0007
  Epoch 44 [130/337] loss=0.0007 mask=0.1163 depth=0.0007
  Epoch 44 [140/337] loss=0.0007 mask=0.1181 depth=0.0007
  Epoch 44 [150/337] loss=0.0007 mask=0.1184 depth=0.0007
  Epoch 44 [160/337] loss=0.0007 mask=0.1178 depth=0.0007
  Epoch 44 [170/337] loss=0.0007 mask=0.1172 depth=0.0007
  Epoch 44 [180/337] loss=0.0007 mask=0.1155 depth=0.0007
  Epoch 44 [190/337] loss=0.0007 mask=0.1156 depth=0.0007
  Epoch 44 [200/337] loss=0.0007 mask=0.1154 depth=0.0007
  Epoch 44 [210/337] loss=0.0007 mask=0.1199 depth=0.0007
  Epoch 44 [220/337] loss=0.0007 mask=0.1188 depth=0.0007
  Epoch 44 [230/337] loss=0.0007 mask=0.1166 depth=0.0007
  Epoch 44 [240/337] loss=0.0007 mask=0.1162 depth=0.0007
  Epoch 44 [250/337] loss=0.0007 mask=0.1144 depth=0.0007
  Epoch 44 [260/337] loss=0.0007 mask=0.1153 depth=0.0007
  Epoch 44 [270/337] loss=0.0007 mask=0.1190 depth=0.0007
  Epoch 44 [280/337] loss=0.0007 mask=0.1194 depth=0.0007
  Epoch 44 [290/337] loss=0.0007 mask=0.1181 depth=0.0007
  Epoch 44 [300/337] loss=0.0007 mask=0.1186 depth=0.0007
  Epoch 44 [310/337] loss=0.0007 mask=0.1176 depth=0.0007
  Epoch 44 [320/337] loss=0.0007 mask=0.1181 depth=0.0007
  Epoch 44 [330/337] loss=0.0007 mask=0.1173 depth=0.0007
  Train: loss=0.0012 mask=0.1206 depth=0.0012 time=175.5s
  Val epoch 44: loss=0.0240

=== Phase2 Epoch 45/49 ===
  Epoch 45 [10/337] loss=0.0006 mask=0.1052 depth=0.0006
  Epoch 45 [20/337] loss=0.0006 mask=0.1245 depth=0.0006
  Epoch 45 [30/337] loss=0.0006 mask=0.1178 depth=0.0006
  Epoch 45 [40/337] loss=0.0005 mask=0.1108 depth=0.0005
  Epoch 45 [50/337] loss=0.0007 mask=0.1045 depth=0.0007
  Epoch 45 [60/337] loss=0.0007 mask=0.1036 depth=0.0007
  Epoch 45 [70/337] loss=0.0007 mask=0.0972 depth=0.0007
  Epoch 45 [80/337] loss=0.0007 mask=0.1024 depth=0.0007
  Epoch 45 [90/337] loss=0.0006 mask=0.1064 depth=0.0006
  Epoch 45 [100/337] loss=0.0006 mask=0.1067 depth=0.0006
  Epoch 45 [110/337] loss=0.0006 mask=0.1100 depth=0.0006
  Epoch 45 [120/337] loss=0.0006 mask=0.1131 depth=0.0006
  Epoch 45 [130/337] loss=0.0006 mask=0.1146 depth=0.0006
  Epoch 45 [140/337] loss=0.0006 mask=0.1141 depth=0.0006
  Epoch 45 [150/337] loss=0.0006 mask=0.1158 depth=0.0006
  Epoch 45 [160/337] loss=0.0007 mask=0.1152 depth=0.0007
  Epoch 45 [170/337] loss=0.0007 mask=0.1152 depth=0.0007
  Epoch 45 [180/337] loss=0.0007 mask=0.1154 depth=0.0007
  Epoch 45 [190/337] loss=0.0007 mask=0.1183 depth=0.0007
  Epoch 45 [200/337] loss=0.0007 mask=0.1155 depth=0.0007
  Epoch 45 [210/337] loss=0.0007 mask=0.1122 depth=0.0007
  Epoch 45 [220/337] loss=0.0007 mask=0.1116 depth=0.0007
  Epoch 45 [230/337] loss=0.0007 mask=0.1125 depth=0.0007
  Epoch 45 [240/337] loss=0.0007 mask=0.1138 depth=0.0007
  Epoch 45 [250/337] loss=0.0007 mask=0.1145 depth=0.0007
  Epoch 45 [260/337] loss=0.0007 mask=0.1129 depth=0.0007
  Epoch 45 [270/337] loss=0.0007 mask=0.1124 depth=0.0007
  Epoch 45 [280/337] loss=0.0007 mask=0.1153 depth=0.0007
  Epoch 45 [290/337] loss=0.0007 mask=0.1171 depth=0.0007
  Epoch 45 [300/337] loss=0.0007 mask=0.1157 depth=0.0007
  Epoch 45 [310/337] loss=0.0007 mask=0.1163 depth=0.0007
  Epoch 45 [320/337] loss=0.0007 mask=0.1167 depth=0.0007
  Epoch 45 [330/337] loss=0.0007 mask=0.1176 depth=0.0007
  Train: loss=0.0008 mask=0.1206 depth=0.0008 time=176.0s
  Val epoch 45: loss=0.0242

=== Phase2 Epoch 46/49 ===
  Epoch 46 [10/337] loss=0.0007 mask=0.0775 depth=0.0007
  Epoch 46 [20/337] loss=0.0006 mask=0.0937 depth=0.0006
  Epoch 46 [30/337] loss=0.0006 mask=0.1089 depth=0.0006
  Epoch 46 [40/337] loss=0.0006 mask=0.1147 depth=0.0006
  Epoch 46 [50/337] loss=0.0006 mask=0.1179 depth=0.0006
  Epoch 46 [60/337] loss=0.0006 mask=0.1167 depth=0.0006
  Epoch 46 [70/337] loss=0.0006 mask=0.1152 depth=0.0006
  Epoch 46 [80/337] loss=0.0006 mask=0.1110 depth=0.0006
  Epoch 46 [90/337] loss=0.0006 mask=0.1118 depth=0.0006
  Epoch 46 [100/337] loss=0.0006 mask=0.1159 depth=0.0006
  Epoch 46 [110/337] loss=0.0006 mask=0.1194 depth=0.0006
  Epoch 46 [120/337] loss=0.0007 mask=0.1195 depth=0.0007
  Epoch 46 [130/337] loss=0.0006 mask=0.1213 depth=0.0006
  Epoch 46 [140/337] loss=0.0006 mask=0.1200 depth=0.0006
  Epoch 46 [150/337] loss=0.0007 mask=0.1207 depth=0.0007
  Epoch 46 [160/337] loss=0.0007 mask=0.1223 depth=0.0007
  Epoch 46 [170/337] loss=0.0006 mask=0.1178 depth=0.0006
  Epoch 46 [180/337] loss=0.0006 mask=0.1210 depth=0.0006
  Epoch 46 [190/337] loss=0.0007 mask=0.1220 depth=0.0007
  Epoch 46 [200/337] loss=0.0007 mask=0.1223 depth=0.0007
  Epoch 46 [210/337] loss=0.0007 mask=0.1210 depth=0.0007
  Epoch 46 [220/337] loss=0.0007 mask=0.1190 depth=0.0007
  Epoch 46 [230/337] loss=0.0007 mask=0.1192 depth=0.0007
  Epoch 46 [240/337] loss=0.0007 mask=0.1180 depth=0.0007
  Epoch 46 [250/337] loss=0.0007 mask=0.1206 depth=0.0007
  Epoch 46 [260/337] loss=0.0007 mask=0.1193 depth=0.0007
  Epoch 46 [270/337] loss=0.0007 mask=0.1187 depth=0.0007
  Epoch 46 [280/337] loss=0.0007 mask=0.1175 depth=0.0007
  Epoch 46 [290/337] loss=0.0007 mask=0.1180 depth=0.0007
  Epoch 46 [300/337] loss=0.0006 mask=0.1165 depth=0.0006
  Epoch 46 [310/337] loss=0.0006 mask=0.1162 depth=0.0006
  Epoch 46 [320/337] loss=0.0006 mask=0.1163 depth=0.0006
  Epoch 46 [330/337] loss=0.0006 mask=0.1181 depth=0.0006
  Train: loss=0.0015 mask=0.1211 depth=0.0015 time=183.8s
  Val epoch 46: loss=0.0238

=== Phase2 Epoch 47/49 ===
  Epoch 47 [10/337] loss=0.0009 mask=0.1074 depth=0.0009
  Epoch 47 [20/337] loss=0.0009 mask=0.1054 depth=0.0009
  Epoch 47 [30/337] loss=0.0009 mask=0.1083 depth=0.0009
  Epoch 47 [40/337] loss=0.0008 mask=0.1138 depth=0.0008
  Epoch 47 [50/337] loss=0.0008 mask=0.1223 depth=0.0008
  Epoch 47 [60/337] loss=0.0008 mask=0.1238 depth=0.0008
  Epoch 47 [70/337] loss=0.0008 mask=0.1195 depth=0.0008
  Epoch 47 [80/337] loss=0.0008 mask=0.1202 depth=0.0008
  Epoch 47 [90/337] loss=0.0007 mask=0.1165 depth=0.0007
  Epoch 47 [100/337] loss=0.0007 mask=0.1136 depth=0.0007
  Epoch 47 [110/337] loss=0.0007 mask=0.1105 depth=0.0007
  Epoch 47 [120/337] loss=0.0007 mask=0.1113 depth=0.0007
  Epoch 47 [130/337] loss=0.0007 mask=0.1129 depth=0.0007
  Epoch 47 [140/337] loss=0.0007 mask=0.1104 depth=0.0007
  Epoch 47 [150/337] loss=0.0007 mask=0.1102 depth=0.0007
  Epoch 47 [160/337] loss=0.0007 mask=0.1106 depth=0.0007
  Epoch 47 [170/337] loss=0.0007 mask=0.1107 depth=0.0007
  Epoch 47 [180/337] loss=0.0007 mask=0.1125 depth=0.0007
  Epoch 47 [190/337] loss=0.0007 mask=0.1130 depth=0.0007
  Epoch 47 [200/337] loss=0.0007 mask=0.1149 depth=0.0007
  Epoch 47 [210/337] loss=0.0007 mask=0.1167 depth=0.0007
  Epoch 47 [220/337] loss=0.0007 mask=0.1168 depth=0.0007
  Epoch 47 [230/337] loss=0.0007 mask=0.1170 depth=0.0007
  Epoch 47 [240/337] loss=0.0007 mask=0.1164 depth=0.0007
  Epoch 47 [250/337] loss=0.0007 mask=0.1198 depth=0.0007
  Epoch 47 [260/337] loss=0.0007 mask=0.1172 depth=0.0007
  Epoch 47 [270/337] loss=0.0007 mask=0.1185 depth=0.0007
  Epoch 47 [280/337] loss=0.0007 mask=0.1185 depth=0.0007
  Epoch 47 [290/337] loss=0.0006 mask=0.1176 depth=0.0006
  Epoch 47 [300/337] loss=0.0006 mask=0.1170 depth=0.0006
  Epoch 47 [310/337] loss=0.0007 mask=0.1173 depth=0.0007
  Epoch 47 [320/337] loss=0.0007 mask=0.1188 depth=0.0007
  Epoch 47 [330/337] loss=0.0007 mask=0.1184 depth=0.0007
  Train: loss=0.0016 mask=0.1213 depth=0.0016 time=175.3s
  Val epoch 47: loss=0.0234

=== Phase2 Epoch 48/49 ===
  Epoch 48 [10/337] loss=0.0008 mask=0.0830 depth=0.0008
  Epoch 48 [20/337] loss=0.0009 mask=0.1105 depth=0.0009
  Epoch 48 [30/337] loss=0.0008 mask=0.1172 depth=0.0008
  Epoch 48 [40/337] loss=0.0007 mask=0.1200 depth=0.0007
  Epoch 48 [50/337] loss=0.0006 mask=0.1226 depth=0.0006
  Epoch 48 [60/337] loss=0.0006 mask=0.1281 depth=0.0006
  Epoch 48 [70/337] loss=0.0006 mask=0.1221 depth=0.0006
  Epoch 48 [80/337] loss=0.0006 mask=0.1228 depth=0.0006
  Epoch 48 [90/337] loss=0.0006 mask=0.1236 depth=0.0006
  Epoch 48 [100/337] loss=0.0006 mask=0.1241 depth=0.0006
  Epoch 48 [110/337] loss=0.0006 mask=0.1204 depth=0.0006
  Epoch 48 [120/337] loss=0.0006 mask=0.1180 depth=0.0006
  Epoch 48 [130/337] loss=0.0006 mask=0.1173 depth=0.0006
  Epoch 48 [140/337] loss=0.0006 mask=0.1124 depth=0.0006
  Epoch 48 [150/337] loss=0.0006 mask=0.1163 depth=0.0006
  Epoch 48 [160/337] loss=0.0006 mask=0.1151 depth=0.0006
  Epoch 48 [170/337] loss=0.0006 mask=0.1165 depth=0.0006
  Epoch 48 [180/337] loss=0.0006 mask=0.1200 depth=0.0006
  Epoch 48 [190/337] loss=0.0006 mask=0.1178 depth=0.0006
  Epoch 48 [200/337] loss=0.0006 mask=0.1175 depth=0.0006
  Epoch 48 [210/337] loss=0.0006 mask=0.1154 depth=0.0006
  Epoch 48 [220/337] loss=0.0007 mask=0.1151 depth=0.0007
  Epoch 48 [230/337] loss=0.0007 mask=0.1135 depth=0.0007
  Epoch 48 [240/337] loss=0.0006 mask=0.1150 depth=0.0006
  Epoch 48 [250/337] loss=0.0006 mask=0.1156 depth=0.0006
  Epoch 48 [260/337] loss=0.0007 mask=0.1157 depth=0.0007
  Epoch 48 [270/337] loss=0.0006 mask=0.1175 depth=0.0006
  Epoch 48 [280/337] loss=0.0006 mask=0.1162 depth=0.0006
  Epoch 48 [290/337] loss=0.0007 mask=0.1181 depth=0.0007
  Epoch 48 [300/337] loss=0.0006 mask=0.1180 depth=0.0006
  Epoch 48 [310/337] loss=0.0007 mask=0.1196 depth=0.0007
  Epoch 48 [320/337] loss=0.0007 mask=0.1191 depth=0.0007
  Epoch 48 [330/337] loss=0.0007 mask=0.1189 depth=0.0007
  Train: loss=0.0012 mask=0.1204 depth=0.0012 time=172.8s
  Val epoch 48: loss=0.0232

=== Phase2 Epoch 49/49 ===
  Epoch 49 [10/337] loss=0.0010 mask=0.1295 depth=0.0010
  Epoch 49 [20/337] loss=0.0007 mask=0.1454 depth=0.0007
  Epoch 49 [30/337] loss=0.0009 mask=0.1408 depth=0.0009
  Epoch 49 [40/337] loss=0.0008 mask=0.1268 depth=0.0008
  Epoch 49 [50/337] loss=0.0007 mask=0.1214 depth=0.0007
  Epoch 49 [60/337] loss=0.0008 mask=0.1179 depth=0.0008
  Epoch 49 [70/337] loss=0.0008 mask=0.1121 depth=0.0008
  Epoch 49 [80/337] loss=0.0008 mask=0.1138 depth=0.0008
  Epoch 49 [90/337] loss=0.0008 mask=0.1148 depth=0.0008
  Epoch 49 [100/337] loss=0.0008 mask=0.1127 depth=0.0008
  Epoch 49 [110/337] loss=0.0008 mask=0.1178 depth=0.0008
  Epoch 49 [120/337] loss=0.0008 mask=0.1132 depth=0.0008
  Epoch 49 [130/337] loss=0.0008 mask=0.1110 depth=0.0008
  Epoch 49 [140/337] loss=0.0007 mask=0.1135 depth=0.0007
  Epoch 49 [150/337] loss=0.0008 mask=0.1109 depth=0.0008
  Epoch 49 [160/337] loss=0.0007 mask=0.1113 depth=0.0007
  Epoch 49 [170/337] loss=0.0007 mask=0.1117 depth=0.0007
  Epoch 49 [180/337] loss=0.0007 mask=0.1125 depth=0.0007
  Epoch 49 [190/337] loss=0.0007 mask=0.1124 depth=0.0007
  Epoch 49 [200/337] loss=0.0007 mask=0.1120 depth=0.0007
  Epoch 49 [210/337] loss=0.0007 mask=0.1126 depth=0.0007
  Epoch 49 [220/337] loss=0.0007 mask=0.1141 depth=0.0007
  Epoch 49 [230/337] loss=0.0007 mask=0.1159 depth=0.0007
  Epoch 49 [240/337] loss=0.0007 mask=0.1159 depth=0.0007
  Epoch 49 [250/337] loss=0.0007 mask=0.1163 depth=0.0007
  Epoch 49 [260/337] loss=0.0007 mask=0.1165 depth=0.0007
  Epoch 49 [270/337] loss=0.0006 mask=0.1163 depth=0.0006
  Epoch 49 [280/337] loss=0.0007 mask=0.1158 depth=0.0007
  Epoch 49 [290/337] loss=0.0007 mask=0.1161 depth=0.0007
  Epoch 49 [300/337] loss=0.0007 mask=0.1167 depth=0.0007
  Epoch 49 [310/337] loss=0.0007 mask=0.1172 depth=0.0007
  Epoch 49 [320/337] loss=0.0007 mask=0.1172 depth=0.0007
  Epoch 49 [330/337] loss=0.0006 mask=0.1175 depth=0.0006
  Train: loss=0.0010 mask=0.1204 depth=0.0010 time=174.5s
  Val epoch 49: loss=0.0235

Phase 2 complete. Best val loss: 0.0211
