nohup: ignoring input
/home/LXT/.conda/envs/dinov3-sam/lib/python3.10/runpy.py:126: RuntimeWarning: 'dinosam.train.trainer' found in sys.modules after import of package 'dinosam.train', but prior to execution of 'dinosam.train.trainer'; this may result in unpredictable behaviour
  warn(RuntimeWarning(msg))
Initialized depth branch from SAM inner weights (depth_prediction_head random)
Train samples: 880  Val samples: 220

============================================================
PHASE 2: Depth training (dice + depth loss, mask + depth trainable)
============================================================
Loading phase 1 checkpoint: /data3/LXT/DINOv3-SAM/model_sam/5_1/phase1_best.pt
Initialized depth branch from SAM inner weights (depth_prediction_head random)
Phase 2: Total params: 97,379,069  Trainable: 7,708,157

=== Phase2 Epoch 0/49 ===
  Epoch 0 [10/440] loss=1.6254 mask=0.8488 depth=0.3548
  Epoch 0 [20/440] loss=1.3309 mask=0.6844 depth=0.4195
  Epoch 0 [30/440] loss=1.1208 mask=0.5546 depth=0.3876
  Epoch 0 [40/440] loss=0.9721 mask=0.4743 depth=0.3665
  Epoch 0 [50/440] loss=0.8856 mask=0.4357 depth=0.3836
  Epoch 0 [60/440] loss=0.7769 mask=0.3836 depth=0.3627
  Epoch 0 [70/440] loss=0.7322 mask=0.3631 depth=0.3639
  Epoch 0 [80/440] loss=0.6813 mask=0.3388 depth=0.3549
  Epoch 0 [90/440] loss=0.6537 mask=0.3256 depth=0.3640
  Epoch 0 [100/440] loss=0.6161 mask=0.3067 depth=0.3560
  Epoch 0 [110/440] loss=0.5823 mask=0.2899 depth=0.3480
  Epoch 0 [120/440] loss=0.5575 mask=0.2783 depth=0.3416
  Epoch 0 [130/440] loss=0.5407 mask=0.2690 depth=0.3416
  Epoch 0 [140/440] loss=0.5189 mask=0.2576 depth=0.3305
  Epoch 0 [150/440] loss=0.4989 mask=0.2480 depth=0.3272
  Epoch 0 [160/440] loss=0.4831 mask=0.2402 depth=0.3282
  Epoch 0 [170/440] loss=0.4699 mask=0.2335 depth=0.3321
  Epoch 0 [180/440] loss=0.4543 mask=0.2262 depth=0.3289
  Epoch 0 [190/440] loss=0.4460 mask=0.2221 depth=0.3357
  Epoch 0 [200/440] loss=0.4358 mask=0.2169 depth=0.3321
  Epoch 0 [210/440] loss=0.4295 mask=0.2136 depth=0.3312
  Epoch 0 [220/440] loss=0.4222 mask=0.2097 depth=0.3361
  Epoch 0 [230/440] loss=0.4184 mask=0.2077 depth=0.3403
  Epoch 0 [240/440] loss=0.4114 mask=0.2041 depth=0.3403
  Epoch 0 [250/440] loss=0.4033 mask=0.2000 depth=0.3419
  Epoch 0 [260/440] loss=0.4025 mask=0.1995 depth=0.3426
  Epoch 0 [270/440] loss=0.3947 mask=0.1956 depth=0.3432
  Epoch 0 [280/440] loss=0.3906 mask=0.1934 depth=0.3418
  Epoch 0 [290/440] loss=0.3871 mask=0.1914 depth=0.3417
  Epoch 0 [300/440] loss=0.3831 mask=0.1895 depth=0.3422
  Epoch 0 [310/440] loss=0.3790 mask=0.1873 depth=0.3426
  Epoch 0 [320/440] loss=0.3766 mask=0.1861 depth=0.3401
  Epoch 0 [330/440] loss=0.3746 mask=0.1850 depth=0.3401
  Epoch 0 [340/440] loss=0.3720 mask=0.1837 depth=0.3404
  Epoch 0 [350/440] loss=0.3691 mask=0.1821 depth=0.3405
  Epoch 0 [360/440] loss=0.3684 mask=0.1816 depth=0.3417
  Epoch 0 [370/440] loss=0.3636 mask=0.1792 depth=0.3412
  Epoch 0 [380/440] loss=0.3617 mask=0.1783 depth=0.3383
  Epoch 0 [390/440] loss=0.3566 mask=0.1757 depth=0.3381
  Epoch 0 [400/440] loss=0.3557 mask=0.1752 depth=0.3355
  Epoch 0 [410/440] loss=0.3542 mask=0.1745 depth=0.3372
  Epoch 0 [420/440] loss=0.3536 mask=0.1741 depth=0.3388
  Epoch 0 [430/440] loss=0.3497 mask=0.1723 depth=0.3395
  Epoch 0 [440/440] loss=0.3464 mask=0.1705 depth=0.3370
  Train: loss=0.3464 mask=0.1705 depth=0.3370 time=232.8s
  Val epoch 0: loss=0.3042
  Saved best phase2 model (val_loss=0.3042)

=== Phase2 Epoch 1/49 ===
  Epoch 1 [10/440] loss=0.2803 mask=0.1358 depth=0.3355
  Epoch 1 [20/440] loss=0.2318 mask=0.1140 depth=0.3265
  Epoch 1 [30/440] loss=0.2080 mask=0.1017 depth=0.3337
  Epoch 1 [40/440] loss=0.2319 mask=0.1142 depth=0.3345
  Epoch 1 [50/440] loss=0.2363 mask=0.1165 depth=0.3472
  Epoch 1 [60/440] loss=0.2355 mask=0.1155 depth=0.3405
  Epoch 1 [70/440] loss=0.2220 mask=0.1089 depth=0.3372
  Epoch 1 [80/440] loss=0.2294 mask=0.1127 depth=0.3258
  Epoch 1 [90/440] loss=0.2362 mask=0.1159 depth=0.3321
  Epoch 1 [100/440] loss=0.2320 mask=0.1138 depth=0.3299
  Epoch 1 [110/440] loss=0.2378 mask=0.1165 depth=0.3240
  Epoch 1 [120/440] loss=0.2283 mask=0.1119 depth=0.3228
  Epoch 1 [130/440] loss=0.2278 mask=0.1117 depth=0.3184
  Epoch 1 [140/440] loss=0.2259 mask=0.1107 depth=0.3106
  Epoch 1 [150/440] loss=0.2254 mask=0.1106 depth=0.3109
  Epoch 1 [160/440] loss=0.2242 mask=0.1100 depth=0.3014
  Epoch 1 [170/440] loss=0.2282 mask=0.1116 depth=0.3113
  Epoch 1 [180/440] loss=0.2265 mask=0.1108 depth=0.3046
  Epoch 1 [190/440] loss=0.2286 mask=0.1117 depth=0.3088
  Epoch 1 [200/440] loss=0.2304 mask=0.1125 depth=0.3110
  Epoch 1 [210/440] loss=0.2255 mask=0.1101 depth=0.3061
  Epoch 1 [220/440] loss=0.2258 mask=0.1100 depth=0.3034
  Epoch 1 [230/440] loss=0.2224 mask=0.1083 depth=0.2996
  Epoch 1 [240/440] loss=0.2237 mask=0.1083 depth=0.2971
  Epoch 1 [250/440] loss=0.2232 mask=0.1082 depth=0.2978
  Epoch 1 [260/440] loss=0.2226 mask=0.1079 depth=0.2985
  Epoch 1 [270/440] loss=0.2209 mask=0.1071 depth=0.2978
  Epoch 1 [280/440] loss=0.2224 mask=0.1079 depth=0.2935
  Epoch 1 [290/440] loss=0.2251 mask=0.1094 depth=0.2914
  Epoch 1 [300/440] loss=0.2332 mask=0.1136 depth=0.2916
  Epoch 1 [310/440] loss=0.2309 mask=0.1124 depth=0.2877
  Epoch 1 [320/440] loss=0.2327 mask=0.1131 depth=0.2864
  Epoch 1 [330/440] loss=0.2349 mask=0.1143 depth=0.2886
  Epoch 1 [340/440] loss=0.2355 mask=0.1146 depth=0.2870
  Epoch 1 [350/440] loss=0.2326 mask=0.1131 depth=0.2846
  Epoch 1 [360/440] loss=0.2307 mask=0.1122 depth=0.2860
  Epoch 1 [370/440] loss=0.2324 mask=0.1129 depth=0.2858
  Epoch 1 [380/440] loss=0.2321 mask=0.1128 depth=0.2858
  Epoch 1 [390/440] loss=0.2318 mask=0.1126 depth=0.2855
  Epoch 1 [400/440] loss=0.2315 mask=0.1125 depth=0.2873
  Epoch 1 [410/440] loss=0.2327 mask=0.1130 depth=0.2864
  Epoch 1 [420/440] loss=0.2309 mask=0.1122 depth=0.2865
  Epoch 1 [430/440] loss=0.2313 mask=0.1125 depth=0.2865
  Epoch 1 [440/440] loss=0.2302 mask=0.1120 depth=0.2871
  Train: loss=0.2302 mask=0.1120 depth=0.2871 time=232.2s
  Val epoch 1: loss=0.2468
  Saved best phase2 model (val_loss=0.2468)

=== Phase2 Epoch 2/49 ===
  Epoch 2 [10/440] loss=0.1465 mask=0.0709 depth=0.3051
  Epoch 2 [20/440] loss=0.2181 mask=0.1069 depth=0.3016
  Epoch 2 [30/440] loss=0.1802 mask=0.0878 depth=0.2831
  Epoch 2 [40/440] loss=0.1835 mask=0.0897 depth=0.2822
  Epoch 2 [50/440] loss=0.1877 mask=0.0910 depth=0.2710
  Epoch 2 [60/440] loss=0.2014 mask=0.0984 depth=0.2667
  Epoch 2 [70/440] loss=0.1939 mask=0.0945 depth=0.2616
  Epoch 2 [80/440] loss=0.1981 mask=0.0962 depth=0.2744
  Epoch 2 [90/440] loss=0.2001 mask=0.0966 depth=0.2665
  Epoch 2 [100/440] loss=0.2004 mask=0.0974 depth=0.2732
  Epoch 2 [110/440] loss=0.1987 mask=0.0965 depth=0.2713
  Epoch 2 [120/440] loss=0.1998 mask=0.0971 depth=0.2729
  Epoch 2 [130/440] loss=0.2034 mask=0.0989 depth=0.2710
  Epoch 2 [140/440] loss=0.2044 mask=0.0993 depth=0.2750
  Epoch 2 [150/440] loss=0.2029 mask=0.0987 depth=0.2715
  Epoch 2 [160/440] loss=0.1977 mask=0.0961 depth=0.2695
  Epoch 2 [170/440] loss=0.2024 mask=0.0984 depth=0.2621
  Epoch 2 [180/440] loss=0.1984 mask=0.0963 depth=0.2663
  Epoch 2 [190/440] loss=0.2017 mask=0.0980 depth=0.2711
  Epoch 2 [200/440] loss=0.2013 mask=0.0976 depth=0.2716
  Epoch 2 [210/440] loss=0.1974 mask=0.0957 depth=0.2695
  Epoch 2 [220/440] loss=0.1976 mask=0.0960 depth=0.2697
  Epoch 2 [230/440] loss=0.1992 mask=0.0968 depth=0.2740
  Epoch 2 [240/440] loss=0.2028 mask=0.0985 depth=0.2785
  Epoch 2 [250/440] loss=0.2030 mask=0.0986 depth=0.2754
  Epoch 2 [260/440] loss=0.2037 mask=0.0989 depth=0.2740
  Epoch 2 [270/440] loss=0.2028 mask=0.0985 depth=0.2690
  Epoch 2 [280/440] loss=0.2005 mask=0.0973 depth=0.2711
  Epoch 2 [290/440] loss=0.1984 mask=0.0963 depth=0.2693
  Epoch 2 [300/440] loss=0.1962 mask=0.0952 depth=0.2692
  Epoch 2 [310/440] loss=0.1943 mask=0.0942 depth=0.2676
  Epoch 2 [320/440] loss=0.1928 mask=0.0935 depth=0.2644
  Epoch 2 [330/440] loss=0.1939 mask=0.0940 depth=0.2655
  Epoch 2 [340/440] loss=0.1960 mask=0.0950 depth=0.2658
  Epoch 2 [350/440] loss=0.1972 mask=0.0955 depth=0.2676
  Epoch 2 [360/440] loss=0.2001 mask=0.0969 depth=0.2694
  Epoch 2 [370/440] loss=0.2010 mask=0.0975 depth=0.2667
  Epoch 2 [380/440] loss=0.2030 mask=0.0985 depth=0.2653
  Epoch 2 [390/440] loss=0.2075 mask=0.1008 depth=0.2698
  Epoch 2 [400/440] loss=0.2064 mask=0.1002 depth=0.2665
  Epoch 2 [410/440] loss=0.2055 mask=0.0998 depth=0.2636
  Epoch 2 [420/440] loss=0.2041 mask=0.0991 depth=0.2619
  Epoch 2 [430/440] loss=0.2039 mask=0.0990 depth=0.2616
  Epoch 2 [440/440] loss=0.2055 mask=0.0999 depth=0.2598
  Train: loss=0.2055 mask=0.0999 depth=0.2598 time=239.4s
  Val epoch 2: loss=0.2784

=== Phase2 Epoch 3/49 ===
  Epoch 3 [10/440] loss=0.2168 mask=0.1028 depth=0.3342
  Epoch 3 [20/440] loss=0.1830 mask=0.0882 depth=0.2928
  Epoch 3 [30/440] loss=0.1884 mask=0.0897 depth=0.2440
  Epoch 3 [40/440] loss=0.1766 mask=0.0842 depth=0.2264
  Epoch 3 [50/440] loss=0.1917 mask=0.0915 depth=0.2378
  Epoch 3 [60/440] loss=0.1871 mask=0.0894 depth=0.2472
  Epoch 3 [70/440] loss=0.1808 mask=0.0864 depth=0.2406
  Epoch 3 [80/440] loss=0.1787 mask=0.0851 depth=0.2333
  Epoch 3 [90/440] loss=0.1736 mask=0.0828 depth=0.2255
  Epoch 3 [100/440] loss=0.1723 mask=0.0823 depth=0.2312
  Epoch 3 [110/440] loss=0.1757 mask=0.0841 depth=0.2348
  Epoch 3 [120/440] loss=0.1799 mask=0.0862 depth=0.2256
  Epoch 3 [130/440] loss=0.1860 mask=0.0893 depth=0.2334
  Epoch 3 [140/440] loss=0.1903 mask=0.0914 depth=0.2330
  Epoch 3 [150/440] loss=0.1907 mask=0.0916 depth=0.2420
  Epoch 3 [160/440] loss=0.1904 mask=0.0914 depth=0.2352
  Epoch 3 [170/440] loss=0.1935 mask=0.0931 depth=0.2309
  Epoch 3 [180/440] loss=0.1975 mask=0.0950 depth=0.2334
  Epoch 3 [190/440] loss=0.1930 mask=0.0928 depth=0.2323
  Epoch 3 [200/440] loss=0.1930 mask=0.0929 depth=0.2271
  Epoch 3 [210/440] loss=0.1978 mask=0.0952 depth=0.2315
  Epoch 3 [220/440] loss=0.1968 mask=0.0948 depth=0.2294
  Epoch 3 [230/440] loss=0.1928 mask=0.0928 depth=0.2266
  Epoch 3 [240/440] loss=0.1907 mask=0.0918 depth=0.2236
  Epoch 3 [250/440] loss=0.1904 mask=0.0916 depth=0.2229
  Epoch 3 [260/440] loss=0.1904 mask=0.0917 depth=0.2196
  Epoch 3 [270/440] loss=0.1886 mask=0.0909 depth=0.2181
  Epoch 3 [280/440] loss=0.1897 mask=0.0915 depth=0.2180
  Epoch 3 [290/440] loss=0.1890 mask=0.0912 depth=0.2182
  Epoch 3 [300/440] loss=0.1889 mask=0.0912 depth=0.2184
  Epoch 3 [310/440] loss=0.1892 mask=0.0914 depth=0.2181
  Epoch 3 [320/440] loss=0.1898 mask=0.0917 depth=0.2157
  Epoch 3 [330/440] loss=0.1880 mask=0.0908 depth=0.2131
  Epoch 3 [340/440] loss=0.1868 mask=0.0902 depth=0.2098
  Epoch 3 [350/440] loss=0.1859 mask=0.0897 depth=0.2098
  Epoch 3 [360/440] loss=0.1858 mask=0.0897 depth=0.2080
  Epoch 3 [370/440] loss=0.1865 mask=0.0900 depth=0.2112
  Epoch 3 [380/440] loss=0.1878 mask=0.0905 depth=0.2159
  Epoch 3 [390/440] loss=0.1889 mask=0.0910 depth=0.2172
  Epoch 3 [400/440] loss=0.1896 mask=0.0915 depth=0.2160
  Epoch 3 [410/440] loss=0.1923 mask=0.0928 depth=0.2165
  Epoch 3 [420/440] loss=0.1927 mask=0.0929 depth=0.2175
  Epoch 3 [430/440] loss=0.1937 mask=0.0934 depth=0.2179
  Epoch 3 [440/440] loss=0.1933 mask=0.0932 depth=0.2155
  Train: loss=0.1933 mask=0.0932 depth=0.2155 time=239.2s
  Val epoch 3: loss=0.2357
  Saved best phase2 model (val_loss=0.2357)

=== Phase2 Epoch 4/49 ===
  Epoch 4 [10/440] loss=0.2142 mask=0.1061 depth=0.1708
  Epoch 4 [20/440] loss=0.1996 mask=0.0974 depth=0.1744
  Epoch 4 [30/440] loss=0.1772 mask=0.0858 depth=0.1841
  Epoch 4 [40/440] loss=0.1789 mask=0.0873 depth=0.1895
  Epoch 4 [50/440] loss=0.1992 mask=0.0970 depth=0.1912
  Epoch 4 [60/440] loss=0.1953 mask=0.0945 depth=0.1862
  Epoch 4 [70/440] loss=0.2056 mask=0.0988 depth=0.1893
  Epoch 4 [80/440] loss=0.2075 mask=0.0996 depth=0.1941
  Epoch 4 [90/440] loss=0.2019 mask=0.0965 depth=0.2056
  Epoch 4 [100/440] loss=0.2031 mask=0.0969 depth=0.2110
  Epoch 4 [110/440] loss=0.2022 mask=0.0966 depth=0.2146
  Epoch 4 [120/440] loss=0.2004 mask=0.0959 depth=0.2105
  Epoch 4 [130/440] loss=0.1949 mask=0.0932 depth=0.2034
  Epoch 4 [140/440] loss=0.1908 mask=0.0912 depth=0.2015
  Epoch 4 [150/440] loss=0.1928 mask=0.0923 depth=0.1945
  Epoch 4 [160/440] loss=0.1902 mask=0.0910 depth=0.1936
  Epoch 4 [170/440] loss=0.1925 mask=0.0922 depth=0.1987
  Epoch 4 [180/440] loss=0.1896 mask=0.0908 depth=0.1955
  Epoch 4 [190/440] loss=0.1879 mask=0.0898 depth=0.1951
  Epoch 4 [200/440] loss=0.1842 mask=0.0880 depth=0.1931
  Epoch 4 [210/440] loss=0.1844 mask=0.0882 depth=0.1880
  Epoch 4 [220/440] loss=0.1816 mask=0.0868 depth=0.1858
  Epoch 4 [230/440] loss=0.1823 mask=0.0872 depth=0.1871
  Epoch 4 [240/440] loss=0.1797 mask=0.0860 depth=0.1879
  Epoch 4 [250/440] loss=0.1800 mask=0.0862 depth=0.1890
  Epoch 4 [260/440] loss=0.1794 mask=0.0858 depth=0.1848
  Epoch 4 [270/440] loss=0.1772 mask=0.0848 depth=0.1810
  Epoch 4 [280/440] loss=0.1775 mask=0.0849 depth=0.1805
  Epoch 4 [290/440] loss=0.1796 mask=0.0859 depth=0.1795
  Epoch 4 [300/440] loss=0.1798 mask=0.0859 depth=0.1783
  Epoch 4 [310/440] loss=0.1785 mask=0.0854 depth=0.1781
  Epoch 4 [320/440] loss=0.1782 mask=0.0852 depth=0.1788
  Epoch 4 [330/440] loss=0.1787 mask=0.0855 depth=0.1774
  Epoch 4 [340/440] loss=0.1811 mask=0.0866 depth=0.1781
  Epoch 4 [350/440] loss=0.1827 mask=0.0874 depth=0.1832
  Epoch 4 [360/440] loss=0.1843 mask=0.0882 depth=0.1831
  Epoch 4 [370/440] loss=0.1854 mask=0.0887 depth=0.1815
  Epoch 4 [380/440] loss=0.1850 mask=0.0886 depth=0.1814
  Epoch 4 [390/440] loss=0.1864 mask=0.0893 depth=0.1800
  Epoch 4 [400/440] loss=0.1874 mask=0.0897 depth=0.1793
  Epoch 4 [410/440] loss=0.1873 mask=0.0897 depth=0.1787
  Epoch 4 [420/440] loss=0.1881 mask=0.0901 depth=0.1788
  Epoch 4 [430/440] loss=0.1886 mask=0.0904 depth=0.1788
  Epoch 4 [440/440] loss=0.1879 mask=0.0901 depth=0.1781
  Train: loss=0.1879 mask=0.0901 depth=0.1781 time=239.0s
  Val epoch 4: loss=0.2394

=== Phase2 Epoch 5/49 ===
  Epoch 5 [10/440] loss=0.1231 mask=0.0590 depth=0.0958
  Epoch 5 [20/440] loss=0.1717 mask=0.0826 depth=0.1128
  Epoch 5 [30/440] loss=0.1804 mask=0.0875 depth=0.1206
  Epoch 5 [40/440] loss=0.1738 mask=0.0841 depth=0.1374
  Epoch 5 [50/440] loss=0.1672 mask=0.0807 depth=0.1391
  Epoch 5 [60/440] loss=0.1804 mask=0.0867 depth=0.1340
  Epoch 5 [70/440] loss=0.1770 mask=0.0850 depth=0.1381
  Epoch 5 [80/440] loss=0.1712 mask=0.0822 depth=0.1427
  Epoch 5 [90/440] loss=0.1743 mask=0.0839 depth=0.1405
  Epoch 5 [100/440] loss=0.1702 mask=0.0819 depth=0.1400
  Epoch 5 [110/440] loss=0.1653 mask=0.0793 depth=0.1390
  Epoch 5 [120/440] loss=0.1669 mask=0.0800 depth=0.1378
  Epoch 5 [130/440] loss=0.1627 mask=0.0779 depth=0.1396
  Epoch 5 [140/440] loss=0.1595 mask=0.0763 depth=0.1509
  Epoch 5 [150/440] loss=0.1575 mask=0.0751 depth=0.1499
  Epoch 5 [160/440] loss=0.1589 mask=0.0757 depth=0.1643
  Epoch 5 [170/440] loss=0.1584 mask=0.0754 depth=0.1675
  Epoch 5 [180/440] loss=0.1577 mask=0.0751 depth=0.1648
  Epoch 5 [190/440] loss=0.1562 mask=0.0744 depth=0.1610
  Epoch 5 [200/440] loss=0.1562 mask=0.0745 depth=0.1606
  Epoch 5 [210/440] loss=0.1540 mask=0.0733 depth=0.1592
  Epoch 5 [220/440] loss=0.1551 mask=0.0738 depth=0.1554
  Epoch 5 [230/440] loss=0.1548 mask=0.0738 depth=0.1528
  Epoch 5 [240/440] loss=0.1553 mask=0.0740 depth=0.1491
  Epoch 5 [250/440] loss=0.1569 mask=0.0748 depth=0.1553
  Epoch 5 [260/440] loss=0.1601 mask=0.0764 depth=0.1542
  Epoch 5 [270/440] loss=0.1615 mask=0.0771 depth=0.1526
  Epoch 5 [280/440] loss=0.1626 mask=0.0777 depth=0.1515
  Epoch 5 [290/440] loss=0.1642 mask=0.0786 depth=0.1507
  Epoch 5 [300/440] loss=0.1664 mask=0.0798 depth=0.1495
  Epoch 5 [310/440] loss=0.1644 mask=0.0788 depth=0.1477
  Epoch 5 [320/440] loss=0.1657 mask=0.0794 depth=0.1472
  Epoch 5 [330/440] loss=0.1657 mask=0.0794 depth=0.1501
  Epoch 5 [340/440] loss=0.1665 mask=0.0798 depth=0.1512
  Epoch 5 [350/440] loss=0.1683 mask=0.0806 depth=0.1514
  Epoch 5 [360/440] loss=0.1703 mask=0.0817 depth=0.1509
  Epoch 5 [370/440] loss=0.1699 mask=0.0815 depth=0.1496
  Epoch 5 [380/440] loss=0.1717 mask=0.0823 depth=0.1490
  Epoch 5 [390/440] loss=0.1724 mask=0.0827 depth=0.1504
  Epoch 5 [400/440] loss=0.1745 mask=0.0838 depth=0.1529
  Epoch 5 [410/440] loss=0.1729 mask=0.0829 depth=0.1511
  Epoch 5 [420/440] loss=0.1728 mask=0.0830 depth=0.1502
  Epoch 5 [430/440] loss=0.1723 mask=0.0828 depth=0.1497
  Epoch 5 [440/440] loss=0.1742 mask=0.0836 depth=0.1515
  Train: loss=0.1742 mask=0.0836 depth=0.1515 time=245.2s
  Val epoch 5: loss=0.2315
  Saved best phase2 model (val_loss=0.2315)

=== Phase2 Epoch 6/49 ===
  Epoch 6 [10/440] loss=0.1670 mask=0.0777 depth=0.1270
  Epoch 6 [20/440] loss=0.2026 mask=0.0967 depth=0.0898
  Epoch 6 [30/440] loss=0.1917 mask=0.0899 depth=0.1231
  Epoch 6 [40/440] loss=0.1785 mask=0.0834 depth=0.1258
  Epoch 6 [50/440] loss=0.1705 mask=0.0808 depth=0.1354
  Epoch 6 [60/440] loss=0.1812 mask=0.0861 depth=0.1501
  Epoch 6 [70/440] loss=0.1753 mask=0.0831 depth=0.1389
  Epoch 6 [80/440] loss=0.1731 mask=0.0821 depth=0.1360
  Epoch 6 [90/440] loss=0.1780 mask=0.0845 depth=0.1407
  Epoch 6 [100/440] loss=0.1843 mask=0.0875 depth=0.1358
  Epoch 6 [110/440] loss=0.1875 mask=0.0887 depth=0.1308
  Epoch 6 [120/440] loss=0.1811 mask=0.0855 depth=0.1413
  Epoch 6 [130/440] loss=0.1752 mask=0.0827 depth=0.1412
  Epoch 6 [140/440] loss=0.1733 mask=0.0817 depth=0.1381
  Epoch 6 [150/440] loss=0.1772 mask=0.0836 depth=0.1392
  Epoch 6 [160/440] loss=0.1741 mask=0.0823 depth=0.1415
  Epoch 6 [170/440] loss=0.1730 mask=0.0817 depth=0.1440
  Epoch 6 [180/440] loss=0.1725 mask=0.0816 depth=0.1466
  Epoch 6 [190/440] loss=0.1699 mask=0.0803 depth=0.1412
  Epoch 6 [200/440] loss=0.1680 mask=0.0794 depth=0.1399
  Epoch 6 [210/440] loss=0.1685 mask=0.0797 depth=0.1389
  Epoch 6 [220/440] loss=0.1689 mask=0.0799 depth=0.1415
  Epoch 6 [230/440] loss=0.1681 mask=0.0796 depth=0.1397
  Epoch 6 [240/440] loss=0.1672 mask=0.0791 depth=0.1393
  Epoch 6 [250/440] loss=0.1672 mask=0.0791 depth=0.1378
  Epoch 6 [260/440] loss=0.1670 mask=0.0790 depth=0.1411
  Epoch 6 [270/440] loss=0.1674 mask=0.0793 depth=0.1385
  Epoch 6 [280/440] loss=0.1664 mask=0.0787 depth=0.1384
  Epoch 6 [290/440] loss=0.1668 mask=0.0790 depth=0.1371
  Epoch 6 [300/440] loss=0.1676 mask=0.0794 depth=0.1382
  Epoch 6 [310/440] loss=0.1680 mask=0.0797 depth=0.1393
  Epoch 6 [320/440] loss=0.1676 mask=0.0795 depth=0.1370
  Epoch 6 [330/440] loss=0.1686 mask=0.0801 depth=0.1350
  Epoch 6 [340/440] loss=0.1682 mask=0.0799 depth=0.1342
  Epoch 6 [350/440] loss=0.1670 mask=0.0793 depth=0.1351
  Epoch 6 [360/440] loss=0.1667 mask=0.0792 depth=0.1345
  Epoch 6 [370/440] loss=0.1668 mask=0.0793 depth=0.1331
  Epoch 6 [380/440] loss=0.1699 mask=0.0807 depth=0.1327
  Epoch 6 [390/440] loss=0.1720 mask=0.0819 depth=0.1324
  Epoch 6 [400/440] loss=0.1724 mask=0.0821 depth=0.1313
  Epoch 6 [410/440] loss=0.1717 mask=0.0817 depth=0.1309
  Epoch 6 [420/440] loss=0.1721 mask=0.0819 depth=0.1331
  Epoch 6 [430/440] loss=0.1713 mask=0.0814 depth=0.1341
  Epoch 6 [440/440] loss=0.1710 mask=0.0813 depth=0.1341
  Train: loss=0.1710 mask=0.0813 depth=0.1341 time=239.3s
  Val epoch 6: loss=0.2196
  Saved best phase2 model (val_loss=0.2196)

=== Phase2 Epoch 7/49 ===
  Epoch 7 [10/440] loss=0.1296 mask=0.0608 depth=0.1809
  Epoch 7 [20/440] loss=0.1229 mask=0.0567 depth=0.1426
  Epoch 7 [30/440] loss=0.1309 mask=0.0617 depth=0.1420
  Epoch 7 [40/440] loss=0.1233 mask=0.0585 depth=0.1289
  Epoch 7 [50/440] loss=0.1280 mask=0.0604 depth=0.1142
  Epoch 7 [60/440] loss=0.1320 mask=0.0626 depth=0.1105
  Epoch 7 [70/440] loss=0.1295 mask=0.0612 depth=0.1162
  Epoch 7 [80/440] loss=0.1351 mask=0.0640 depth=0.1218
  Epoch 7 [90/440] loss=0.1366 mask=0.0644 depth=0.1161
  Epoch 7 [100/440] loss=0.1380 mask=0.0652 depth=0.1200
  Epoch 7 [110/440] loss=0.1350 mask=0.0634 depth=0.1205
  Epoch 7 [120/440] loss=0.1388 mask=0.0655 depth=0.1167
  Epoch 7 [130/440] loss=0.1425 mask=0.0674 depth=0.1193
  Epoch 7 [140/440] loss=0.1415 mask=0.0670 depth=0.1139
  Epoch 7 [150/440] loss=0.1437 mask=0.0678 depth=0.1240
  Epoch 7 [160/440] loss=0.1461 mask=0.0691 depth=0.1231
  Epoch 7 [170/440] loss=0.1466 mask=0.0695 depth=0.1222
  Epoch 7 [180/440] loss=0.1474 mask=0.0697 depth=0.1201
  Epoch 7 [190/440] loss=0.1467 mask=0.0694 depth=0.1181
  Epoch 7 [200/440] loss=0.1471 mask=0.0695 depth=0.1232
  Epoch 7 [210/440] loss=0.1480 mask=0.0697 depth=0.1219
  Epoch 7 [220/440] loss=0.1495 mask=0.0704 depth=0.1226
  Epoch 7 [230/440] loss=0.1486 mask=0.0697 depth=0.1192
  Epoch 7 [240/440] loss=0.1510 mask=0.0709 depth=0.1174
  Epoch 7 [250/440] loss=0.1539 mask=0.0726 depth=0.1158
  Epoch 7 [260/440] loss=0.1545 mask=0.0729 depth=0.1138
  Epoch 7 [270/440] loss=0.1545 mask=0.0729 depth=0.1157
  Epoch 7 [280/440] loss=0.1557 mask=0.0736 depth=0.1166
  Epoch 7 [290/440] loss=0.1541 mask=0.0728 depth=0.1165
  Epoch 7 [300/440] loss=0.1535 mask=0.0724 depth=0.1151
  Epoch 7 [310/440] loss=0.1537 mask=0.0724 depth=0.1152
  Epoch 7 [320/440] loss=0.1537 mask=0.0722 depth=0.1140
  Epoch 7 [330/440] loss=0.1556 mask=0.0733 depth=0.1132
  Epoch 7 [340/440] loss=0.1574 mask=0.0740 depth=0.1154
  Epoch 7 [350/440] loss=0.1571 mask=0.0739 depth=0.1196
  Epoch 7 [360/440] loss=0.1569 mask=0.0739 depth=0.1184
  Epoch 7 [370/440] loss=0.1582 mask=0.0747 depth=0.1198
  Epoch 7 [380/440] loss=0.1614 mask=0.0762 depth=0.1193
  Epoch 7 [390/440] loss=0.1617 mask=0.0764 depth=0.1188
  Epoch 7 [400/440] loss=0.1616 mask=0.0763 depth=0.1197
  Epoch 7 [410/440] loss=0.1605 mask=0.0757 depth=0.1191
  Epoch 7 [420/440] loss=0.1599 mask=0.0754 depth=0.1199
  Epoch 7 [430/440] loss=0.1597 mask=0.0754 depth=0.1203
  Epoch 7 [440/440] loss=0.1594 mask=0.0752 depth=0.1194
  Train: loss=0.1594 mask=0.0752 depth=0.1194 time=233.8s
  Val epoch 7: loss=0.2230

=== Phase2 Epoch 8/49 ===
  Epoch 8 [10/440] loss=0.1283 mask=0.0599 depth=0.1233
  Epoch 8 [20/440] loss=0.1262 mask=0.0593 depth=0.1215
  Epoch 8 [30/440] loss=0.1373 mask=0.0643 depth=0.1022
  Epoch 8 [40/440] loss=0.1521 mask=0.0719 depth=0.0964
  Epoch 8 [50/440] loss=0.1558 mask=0.0736 depth=0.0918
  Epoch 8 [60/440] loss=0.1586 mask=0.0746 depth=0.0988
  Epoch 8 [70/440] loss=0.1691 mask=0.0790 depth=0.0976
  Epoch 8 [80/440] loss=0.1673 mask=0.0780 depth=0.0937
  Epoch 8 [90/440] loss=0.1679 mask=0.0776 depth=0.0963
  Epoch 8 [100/440] loss=0.1625 mask=0.0751 depth=0.0978
  Epoch 8 [110/440] loss=0.1639 mask=0.0766 depth=0.0993
  Epoch 8 [120/440] loss=0.1631 mask=0.0763 depth=0.0992
  Epoch 8 [130/440] loss=0.1607 mask=0.0756 depth=0.0964
  Epoch 8 [140/440] loss=0.1674 mask=0.0788 depth=0.1041
  Epoch 8 [150/440] loss=0.1675 mask=0.0788 depth=0.1060
  Epoch 8 [160/440] loss=0.1652 mask=0.0778 depth=0.1053
  Epoch 8 [170/440] loss=0.1632 mask=0.0769 depth=0.1058
  Epoch 8 [180/440] loss=0.1606 mask=0.0756 depth=0.1071
  Epoch 8 [190/440] loss=0.1600 mask=0.0754 depth=0.1085
  Epoch 8 [200/440] loss=0.1629 mask=0.0771 depth=0.1066
  Epoch 8 [210/440] loss=0.1609 mask=0.0762 depth=0.1065
  Epoch 8 [220/440] loss=0.1608 mask=0.0763 depth=0.1074
  Epoch 8 [230/440] loss=0.1604 mask=0.0760 depth=0.1078
  Epoch 8 [240/440] loss=0.1585 mask=0.0751 depth=0.1102
  Epoch 8 [250/440] loss=0.1589 mask=0.0753 depth=0.1096
  Epoch 8 [260/440] loss=0.1567 mask=0.0743 depth=0.1098
  Epoch 8 [270/440] loss=0.1547 mask=0.0733 depth=0.1142
  Epoch 8 [280/440] loss=0.1545 mask=0.0731 depth=0.1151
  Epoch 8 [290/440] loss=0.1546 mask=0.0732 depth=0.1139
  Epoch 8 [300/440] loss=0.1551 mask=0.0734 depth=0.1133
  Epoch 8 [310/440] loss=0.1562 mask=0.0738 depth=0.1127
  Epoch 8 [320/440] loss=0.1557 mask=0.0735 depth=0.1135
  Epoch 8 [330/440] loss=0.1565 mask=0.0740 depth=0.1151
  Epoch 8 [340/440] loss=0.1567 mask=0.0740 depth=0.1142
  Epoch 8 [350/440] loss=0.1571 mask=0.0743 depth=0.1150
  Epoch 8 [360/440] loss=0.1576 mask=0.0746 depth=0.1154
  Epoch 8 [370/440] loss=0.1583 mask=0.0749 depth=0.1169
  Epoch 8 [380/440] loss=0.1579 mask=0.0747 depth=0.1173
  Epoch 8 [390/440] loss=0.1587 mask=0.0751 depth=0.1164
  Epoch 8 [400/440] loss=0.1580 mask=0.0748 depth=0.1148
  Epoch 8 [410/440] loss=0.1582 mask=0.0748 depth=0.1152
  Epoch 8 [420/440] loss=0.1600 mask=0.0758 depth=0.1146
  Epoch 8 [430/440] loss=0.1594 mask=0.0755 depth=0.1132
  Epoch 8 [440/440] loss=0.1602 mask=0.0759 depth=0.1137
  Train: loss=0.1602 mask=0.0759 depth=0.1137 time=225.6s
  Val epoch 8: loss=0.2218

=== Phase2 Epoch 9/49 ===
  Epoch 9 [10/440] loss=0.1605 mask=0.0761 depth=0.0390
  Epoch 9 [20/440] loss=0.1811 mask=0.0837 depth=0.0569
  Epoch 9 [30/440] loss=0.2116 mask=0.0979 depth=0.1111
  Epoch 9 [40/440] loss=0.2136 mask=0.0999 depth=0.0922
  Epoch 9 [50/440] loss=0.1955 mask=0.0918 depth=0.1026
  Epoch 9 [60/440] loss=0.1992 mask=0.0938 depth=0.1019
  Epoch 9 [70/440] loss=0.2018 mask=0.0950 depth=0.1008
  Epoch 9 [80/440] loss=0.1976 mask=0.0929 depth=0.0979
  Epoch 9 [90/440] loss=0.1970 mask=0.0926 depth=0.1031
  Epoch 9 [100/440] loss=0.1984 mask=0.0940 depth=0.1001
  Epoch 9 [110/440] loss=0.1954 mask=0.0928 depth=0.1014
  Epoch 9 [120/440] loss=0.1883 mask=0.0889 depth=0.0981
  Epoch 9 [130/440] loss=0.1828 mask=0.0864 depth=0.0966
  Epoch 9 [140/440] loss=0.1851 mask=0.0875 depth=0.0978
  Epoch 9 [150/440] loss=0.1857 mask=0.0879 depth=0.1016
  Epoch 9 [160/440] loss=0.1822 mask=0.0862 depth=0.0984
  Epoch 9 [170/440] loss=0.1823 mask=0.0865 depth=0.0961
  Epoch 9 [180/440] loss=0.1778 mask=0.0842 depth=0.0954
  Epoch 9 [190/440] loss=0.1736 mask=0.0823 depth=0.0936
  Epoch 9 [200/440] loss=0.1717 mask=0.0814 depth=0.0921
  Epoch 9 [210/440] loss=0.1691 mask=0.0801 depth=0.0908
  Epoch 9 [220/440] loss=0.1695 mask=0.0803 depth=0.0940
  Epoch 9 [230/440] loss=0.1669 mask=0.0791 depth=0.0925
  Epoch 9 [240/440] loss=0.1692 mask=0.0804 depth=0.0962
  Epoch 9 [250/440] loss=0.1683 mask=0.0799 depth=0.0978
  Epoch 9 [260/440] loss=0.1671 mask=0.0793 depth=0.0972
  Epoch 9 [270/440] loss=0.1670 mask=0.0793 depth=0.0950
  Epoch 9 [280/440] loss=0.1661 mask=0.0788 depth=0.0948
  Epoch 9 [290/440] loss=0.1647 mask=0.0781 depth=0.0957
  Epoch 9 [300/440] loss=0.1641 mask=0.0778 depth=0.0955
  Epoch 9 [310/440] loss=0.1639 mask=0.0775 depth=0.0961
  Epoch 9 [320/440] loss=0.1631 mask=0.0771 depth=0.0942
  Epoch 9 [330/440] loss=0.1619 mask=0.0765 depth=0.0944
  Epoch 9 [340/440] loss=0.1614 mask=0.0763 depth=0.0941
  Epoch 9 [350/440] loss=0.1604 mask=0.0757 depth=0.0939
  Epoch 9 [360/440] loss=0.1595 mask=0.0753 depth=0.0933
  Epoch 9 [370/440] loss=0.1582 mask=0.0747 depth=0.0920
  Epoch 9 [380/440] loss=0.1578 mask=0.0745 depth=0.0930
  Epoch 9 [390/440] loss=0.1575 mask=0.0744 depth=0.0921
  Epoch 9 [400/440] loss=0.1571 mask=0.0742 depth=0.0934
  Epoch 9 [410/440] loss=0.1563 mask=0.0737 depth=0.0927
  Epoch 9 [420/440] loss=0.1557 mask=0.0734 depth=0.0918
  Epoch 9 [430/440] loss=0.1552 mask=0.0731 depth=0.0909
  Epoch 9 [440/440] loss=0.1553 mask=0.0731 depth=0.0922
  Train: loss=0.1553 mask=0.0731 depth=0.0922 time=224.9s
  Val epoch 9: loss=0.2171
  Saved best phase2 model (val_loss=0.2171)

=== Phase2 Epoch 10/49 ===
  Epoch 10 [10/440] loss=0.1325 mask=0.0595 depth=0.1157
  Epoch 10 [20/440] loss=0.1621 mask=0.0738 depth=0.0987
  Epoch 10 [30/440] loss=0.1528 mask=0.0700 depth=0.0901
  Epoch 10 [40/440] loss=0.1458 mask=0.0675 depth=0.0843
  Epoch 10 [50/440] loss=0.1452 mask=0.0668 depth=0.0778
  Epoch 10 [60/440] loss=0.1377 mask=0.0633 depth=0.0724
  Epoch 10 [70/440] loss=0.1324 mask=0.0608 depth=0.0739
  Epoch 10 [80/440] loss=0.1316 mask=0.0606 depth=0.0740
  Epoch 10 [90/440] loss=0.1342 mask=0.0616 depth=0.0791
  Epoch 10 [100/440] loss=0.1359 mask=0.0620 depth=0.0788
  Epoch 10 [110/440] loss=0.1339 mask=0.0613 depth=0.0768
  Epoch 10 [120/440] loss=0.1356 mask=0.0619 depth=0.0779
  Epoch 10 [130/440] loss=0.1356 mask=0.0621 depth=0.0771
  Epoch 10 [140/440] loss=0.1338 mask=0.0613 depth=0.0750
  Epoch 10 [150/440] loss=0.1346 mask=0.0618 depth=0.0752
  Epoch 10 [160/440] loss=0.1349 mask=0.0619 depth=0.0789
  Epoch 10 [170/440] loss=0.1357 mask=0.0625 depth=0.0806
  Epoch 10 [180/440] loss=0.1333 mask=0.0614 depth=0.0790
  Epoch 10 [190/440] loss=0.1357 mask=0.0626 depth=0.0814
  Epoch 10 [200/440] loss=0.1350 mask=0.0624 depth=0.0811
  Epoch 10 [210/440] loss=0.1352 mask=0.0626 depth=0.0808
  Epoch 10 [220/440] loss=0.1357 mask=0.0628 depth=0.0820
  Epoch 10 [230/440] loss=0.1379 mask=0.0640 depth=0.0820
  Epoch 10 [240/440] loss=0.1382 mask=0.0641 depth=0.0805
  Epoch 10 [250/440] loss=0.1405 mask=0.0653 depth=0.0824
  Epoch 10 [260/440] loss=0.1414 mask=0.0658 depth=0.0812
  Epoch 10 [270/440] loss=0.1408 mask=0.0655 depth=0.0811
  Epoch 10 [280/440] loss=0.1422 mask=0.0662 depth=0.0796
  Epoch 10 [290/440] loss=0.1439 mask=0.0670 depth=0.0789
  Epoch 10 [300/440] loss=0.1446 mask=0.0674 depth=0.0781
  Epoch 10 [310/440] loss=0.1434 mask=0.0669 depth=0.0778
  Epoch 10 [320/440] loss=0.1428 mask=0.0666 depth=0.0776
  Epoch 10 [330/440] loss=0.1413 mask=0.0658 depth=0.0766
  Epoch 10 [340/440] loss=0.1413 mask=0.0658 depth=0.0764
  Epoch 10 [350/440] loss=0.1414 mask=0.0658 depth=0.0783
  Epoch 10 [360/440] loss=0.1411 mask=0.0657 depth=0.0778
  Epoch 10 [370/440] loss=0.1406 mask=0.0655 depth=0.0797
  Epoch 10 [380/440] loss=0.1395 mask=0.0650 depth=0.0820
  Epoch 10 [390/440] loss=0.1394 mask=0.0650 depth=0.0818
  Epoch 10 [400/440] loss=0.1401 mask=0.0653 depth=0.0830
  Epoch 10 [410/440] loss=0.1397 mask=0.0651 depth=0.0833
  Epoch 10 [420/440] loss=0.1405 mask=0.0655 depth=0.0824
  Epoch 10 [430/440] loss=0.1400 mask=0.0652 depth=0.0834
  Epoch 10 [440/440] loss=0.1398 mask=0.0651 depth=0.0842
  Train: loss=0.1398 mask=0.0651 depth=0.0842 time=227.8s
  Val epoch 10: loss=0.2109
  Saved best phase2 model (val_loss=0.2109)

=== Phase2 Epoch 11/49 ===
  Epoch 11 [10/440] loss=0.1319 mask=0.0626 depth=0.0656
  Epoch 11 [20/440] loss=0.1320 mask=0.0607 depth=0.0508
  Epoch 11 [30/440] loss=0.1346 mask=0.0623 depth=0.0627
  Epoch 11 [40/440] loss=0.1349 mask=0.0620 depth=0.0699
  Epoch 11 [50/440] loss=0.1307 mask=0.0599 depth=0.0700
  Epoch 11 [60/440] loss=0.1237 mask=0.0568 depth=0.0711
  Epoch 11 [70/440] loss=0.1378 mask=0.0641 depth=0.0715
  Epoch 11 [80/440] loss=0.1447 mask=0.0670 depth=0.0696
  Epoch 11 [90/440] loss=0.1397 mask=0.0649 depth=0.0673
  Epoch 11 [100/440] loss=0.1363 mask=0.0635 depth=0.0648
  Epoch 11 [110/440] loss=0.1358 mask=0.0633 depth=0.0615
  Epoch 11 [120/440] loss=0.1397 mask=0.0652 depth=0.0694
  Epoch 11 [130/440] loss=0.1376 mask=0.0642 depth=0.0726
  Epoch 11 [140/440] loss=0.1354 mask=0.0631 depth=0.0720
  Epoch 11 [150/440] loss=0.1329 mask=0.0620 depth=0.0695
  Epoch 11 [160/440] loss=0.1360 mask=0.0633 depth=0.0726
  Epoch 11 [170/440] loss=0.1341 mask=0.0624 depth=0.0718
  Epoch 11 [180/440] loss=0.1345 mask=0.0626 depth=0.0706
  Epoch 11 [190/440] loss=0.1325 mask=0.0617 depth=0.0688
  Epoch 11 [200/440] loss=0.1301 mask=0.0606 depth=0.0669
  Epoch 11 [210/440] loss=0.1306 mask=0.0605 depth=0.0694
  Epoch 11 [220/440] loss=0.1313 mask=0.0608 depth=0.0697
  Epoch 11 [230/440] loss=0.1316 mask=0.0612 depth=0.0695
  Epoch 11 [240/440] loss=0.1340 mask=0.0625 depth=0.0708
  Epoch 11 [250/440] loss=0.1342 mask=0.0627 depth=0.0736
  Epoch 11 [260/440] loss=0.1337 mask=0.0624 depth=0.0759
  Epoch 11 [270/440] loss=0.1337 mask=0.0625 depth=0.0775
  Epoch 11 [280/440] loss=0.1336 mask=0.0624 depth=0.0761
  Epoch 11 [290/440] loss=0.1344 mask=0.0628 depth=0.0781
  Epoch 11 [300/440] loss=0.1343 mask=0.0628 depth=0.0786
  Epoch 11 [310/440] loss=0.1336 mask=0.0626 depth=0.0775
  Epoch 11 [320/440] loss=0.1341 mask=0.0628 depth=0.0772
  Epoch 11 [330/440] loss=0.1353 mask=0.0634 depth=0.0764
  Epoch 11 [340/440] loss=0.1352 mask=0.0634 depth=0.0770
  Epoch 11 [350/440] loss=0.1342 mask=0.0629 depth=0.0767
  Epoch 11 [360/440] loss=0.1344 mask=0.0630 depth=0.0761
  Epoch 11 [370/440] loss=0.1354 mask=0.0635 depth=0.0760
  Epoch 11 [380/440] loss=0.1356 mask=0.0637 depth=0.0753
  Epoch 11 [390/440] loss=0.1342 mask=0.0629 depth=0.0748
  Epoch 11 [400/440] loss=0.1339 mask=0.0628 depth=0.0759
  Epoch 11 [410/440] loss=0.1342 mask=0.0630 depth=0.0754
  Epoch 11 [420/440] loss=0.1335 mask=0.0626 depth=0.0747
  Epoch 11 [430/440] loss=0.1331 mask=0.0625 depth=0.0739
  Epoch 11 [440/440] loss=0.1327 mask=0.0622 depth=0.0737
  Train: loss=0.1327 mask=0.0622 depth=0.0737 time=229.9s
  Val epoch 11: loss=0.2124

=== Phase2 Epoch 12/49 ===
  Epoch 12 [10/440] loss=0.1323 mask=0.0635 depth=0.0310
  Epoch 12 [20/440] loss=0.1431 mask=0.0681 depth=0.0345
  Epoch 12 [30/440] loss=0.1268 mask=0.0595 depth=0.0343
  Epoch 12 [40/440] loss=0.1253 mask=0.0591 depth=0.0538
  Epoch 12 [50/440] loss=0.1282 mask=0.0604 depth=0.0684
  Epoch 12 [60/440] loss=0.1223 mask=0.0577 depth=0.0691
  Epoch 12 [70/440] loss=0.1218 mask=0.0575 depth=0.0657
  Epoch 12 [80/440] loss=0.1187 mask=0.0562 depth=0.0695
  Epoch 12 [90/440] loss=0.1204 mask=0.0569 depth=0.0713
  Epoch 12 [100/440] loss=0.1234 mask=0.0584 depth=0.0760
  Epoch 12 [110/440] loss=0.1198 mask=0.0566 depth=0.0716
  Epoch 12 [120/440] loss=0.1218 mask=0.0575 depth=0.0751
  Epoch 12 [130/440] loss=0.1199 mask=0.0567 depth=0.0764
  Epoch 12 [140/440] loss=0.1232 mask=0.0582 depth=0.0782
  Epoch 12 [150/440] loss=0.1251 mask=0.0593 depth=0.0758
  Epoch 12 [160/440] loss=0.1218 mask=0.0576 depth=0.0768
  Epoch 12 [170/440] loss=0.1247 mask=0.0590 depth=0.0760
  Epoch 12 [180/440] loss=0.1284 mask=0.0609 depth=0.0735
  Epoch 12 [190/440] loss=0.1283 mask=0.0608 depth=0.0730
  Epoch 12 [200/440] loss=0.1280 mask=0.0604 depth=0.0731
  Epoch 12 [210/440] loss=0.1289 mask=0.0609 depth=0.0720
  Epoch 12 [220/440] loss=0.1297 mask=0.0613 depth=0.0735
  Epoch 12 [230/440] loss=0.1290 mask=0.0609 depth=0.0741
  Epoch 12 [240/440] loss=0.1298 mask=0.0612 depth=0.0747
  Epoch 12 [250/440] loss=0.1303 mask=0.0614 depth=0.0734
  Epoch 12 [260/440] loss=0.1306 mask=0.0615 depth=0.0725
  Epoch 12 [270/440] loss=0.1298 mask=0.0610 depth=0.0724
  Epoch 12 [280/440] loss=0.1285 mask=0.0604 depth=0.0742
  Epoch 12 [290/440] loss=0.1313 mask=0.0618 depth=0.0729
  Epoch 12 [300/440] loss=0.1336 mask=0.0629 depth=0.0723
  Epoch 12 [310/440] loss=0.1341 mask=0.0632 depth=0.0716
  Epoch 12 [320/440] loss=0.1335 mask=0.0629 depth=0.0710
  Epoch 12 [330/440] loss=0.1324 mask=0.0623 depth=0.0710
  Epoch 12 [340/440] loss=0.1314 mask=0.0618 depth=0.0703
  Epoch 12 [350/440] loss=0.1330 mask=0.0625 depth=0.0700
  Epoch 12 [360/440] loss=0.1320 mask=0.0619 depth=0.0711
  Epoch 12 [370/440] loss=0.1315 mask=0.0617 depth=0.0702
  Epoch 12 [380/440] loss=0.1313 mask=0.0615 depth=0.0700
  Epoch 12 [390/440] loss=0.1307 mask=0.0612 depth=0.0699
  Epoch 12 [400/440] loss=0.1308 mask=0.0613 depth=0.0697
  Epoch 12 [410/440] loss=0.1302 mask=0.0610 depth=0.0692
  Epoch 12 [420/440] loss=0.1302 mask=0.0609 depth=0.0697
  Epoch 12 [430/440] loss=0.1302 mask=0.0610 depth=0.0705
  Epoch 12 [440/440] loss=0.1293 mask=0.0606 depth=0.0702
  Train: loss=0.1293 mask=0.0606 depth=0.0702 time=227.5s
  Val epoch 12: loss=0.2108
  Saved best phase2 model (val_loss=0.2108)

=== Phase2 Epoch 13/49 ===
  Epoch 13 [10/440] loss=0.1041 mask=0.0490 depth=0.0569
  Epoch 13 [20/440] loss=0.1267 mask=0.0586 depth=0.0600
  Epoch 13 [30/440] loss=0.1283 mask=0.0597 depth=0.0600
  Epoch 13 [40/440] loss=0.1257 mask=0.0582 depth=0.0581
  Epoch 13 [50/440] loss=0.1237 mask=0.0570 depth=0.0611
  Epoch 13 [60/440] loss=0.1186 mask=0.0545 depth=0.0622
  Epoch 13 [70/440] loss=0.1217 mask=0.0562 depth=0.0612
  Epoch 13 [80/440] loss=0.1202 mask=0.0556 depth=0.0627
  Epoch 13 [90/440] loss=0.1180 mask=0.0546 depth=0.0576
  Epoch 13 [100/440] loss=0.1156 mask=0.0534 depth=0.0591
  Epoch 13 [110/440] loss=0.1158 mask=0.0536 depth=0.0610
  Epoch 13 [120/440] loss=0.1165 mask=0.0540 depth=0.0616
  Epoch 13 [130/440] loss=0.1204 mask=0.0557 depth=0.0593
  Epoch 13 [140/440] loss=0.1218 mask=0.0564 depth=0.0605
  Epoch 13 [150/440] loss=0.1212 mask=0.0562 depth=0.0616
  Epoch 13 [160/440] loss=0.1201 mask=0.0557 depth=0.0600
  Epoch 13 [170/440] loss=0.1183 mask=0.0548 depth=0.0588
  Epoch 13 [180/440] loss=0.1202 mask=0.0559 depth=0.0599
  Epoch 13 [190/440] loss=0.1248 mask=0.0577 depth=0.0589
  Epoch 13 [200/440] loss=0.1230 mask=0.0569 depth=0.0584
  Epoch 13 [210/440] loss=0.1237 mask=0.0573 depth=0.0627
  Epoch 13 [220/440] loss=0.1234 mask=0.0572 depth=0.0620
  Epoch 13 [230/440] loss=0.1234 mask=0.0573 depth=0.0632
  Epoch 13 [240/440] loss=0.1260 mask=0.0585 depth=0.0630
  Epoch 13 [250/440] loss=0.1272 mask=0.0591 depth=0.0654
  Epoch 13 [260/440] loss=0.1262 mask=0.0586 depth=0.0643
  Epoch 13 [270/440] loss=0.1258 mask=0.0585 depth=0.0630
  Epoch 13 [280/440] loss=0.1255 mask=0.0584 depth=0.0645
  Epoch 13 [290/440] loss=0.1247 mask=0.0578 depth=0.0656
  Epoch 13 [300/440] loss=0.1248 mask=0.0579 depth=0.0662
  Epoch 13 [310/440] loss=0.1243 mask=0.0576 depth=0.0662
  Epoch 13 [320/440] loss=0.1249 mask=0.0579 depth=0.0660
  Epoch 13 [330/440] loss=0.1247 mask=0.0577 depth=0.0689
  Epoch 13 [340/440] loss=0.1241 mask=0.0575 depth=0.0680
  Epoch 13 [350/440] loss=0.1234 mask=0.0571 depth=0.0674
  Epoch 13 [360/440] loss=0.1255 mask=0.0581 depth=0.0668
  Epoch 13 [370/440] loss=0.1248 mask=0.0578 depth=0.0663
  Epoch 13 [380/440] loss=0.1247 mask=0.0577 depth=0.0673
  Epoch 13 [390/440] loss=0.1245 mask=0.0577 depth=0.0665
  Epoch 13 [400/440] loss=0.1264 mask=0.0587 depth=0.0663
  Epoch 13 [410/440] loss=0.1262 mask=0.0585 depth=0.0659
  Epoch 13 [420/440] loss=0.1251 mask=0.0580 depth=0.0656
  Epoch 13 [430/440] loss=0.1261 mask=0.0585 depth=0.0649
  Epoch 13 [440/440] loss=0.1269 mask=0.0589 depth=0.0644
  Train: loss=0.1269 mask=0.0589 depth=0.0644 time=231.2s
  Val epoch 13: loss=0.2067
  Saved best phase2 model (val_loss=0.2067)

=== Phase2 Epoch 14/49 ===
  Epoch 14 [10/440] loss=0.1069 mask=0.0482 depth=0.0606
  Epoch 14 [20/440] loss=0.1147 mask=0.0530 depth=0.0698
  Epoch 14 [30/440] loss=0.1310 mask=0.0601 depth=0.0739
  Epoch 14 [40/440] loss=0.1354 mask=0.0619 depth=0.0682
  Epoch 14 [50/440] loss=0.1298 mask=0.0598 depth=0.0650
  Epoch 14 [60/440] loss=0.1293 mask=0.0595 depth=0.0685
  Epoch 14 [70/440] loss=0.1287 mask=0.0595 depth=0.0718
  Epoch 14 [80/440] loss=0.1260 mask=0.0582 depth=0.0663
  Epoch 14 [90/440] loss=0.1270 mask=0.0588 depth=0.0640
  Epoch 14 [100/440] loss=0.1309 mask=0.0609 depth=0.0614
  Epoch 14 [110/440] loss=0.1318 mask=0.0608 depth=0.0596
  Epoch 14 [120/440] loss=0.1293 mask=0.0597 depth=0.0614
  Epoch 14 [130/440] loss=0.1261 mask=0.0582 depth=0.0604
  Epoch 14 [140/440] loss=0.1289 mask=0.0597 depth=0.0591
  Epoch 14 [150/440] loss=0.1268 mask=0.0587 depth=0.0590
  Epoch 14 [160/440] loss=0.1285 mask=0.0596 depth=0.0607
  Epoch 14 [170/440] loss=0.1266 mask=0.0588 depth=0.0616
  Epoch 14 [180/440] loss=0.1277 mask=0.0594 depth=0.0620
  Epoch 14 [190/440] loss=0.1266 mask=0.0589 depth=0.0618
  Epoch 14 [200/440] loss=0.1250 mask=0.0580 depth=0.0626
  Epoch 14 [210/440] loss=0.1253 mask=0.0582 depth=0.0618
  Epoch 14 [220/440] loss=0.1238 mask=0.0576 depth=0.0613
  Epoch 14 [230/440] loss=0.1238 mask=0.0576 depth=0.0608
  Epoch 14 [240/440] loss=0.1227 mask=0.0571 depth=0.0603
  Epoch 14 [250/440] loss=0.1215 mask=0.0566 depth=0.0592
  Epoch 14 [260/440] loss=0.1230 mask=0.0573 depth=0.0604
  Epoch 14 [270/440] loss=0.1261 mask=0.0589 depth=0.0594
  Epoch 14 [280/440] loss=0.1253 mask=0.0586 depth=0.0606
  Epoch 14 [290/440] loss=0.1260 mask=0.0589 depth=0.0601
  Epoch 14 [300/440] loss=0.1266 mask=0.0592 depth=0.0594
  Epoch 14 [310/440] loss=0.1270 mask=0.0593 depth=0.0595
  Epoch 14 [320/440] loss=0.1267 mask=0.0592 depth=0.0624
  Epoch 14 [330/440] loss=0.1269 mask=0.0593 depth=0.0625
  Epoch 14 [340/440] loss=0.1273 mask=0.0595 depth=0.0614
  Epoch 14 [350/440] loss=0.1265 mask=0.0591 depth=0.0610
  Epoch 14 [360/440] loss=0.1265 mask=0.0591 depth=0.0635
  Epoch 14 [370/440] loss=0.1250 mask=0.0584 depth=0.0629
  Epoch 14 [380/440] loss=0.1240 mask=0.0579 depth=0.0629
  Epoch 14 [390/440] loss=0.1234 mask=0.0575 depth=0.0635
  Epoch 14 [400/440] loss=0.1240 mask=0.0578 depth=0.0632
  Epoch 14 [410/440] loss=0.1239 mask=0.0577 depth=0.0626
  Epoch 14 [420/440] loss=0.1243 mask=0.0578 depth=0.0628
  Epoch 14 [430/440] loss=0.1242 mask=0.0578 depth=0.0620
  Epoch 14 [440/440] loss=0.1238 mask=0.0576 depth=0.0612
  Train: loss=0.1238 mask=0.0576 depth=0.0612 time=225.7s
  Val epoch 14: loss=0.2065
  Saved best phase2 model (val_loss=0.2065)

=== Phase2 Epoch 15/49 ===
  Epoch 15 [10/440] loss=0.1247 mask=0.0601 depth=0.0683
  Epoch 15 [20/440] loss=0.1105 mask=0.0524 depth=0.0783
  Epoch 15 [30/440] loss=0.1197 mask=0.0559 depth=0.0734
  Epoch 15 [40/440] loss=0.1128 mask=0.0525 depth=0.0718
  Epoch 15 [50/440] loss=0.1149 mask=0.0537 depth=0.0627
  Epoch 15 [60/440] loss=0.1199 mask=0.0558 depth=0.0667
  Epoch 15 [70/440] loss=0.1147 mask=0.0534 depth=0.0613
  Epoch 15 [80/440] loss=0.1142 mask=0.0533 depth=0.0580
  Epoch 15 [90/440] loss=0.1154 mask=0.0542 depth=0.0563
  Epoch 15 [100/440] loss=0.1134 mask=0.0532 depth=0.0559
  Epoch 15 [110/440] loss=0.1177 mask=0.0554 depth=0.0547
  Epoch 15 [120/440] loss=0.1167 mask=0.0548 depth=0.0544
  Epoch 15 [130/440] loss=0.1166 mask=0.0547 depth=0.0538
  Epoch 15 [140/440] loss=0.1156 mask=0.0541 depth=0.0552
  Epoch 15 [150/440] loss=0.1159 mask=0.0542 depth=0.0540
  Epoch 15 [160/440] loss=0.1201 mask=0.0563 depth=0.0542
  Epoch 15 [170/440] loss=0.1212 mask=0.0567 depth=0.0542
  Epoch 15 [180/440] loss=0.1192 mask=0.0558 depth=0.0530
  Epoch 15 [190/440] loss=0.1215 mask=0.0568 depth=0.0526
  Epoch 15 [200/440] loss=0.1228 mask=0.0572 depth=0.0513
  Epoch 15 [210/440] loss=0.1228 mask=0.0572 depth=0.0515
  Epoch 15 [220/440] loss=0.1215 mask=0.0567 depth=0.0518
  Epoch 15 [230/440] loss=0.1214 mask=0.0566 depth=0.0564
  Epoch 15 [240/440] loss=0.1224 mask=0.0569 depth=0.0569
  Epoch 15 [250/440] loss=0.1253 mask=0.0584 depth=0.0574
  Epoch 15 [260/440] loss=0.1255 mask=0.0584 depth=0.0572
  Epoch 15 [270/440] loss=0.1256 mask=0.0586 depth=0.0564
  Epoch 15 [280/440] loss=0.1238 mask=0.0577 depth=0.0564
  Epoch 15 [290/440] loss=0.1241 mask=0.0578 depth=0.0585
  Epoch 15 [300/440] loss=0.1250 mask=0.0582 depth=0.0592
  Epoch 15 [310/440] loss=0.1245 mask=0.0579 depth=0.0594
  Epoch 15 [320/440] loss=0.1239 mask=0.0577 depth=0.0602
  Epoch 15 [330/440] loss=0.1250 mask=0.0582 depth=0.0615
  Epoch 15 [340/440] loss=0.1251 mask=0.0583 depth=0.0612
  Epoch 15 [350/440] loss=0.1252 mask=0.0583 depth=0.0608
  Epoch 15 [360/440] loss=0.1252 mask=0.0583 depth=0.0607
  Epoch 15 [370/440] loss=0.1262 mask=0.0588 depth=0.0602
  Epoch 15 [380/440] loss=0.1253 mask=0.0583 depth=0.0598
  Epoch 15 [390/440] loss=0.1245 mask=0.0580 depth=0.0595
  Epoch 15 [400/440] loss=0.1239 mask=0.0577 depth=0.0597
  Epoch 15 [410/440] loss=0.1232 mask=0.0574 depth=0.0595
  Epoch 15 [420/440] loss=0.1224 mask=0.0571 depth=0.0596
  Epoch 15 [430/440] loss=0.1219 mask=0.0569 depth=0.0597
  Epoch 15 [440/440] loss=0.1221 mask=0.0569 depth=0.0593
  Train: loss=0.1221 mask=0.0569 depth=0.0593 time=226.5s
  Val epoch 15: loss=0.2066

=== Phase2 Epoch 16/49 ===
  Epoch 16 [10/440] loss=0.1029 mask=0.0483 depth=0.1583
  Epoch 16 [20/440] loss=0.1163 mask=0.0547 depth=0.1052
  Epoch 16 [30/440] loss=0.1171 mask=0.0517 depth=0.0822
  Epoch 16 [40/440] loss=0.1160 mask=0.0524 depth=0.0692
  Epoch 16 [50/440] loss=0.1153 mask=0.0525 depth=0.0618
  Epoch 16 [60/440] loss=0.1170 mask=0.0532 depth=0.0628
  Epoch 16 [70/440] loss=0.1190 mask=0.0544 depth=0.0592
  Epoch 16 [80/440] loss=0.1171 mask=0.0537 depth=0.0593
  Epoch 16 [90/440] loss=0.1189 mask=0.0545 depth=0.0585
  Epoch 16 [100/440] loss=0.1261 mask=0.0583 depth=0.0605
  Epoch 16 [110/440] loss=0.1257 mask=0.0580 depth=0.0590
  Epoch 16 [120/440] loss=0.1293 mask=0.0600 depth=0.0564
  Epoch 16 [130/440] loss=0.1275 mask=0.0591 depth=0.0567
  Epoch 16 [140/440] loss=0.1250 mask=0.0581 depth=0.0556
  Epoch 16 [150/440] loss=0.1219 mask=0.0567 depth=0.0545
  Epoch 16 [160/440] loss=0.1210 mask=0.0562 depth=0.0566
  Epoch 16 [170/440] loss=0.1199 mask=0.0558 depth=0.0553
  Epoch 16 [180/440] loss=0.1197 mask=0.0556 depth=0.0553
  Epoch 16 [190/440] loss=0.1185 mask=0.0551 depth=0.0553
  Epoch 16 [200/440] loss=0.1216 mask=0.0564 depth=0.0540
  Epoch 16 [210/440] loss=0.1211 mask=0.0562 depth=0.0545
  Epoch 16 [220/440] loss=0.1197 mask=0.0556 depth=0.0552
  Epoch 16 [230/440] loss=0.1188 mask=0.0552 depth=0.0562
  Epoch 16 [240/440] loss=0.1200 mask=0.0558 depth=0.0558
  Epoch 16 [250/440] loss=0.1198 mask=0.0557 depth=0.0552
  Epoch 16 [260/440] loss=0.1214 mask=0.0564 depth=0.0550
  Epoch 16 [270/440] loss=0.1197 mask=0.0556 depth=0.0549
  Epoch 16 [280/440] loss=0.1199 mask=0.0556 depth=0.0565
  Epoch 16 [290/440] loss=0.1190 mask=0.0552 depth=0.0570
  Epoch 16 [300/440] loss=0.1176 mask=0.0546 depth=0.0566
  Epoch 16 [310/440] loss=0.1181 mask=0.0548 depth=0.0569
  Epoch 16 [320/440] loss=0.1169 mask=0.0543 depth=0.0560
  Epoch 16 [330/440] loss=0.1173 mask=0.0545 depth=0.0556
  Epoch 16 [340/440] loss=0.1171 mask=0.0544 depth=0.0564
  Epoch 16 [350/440] loss=0.1168 mask=0.0543 depth=0.0571
  Epoch 16 [360/440] loss=0.1162 mask=0.0540 depth=0.0564
  Epoch 16 [370/440] loss=0.1164 mask=0.0540 depth=0.0565
  Epoch 16 [380/440] loss=0.1174 mask=0.0546 depth=0.0562
  Epoch 16 [390/440] loss=0.1175 mask=0.0546 depth=0.0558
  Epoch 16 [400/440] loss=0.1174 mask=0.0545 depth=0.0562
  Epoch 16 [410/440] loss=0.1181 mask=0.0549 depth=0.0564
  Epoch 16 [420/440] loss=0.1188 mask=0.0552 depth=0.0575
  Epoch 16 [430/440] loss=0.1198 mask=0.0557 depth=0.0571
  Epoch 16 [440/440] loss=0.1206 mask=0.0561 depth=0.0579
  Train: loss=0.1206 mask=0.0561 depth=0.0579 time=229.5s
  Val epoch 16: loss=0.2026
  Saved best phase2 model (val_loss=0.2026)

=== Phase2 Epoch 17/49 ===
  Epoch 17 [10/440] loss=0.1256 mask=0.0575 depth=0.0557
  Epoch 17 [20/440] loss=0.1279 mask=0.0606 depth=0.0603
  Epoch 17 [30/440] loss=0.1267 mask=0.0604 depth=0.0501
  Epoch 17 [40/440] loss=0.1277 mask=0.0612 depth=0.0458
  Epoch 17 [50/440] loss=0.1211 mask=0.0579 depth=0.0437
  Epoch 17 [60/440] loss=0.1193 mask=0.0565 depth=0.0440
  Epoch 17 [70/440] loss=0.1237 mask=0.0577 depth=0.0578
  Epoch 17 [80/440] loss=0.1199 mask=0.0559 depth=0.0604
  Epoch 17 [90/440] loss=0.1206 mask=0.0561 depth=0.0573
  Epoch 17 [100/440] loss=0.1185 mask=0.0551 depth=0.0586
  Epoch 17 [110/440] loss=0.1159 mask=0.0540 depth=0.0580
  Epoch 17 [120/440] loss=0.1174 mask=0.0549 depth=0.0550
  Epoch 17 [130/440] loss=0.1161 mask=0.0541 depth=0.0544
  Epoch 17 [140/440] loss=0.1145 mask=0.0535 depth=0.0543
  Epoch 17 [150/440] loss=0.1147 mask=0.0535 depth=0.0535
  Epoch 17 [160/440] loss=0.1125 mask=0.0525 depth=0.0526
  Epoch 17 [170/440] loss=0.1137 mask=0.0531 depth=0.0545
  Epoch 17 [180/440] loss=0.1125 mask=0.0526 depth=0.0540
  Epoch 17 [190/440] loss=0.1117 mask=0.0522 depth=0.0562
  Epoch 17 [200/440] loss=0.1104 mask=0.0515 depth=0.0560
  Epoch 17 [210/440] loss=0.1116 mask=0.0520 depth=0.0557
  Epoch 17 [220/440] loss=0.1141 mask=0.0531 depth=0.0564
  Epoch 17 [230/440] loss=0.1173 mask=0.0548 depth=0.0575
  Epoch 17 [240/440] loss=0.1179 mask=0.0551 depth=0.0563
  Epoch 17 [250/440] loss=0.1221 mask=0.0571 depth=0.0576
  Epoch 17 [260/440] loss=0.1204 mask=0.0563 depth=0.0579
  Epoch 17 [270/440] loss=0.1216 mask=0.0568 depth=0.0576
  Epoch 17 [280/440] loss=0.1201 mask=0.0561 depth=0.0588
  Epoch 17 [290/440] loss=0.1190 mask=0.0555 depth=0.0591
  Epoch 17 [300/440] loss=0.1176 mask=0.0549 depth=0.0583
  Epoch 17 [310/440] loss=0.1175 mask=0.0548 depth=0.0577
  Epoch 17 [320/440] loss=0.1182 mask=0.0552 depth=0.0566
  Epoch 17 [330/440] loss=0.1183 mask=0.0553 depth=0.0558
  Epoch 17 [340/440] loss=0.1176 mask=0.0548 depth=0.0568
  Epoch 17 [350/440] loss=0.1173 mask=0.0547 depth=0.0564
  Epoch 17 [360/440] loss=0.1180 mask=0.0550 depth=0.0574
  Epoch 17 [370/440] loss=0.1184 mask=0.0551 depth=0.0568
  Epoch 17 [380/440] loss=0.1181 mask=0.0550 depth=0.0562
  Epoch 17 [390/440] loss=0.1191 mask=0.0555 depth=0.0567
  Epoch 17 [400/440] loss=0.1183 mask=0.0551 depth=0.0563
  Epoch 17 [410/440] loss=0.1184 mask=0.0551 depth=0.0565
  Epoch 17 [420/440] loss=0.1179 mask=0.0549 depth=0.0564
  Epoch 17 [430/440] loss=0.1179 mask=0.0549 depth=0.0563
  Epoch 17 [440/440] loss=0.1179 mask=0.0549 depth=0.0559
  Train: loss=0.1179 mask=0.0549 depth=0.0559 time=228.7s
  Val epoch 17: loss=0.2031

=== Phase2 Epoch 18/49 ===
  Epoch 18 [10/440] loss=0.1635 mask=0.0760 depth=0.0356
  Epoch 18 [20/440] loss=0.1220 mask=0.0555 depth=0.0543
  Epoch 18 [30/440] loss=0.1158 mask=0.0531 depth=0.0492
  Epoch 18 [40/440] loss=0.1064 mask=0.0491 depth=0.0490
  Epoch 18 [50/440] loss=0.1089 mask=0.0501 depth=0.0507
  Epoch 18 [60/440] loss=0.1056 mask=0.0485 depth=0.0471
  Epoch 18 [70/440] loss=0.1038 mask=0.0476 depth=0.0466
  Epoch 18 [80/440] loss=0.1042 mask=0.0480 depth=0.0433
  Epoch 18 [90/440] loss=0.1099 mask=0.0508 depth=0.0407
  Epoch 18 [100/440] loss=0.1131 mask=0.0524 depth=0.0444
  Epoch 18 [110/440] loss=0.1110 mask=0.0513 depth=0.0450
  Epoch 18 [120/440] loss=0.1096 mask=0.0506 depth=0.0465
  Epoch 18 [130/440] loss=0.1074 mask=0.0496 depth=0.0455
  Epoch 18 [140/440] loss=0.1085 mask=0.0497 depth=0.0467
  Epoch 18 [150/440] loss=0.1097 mask=0.0504 depth=0.0496
  Epoch 18 [160/440] loss=0.1091 mask=0.0500 depth=0.0508
  Epoch 18 [170/440] loss=0.1145 mask=0.0527 depth=0.0516
  Epoch 18 [180/440] loss=0.1151 mask=0.0530 depth=0.0499
  Epoch 18 [190/440] loss=0.1140 mask=0.0525 depth=0.0496
  Epoch 18 [200/440] loss=0.1152 mask=0.0530 depth=0.0508
  Epoch 18 [210/440] loss=0.1137 mask=0.0523 depth=0.0502
  Epoch 18 [220/440] loss=0.1135 mask=0.0522 depth=0.0515
  Epoch 18 [230/440] loss=0.1161 mask=0.0535 depth=0.0516
  Epoch 18 [240/440] loss=0.1185 mask=0.0546 depth=0.0512
  Epoch 18 [250/440] loss=0.1169 mask=0.0539 depth=0.0511
  Epoch 18 [260/440] loss=0.1194 mask=0.0551 depth=0.0513
  Epoch 18 [270/440] loss=0.1181 mask=0.0545 depth=0.0510
  Epoch 18 [280/440] loss=0.1184 mask=0.0546 depth=0.0510
  Epoch 18 [290/440] loss=0.1180 mask=0.0544 depth=0.0517
  Epoch 18 [300/440] loss=0.1168 mask=0.0539 depth=0.0516
  Epoch 18 [310/440] loss=0.1164 mask=0.0537 depth=0.0521
  Epoch 18 [320/440] loss=0.1163 mask=0.0537 depth=0.0511
  Epoch 18 [330/440] loss=0.1165 mask=0.0538 depth=0.0512
  Epoch 18 [340/440] loss=0.1158 mask=0.0535 depth=0.0505
  Epoch 18 [350/440] loss=0.1156 mask=0.0534 depth=0.0509
  Epoch 18 [360/440] loss=0.1152 mask=0.0532 depth=0.0514
  Epoch 18 [370/440] loss=0.1150 mask=0.0531 depth=0.0519
  Epoch 18 [380/440] loss=0.1141 mask=0.0527 depth=0.0516
  Epoch 18 [390/440] loss=0.1136 mask=0.0525 depth=0.0510
  Epoch 18 [400/440] loss=0.1142 mask=0.0527 depth=0.0508
  Epoch 18 [410/440] loss=0.1148 mask=0.0530 depth=0.0502
  Epoch 18 [420/440] loss=0.1148 mask=0.0531 depth=0.0500
  Epoch 18 [430/440] loss=0.1150 mask=0.0532 depth=0.0500
  Epoch 18 [440/440] loss=0.1151 mask=0.0533 depth=0.0493
  Train: loss=0.1151 mask=0.0533 depth=0.0493 time=230.3s
  Val epoch 18: loss=0.1996
  Saved best phase2 model (val_loss=0.1996)

=== Phase2 Epoch 19/49 ===
  Epoch 19 [10/440] loss=0.0911 mask=0.0412 depth=0.0668
  Epoch 19 [20/440] loss=0.1255 mask=0.0577 depth=0.0546
  Epoch 19 [30/440] loss=0.1196 mask=0.0549 depth=0.0478
  Epoch 19 [40/440] loss=0.1216 mask=0.0563 depth=0.0477
  Epoch 19 [50/440] loss=0.1177 mask=0.0542 depth=0.0530
  Epoch 19 [60/440] loss=0.1222 mask=0.0567 depth=0.0525
  Epoch 19 [70/440] loss=0.1214 mask=0.0565 depth=0.0542
  Epoch 19 [80/440] loss=0.1159 mask=0.0540 depth=0.0524
  Epoch 19 [90/440] loss=0.1182 mask=0.0551 depth=0.0507
  Epoch 19 [100/440] loss=0.1191 mask=0.0554 depth=0.0485
  Epoch 19 [110/440] loss=0.1177 mask=0.0549 depth=0.0487
  Epoch 19 [120/440] loss=0.1144 mask=0.0534 depth=0.0476
  Epoch 19 [130/440] loss=0.1129 mask=0.0526 depth=0.0481
  Epoch 19 [140/440] loss=0.1119 mask=0.0521 depth=0.0480
  Epoch 19 [150/440] loss=0.1102 mask=0.0512 depth=0.0472
  Epoch 19 [160/440] loss=0.1092 mask=0.0508 depth=0.0459
  Epoch 19 [170/440] loss=0.1116 mask=0.0518 depth=0.0494
  Epoch 19 [180/440] loss=0.1118 mask=0.0519 depth=0.0494
  Epoch 19 [190/440] loss=0.1115 mask=0.0519 depth=0.0484
  Epoch 19 [200/440] loss=0.1120 mask=0.0521 depth=0.0483
  Epoch 19 [210/440] loss=0.1123 mask=0.0523 depth=0.0477
  Epoch 19 [220/440] loss=0.1111 mask=0.0516 depth=0.0481
  Epoch 19 [230/440] loss=0.1100 mask=0.0511 depth=0.0497
  Epoch 19 [240/440] loss=0.1109 mask=0.0515 depth=0.0493
  Epoch 19 [250/440] loss=0.1107 mask=0.0515 depth=0.0487
  Epoch 19 [260/440] loss=0.1128 mask=0.0524 depth=0.0483
  Epoch 19 [270/440] loss=0.1138 mask=0.0529 depth=0.0477
  Epoch 19 [280/440] loss=0.1137 mask=0.0528 depth=0.0477
  Epoch 19 [290/440] loss=0.1135 mask=0.0526 depth=0.0492
  Epoch 19 [300/440] loss=0.1154 mask=0.0534 depth=0.0489
  Epoch 19 [310/440] loss=0.1141 mask=0.0528 depth=0.0479
  Epoch 19 [320/440] loss=0.1158 mask=0.0536 depth=0.0480
  Epoch 19 [330/440] loss=0.1150 mask=0.0532 depth=0.0478
  Epoch 19 [340/440] loss=0.1140 mask=0.0527 depth=0.0498
  Epoch 19 [350/440] loss=0.1130 mask=0.0522 depth=0.0507
  Epoch 19 [360/440] loss=0.1127 mask=0.0521 depth=0.0520
  Epoch 19 [370/440] loss=0.1124 mask=0.0519 depth=0.0515
  Epoch 19 [380/440] loss=0.1122 mask=0.0518 depth=0.0519
  Epoch 19 [390/440] loss=0.1133 mask=0.0523 depth=0.0520
  Epoch 19 [400/440] loss=0.1131 mask=0.0522 depth=0.0518
  Epoch 19 [410/440] loss=0.1128 mask=0.0521 depth=0.0520
  Epoch 19 [420/440] loss=0.1125 mask=0.0519 depth=0.0515
  Epoch 19 [430/440] loss=0.1139 mask=0.0527 depth=0.0514
  Epoch 19 [440/440] loss=0.1133 mask=0.0524 depth=0.0510
  Train: loss=0.1133 mask=0.0524 depth=0.0510 time=230.5s
  Val epoch 19: loss=0.2035

=== Phase2 Epoch 20/49 ===
  Epoch 20 [10/440] loss=0.1175 mask=0.0569 depth=0.0745
  Epoch 20 [20/440] loss=0.1341 mask=0.0645 depth=0.0614
  Epoch 20 [30/440] loss=0.1152 mask=0.0550 depth=0.0604
  Epoch 20 [40/440] loss=0.1042 mask=0.0497 depth=0.0591
  Epoch 20 [50/440] loss=0.1058 mask=0.0503 depth=0.0623
  Epoch 20 [60/440] loss=0.1076 mask=0.0511 depth=0.0590
  Epoch 20 [70/440] loss=0.1045 mask=0.0493 depth=0.0586
  Epoch 20 [80/440] loss=0.1086 mask=0.0511 depth=0.0556
  Epoch 20 [90/440] loss=0.1065 mask=0.0500 depth=0.0552
  Epoch 20 [100/440] loss=0.1088 mask=0.0510 depth=0.0548
  Epoch 20 [110/440] loss=0.1079 mask=0.0505 depth=0.0557
  Epoch 20 [120/440] loss=0.1117 mask=0.0524 depth=0.0527
  Epoch 20 [130/440] loss=0.1117 mask=0.0523 depth=0.0521
  Epoch 20 [140/440] loss=0.1119 mask=0.0522 depth=0.0500
  Epoch 20 [150/440] loss=0.1121 mask=0.0524 depth=0.0506
  Epoch 20 [160/440] loss=0.1114 mask=0.0520 depth=0.0489
  Epoch 20 [170/440] loss=0.1121 mask=0.0524 depth=0.0479
  Epoch 20 [180/440] loss=0.1119 mask=0.0522 depth=0.0473
  Epoch 20 [190/440] loss=0.1129 mask=0.0528 depth=0.0460
  Epoch 20 [200/440] loss=0.1150 mask=0.0537 depth=0.0459
  Epoch 20 [210/440] loss=0.1154 mask=0.0539 depth=0.0459
  Epoch 20 [220/440] loss=0.1139 mask=0.0532 depth=0.0453
  Epoch 20 [230/440] loss=0.1134 mask=0.0530 depth=0.0450
  Epoch 20 [240/440] loss=0.1125 mask=0.0524 depth=0.0443
  Epoch 20 [250/440] loss=0.1122 mask=0.0522 depth=0.0440
  Epoch 20 [260/440] loss=0.1112 mask=0.0518 depth=0.0434
  Epoch 20 [270/440] loss=0.1111 mask=0.0517 depth=0.0429
  Epoch 20 [280/440] loss=0.1106 mask=0.0515 depth=0.0434
  Epoch 20 [290/440] loss=0.1124 mask=0.0521 depth=0.0437
  Epoch 20 [300/440] loss=0.1115 mask=0.0517 depth=0.0431
  Epoch 20 [310/440] loss=0.1109 mask=0.0513 depth=0.0427
  Epoch 20 [320/440] loss=0.1102 mask=0.0510 depth=0.0437
  Epoch 20 [330/440] loss=0.1095 mask=0.0507 depth=0.0435
  Epoch 20 [340/440] loss=0.1093 mask=0.0506 depth=0.0430
  Epoch 20 [350/440] loss=0.1087 mask=0.0503 depth=0.0437
  Epoch 20 [360/440] loss=0.1094 mask=0.0507 depth=0.0435
  Epoch 20 [370/440] loss=0.1103 mask=0.0510 depth=0.0440
  Epoch 20 [380/440] loss=0.1097 mask=0.0507 depth=0.0435
  Epoch 20 [390/440] loss=0.1094 mask=0.0506 depth=0.0443
  Epoch 20 [400/440] loss=0.1092 mask=0.0506 depth=0.0439
  Epoch 20 [410/440] loss=0.1088 mask=0.0503 depth=0.0445
  Epoch 20 [420/440] loss=0.1099 mask=0.0509 depth=0.0442
  Epoch 20 [430/440] loss=0.1095 mask=0.0507 depth=0.0437
  Epoch 20 [440/440] loss=0.1094 mask=0.0507 depth=0.0434
  Train: loss=0.1094 mask=0.0507 depth=0.0434 time=226.7s
  Val epoch 20: loss=0.2016

=== Phase2 Epoch 21/49 ===
  Epoch 21 [10/440] loss=0.1026 mask=0.0466 depth=0.0540
  Epoch 21 [20/440] loss=0.0982 mask=0.0454 depth=0.0364
  Epoch 21 [30/440] loss=0.0951 mask=0.0433 depth=0.0342
  Epoch 21 [40/440] loss=0.0960 mask=0.0437 depth=0.0340
  Epoch 21 [50/440] loss=0.0960 mask=0.0437 depth=0.0390
  Epoch 21 [60/440] loss=0.1046 mask=0.0481 depth=0.0400
  Epoch 21 [70/440] loss=0.1088 mask=0.0503 depth=0.0378
  Epoch 21 [80/440] loss=0.1116 mask=0.0512 depth=0.0392
  Epoch 21 [90/440] loss=0.1104 mask=0.0506 depth=0.0409
  Epoch 21 [100/440] loss=0.1120 mask=0.0507 depth=0.0403
  Epoch 21 [110/440] loss=0.1100 mask=0.0498 depth=0.0409
  Epoch 21 [120/440] loss=0.1088 mask=0.0494 depth=0.0418
  Epoch 21 [130/440] loss=0.1076 mask=0.0489 depth=0.0407
  Epoch 21 [140/440] loss=0.1058 mask=0.0482 depth=0.0398
  Epoch 21 [150/440] loss=0.1047 mask=0.0478 depth=0.0391
  Epoch 21 [160/440] loss=0.1055 mask=0.0482 depth=0.0402
  Epoch 21 [170/440] loss=0.1048 mask=0.0480 depth=0.0406
  Epoch 21 [180/440] loss=0.1054 mask=0.0484 depth=0.0398
  Epoch 21 [190/440] loss=0.1058 mask=0.0486 depth=0.0420
  Epoch 21 [200/440] loss=0.1058 mask=0.0486 depth=0.0411
  Epoch 21 [210/440] loss=0.1058 mask=0.0486 depth=0.0404
  Epoch 21 [220/440] loss=0.1070 mask=0.0492 depth=0.0405
  Epoch 21 [230/440] loss=0.1066 mask=0.0490 depth=0.0415
  Epoch 21 [240/440] loss=0.1058 mask=0.0486 depth=0.0419
  Epoch 21 [250/440] loss=0.1051 mask=0.0483 depth=0.0419
  Epoch 21 [260/440] loss=0.1055 mask=0.0486 depth=0.0427
  Epoch 21 [270/440] loss=0.1047 mask=0.0481 depth=0.0425
  Epoch 21 [280/440] loss=0.1034 mask=0.0476 depth=0.0432
  Epoch 21 [290/440] loss=0.1039 mask=0.0479 depth=0.0427
  Epoch 21 [300/440] loss=0.1033 mask=0.0476 depth=0.0424
  Epoch 21 [310/440] loss=0.1039 mask=0.0480 depth=0.0421
  Epoch 21 [320/440] loss=0.1046 mask=0.0483 depth=0.0427
  Epoch 21 [330/440] loss=0.1041 mask=0.0481 depth=0.0431
  Epoch 21 [340/440] loss=0.1050 mask=0.0485 depth=0.0426
  Epoch 21 [350/440] loss=0.1041 mask=0.0481 depth=0.0420
  Epoch 21 [360/440] loss=0.1049 mask=0.0485 depth=0.0420
  Epoch 21 [370/440] loss=0.1050 mask=0.0485 depth=0.0416
  Epoch 21 [380/440] loss=0.1050 mask=0.0485 depth=0.0416
  Epoch 21 [390/440] loss=0.1058 mask=0.0490 depth=0.0408
  Epoch 21 [400/440] loss=0.1057 mask=0.0489 depth=0.0418
  Epoch 21 [410/440] loss=0.1063 mask=0.0492 depth=0.0420
  Epoch 21 [420/440] loss=0.1059 mask=0.0490 depth=0.0417
  Epoch 21 [430/440] loss=0.1064 mask=0.0492 depth=0.0427
  Epoch 21 [440/440] loss=0.1062 mask=0.0490 depth=0.0429
  Train: loss=0.1062 mask=0.0490 depth=0.0429 time=223.9s
  Val epoch 21: loss=0.1998

=== Phase2 Epoch 22/49 ===
  Epoch 22 [10/440] loss=0.0861 mask=0.0394 depth=0.0486
  Epoch 22 [20/440] loss=0.0920 mask=0.0424 depth=0.0470
  Epoch 22 [30/440] loss=0.1059 mask=0.0484 depth=0.0446
  Epoch 22 [40/440] loss=0.1057 mask=0.0486 depth=0.0387
  Epoch 22 [50/440] loss=0.1060 mask=0.0488 depth=0.0357
  Epoch 22 [60/440] loss=0.1108 mask=0.0513 depth=0.0365
  Epoch 22 [70/440] loss=0.1128 mask=0.0521 depth=0.0354
  Epoch 22 [80/440] loss=0.1092 mask=0.0505 depth=0.0369
  Epoch 22 [90/440] loss=0.1087 mask=0.0506 depth=0.0362
  Epoch 22 [100/440] loss=0.1071 mask=0.0499 depth=0.0340
  Epoch 22 [110/440] loss=0.1051 mask=0.0490 depth=0.0345
  Epoch 22 [120/440] loss=0.1040 mask=0.0484 depth=0.0356
  Epoch 22 [130/440] loss=0.1011 mask=0.0471 depth=0.0347
  Epoch 22 [140/440] loss=0.0998 mask=0.0465 depth=0.0357
  Epoch 22 [150/440] loss=0.1015 mask=0.0473 depth=0.0350
  Epoch 22 [160/440] loss=0.1004 mask=0.0467 depth=0.0361
  Epoch 22 [170/440] loss=0.1012 mask=0.0470 depth=0.0359
  Epoch 22 [180/440] loss=0.1014 mask=0.0470 depth=0.0348
  Epoch 22 [190/440] loss=0.1032 mask=0.0479 depth=0.0350
  Epoch 22 [200/440] loss=0.1020 mask=0.0473 depth=0.0342
  Epoch 22 [210/440] loss=0.1004 mask=0.0465 depth=0.0343
  Epoch 22 [220/440] loss=0.0998 mask=0.0462 depth=0.0344
  Epoch 22 [230/440] loss=0.1009 mask=0.0468 depth=0.0346
  Epoch 22 [240/440] loss=0.1035 mask=0.0480 depth=0.0346
  Epoch 22 [250/440] loss=0.1029 mask=0.0477 depth=0.0361
  Epoch 22 [260/440] loss=0.1032 mask=0.0478 depth=0.0365
  Epoch 22 [270/440] loss=0.1021 mask=0.0473 depth=0.0362
  Epoch 22 [280/440] loss=0.1021 mask=0.0473 depth=0.0359
  Epoch 22 [290/440] loss=0.1013 mask=0.0469 depth=0.0359
  Epoch 22 [300/440] loss=0.1012 mask=0.0469 depth=0.0358
  Epoch 22 [310/440] loss=0.1019 mask=0.0472 depth=0.0354
  Epoch 22 [320/440] loss=0.1019 mask=0.0472 depth=0.0359
  Epoch 22 [330/440] loss=0.1019 mask=0.0472 depth=0.0370
  Epoch 22 [340/440] loss=0.1018 mask=0.0471 depth=0.0381
  Epoch 22 [350/440] loss=0.1038 mask=0.0481 depth=0.0380
  Epoch 22 [360/440] loss=0.1044 mask=0.0483 depth=0.0397
  Epoch 22 [370/440] loss=0.1051 mask=0.0487 depth=0.0394
  Epoch 22 [380/440] loss=0.1052 mask=0.0486 depth=0.0390
  Epoch 22 [390/440] loss=0.1056 mask=0.0488 depth=0.0393
  Epoch 22 [400/440] loss=0.1052 mask=0.0487 depth=0.0399
  Epoch 22 [410/440] loss=0.1062 mask=0.0492 depth=0.0395
  Epoch 22 [420/440] loss=0.1062 mask=0.0492 depth=0.0395
  Epoch 22 [430/440] loss=0.1063 mask=0.0493 depth=0.0404
  Epoch 22 [440/440] loss=0.1056 mask=0.0489 depth=0.0411
  Train: loss=0.1056 mask=0.0489 depth=0.0411 time=225.6s
  Val epoch 22: loss=0.2017

=== Phase2 Epoch 23/49 ===
  Epoch 23 [10/440] loss=0.1304 mask=0.0601 depth=0.0279
  Epoch 23 [20/440] loss=0.1155 mask=0.0536 depth=0.0273
  Epoch 23 [30/440] loss=0.1108 mask=0.0508 depth=0.0384
  Epoch 23 [40/440] loss=0.1135 mask=0.0521 depth=0.0411
  Epoch 23 [50/440] loss=0.1059 mask=0.0487 depth=0.0374
  Epoch 23 [60/440] loss=0.1131 mask=0.0526 depth=0.0344
  Epoch 23 [70/440] loss=0.1139 mask=0.0529 depth=0.0344
  Epoch 23 [80/440] loss=0.1111 mask=0.0516 depth=0.0330
  Epoch 23 [90/440] loss=0.1141 mask=0.0532 depth=0.0332
  Epoch 23 [100/440] loss=0.1191 mask=0.0556 depth=0.0343
  Epoch 23 [110/440] loss=0.1158 mask=0.0541 depth=0.0328
  Epoch 23 [120/440] loss=0.1145 mask=0.0534 depth=0.0330
  Epoch 23 [130/440] loss=0.1125 mask=0.0524 depth=0.0348
  Epoch 23 [140/440] loss=0.1110 mask=0.0516 depth=0.0358
  Epoch 23 [150/440] loss=0.1105 mask=0.0515 depth=0.0351
  Epoch 23 [160/440] loss=0.1117 mask=0.0521 depth=0.0352
  Epoch 23 [170/440] loss=0.1111 mask=0.0518 depth=0.0358
  Epoch 23 [180/440] loss=0.1101 mask=0.0513 depth=0.0368
  Epoch 23 [190/440] loss=0.1086 mask=0.0505 depth=0.0358
  Epoch 23 [200/440] loss=0.1066 mask=0.0495 depth=0.0362
  Epoch 23 [210/440] loss=0.1063 mask=0.0493 depth=0.0373
  Epoch 23 [220/440] loss=0.1062 mask=0.0493 depth=0.0386
  Epoch 23 [230/440] loss=0.1052 mask=0.0487 depth=0.0392
  Epoch 23 [240/440] loss=0.1037 mask=0.0480 depth=0.0397
  Epoch 23 [250/440] loss=0.1032 mask=0.0477 depth=0.0394
  Epoch 23 [260/440] loss=0.1027 mask=0.0475 depth=0.0405
  Epoch 23 [270/440] loss=0.1027 mask=0.0475 depth=0.0403
  Epoch 23 [280/440] loss=0.1013 mask=0.0468 depth=0.0393
  Epoch 23 [290/440] loss=0.1008 mask=0.0466 depth=0.0389
  Epoch 23 [300/440] loss=0.1020 mask=0.0471 depth=0.0387
  Epoch 23 [310/440] loss=0.1020 mask=0.0472 depth=0.0384
  Epoch 23 [320/440] loss=0.1015 mask=0.0469 depth=0.0378
  Epoch 23 [330/440] loss=0.1009 mask=0.0466 depth=0.0395
  Epoch 23 [340/440] loss=0.1007 mask=0.0465 depth=0.0400
  Epoch 23 [350/440] loss=0.1008 mask=0.0466 depth=0.0403
  Epoch 23 [360/440] loss=0.1013 mask=0.0466 depth=0.0403
  Epoch 23 [370/440] loss=0.1007 mask=0.0463 depth=0.0408
  Epoch 23 [380/440] loss=0.1010 mask=0.0464 depth=0.0402
  Epoch 23 [390/440] loss=0.1010 mask=0.0465 depth=0.0405
  Epoch 23 [400/440] loss=0.1022 mask=0.0472 depth=0.0401
  Epoch 23 [410/440] loss=0.1019 mask=0.0470 depth=0.0396
  Epoch 23 [420/440] loss=0.1016 mask=0.0469 depth=0.0395
  Epoch 23 [430/440] loss=0.1023 mask=0.0473 depth=0.0396
  Epoch 23 [440/440] loss=0.1038 mask=0.0480 depth=0.0392
  Train: loss=0.1038 mask=0.0480 depth=0.0392 time=224.0s
  Val epoch 23: loss=0.2023

=== Phase2 Epoch 24/49 ===
  Epoch 24 [10/440] loss=0.0855 mask=0.0410 depth=0.0419
  Epoch 24 [20/440] loss=0.0956 mask=0.0432 depth=0.0360
  Epoch 24 [30/440] loss=0.0943 mask=0.0432 depth=0.0333
  Epoch 24 [40/440] loss=0.1116 mask=0.0514 depth=0.0393
  Epoch 24 [50/440] loss=0.1093 mask=0.0503 depth=0.0379
  Epoch 24 [60/440] loss=0.1131 mask=0.0522 depth=0.0394
  Epoch 24 [70/440] loss=0.1101 mask=0.0508 depth=0.0384
  Epoch 24 [80/440] loss=0.1074 mask=0.0495 depth=0.0378
  Epoch 24 [90/440] loss=0.1041 mask=0.0481 depth=0.0364
  Epoch 24 [100/440] loss=0.1022 mask=0.0473 depth=0.0344
  Epoch 24 [110/440] loss=0.1002 mask=0.0464 depth=0.0326
  Epoch 24 [120/440] loss=0.1000 mask=0.0463 depth=0.0347
  Epoch 24 [130/440] loss=0.0982 mask=0.0453 depth=0.0351
  Epoch 24 [140/440] loss=0.0978 mask=0.0452 depth=0.0358
  Epoch 24 [150/440] loss=0.1038 mask=0.0480 depth=0.0356
  Epoch 24 [160/440] loss=0.1022 mask=0.0471 depth=0.0353
  Epoch 24 [170/440] loss=0.1019 mask=0.0470 depth=0.0349
  Epoch 24 [180/440] loss=0.1029 mask=0.0475 depth=0.0352
  Epoch 24 [190/440] loss=0.1040 mask=0.0479 depth=0.0362
  Epoch 24 [200/440] loss=0.1045 mask=0.0480 depth=0.0377
  Epoch 24 [210/440] loss=0.1047 mask=0.0483 depth=0.0373
  Epoch 24 [220/440] loss=0.1040 mask=0.0480 depth=0.0372
  Epoch 24 [230/440] loss=0.1035 mask=0.0477 depth=0.0377
  Epoch 24 [240/440] loss=0.1034 mask=0.0477 depth=0.0373
  Epoch 24 [250/440] loss=0.1030 mask=0.0475 depth=0.0364
  Epoch 24 [260/440] loss=0.1035 mask=0.0478 depth=0.0370
  Epoch 24 [270/440] loss=0.1049 mask=0.0485 depth=0.0369
  Epoch 24 [280/440] loss=0.1056 mask=0.0488 depth=0.0370
  Epoch 24 [290/440] loss=0.1053 mask=0.0487 depth=0.0377
  Epoch 24 [300/440] loss=0.1044 mask=0.0483 depth=0.0373
  Epoch 24 [310/440] loss=0.1036 mask=0.0478 depth=0.0373
  Epoch 24 [320/440] loss=0.1030 mask=0.0475 depth=0.0370
  Epoch 24 [330/440] loss=0.1041 mask=0.0481 depth=0.0382
  Epoch 24 [340/440] loss=0.1035 mask=0.0478 depth=0.0384
  Epoch 24 [350/440] loss=0.1053 mask=0.0486 depth=0.0386
  Epoch 24 [360/440] loss=0.1052 mask=0.0486 depth=0.0393
  Epoch 24 [370/440] loss=0.1047 mask=0.0484 depth=0.0398
  Epoch 24 [380/440] loss=0.1042 mask=0.0481 depth=0.0394
  Epoch 24 [390/440] loss=0.1036 mask=0.0479 depth=0.0394
  Epoch 24 [400/440] loss=0.1033 mask=0.0477 depth=0.0392
  Epoch 24 [410/440] loss=0.1025 mask=0.0474 depth=0.0393
  Epoch 24 [420/440] loss=0.1027 mask=0.0475 depth=0.0400
  Epoch 24 [430/440] loss=0.1029 mask=0.0475 depth=0.0398
  Epoch 24 [440/440] loss=0.1034 mask=0.0478 depth=0.0395
  Train: loss=0.1034 mask=0.0478 depth=0.0395 time=223.8s
  Val epoch 24: loss=0.2020

=== Phase2 Epoch 25/49 ===
  Epoch 25 [10/440] loss=0.1017 mask=0.0467 depth=0.0334
  Epoch 25 [20/440] loss=0.0917 mask=0.0423 depth=0.0417
  Epoch 25 [30/440] loss=0.0938 mask=0.0433 depth=0.0354
  Epoch 25 [40/440] loss=0.0963 mask=0.0443 depth=0.0369
  Epoch 25 [50/440] loss=0.0975 mask=0.0450 depth=0.0369
  Epoch 25 [60/440] loss=0.0978 mask=0.0454 depth=0.0352
  Epoch 25 [70/440] loss=0.0940 mask=0.0436 depth=0.0350
  Epoch 25 [80/440] loss=0.0937 mask=0.0434 depth=0.0330
  Epoch 25 [90/440] loss=0.0964 mask=0.0445 depth=0.0351
  Epoch 25 [100/440] loss=0.0951 mask=0.0440 depth=0.0356
  Epoch 25 [110/440] loss=0.0975 mask=0.0451 depth=0.0356
  Epoch 25 [120/440] loss=0.0961 mask=0.0444 depth=0.0357
  Epoch 25 [130/440] loss=0.0974 mask=0.0450 depth=0.0366
  Epoch 25 [140/440] loss=0.0980 mask=0.0453 depth=0.0354
  Epoch 25 [150/440] loss=0.0998 mask=0.0461 depth=0.0345
  Epoch 25 [160/440] loss=0.1007 mask=0.0465 depth=0.0350
  Epoch 25 [170/440] loss=0.1023 mask=0.0473 depth=0.0344
  Epoch 25 [180/440] loss=0.1020 mask=0.0472 depth=0.0351
  Epoch 25 [190/440] loss=0.1034 mask=0.0478 depth=0.0354
  Epoch 25 [200/440] loss=0.1027 mask=0.0476 depth=0.0363
  Epoch 25 [210/440] loss=0.1025 mask=0.0475 depth=0.0362
  Epoch 25 [220/440] loss=0.1015 mask=0.0470 depth=0.0366
  Epoch 25 [230/440] loss=0.1017 mask=0.0471 depth=0.0377
  Epoch 25 [240/440] loss=0.1020 mask=0.0473 depth=0.0379
  Epoch 25 [250/440] loss=0.1039 mask=0.0482 depth=0.0379
  Epoch 25 [260/440] loss=0.1033 mask=0.0479 depth=0.0382
  Epoch 25 [270/440] loss=0.1031 mask=0.0479 depth=0.0386
  Epoch 25 [280/440] loss=0.1018 mask=0.0473 depth=0.0386
  Epoch 25 [290/440] loss=0.1016 mask=0.0472 depth=0.0383
  Epoch 25 [300/440] loss=0.1014 mask=0.0470 depth=0.0379
  Epoch 25 [310/440] loss=0.1007 mask=0.0466 depth=0.0373
  Epoch 25 [320/440] loss=0.1010 mask=0.0468 depth=0.0374
  Epoch 25 [330/440] loss=0.1001 mask=0.0464 depth=0.0373
  Epoch 25 [340/440] loss=0.1002 mask=0.0464 depth=0.0369
  Epoch 25 [350/440] loss=0.1017 mask=0.0472 depth=0.0366
  Epoch 25 [360/440] loss=0.1021 mask=0.0473 depth=0.0369
  Epoch 25 [370/440] loss=0.1017 mask=0.0471 depth=0.0364
  Epoch 25 [380/440] loss=0.1013 mask=0.0469 depth=0.0367
  Epoch 25 [390/440] loss=0.1014 mask=0.0469 depth=0.0364
  Epoch 25 [400/440] loss=0.1018 mask=0.0471 depth=0.0366
  Epoch 25 [410/440] loss=0.1027 mask=0.0476 depth=0.0365
  Epoch 25 [420/440] loss=0.1022 mask=0.0473 depth=0.0365
  Epoch 25 [430/440] loss=0.1024 mask=0.0474 depth=0.0368
  Epoch 25 [440/440] loss=0.1024 mask=0.0473 depth=0.0367
  Train: loss=0.1024 mask=0.0473 depth=0.0367 time=226.8s
  Val epoch 25: loss=0.1989
  Saved best phase2 model (val_loss=0.1989)

=== Phase2 Epoch 26/49 ===
  Epoch 26 [10/440] loss=0.1005 mask=0.0468 depth=0.0319
  Epoch 26 [20/440] loss=0.0946 mask=0.0428 depth=0.0430
  Epoch 26 [30/440] loss=0.0977 mask=0.0442 depth=0.0460
  Epoch 26 [40/440] loss=0.1015 mask=0.0464 depth=0.0420
  Epoch 26 [50/440] loss=0.0949 mask=0.0433 depth=0.0389
  Epoch 26 [60/440] loss=0.0952 mask=0.0435 depth=0.0437
  Epoch 26 [70/440] loss=0.0969 mask=0.0444 depth=0.0434
  Epoch 26 [80/440] loss=0.1002 mask=0.0461 depth=0.0414
  Epoch 26 [90/440] loss=0.0995 mask=0.0459 depth=0.0415
  Epoch 26 [100/440] loss=0.0972 mask=0.0449 depth=0.0397
  Epoch 26 [110/440] loss=0.0981 mask=0.0453 depth=0.0391
  Epoch 26 [120/440] loss=0.0984 mask=0.0453 depth=0.0374
  Epoch 26 [130/440] loss=0.0991 mask=0.0455 depth=0.0376
  Epoch 26 [140/440] loss=0.0982 mask=0.0449 depth=0.0390
  Epoch 26 [150/440] loss=0.0969 mask=0.0444 depth=0.0395
  Epoch 26 [160/440] loss=0.0953 mask=0.0437 depth=0.0383
  Epoch 26 [170/440] loss=0.0961 mask=0.0437 depth=0.0405
  Epoch 26 [180/440] loss=0.0952 mask=0.0434 depth=0.0403
  Epoch 26 [190/440] loss=0.0953 mask=0.0434 depth=0.0396
  Epoch 26 [200/440] loss=0.0956 mask=0.0436 depth=0.0412
  Epoch 26 [210/440] loss=0.0969 mask=0.0442 depth=0.0416
  Epoch 26 [220/440] loss=0.0979 mask=0.0448 depth=0.0404
  Epoch 26 [230/440] loss=0.0975 mask=0.0447 depth=0.0400
  Epoch 26 [240/440] loss=0.0968 mask=0.0443 depth=0.0403
  Epoch 26 [250/440] loss=0.0967 mask=0.0442 depth=0.0408
  Epoch 26 [260/440] loss=0.0966 mask=0.0443 depth=0.0406
  Epoch 26 [270/440] loss=0.0968 mask=0.0444 depth=0.0398
  Epoch 26 [280/440] loss=0.0991 mask=0.0454 depth=0.0419
  Epoch 26 [290/440] loss=0.0990 mask=0.0454 depth=0.0412
  Epoch 26 [300/440] loss=0.1000 mask=0.0459 depth=0.0406
  Epoch 26 [310/440] loss=0.0996 mask=0.0457 depth=0.0405
  Epoch 26 [320/440] loss=0.1009 mask=0.0463 depth=0.0408
  Epoch 26 [330/440] loss=0.1001 mask=0.0460 depth=0.0401
  Epoch 26 [340/440] loss=0.1006 mask=0.0462 depth=0.0394
  Epoch 26 [350/440] loss=0.1010 mask=0.0464 depth=0.0395
  Epoch 26 [360/440] loss=0.1002 mask=0.0461 depth=0.0400
  Epoch 26 [370/440] loss=0.0999 mask=0.0459 depth=0.0394
  Epoch 26 [380/440] loss=0.0995 mask=0.0458 depth=0.0392
  Epoch 26 [390/440] loss=0.1015 mask=0.0467 depth=0.0388
  Epoch 26 [400/440] loss=0.1020 mask=0.0470 depth=0.0387
  Epoch 26 [410/440] loss=0.1024 mask=0.0472 depth=0.0389
  Epoch 26 [420/440] loss=0.1021 mask=0.0471 depth=0.0389
  Epoch 26 [430/440] loss=0.1021 mask=0.0470 depth=0.0391
  Epoch 26 [440/440] loss=0.1015 mask=0.0468 depth=0.0387
  Train: loss=0.1015 mask=0.0468 depth=0.0387 time=205.4s
  Val epoch 26: loss=0.2003

=== Phase2 Epoch 27/49 ===
  Epoch 27 [10/440] loss=0.0722 mask=0.0332 depth=0.0260
  Epoch 27 [20/440] loss=0.0885 mask=0.0415 depth=0.0216
  Epoch 27 [30/440] loss=0.0888 mask=0.0412 depth=0.0238
  Epoch 27 [40/440] loss=0.0900 mask=0.0418 depth=0.0237
  Epoch 27 [50/440] loss=0.0915 mask=0.0422 depth=0.0298
  Epoch 27 [60/440] loss=0.0913 mask=0.0421 depth=0.0327
  Epoch 27 [70/440] loss=0.0906 mask=0.0418 depth=0.0361
  Epoch 27 [80/440] loss=0.0896 mask=0.0413 depth=0.0348
  Epoch 27 [90/440] loss=0.0874 mask=0.0403 depth=0.0352
  Epoch 27 [100/440] loss=0.0897 mask=0.0413 depth=0.0342
  Epoch 27 [110/440] loss=0.0994 mask=0.0460 depth=0.0344
  Epoch 27 [120/440] loss=0.1003 mask=0.0465 depth=0.0336
  Epoch 27 [130/440] loss=0.0996 mask=0.0461 depth=0.0357
  Epoch 27 [140/440] loss=0.0984 mask=0.0456 depth=0.0357
  Epoch 27 [150/440] loss=0.0983 mask=0.0455 depth=0.0351
  Epoch 27 [160/440] loss=0.0999 mask=0.0463 depth=0.0347
  Epoch 27 [170/440] loss=0.1002 mask=0.0465 depth=0.0350
  Epoch 27 [180/440] loss=0.0994 mask=0.0461 depth=0.0345
  Epoch 27 [190/440] loss=0.0985 mask=0.0456 depth=0.0354
  Epoch 27 [200/440] loss=0.0971 mask=0.0450 depth=0.0351
  Epoch 27 [210/440] loss=0.0963 mask=0.0446 depth=0.0349
  Epoch 27 [220/440] loss=0.0956 mask=0.0443 depth=0.0344
  Epoch 27 [230/440] loss=0.0969 mask=0.0450 depth=0.0347
  Epoch 27 [240/440] loss=0.0969 mask=0.0449 depth=0.0353
  Epoch 27 [250/440] loss=0.0969 mask=0.0449 depth=0.0362
  Epoch 27 [260/440] loss=0.0969 mask=0.0449 depth=0.0358
  Epoch 27 [270/440] loss=0.0972 mask=0.0451 depth=0.0349
  Epoch 27 [280/440] loss=0.0976 mask=0.0452 depth=0.0348
  Epoch 27 [290/440] loss=0.0980 mask=0.0454 depth=0.0345
  Epoch 27 [300/440] loss=0.1005 mask=0.0466 depth=0.0342
  Epoch 27 [310/440] loss=0.0992 mask=0.0459 depth=0.0342
  Epoch 27 [320/440] loss=0.0989 mask=0.0458 depth=0.0340
  Epoch 27 [330/440] loss=0.0999 mask=0.0462 depth=0.0354
  Epoch 27 [340/440] loss=0.0995 mask=0.0460 depth=0.0353
  Epoch 27 [350/440] loss=0.0994 mask=0.0459 depth=0.0351
  Epoch 27 [360/440] loss=0.0999 mask=0.0461 depth=0.0348
  Epoch 27 [370/440] loss=0.1003 mask=0.0463 depth=0.0355
  Epoch 27 [380/440] loss=0.1015 mask=0.0469 depth=0.0351
  Epoch 27 [390/440] loss=0.1014 mask=0.0468 depth=0.0355
  Epoch 27 [400/440] loss=0.1016 mask=0.0469 depth=0.0350
  Epoch 27 [410/440] loss=0.1013 mask=0.0468 depth=0.0371
  Epoch 27 [420/440] loss=0.1008 mask=0.0466 depth=0.0371
  Epoch 27 [430/440] loss=0.1005 mask=0.0464 depth=0.0375
  Epoch 27 [440/440] loss=0.1000 mask=0.0462 depth=0.0380
  Train: loss=0.1000 mask=0.0462 depth=0.0380 time=213.6s
  Val epoch 27: loss=0.1998

=== Phase2 Epoch 28/49 ===
  Epoch 28 [10/440] loss=0.0815 mask=0.0382 depth=0.0200
  Epoch 28 [20/440] loss=0.0823 mask=0.0386 depth=0.0280
  Epoch 28 [30/440] loss=0.0750 mask=0.0351 depth=0.0261
  Epoch 28 [40/440] loss=0.0815 mask=0.0382 depth=0.0258
  Epoch 28 [50/440] loss=0.0845 mask=0.0393 depth=0.0301
  Epoch 28 [60/440] loss=0.0838 mask=0.0390 depth=0.0291
  Epoch 28 [70/440] loss=0.0888 mask=0.0410 depth=0.0306
  Epoch 28 [80/440] loss=0.0937 mask=0.0434 depth=0.0304
  Epoch 28 [90/440] loss=0.0966 mask=0.0447 depth=0.0296
  Epoch 28 [100/440] loss=0.0997 mask=0.0463 depth=0.0296
  Epoch 28 [110/440] loss=0.1010 mask=0.0469 depth=0.0306
  Epoch 28 [120/440] loss=0.1037 mask=0.0483 depth=0.0304
  Epoch 28 [130/440] loss=0.1049 mask=0.0488 depth=0.0316
  Epoch 28 [140/440] loss=0.1031 mask=0.0478 depth=0.0342
  Epoch 28 [150/440] loss=0.1015 mask=0.0470 depth=0.0346
  Epoch 28 [160/440] loss=0.1013 mask=0.0466 depth=0.0344
  Epoch 28 [170/440] loss=0.1037 mask=0.0478 depth=0.0365
  Epoch 28 [180/440] loss=0.1068 mask=0.0492 depth=0.0379
  Epoch 28 [190/440] loss=0.1077 mask=0.0497 depth=0.0382
  Epoch 28 [200/440] loss=0.1092 mask=0.0504 depth=0.0377
  Epoch 28 [210/440] loss=0.1077 mask=0.0497 depth=0.0377
  Epoch 28 [220/440] loss=0.1084 mask=0.0500 depth=0.0379
  Epoch 28 [230/440] loss=0.1076 mask=0.0497 depth=0.0378
  Epoch 28 [240/440] loss=0.1072 mask=0.0495 depth=0.0374
  Epoch 28 [250/440] loss=0.1064 mask=0.0492 depth=0.0385
  Epoch 28 [260/440] loss=0.1051 mask=0.0485 depth=0.0383
  Epoch 28 [270/440] loss=0.1048 mask=0.0484 depth=0.0400
  Epoch 28 [280/440] loss=0.1042 mask=0.0481 depth=0.0400
  Epoch 28 [290/440] loss=0.1046 mask=0.0483 depth=0.0395
  Epoch 28 [300/440] loss=0.1043 mask=0.0482 depth=0.0396
  Epoch 28 [310/440] loss=0.1039 mask=0.0479 depth=0.0390
  Epoch 28 [320/440] loss=0.1039 mask=0.0480 depth=0.0386
  Epoch 28 [330/440] loss=0.1035 mask=0.0477 depth=0.0380
  Epoch 28 [340/440] loss=0.1028 mask=0.0474 depth=0.0374
  Epoch 28 [350/440] loss=0.1016 mask=0.0469 depth=0.0370
  Epoch 28 [360/440] loss=0.1012 mask=0.0467 depth=0.0368
  Epoch 28 [370/440] loss=0.1013 mask=0.0468 depth=0.0369
  Epoch 28 [380/440] loss=0.1003 mask=0.0463 depth=0.0368
  Epoch 28 [390/440] loss=0.0995 mask=0.0459 depth=0.0361
  Epoch 28 [400/440] loss=0.0996 mask=0.0460 depth=0.0364
  Epoch 28 [410/440] loss=0.1002 mask=0.0463 depth=0.0363
  Epoch 28 [420/440] loss=0.0996 mask=0.0460 depth=0.0360
  Epoch 28 [430/440] loss=0.0995 mask=0.0460 depth=0.0356
  Epoch 28 [440/440] loss=0.1005 mask=0.0465 depth=0.0365
  Train: loss=0.1005 mask=0.0465 depth=0.0365 time=207.6s
  Val epoch 28: loss=0.1972
  Saved best phase2 model (val_loss=0.1972)

=== Phase2 Epoch 29/49 ===
  Epoch 29 [10/440] loss=0.0840 mask=0.0395 depth=0.0304
  Epoch 29 [20/440] loss=0.0833 mask=0.0391 depth=0.0267
  Epoch 29 [30/440] loss=0.0938 mask=0.0434 depth=0.0277
  Epoch 29 [40/440] loss=0.0885 mask=0.0405 depth=0.0283
  Epoch 29 [50/440] loss=0.0889 mask=0.0409 depth=0.0288
  Epoch 29 [60/440] loss=0.0878 mask=0.0404 depth=0.0323
  Epoch 29 [70/440] loss=0.0867 mask=0.0399 depth=0.0327
  Epoch 29 [80/440] loss=0.0893 mask=0.0413 depth=0.0307
  Epoch 29 [90/440] loss=0.0904 mask=0.0418 depth=0.0298
  Epoch 29 [100/440] loss=0.0900 mask=0.0416 depth=0.0287
  Epoch 29 [110/440] loss=0.0922 mask=0.0428 depth=0.0282
  Epoch 29 [120/440] loss=0.0988 mask=0.0460 depth=0.0297
  Epoch 29 [130/440] loss=0.0973 mask=0.0453 depth=0.0303
  Epoch 29 [140/440] loss=0.0958 mask=0.0446 depth=0.0319
  Epoch 29 [150/440] loss=0.0953 mask=0.0442 depth=0.0330
  Epoch 29 [160/440] loss=0.0951 mask=0.0440 depth=0.0333
  Epoch 29 [170/440] loss=0.0931 mask=0.0431 depth=0.0341
  Epoch 29 [180/440] loss=0.0921 mask=0.0426 depth=0.0349
  Epoch 29 [190/440] loss=0.0912 mask=0.0421 depth=0.0344
  Epoch 29 [200/440] loss=0.0915 mask=0.0423 depth=0.0340
  Epoch 29 [210/440] loss=0.0913 mask=0.0422 depth=0.0343
  Epoch 29 [220/440] loss=0.0926 mask=0.0429 depth=0.0354
  Epoch 29 [230/440] loss=0.0922 mask=0.0427 depth=0.0355
  Epoch 29 [240/440] loss=0.0927 mask=0.0429 depth=0.0360
  Epoch 29 [250/440] loss=0.0934 mask=0.0432 depth=0.0362
  Epoch 29 [260/440] loss=0.0928 mask=0.0429 depth=0.0364
  Epoch 29 [270/440] loss=0.0931 mask=0.0430 depth=0.0361
  Epoch 29 [280/440] loss=0.0935 mask=0.0432 depth=0.0353
  Epoch 29 [290/440] loss=0.0934 mask=0.0431 depth=0.0355
  Epoch 29 [300/440] loss=0.0960 mask=0.0444 depth=0.0368
  Epoch 29 [310/440] loss=0.0959 mask=0.0443 depth=0.0363
  Epoch 29 [320/440] loss=0.0978 mask=0.0452 depth=0.0366
  Epoch 29 [330/440] loss=0.0987 mask=0.0456 depth=0.0369
  Epoch 29 [340/440] loss=0.0978 mask=0.0453 depth=0.0366
  Epoch 29 [350/440] loss=0.0973 mask=0.0450 depth=0.0361
  Epoch 29 [360/440] loss=0.0986 mask=0.0456 depth=0.0358
  Epoch 29 [370/440] loss=0.0987 mask=0.0456 depth=0.0352
  Epoch 29 [380/440] loss=0.0991 mask=0.0458 depth=0.0359
  Epoch 29 [390/440] loss=0.0996 mask=0.0461 depth=0.0358
  Epoch 29 [400/440] loss=0.0994 mask=0.0459 depth=0.0355
  Epoch 29 [410/440] loss=0.0996 mask=0.0460 depth=0.0352
  Epoch 29 [420/440] loss=0.0986 mask=0.0456 depth=0.0349
  Epoch 29 [430/440] loss=0.0983 mask=0.0454 depth=0.0350
  Epoch 29 [440/440] loss=0.0978 mask=0.0452 depth=0.0349
  Train: loss=0.0978 mask=0.0452 depth=0.0349 time=205.6s
  Val epoch 29: loss=0.1987

=== Phase2 Epoch 30/49 ===
  Epoch 30 [10/440] loss=0.0854 mask=0.0398 depth=0.0170
  Epoch 30 [20/440] loss=0.0812 mask=0.0380 depth=0.0230
  Epoch 30 [30/440] loss=0.0844 mask=0.0397 depth=0.0347
  Epoch 30 [40/440] loss=0.0899 mask=0.0419 depth=0.0333
  Epoch 30 [50/440] loss=0.0920 mask=0.0427 depth=0.0321
  Epoch 30 [60/440] loss=0.0956 mask=0.0445 depth=0.0315
  Epoch 30 [70/440] loss=0.0938 mask=0.0436 depth=0.0320
  Epoch 30 [80/440] loss=0.0903 mask=0.0419 depth=0.0310
  Epoch 30 [90/440] loss=0.0908 mask=0.0421 depth=0.0300
  Epoch 30 [100/440] loss=0.0919 mask=0.0425 depth=0.0320
  Epoch 30 [110/440] loss=0.0949 mask=0.0440 depth=0.0325
  Epoch 30 [120/440] loss=0.0943 mask=0.0437 depth=0.0310
  Epoch 30 [130/440] loss=0.0951 mask=0.0441 depth=0.0302
  Epoch 30 [140/440] loss=0.0952 mask=0.0443 depth=0.0290
  Epoch 30 [150/440] loss=0.0957 mask=0.0445 depth=0.0297
  Epoch 30 [160/440] loss=0.0990 mask=0.0461 depth=0.0313
  Epoch 30 [170/440] loss=0.0973 mask=0.0453 depth=0.0309
  Epoch 30 [180/440] loss=0.0957 mask=0.0445 depth=0.0315
  Epoch 30 [190/440] loss=0.0954 mask=0.0443 depth=0.0314
  Epoch 30 [200/440] loss=0.0939 mask=0.0436 depth=0.0313
  Epoch 30 [210/440] loss=0.0938 mask=0.0436 depth=0.0314
  Epoch 30 [220/440] loss=0.0934 mask=0.0433 depth=0.0311
  Epoch 30 [230/440] loss=0.0925 mask=0.0430 depth=0.0318
  Epoch 30 [240/440] loss=0.0928 mask=0.0431 depth=0.0319
  Epoch 30 [250/440] loss=0.0924 mask=0.0429 depth=0.0315
  Epoch 30 [260/440] loss=0.0923 mask=0.0428 depth=0.0312
  Epoch 30 [270/440] loss=0.0915 mask=0.0424 depth=0.0311
  Epoch 30 [280/440] loss=0.0925 mask=0.0429 depth=0.0311
  Epoch 30 [290/440] loss=0.0924 mask=0.0428 depth=0.0309
  Epoch 30 [300/440] loss=0.0944 mask=0.0437 depth=0.0319
  Epoch 30 [310/440] loss=0.0944 mask=0.0437 depth=0.0316
  Epoch 30 [320/440] loss=0.0944 mask=0.0437 depth=0.0320
  Epoch 30 [330/440] loss=0.0959 mask=0.0444 depth=0.0316
  Epoch 30 [340/440] loss=0.0968 mask=0.0448 depth=0.0318
  Epoch 30 [350/440] loss=0.0969 mask=0.0449 depth=0.0320
  Epoch 30 [360/440] loss=0.0964 mask=0.0446 depth=0.0320
  Epoch 30 [370/440] loss=0.0961 mask=0.0444 depth=0.0321
  Epoch 30 [380/440] loss=0.0957 mask=0.0442 depth=0.0316
  Epoch 30 [390/440] loss=0.0956 mask=0.0442 depth=0.0323
  Epoch 30 [400/440] loss=0.0956 mask=0.0442 depth=0.0325
  Epoch 30 [410/440] loss=0.0956 mask=0.0442 depth=0.0329
  Epoch 30 [420/440] loss=0.0953 mask=0.0441 depth=0.0326
  Epoch 30 [430/440] loss=0.0951 mask=0.0440 depth=0.0326
  Epoch 30 [440/440] loss=0.0955 mask=0.0441 depth=0.0323
  Train: loss=0.0955 mask=0.0441 depth=0.0323 time=211.6s
  Val epoch 30: loss=0.1943
  Saved best phase2 model (val_loss=0.1943)

=== Phase2 Epoch 31/49 ===
  Epoch 31 [10/440] loss=0.1364 mask=0.0642 depth=0.0279
  Epoch 31 [20/440] loss=0.1275 mask=0.0599 depth=0.0256
  Epoch 31 [30/440] loss=0.1147 mask=0.0539 depth=0.0247
  Epoch 31 [40/440] loss=0.1121 mask=0.0524 depth=0.0226
  Epoch 31 [50/440] loss=0.1110 mask=0.0521 depth=0.0219
  Epoch 31 [60/440] loss=0.1032 mask=0.0484 depth=0.0225
  Epoch 31 [70/440] loss=0.1043 mask=0.0487 depth=0.0230
  Epoch 31 [80/440] loss=0.1031 mask=0.0478 depth=0.0230
  Epoch 31 [90/440] loss=0.0993 mask=0.0459 depth=0.0227
  Epoch 31 [100/440] loss=0.0979 mask=0.0451 depth=0.0234
  Epoch 31 [110/440] loss=0.0974 mask=0.0449 depth=0.0238
  Epoch 31 [120/440] loss=0.0968 mask=0.0445 depth=0.0234
  Epoch 31 [130/440] loss=0.0963 mask=0.0444 depth=0.0239
  Epoch 31 [140/440] loss=0.0968 mask=0.0445 depth=0.0242
  Epoch 31 [150/440] loss=0.0967 mask=0.0444 depth=0.0260
  Epoch 31 [160/440] loss=0.0952 mask=0.0437 depth=0.0266
  Epoch 31 [170/440] loss=0.0941 mask=0.0432 depth=0.0259
  Epoch 31 [180/440] loss=0.0929 mask=0.0426 depth=0.0263
  Epoch 31 [190/440] loss=0.0932 mask=0.0428 depth=0.0266
  Epoch 31 [200/440] loss=0.0929 mask=0.0426 depth=0.0281
  Epoch 31 [210/440] loss=0.0924 mask=0.0424 depth=0.0275
  Epoch 31 [220/440] loss=0.0935 mask=0.0429 depth=0.0281
  Epoch 31 [230/440] loss=0.0927 mask=0.0426 depth=0.0288
  Epoch 31 [240/440] loss=0.0921 mask=0.0423 depth=0.0290
  Epoch 31 [250/440] loss=0.0926 mask=0.0425 depth=0.0291
  Epoch 31 [260/440] loss=0.0919 mask=0.0422 depth=0.0290
  Epoch 31 [270/440] loss=0.0933 mask=0.0429 depth=0.0286
  Epoch 31 [280/440] loss=0.0944 mask=0.0434 depth=0.0285
  Epoch 31 [290/440] loss=0.0944 mask=0.0434 depth=0.0291
  Epoch 31 [300/440] loss=0.0942 mask=0.0433 depth=0.0300
  Epoch 31 [310/440] loss=0.0954 mask=0.0439 depth=0.0304
  Epoch 31 [320/440] loss=0.0947 mask=0.0436 depth=0.0308
  Epoch 31 [330/440] loss=0.0944 mask=0.0435 depth=0.0310
  Epoch 31 [340/440] loss=0.0946 mask=0.0436 depth=0.0313
  Epoch 31 [350/440] loss=0.0947 mask=0.0436 depth=0.0311
  Epoch 31 [360/440] loss=0.0947 mask=0.0437 depth=0.0311
  Epoch 31 [370/440] loss=0.0945 mask=0.0435 depth=0.0311
  Epoch 31 [380/440] loss=0.0941 mask=0.0433 depth=0.0312
  Epoch 31 [390/440] loss=0.0938 mask=0.0432 depth=0.0314
  Epoch 31 [400/440] loss=0.0938 mask=0.0432 depth=0.0310
  Epoch 31 [410/440] loss=0.0939 mask=0.0433 depth=0.0306
  Epoch 31 [420/440] loss=0.0947 mask=0.0436 depth=0.0315
  Epoch 31 [430/440] loss=0.0947 mask=0.0436 depth=0.0323
  Epoch 31 [440/440] loss=0.0941 mask=0.0433 depth=0.0322
  Train: loss=0.0941 mask=0.0433 depth=0.0322 time=211.4s
  Val epoch 31: loss=0.1959

=== Phase2 Epoch 32/49 ===
  Epoch 32 [10/440] loss=0.1126 mask=0.0533 depth=0.0443
  Epoch 32 [20/440] loss=0.1113 mask=0.0524 depth=0.0341
  Epoch 32 [30/440] loss=0.1120 mask=0.0519 depth=0.0296
  Epoch 32 [40/440] loss=0.1127 mask=0.0524 depth=0.0303
  Epoch 32 [50/440] loss=0.1173 mask=0.0544 depth=0.0296
  Epoch 32 [60/440] loss=0.1096 mask=0.0509 depth=0.0273
  Epoch 32 [70/440] loss=0.1103 mask=0.0513 depth=0.0266
  Epoch 32 [80/440] loss=0.1067 mask=0.0496 depth=0.0282
  Epoch 32 [90/440] loss=0.1069 mask=0.0498 depth=0.0288
  Epoch 32 [100/440] loss=0.1060 mask=0.0492 depth=0.0320
  Epoch 32 [110/440] loss=0.1045 mask=0.0485 depth=0.0312
  Epoch 32 [120/440] loss=0.1040 mask=0.0482 depth=0.0304
  Epoch 32 [130/440] loss=0.1042 mask=0.0483 depth=0.0330
  Epoch 32 [140/440] loss=0.1033 mask=0.0479 depth=0.0315
  Epoch 32 [150/440] loss=0.1060 mask=0.0493 depth=0.0328
  Epoch 32 [160/440] loss=0.1042 mask=0.0485 depth=0.0341
  Epoch 32 [170/440] loss=0.1043 mask=0.0485 depth=0.0343
  Epoch 32 [180/440] loss=0.1039 mask=0.0484 depth=0.0344
  Epoch 32 [190/440] loss=0.1021 mask=0.0475 depth=0.0337
  Epoch 32 [200/440] loss=0.1016 mask=0.0473 depth=0.0333
  Epoch 32 [210/440] loss=0.0999 mask=0.0464 depth=0.0323
  Epoch 32 [220/440] loss=0.1006 mask=0.0468 depth=0.0325
  Epoch 32 [230/440] loss=0.1002 mask=0.0466 depth=0.0334
  Epoch 32 [240/440] loss=0.0993 mask=0.0461 depth=0.0332
  Epoch 32 [250/440] loss=0.0983 mask=0.0456 depth=0.0334
  Epoch 32 [260/440] loss=0.0978 mask=0.0454 depth=0.0331
  Epoch 32 [270/440] loss=0.0972 mask=0.0451 depth=0.0340
  Epoch 32 [280/440] loss=0.0960 mask=0.0445 depth=0.0332
  Epoch 32 [290/440] loss=0.0957 mask=0.0444 depth=0.0336
  Epoch 32 [300/440] loss=0.0953 mask=0.0442 depth=0.0344
  Epoch 32 [310/440] loss=0.0950 mask=0.0440 depth=0.0341
  Epoch 32 [320/440] loss=0.0946 mask=0.0439 depth=0.0337
  Epoch 32 [330/440] loss=0.0939 mask=0.0435 depth=0.0334
  Epoch 32 [340/440] loss=0.0948 mask=0.0439 depth=0.0341
  Epoch 32 [350/440] loss=0.0945 mask=0.0438 depth=0.0337
  Epoch 32 [360/440] loss=0.0947 mask=0.0439 depth=0.0338
  Epoch 32 [370/440] loss=0.0944 mask=0.0438 depth=0.0335
  Epoch 32 [380/440] loss=0.0942 mask=0.0437 depth=0.0334
  Epoch 32 [390/440] loss=0.0936 mask=0.0434 depth=0.0335
  Epoch 32 [400/440] loss=0.0935 mask=0.0433 depth=0.0331
  Epoch 32 [410/440] loss=0.0932 mask=0.0431 depth=0.0327
  Epoch 32 [420/440] loss=0.0931 mask=0.0431 depth=0.0325
  Epoch 32 [430/440] loss=0.0933 mask=0.0432 depth=0.0325
  Epoch 32 [440/440] loss=0.0934 mask=0.0431 depth=0.0323
  Train: loss=0.0934 mask=0.0431 depth=0.0323 time=203.9s
  Val epoch 32: loss=0.1934
  Saved best phase2 model (val_loss=0.1934)

=== Phase2 Epoch 33/49 ===
  Epoch 33 [10/440] loss=0.0730 mask=0.0335 depth=0.0283
  Epoch 33 [20/440] loss=0.0829 mask=0.0380 depth=0.0337
  Epoch 33 [30/440] loss=0.1016 mask=0.0474 depth=0.0321
  Epoch 33 [40/440] loss=0.1057 mask=0.0495 depth=0.0294
  Epoch 33 [50/440] loss=0.0984 mask=0.0459 depth=0.0288
  Epoch 33 [60/440] loss=0.1023 mask=0.0478 depth=0.0339
  Epoch 33 [70/440] loss=0.1058 mask=0.0491 depth=0.0354
  Epoch 33 [80/440] loss=0.1091 mask=0.0507 depth=0.0346
  Epoch 33 [90/440] loss=0.1102 mask=0.0512 depth=0.0353
  Epoch 33 [100/440] loss=0.1076 mask=0.0499 depth=0.0350
  Epoch 33 [110/440] loss=0.1050 mask=0.0488 depth=0.0332
  Epoch 33 [120/440] loss=0.1046 mask=0.0485 depth=0.0342
  Epoch 33 [130/440] loss=0.1024 mask=0.0475 depth=0.0338
  Epoch 33 [140/440] loss=0.1015 mask=0.0471 depth=0.0331
  Epoch 33 [150/440] loss=0.1033 mask=0.0480 depth=0.0335
  Epoch 33 [160/440] loss=0.1025 mask=0.0476 depth=0.0355
  Epoch 33 [170/440] loss=0.1018 mask=0.0471 depth=0.0356
  Epoch 33 [180/440] loss=0.1013 mask=0.0469 depth=0.0369
  Epoch 33 [190/440] loss=0.1000 mask=0.0463 depth=0.0364
  Epoch 33 [200/440] loss=0.0998 mask=0.0461 depth=0.0360
  Epoch 33 [210/440] loss=0.0993 mask=0.0459 depth=0.0359
  Epoch 33 [220/440] loss=0.0987 mask=0.0456 depth=0.0354
  Epoch 33 [230/440] loss=0.0977 mask=0.0452 depth=0.0351
  Epoch 33 [240/440] loss=0.0969 mask=0.0448 depth=0.0345
  Epoch 33 [250/440] loss=0.0962 mask=0.0444 depth=0.0338
  Epoch 33 [260/440] loss=0.0956 mask=0.0441 depth=0.0339
  Epoch 33 [270/440] loss=0.0963 mask=0.0445 depth=0.0337
  Epoch 33 [280/440] loss=0.0952 mask=0.0439 depth=0.0331
  Epoch 33 [290/440] loss=0.0948 mask=0.0437 depth=0.0330
  Epoch 33 [300/440] loss=0.0945 mask=0.0435 depth=0.0330
  Epoch 33 [310/440] loss=0.0934 mask=0.0431 depth=0.0326
  Epoch 33 [320/440] loss=0.0954 mask=0.0440 depth=0.0327
  Epoch 33 [330/440] loss=0.0944 mask=0.0435 depth=0.0330
  Epoch 33 [340/440] loss=0.0952 mask=0.0439 depth=0.0326
  Epoch 33 [350/440] loss=0.0948 mask=0.0437 depth=0.0331
  Epoch 33 [360/440] loss=0.0942 mask=0.0434 depth=0.0327
  Epoch 33 [370/440] loss=0.0937 mask=0.0432 depth=0.0327
  Epoch 33 [380/440] loss=0.0939 mask=0.0433 depth=0.0329
  Epoch 33 [390/440] loss=0.0935 mask=0.0431 depth=0.0330
  Epoch 33 [400/440] loss=0.0933 mask=0.0431 depth=0.0325
  Epoch 33 [410/440] loss=0.0938 mask=0.0433 depth=0.0326
  Epoch 33 [420/440] loss=0.0936 mask=0.0432 depth=0.0324
  Epoch 33 [430/440] loss=0.0928 mask=0.0428 depth=0.0320
  Epoch 33 [440/440] loss=0.0930 mask=0.0429 depth=0.0324
  Train: loss=0.0930 mask=0.0429 depth=0.0324 time=208.7s
  Val epoch 33: loss=0.1961

=== Phase2 Epoch 34/49 ===
  Epoch 34 [10/440] loss=0.1002 mask=0.0469 depth=0.0388
  Epoch 34 [20/440] loss=0.0901 mask=0.0418 depth=0.0317
  Epoch 34 [30/440] loss=0.0859 mask=0.0401 depth=0.0321
  Epoch 34 [40/440] loss=0.0849 mask=0.0393 depth=0.0308
  Epoch 34 [50/440] loss=0.0853 mask=0.0397 depth=0.0308
  Epoch 34 [60/440] loss=0.0897 mask=0.0416 depth=0.0293
  Epoch 34 [70/440] loss=0.0927 mask=0.0430 depth=0.0294
  Epoch 34 [80/440] loss=0.0897 mask=0.0416 depth=0.0287
  Epoch 34 [90/440] loss=0.0908 mask=0.0421 depth=0.0292
  Epoch 34 [100/440] loss=0.0938 mask=0.0437 depth=0.0292
  Epoch 34 [110/440] loss=0.0927 mask=0.0431 depth=0.0285
  Epoch 34 [120/440] loss=0.0904 mask=0.0420 depth=0.0278
  Epoch 34 [130/440] loss=0.0905 mask=0.0421 depth=0.0274
  Epoch 34 [140/440] loss=0.0893 mask=0.0414 depth=0.0277
  Epoch 34 [150/440] loss=0.0891 mask=0.0412 depth=0.0290
  Epoch 34 [160/440] loss=0.0873 mask=0.0404 depth=0.0283
  Epoch 34 [170/440] loss=0.0874 mask=0.0403 depth=0.0289
  Epoch 34 [180/440] loss=0.0878 mask=0.0405 depth=0.0287
  Epoch 34 [190/440] loss=0.0877 mask=0.0405 depth=0.0291
  Epoch 34 [200/440] loss=0.0887 mask=0.0409 depth=0.0286
  Epoch 34 [210/440] loss=0.0877 mask=0.0404 depth=0.0281
  Epoch 34 [220/440] loss=0.0895 mask=0.0411 depth=0.0301
  Epoch 34 [230/440] loss=0.0922 mask=0.0425 depth=0.0305
  Epoch 34 [240/440] loss=0.0933 mask=0.0430 depth=0.0314
  Epoch 34 [250/440] loss=0.0936 mask=0.0432 depth=0.0313
  Epoch 34 [260/440] loss=0.0935 mask=0.0431 depth=0.0314
  Epoch 34 [270/440] loss=0.0932 mask=0.0430 depth=0.0319
  Epoch 34 [280/440] loss=0.0929 mask=0.0428 depth=0.0312
  Epoch 34 [290/440] loss=0.0937 mask=0.0431 depth=0.0314
  Epoch 34 [300/440] loss=0.0941 mask=0.0433 depth=0.0308
  Epoch 34 [310/440] loss=0.0944 mask=0.0435 depth=0.0308
  Epoch 34 [320/440] loss=0.0943 mask=0.0434 depth=0.0312
  Epoch 34 [330/440] loss=0.0947 mask=0.0436 depth=0.0308
  Epoch 34 [340/440] loss=0.0940 mask=0.0433 depth=0.0307
  Epoch 34 [350/440] loss=0.0952 mask=0.0439 depth=0.0303
  Epoch 34 [360/440] loss=0.0947 mask=0.0436 depth=0.0305
  Epoch 34 [370/440] loss=0.0947 mask=0.0436 depth=0.0305
  Epoch 34 [380/440] loss=0.0945 mask=0.0435 depth=0.0306
  Epoch 34 [390/440] loss=0.0951 mask=0.0438 depth=0.0306
  Epoch 34 [400/440] loss=0.0948 mask=0.0437 depth=0.0304
  Epoch 34 [410/440] loss=0.0943 mask=0.0434 depth=0.0307
  Epoch 34 [420/440] loss=0.0936 mask=0.0431 depth=0.0307
  Epoch 34 [430/440] loss=0.0933 mask=0.0430 depth=0.0303
  Epoch 34 [440/440] loss=0.0930 mask=0.0428 depth=0.0308
  Train: loss=0.0930 mask=0.0428 depth=0.0308 time=203.5s
  Val epoch 34: loss=0.1959

=== Phase2 Epoch 35/49 ===
  Epoch 35 [10/440] loss=0.0755 mask=0.0349 depth=0.0229
  Epoch 35 [20/440] loss=0.0845 mask=0.0387 depth=0.0297
  Epoch 35 [30/440] loss=0.0945 mask=0.0431 depth=0.0281
  Epoch 35 [40/440] loss=0.0925 mask=0.0423 depth=0.0274
  Epoch 35 [50/440] loss=0.0906 mask=0.0411 depth=0.0296
  Epoch 35 [60/440] loss=0.0892 mask=0.0407 depth=0.0311
  Epoch 35 [70/440] loss=0.0884 mask=0.0405 depth=0.0311
  Epoch 35 [80/440] loss=0.0855 mask=0.0391 depth=0.0300
  Epoch 35 [90/440] loss=0.0889 mask=0.0409 depth=0.0326
  Epoch 35 [100/440] loss=0.0877 mask=0.0404 depth=0.0319
  Epoch 35 [110/440] loss=0.0865 mask=0.0398 depth=0.0308
  Epoch 35 [120/440] loss=0.0864 mask=0.0399 depth=0.0296
  Epoch 35 [130/440] loss=0.0861 mask=0.0397 depth=0.0296
  Epoch 35 [140/440] loss=0.0859 mask=0.0397 depth=0.0293
  Epoch 35 [150/440] loss=0.0864 mask=0.0399 depth=0.0287
  Epoch 35 [160/440] loss=0.0871 mask=0.0402 depth=0.0318
  Epoch 35 [170/440] loss=0.0880 mask=0.0407 depth=0.0314
  Epoch 35 [180/440] loss=0.0893 mask=0.0413 depth=0.0320
  Epoch 35 [190/440] loss=0.0904 mask=0.0419 depth=0.0314
  Epoch 35 [200/440] loss=0.0888 mask=0.0411 depth=0.0305
  Epoch 35 [210/440] loss=0.0884 mask=0.0409 depth=0.0302
  Epoch 35 [220/440] loss=0.0885 mask=0.0408 depth=0.0302
  Epoch 35 [230/440] loss=0.0894 mask=0.0412 depth=0.0303
  Epoch 35 [240/440] loss=0.0899 mask=0.0414 depth=0.0306
  Epoch 35 [250/440] loss=0.0909 mask=0.0419 depth=0.0306
  Epoch 35 [260/440] loss=0.0903 mask=0.0416 depth=0.0302
  Epoch 35 [270/440] loss=0.0925 mask=0.0427 depth=0.0308
  Epoch 35 [280/440] loss=0.0921 mask=0.0425 depth=0.0306
  Epoch 35 [290/440] loss=0.0932 mask=0.0431 depth=0.0301
  Epoch 35 [300/440] loss=0.0931 mask=0.0430 depth=0.0299
  Epoch 35 [310/440] loss=0.0925 mask=0.0428 depth=0.0299
  Epoch 35 [320/440] loss=0.0919 mask=0.0425 depth=0.0299
  Epoch 35 [330/440] loss=0.0920 mask=0.0425 depth=0.0303
  Epoch 35 [340/440] loss=0.0936 mask=0.0433 depth=0.0299
  Epoch 35 [350/440] loss=0.0929 mask=0.0430 depth=0.0298
  Epoch 35 [360/440] loss=0.0926 mask=0.0428 depth=0.0299
  Epoch 35 [370/440] loss=0.0923 mask=0.0427 depth=0.0300
  Epoch 35 [380/440] loss=0.0916 mask=0.0424 depth=0.0300
  Epoch 35 [390/440] loss=0.0919 mask=0.0425 depth=0.0301
  Epoch 35 [400/440] loss=0.0924 mask=0.0428 depth=0.0304
  Epoch 35 [410/440] loss=0.0924 mask=0.0427 depth=0.0306
  Epoch 35 [420/440] loss=0.0923 mask=0.0427 depth=0.0308
  Epoch 35 [430/440] loss=0.0918 mask=0.0425 depth=0.0303
  Epoch 35 [440/440] loss=0.0919 mask=0.0425 depth=0.0305
  Train: loss=0.0919 mask=0.0425 depth=0.0305 time=210.5s
  Val epoch 35: loss=0.1949

=== Phase2 Epoch 36/49 ===
  Epoch 36 [10/440] loss=0.0705 mask=0.0327 depth=0.0325
  Epoch 36 [20/440] loss=0.0798 mask=0.0370 depth=0.0263
  Epoch 36 [30/440] loss=0.0755 mask=0.0350 depth=0.0283
  Epoch 36 [40/440] loss=0.0795 mask=0.0367 depth=0.0367
  Epoch 36 [50/440] loss=0.0803 mask=0.0371 depth=0.0334
  Epoch 36 [60/440] loss=0.0824 mask=0.0381 depth=0.0311
  Epoch 36 [70/440] loss=0.0814 mask=0.0376 depth=0.0292
  Epoch 36 [80/440] loss=0.0894 mask=0.0414 depth=0.0288
  Epoch 36 [90/440] loss=0.0884 mask=0.0408 depth=0.0287
  Epoch 36 [100/440] loss=0.0859 mask=0.0397 depth=0.0289
  Epoch 36 [110/440] loss=0.0842 mask=0.0388 depth=0.0286
  Epoch 36 [120/440] loss=0.0828 mask=0.0381 depth=0.0285
  Epoch 36 [130/440] loss=0.0859 mask=0.0395 depth=0.0275
  Epoch 36 [140/440] loss=0.0847 mask=0.0390 depth=0.0265
  Epoch 36 [150/440] loss=0.0866 mask=0.0398 depth=0.0275
  Epoch 36 [160/440] loss=0.0852 mask=0.0391 depth=0.0271
  Epoch 36 [170/440] loss=0.0862 mask=0.0396 depth=0.0289
  Epoch 36 [180/440] loss=0.0853 mask=0.0392 depth=0.0298
  Epoch 36 [190/440] loss=0.0854 mask=0.0392 depth=0.0301
  Epoch 36 [200/440] loss=0.0860 mask=0.0395 depth=0.0299
  Epoch 36 [210/440] loss=0.0867 mask=0.0399 depth=0.0296
  Epoch 36 [220/440] loss=0.0864 mask=0.0398 depth=0.0295
  Epoch 36 [230/440] loss=0.0865 mask=0.0399 depth=0.0298
  Epoch 36 [240/440] loss=0.0871 mask=0.0402 depth=0.0291
  Epoch 36 [250/440] loss=0.0874 mask=0.0403 depth=0.0293
  Epoch 36 [260/440] loss=0.0887 mask=0.0409 depth=0.0291
  Epoch 36 [270/440] loss=0.0889 mask=0.0411 depth=0.0289
  Epoch 36 [280/440] loss=0.0886 mask=0.0409 depth=0.0291
  Epoch 36 [290/440] loss=0.0881 mask=0.0407 depth=0.0292
  Epoch 36 [300/440] loss=0.0886 mask=0.0409 depth=0.0297
  Epoch 36 [310/440] loss=0.0896 mask=0.0414 depth=0.0302
  Epoch 36 [320/440] loss=0.0904 mask=0.0418 depth=0.0310
  Epoch 36 [330/440] loss=0.0906 mask=0.0418 depth=0.0313
  Epoch 36 [340/440] loss=0.0907 mask=0.0419 depth=0.0309
  Epoch 36 [350/440] loss=0.0912 mask=0.0421 depth=0.0307
  Epoch 36 [360/440] loss=0.0919 mask=0.0424 depth=0.0310
  Epoch 36 [370/440] loss=0.0910 mask=0.0420 depth=0.0308
  Epoch 36 [380/440] loss=0.0916 mask=0.0424 depth=0.0306
  Epoch 36 [390/440] loss=0.0916 mask=0.0423 depth=0.0302
  Epoch 36 [400/440] loss=0.0915 mask=0.0422 depth=0.0305
  Epoch 36 [410/440] loss=0.0917 mask=0.0422 depth=0.0302
  Epoch 36 [420/440] loss=0.0920 mask=0.0423 depth=0.0309
  Epoch 36 [430/440] loss=0.0920 mask=0.0423 depth=0.0306
  Epoch 36 [440/440] loss=0.0915 mask=0.0421 depth=0.0303
  Train: loss=0.0915 mask=0.0421 depth=0.0303 time=219.0s
  Val epoch 36: loss=0.1975

=== Phase2 Epoch 37/49 ===
  Epoch 37 [10/440] loss=0.0948 mask=0.0429 depth=0.0258
  Epoch 37 [20/440] loss=0.0862 mask=0.0390 depth=0.0174
  Epoch 37 [30/440] loss=0.0916 mask=0.0409 depth=0.0173
  Epoch 37 [40/440] loss=0.0941 mask=0.0429 depth=0.0216
  Epoch 37 [50/440] loss=0.0930 mask=0.0424 depth=0.0226
  Epoch 37 [60/440] loss=0.0908 mask=0.0417 depth=0.0233
  Epoch 37 [70/440] loss=0.0895 mask=0.0409 depth=0.0236
  Epoch 37 [80/440] loss=0.0883 mask=0.0404 depth=0.0230
  Epoch 37 [90/440] loss=0.0921 mask=0.0423 depth=0.0225
  Epoch 37 [100/440] loss=0.0903 mask=0.0414 depth=0.0236
  Epoch 37 [110/440] loss=0.0897 mask=0.0412 depth=0.0236
  Epoch 37 [120/440] loss=0.0893 mask=0.0410 depth=0.0244
  Epoch 37 [130/440] loss=0.0897 mask=0.0413 depth=0.0245
  Epoch 37 [140/440] loss=0.0881 mask=0.0405 depth=0.0247
  Epoch 37 [150/440] loss=0.0884 mask=0.0406 depth=0.0257
  Epoch 37 [160/440] loss=0.0890 mask=0.0410 depth=0.0253
  Epoch 37 [170/440] loss=0.0890 mask=0.0410 depth=0.0259
  Epoch 37 [180/440] loss=0.0888 mask=0.0409 depth=0.0264
  Epoch 37 [190/440] loss=0.0889 mask=0.0410 depth=0.0274
  Epoch 37 [200/440] loss=0.0886 mask=0.0408 depth=0.0274
  Epoch 37 [210/440] loss=0.0894 mask=0.0413 depth=0.0276
  Epoch 37 [220/440] loss=0.0895 mask=0.0413 depth=0.0276
  Epoch 37 [230/440] loss=0.0906 mask=0.0418 depth=0.0276
  Epoch 37 [240/440] loss=0.0900 mask=0.0415 depth=0.0278
  Epoch 37 [250/440] loss=0.0902 mask=0.0415 depth=0.0275
  Epoch 37 [260/440] loss=0.0905 mask=0.0416 depth=0.0281
  Epoch 37 [270/440] loss=0.0902 mask=0.0415 depth=0.0287
  Epoch 37 [280/440] loss=0.0905 mask=0.0416 depth=0.0286
  Epoch 37 [290/440] loss=0.0899 mask=0.0414 depth=0.0289
  Epoch 37 [300/440] loss=0.0902 mask=0.0415 depth=0.0287
  Epoch 37 [310/440] loss=0.0898 mask=0.0413 depth=0.0291
  Epoch 37 [320/440] loss=0.0893 mask=0.0411 depth=0.0291
  Epoch 37 [330/440] loss=0.0888 mask=0.0408 depth=0.0294
  Epoch 37 [340/440] loss=0.0883 mask=0.0406 depth=0.0289
  Epoch 37 [350/440] loss=0.0889 mask=0.0409 depth=0.0287
  Epoch 37 [360/440] loss=0.0898 mask=0.0414 depth=0.0293
  Epoch 37 [370/440] loss=0.0897 mask=0.0413 depth=0.0292
  Epoch 37 [380/440] loss=0.0892 mask=0.0411 depth=0.0303
  Epoch 37 [390/440] loss=0.0888 mask=0.0409 depth=0.0304
  Epoch 37 [400/440] loss=0.0899 mask=0.0415 depth=0.0305
  Epoch 37 [410/440] loss=0.0900 mask=0.0415 depth=0.0306
  Epoch 37 [420/440] loss=0.0910 mask=0.0420 depth=0.0303
  Epoch 37 [430/440] loss=0.0901 mask=0.0415 depth=0.0299
  Epoch 37 [440/440] loss=0.0911 mask=0.0420 depth=0.0301
  Train: loss=0.0911 mask=0.0420 depth=0.0301 time=205.1s
  Val epoch 37: loss=0.1943

=== Phase2 Epoch 38/49 ===
  Epoch 38 [10/440] loss=0.0861 mask=0.0398 depth=0.0460
  Epoch 38 [20/440] loss=0.1044 mask=0.0484 depth=0.0309
  Epoch 38 [30/440] loss=0.0962 mask=0.0449 depth=0.0268
  Epoch 38 [40/440] loss=0.0917 mask=0.0429 depth=0.0247
  Epoch 38 [50/440] loss=0.0923 mask=0.0427 depth=0.0238
  Epoch 38 [60/440] loss=0.0955 mask=0.0443 depth=0.0234
  Epoch 38 [70/440] loss=0.0909 mask=0.0422 depth=0.0235
  Epoch 38 [80/440] loss=0.0880 mask=0.0407 depth=0.0232
  Epoch 38 [90/440] loss=0.0900 mask=0.0418 depth=0.0247
  Epoch 38 [100/440] loss=0.0914 mask=0.0425 depth=0.0275
  Epoch 38 [110/440] loss=0.0898 mask=0.0417 depth=0.0267
  Epoch 38 [120/440] loss=0.0891 mask=0.0413 depth=0.0277
  Epoch 38 [130/440] loss=0.0882 mask=0.0408 depth=0.0288
  Epoch 38 [140/440] loss=0.0879 mask=0.0406 depth=0.0279
  Epoch 38 [150/440] loss=0.0878 mask=0.0405 depth=0.0276
  Epoch 38 [160/440] loss=0.0882 mask=0.0407 depth=0.0266
  Epoch 38 [170/440] loss=0.0880 mask=0.0406 depth=0.0271
  Epoch 38 [180/440] loss=0.0873 mask=0.0403 depth=0.0279
  Epoch 38 [190/440] loss=0.0876 mask=0.0403 depth=0.0283
  Epoch 38 [200/440] loss=0.0881 mask=0.0406 depth=0.0288
  Epoch 38 [210/440] loss=0.0883 mask=0.0408 depth=0.0283
  Epoch 38 [220/440] loss=0.0880 mask=0.0406 depth=0.0285
  Epoch 38 [230/440] loss=0.0887 mask=0.0410 depth=0.0282
  Epoch 38 [240/440] loss=0.0894 mask=0.0414 depth=0.0284
  Epoch 38 [250/440] loss=0.0894 mask=0.0413 depth=0.0282
  Epoch 38 [260/440] loss=0.0889 mask=0.0411 depth=0.0285
  Epoch 38 [270/440] loss=0.0898 mask=0.0415 depth=0.0283
  Epoch 38 [280/440] loss=0.0902 mask=0.0417 depth=0.0280
  Epoch 38 [290/440] loss=0.0912 mask=0.0422 depth=0.0286
  Epoch 38 [300/440] loss=0.0906 mask=0.0419 depth=0.0282
  Epoch 38 [310/440] loss=0.0910 mask=0.0421 depth=0.0283
  Epoch 38 [320/440] loss=0.0903 mask=0.0417 depth=0.0285
  Epoch 38 [330/440] loss=0.0906 mask=0.0419 depth=0.0284
  Epoch 38 [340/440] loss=0.0898 mask=0.0415 depth=0.0279
  Epoch 38 [350/440] loss=0.0894 mask=0.0413 depth=0.0278
  Epoch 38 [360/440] loss=0.0897 mask=0.0414 depth=0.0283
  Epoch 38 [370/440] loss=0.0904 mask=0.0418 depth=0.0284
  Epoch 38 [380/440] loss=0.0903 mask=0.0417 depth=0.0283
  Epoch 38 [390/440] loss=0.0904 mask=0.0417 depth=0.0281
  Epoch 38 [400/440] loss=0.0901 mask=0.0416 depth=0.0281
  Epoch 38 [410/440] loss=0.0902 mask=0.0416 depth=0.0283
  Epoch 38 [420/440] loss=0.0904 mask=0.0417 depth=0.0284
  Epoch 38 [430/440] loss=0.0910 mask=0.0420 depth=0.0283
  Epoch 38 [440/440] loss=0.0909 mask=0.0420 depth=0.0284
  Train: loss=0.0909 mask=0.0420 depth=0.0284 time=227.6s
  Val epoch 38: loss=0.1953

=== Phase2 Epoch 39/49 ===
  Epoch 39 [10/440] loss=0.1289 mask=0.0573 depth=0.0292
  Epoch 39 [20/440] loss=0.1019 mask=0.0453 depth=0.0346
  Epoch 39 [30/440] loss=0.0956 mask=0.0433 depth=0.0278
  Epoch 39 [40/440] loss=0.0922 mask=0.0417 depth=0.0250
  Epoch 39 [50/440] loss=0.0972 mask=0.0443 depth=0.0257
  Epoch 39 [60/440] loss=0.1012 mask=0.0464 depth=0.0249
  Epoch 39 [70/440] loss=0.0982 mask=0.0452 depth=0.0250
  Epoch 39 [80/440] loss=0.0965 mask=0.0445 depth=0.0263
  Epoch 39 [90/440] loss=0.0997 mask=0.0460 depth=0.0276
  Epoch 39 [100/440] loss=0.0982 mask=0.0451 depth=0.0262
  Epoch 39 [110/440] loss=0.0953 mask=0.0439 depth=0.0258
  Epoch 39 [120/440] loss=0.0935 mask=0.0429 depth=0.0249
  Epoch 39 [130/440] loss=0.0931 mask=0.0428 depth=0.0256
  Epoch 39 [140/440] loss=0.0935 mask=0.0430 depth=0.0253
  Epoch 39 [150/440] loss=0.0928 mask=0.0427 depth=0.0252
  Epoch 39 [160/440] loss=0.0914 mask=0.0420 depth=0.0261
  Epoch 39 [170/440] loss=0.0913 mask=0.0420 depth=0.0254
  Epoch 39 [180/440] loss=0.0911 mask=0.0419 depth=0.0258
  Epoch 39 [190/440] loss=0.0914 mask=0.0420 depth=0.0269
  Epoch 39 [200/440] loss=0.0925 mask=0.0426 depth=0.0262
  Epoch 39 [210/440] loss=0.0935 mask=0.0431 depth=0.0261
  Epoch 39 [220/440] loss=0.0960 mask=0.0443 depth=0.0261
  Epoch 39 [230/440] loss=0.0966 mask=0.0445 depth=0.0267
  Epoch 39 [240/440] loss=0.0961 mask=0.0443 depth=0.0274
  Epoch 39 [250/440] loss=0.0964 mask=0.0445 depth=0.0270
  Epoch 39 [260/440] loss=0.0952 mask=0.0439 depth=0.0270
  Epoch 39 [270/440] loss=0.0951 mask=0.0440 depth=0.0267
  Epoch 39 [280/440] loss=0.0951 mask=0.0440 depth=0.0274
  Epoch 39 [290/440] loss=0.0944 mask=0.0436 depth=0.0275
  Epoch 39 [300/440] loss=0.0944 mask=0.0436 depth=0.0279
  Epoch 39 [310/440] loss=0.0939 mask=0.0433 depth=0.0283
  Epoch 39 [320/440] loss=0.0930 mask=0.0429 depth=0.0279
  Epoch 39 [330/440] loss=0.0927 mask=0.0428 depth=0.0276
  Epoch 39 [340/440] loss=0.0927 mask=0.0428 depth=0.0279
  Epoch 39 [350/440] loss=0.0919 mask=0.0424 depth=0.0279
  Epoch 39 [360/440] loss=0.0919 mask=0.0424 depth=0.0285
  Epoch 39 [370/440] loss=0.0918 mask=0.0424 depth=0.0284
  Epoch 39 [380/440] loss=0.0921 mask=0.0425 depth=0.0285
  Epoch 39 [390/440] loss=0.0918 mask=0.0424 depth=0.0282
  Epoch 39 [400/440] loss=0.0916 mask=0.0423 depth=0.0281
  Epoch 39 [410/440] loss=0.0910 mask=0.0420 depth=0.0283
  Epoch 39 [420/440] loss=0.0906 mask=0.0418 depth=0.0284
  Epoch 39 [430/440] loss=0.0901 mask=0.0416 depth=0.0283
  Epoch 39 [440/440] loss=0.0906 mask=0.0418 depth=0.0280
  Train: loss=0.0906 mask=0.0418 depth=0.0280 time=220.7s
  Val epoch 39: loss=0.1957

=== Phase2 Epoch 40/49 ===
  Epoch 40 [10/440] loss=0.0908 mask=0.0403 depth=0.0192
  Epoch 40 [20/440] loss=0.0896 mask=0.0400 depth=0.0208
  Epoch 40 [30/440] loss=0.0798 mask=0.0360 depth=0.0205
  Epoch 40 [40/440] loss=0.0818 mask=0.0370 depth=0.0202
  Epoch 40 [50/440] loss=0.0816 mask=0.0369 depth=0.0202
  Epoch 40 [60/440] loss=0.0836 mask=0.0380 depth=0.0208
  Epoch 40 [70/440] loss=0.0829 mask=0.0376 depth=0.0209
  Epoch 40 [80/440] loss=0.0828 mask=0.0376 depth=0.0208
  Epoch 40 [90/440] loss=0.0813 mask=0.0369 depth=0.0209
  Epoch 40 [100/440] loss=0.0798 mask=0.0363 depth=0.0208
  Epoch 40 [110/440] loss=0.0816 mask=0.0373 depth=0.0224
  Epoch 40 [120/440] loss=0.0828 mask=0.0378 depth=0.0229
  Epoch 40 [130/440] loss=0.0818 mask=0.0374 depth=0.0229
  Epoch 40 [140/440] loss=0.0828 mask=0.0380 depth=0.0223
  Epoch 40 [150/440] loss=0.0843 mask=0.0387 depth=0.0236
  Epoch 40 [160/440] loss=0.0846 mask=0.0388 depth=0.0248
  Epoch 40 [170/440] loss=0.0837 mask=0.0384 depth=0.0242
  Epoch 40 [180/440] loss=0.0850 mask=0.0391 depth=0.0238
  Epoch 40 [190/440] loss=0.0867 mask=0.0400 depth=0.0237
  Epoch 40 [200/440] loss=0.0868 mask=0.0399 depth=0.0241
  Epoch 40 [210/440] loss=0.0891 mask=0.0411 depth=0.0237
  Epoch 40 [220/440] loss=0.0882 mask=0.0407 depth=0.0239
  Epoch 40 [230/440] loss=0.0875 mask=0.0404 depth=0.0240
  Epoch 40 [240/440] loss=0.0865 mask=0.0399 depth=0.0238
  Epoch 40 [250/440] loss=0.0875 mask=0.0404 depth=0.0249
  Epoch 40 [260/440] loss=0.0896 mask=0.0414 depth=0.0248
  Epoch 40 [270/440] loss=0.0886 mask=0.0409 depth=0.0247
  Epoch 40 [280/440] loss=0.0883 mask=0.0408 depth=0.0248
  Epoch 40 [290/440] loss=0.0882 mask=0.0407 depth=0.0251
  Epoch 40 [300/440] loss=0.0885 mask=0.0408 depth=0.0253
  Epoch 40 [310/440] loss=0.0890 mask=0.0410 depth=0.0252
  Epoch 40 [320/440] loss=0.0894 mask=0.0412 depth=0.0253
  Epoch 40 [330/440] loss=0.0891 mask=0.0411 depth=0.0255
  Epoch 40 [340/440] loss=0.0886 mask=0.0408 depth=0.0265
  Epoch 40 [350/440] loss=0.0886 mask=0.0408 depth=0.0264
  Epoch 40 [360/440] loss=0.0894 mask=0.0412 depth=0.0272
  Epoch 40 [370/440] loss=0.0898 mask=0.0414 depth=0.0274
  Epoch 40 [380/440] loss=0.0893 mask=0.0412 depth=0.0272
  Epoch 40 [390/440] loss=0.0890 mask=0.0410 depth=0.0279
  Epoch 40 [400/440] loss=0.0885 mask=0.0408 depth=0.0281
  Epoch 40 [410/440] loss=0.0893 mask=0.0412 depth=0.0281
  Epoch 40 [420/440] loss=0.0893 mask=0.0412 depth=0.0284
  Epoch 40 [430/440] loss=0.0888 mask=0.0409 depth=0.0285
  Epoch 40 [440/440] loss=0.0891 mask=0.0411 depth=0.0282
  Train: loss=0.0891 mask=0.0411 depth=0.0282 time=215.3s
  Val epoch 40: loss=0.1956

=== Phase2 Epoch 41/49 ===
  Epoch 41 [10/440] loss=0.1143 mask=0.0530 depth=0.0277
  Epoch 41 [20/440] loss=0.0925 mask=0.0418 depth=0.0243
  Epoch 41 [30/440] loss=0.0940 mask=0.0423 depth=0.0293
  Epoch 41 [40/440] loss=0.0955 mask=0.0429 depth=0.0314
  Epoch 41 [50/440] loss=0.0918 mask=0.0412 depth=0.0280
  Epoch 41 [60/440] loss=0.0887 mask=0.0400 depth=0.0276
  Epoch 41 [70/440] loss=0.0886 mask=0.0401 depth=0.0270
  Epoch 41 [80/440] loss=0.0871 mask=0.0395 depth=0.0271
  Epoch 41 [90/440] loss=0.0880 mask=0.0400 depth=0.0273
  Epoch 41 [100/440] loss=0.0878 mask=0.0400 depth=0.0269
  Epoch 41 [110/440] loss=0.0853 mask=0.0389 depth=0.0259
  Epoch 41 [120/440] loss=0.0842 mask=0.0385 depth=0.0249
  Epoch 41 [130/440] loss=0.0831 mask=0.0380 depth=0.0246
  Epoch 41 [140/440] loss=0.0852 mask=0.0391 depth=0.0240
  Epoch 41 [150/440] loss=0.0837 mask=0.0384 depth=0.0240
  Epoch 41 [160/440] loss=0.0845 mask=0.0387 depth=0.0237
  Epoch 41 [170/440] loss=0.0851 mask=0.0391 depth=0.0245
  Epoch 41 [180/440] loss=0.0866 mask=0.0399 depth=0.0253
  Epoch 41 [190/440] loss=0.0864 mask=0.0398 depth=0.0252
  Epoch 41 [200/440] loss=0.0853 mask=0.0393 depth=0.0254
  Epoch 41 [210/440] loss=0.0857 mask=0.0396 depth=0.0258
  Epoch 41 [220/440] loss=0.0866 mask=0.0400 depth=0.0254
  Epoch 41 [230/440] loss=0.0868 mask=0.0401 depth=0.0251
  Epoch 41 [240/440] loss=0.0865 mask=0.0399 depth=0.0256
  Epoch 41 [250/440] loss=0.0873 mask=0.0403 depth=0.0255
  Epoch 41 [260/440] loss=0.0871 mask=0.0402 depth=0.0259
  Epoch 41 [270/440] loss=0.0864 mask=0.0398 depth=0.0261
  Epoch 41 [280/440] loss=0.0874 mask=0.0403 depth=0.0271
  Epoch 41 [290/440] loss=0.0868 mask=0.0400 depth=0.0269
  Epoch 41 [300/440] loss=0.0866 mask=0.0399 depth=0.0268
  Epoch 41 [310/440] loss=0.0861 mask=0.0396 depth=0.0268
  Epoch 41 [320/440] loss=0.0862 mask=0.0396 depth=0.0267
  Epoch 41 [330/440] loss=0.0859 mask=0.0394 depth=0.0265
  Epoch 41 [340/440] loss=0.0851 mask=0.0391 depth=0.0268
  Epoch 41 [350/440] loss=0.0856 mask=0.0394 depth=0.0265
  Epoch 41 [360/440] loss=0.0856 mask=0.0394 depth=0.0270
  Epoch 41 [370/440] loss=0.0852 mask=0.0392 depth=0.0270
  Epoch 41 [380/440] loss=0.0857 mask=0.0395 depth=0.0270
  Epoch 41 [390/440] loss=0.0865 mask=0.0398 depth=0.0271
  Epoch 41 [400/440] loss=0.0866 mask=0.0399 depth=0.0268
  Epoch 41 [410/440] loss=0.0863 mask=0.0397 depth=0.0267
  Epoch 41 [420/440] loss=0.0871 mask=0.0401 depth=0.0273
  Epoch 41 [430/440] loss=0.0875 mask=0.0404 depth=0.0272
  Epoch 41 [440/440] loss=0.0887 mask=0.0410 depth=0.0272
  Train: loss=0.0887 mask=0.0410 depth=0.0272 time=207.2s
  Val epoch 41: loss=0.1962

=== Phase2 Epoch 42/49 ===
  Epoch 42 [10/440] loss=0.0985 mask=0.0438 depth=0.0246
  Epoch 42 [20/440] loss=0.0878 mask=0.0399 depth=0.0225
  Epoch 42 [30/440] loss=0.0810 mask=0.0366 depth=0.0221
  Epoch 42 [40/440] loss=0.0868 mask=0.0395 depth=0.0272
  Epoch 42 [50/440] loss=0.0889 mask=0.0405 depth=0.0268
  Epoch 42 [60/440] loss=0.0899 mask=0.0411 depth=0.0262
  Epoch 42 [70/440] loss=0.0900 mask=0.0413 depth=0.0274
  Epoch 42 [80/440] loss=0.0946 mask=0.0438 depth=0.0305
  Epoch 42 [90/440] loss=0.0968 mask=0.0448 depth=0.0294
  Epoch 42 [100/440] loss=0.0943 mask=0.0437 depth=0.0285
  Epoch 42 [110/440] loss=0.0912 mask=0.0423 depth=0.0282
  Epoch 42 [120/440] loss=0.0893 mask=0.0414 depth=0.0279
  Epoch 42 [130/440] loss=0.0883 mask=0.0410 depth=0.0283
  Epoch 42 [140/440] loss=0.0875 mask=0.0406 depth=0.0276
  Epoch 42 [150/440] loss=0.0893 mask=0.0414 depth=0.0276
  Epoch 42 [160/440] loss=0.0880 mask=0.0408 depth=0.0271
  Epoch 42 [170/440] loss=0.0872 mask=0.0404 depth=0.0265
  Epoch 42 [180/440] loss=0.0877 mask=0.0406 depth=0.0270
  Epoch 42 [190/440] loss=0.0886 mask=0.0410 depth=0.0270
  Epoch 42 [200/440] loss=0.0892 mask=0.0413 depth=0.0266
  Epoch 42 [210/440] loss=0.0893 mask=0.0413 depth=0.0264
  Epoch 42 [220/440] loss=0.0900 mask=0.0416 depth=0.0261
  Epoch 42 [230/440] loss=0.0902 mask=0.0417 depth=0.0256
  Epoch 42 [240/440] loss=0.0893 mask=0.0413 depth=0.0261
  Epoch 42 [250/440] loss=0.0893 mask=0.0413 depth=0.0263
  Epoch 42 [260/440] loss=0.0887 mask=0.0410 depth=0.0261
  Epoch 42 [270/440] loss=0.0880 mask=0.0407 depth=0.0256
  Epoch 42 [280/440] loss=0.0874 mask=0.0403 depth=0.0253
  Epoch 42 [290/440] loss=0.0871 mask=0.0402 depth=0.0251
  Epoch 42 [300/440] loss=0.0869 mask=0.0401 depth=0.0252
  Epoch 42 [310/440] loss=0.0864 mask=0.0398 depth=0.0258
  Epoch 42 [320/440] loss=0.0861 mask=0.0397 depth=0.0260
  Epoch 42 [330/440] loss=0.0858 mask=0.0395 depth=0.0257
  Epoch 42 [340/440] loss=0.0858 mask=0.0395 depth=0.0256
  Epoch 42 [350/440] loss=0.0859 mask=0.0396 depth=0.0254
  Epoch 42 [360/440] loss=0.0873 mask=0.0403 depth=0.0254
  Epoch 42 [370/440] loss=0.0872 mask=0.0403 depth=0.0260
  Epoch 42 [380/440] loss=0.0868 mask=0.0402 depth=0.0262
  Epoch 42 [390/440] loss=0.0879 mask=0.0407 depth=0.0266
  Epoch 42 [400/440] loss=0.0878 mask=0.0406 depth=0.0264
  Epoch 42 [410/440] loss=0.0891 mask=0.0412 depth=0.0269
  Epoch 42 [420/440] loss=0.0886 mask=0.0409 depth=0.0270
  Epoch 42 [430/440] loss=0.0882 mask=0.0407 depth=0.0269
  Epoch 42 [440/440] loss=0.0885 mask=0.0408 depth=0.0270
  Train: loss=0.0885 mask=0.0408 depth=0.0270 time=203.3s
  Val epoch 42: loss=0.1956

=== Phase2 Epoch 43/49 ===
  Epoch 43 [10/440] loss=0.0856 mask=0.0407 depth=0.0277
  Epoch 43 [20/440] loss=0.0817 mask=0.0383 depth=0.0222
  Epoch 43 [30/440] loss=0.0846 mask=0.0389 depth=0.0229
  Epoch 43 [40/440] loss=0.0840 mask=0.0387 depth=0.0272
  Epoch 43 [50/440] loss=0.0896 mask=0.0417 depth=0.0260
  Epoch 43 [60/440] loss=0.0895 mask=0.0415 depth=0.0265
  Epoch 43 [70/440] loss=0.0875 mask=0.0407 depth=0.0249
  Epoch 43 [80/440] loss=0.0901 mask=0.0417 depth=0.0234
  Epoch 43 [90/440] loss=0.0898 mask=0.0415 depth=0.0232
  Epoch 43 [100/440] loss=0.0892 mask=0.0412 depth=0.0230
  Epoch 43 [110/440] loss=0.0918 mask=0.0425 depth=0.0239
  Epoch 43 [120/440] loss=0.0900 mask=0.0417 depth=0.0238
  Epoch 43 [130/440] loss=0.0902 mask=0.0418 depth=0.0237
  Epoch 43 [140/440] loss=0.0934 mask=0.0435 depth=0.0235
  Epoch 43 [150/440] loss=0.0921 mask=0.0429 depth=0.0226
  Epoch 43 [160/440] loss=0.0950 mask=0.0442 depth=0.0225
  Epoch 43 [170/440] loss=0.0926 mask=0.0431 depth=0.0225
  Epoch 43 [180/440] loss=0.0910 mask=0.0423 depth=0.0229
  Epoch 43 [190/440] loss=0.0918 mask=0.0426 depth=0.0226
  Epoch 43 [200/440] loss=0.0913 mask=0.0423 depth=0.0232
  Epoch 43 [210/440] loss=0.0923 mask=0.0428 depth=0.0238
  Epoch 43 [220/440] loss=0.0916 mask=0.0425 depth=0.0244
  Epoch 43 [230/440] loss=0.0912 mask=0.0422 depth=0.0262
  Epoch 43 [240/440] loss=0.0904 mask=0.0419 depth=0.0260
  Epoch 43 [250/440] loss=0.0896 mask=0.0415 depth=0.0261
  Epoch 43 [260/440] loss=0.0885 mask=0.0410 depth=0.0260
  Epoch 43 [270/440] loss=0.0884 mask=0.0409 depth=0.0257
  Epoch 43 [280/440] loss=0.0882 mask=0.0408 depth=0.0257
  Epoch 43 [290/440] loss=0.0880 mask=0.0407 depth=0.0255
  Epoch 43 [300/440] loss=0.0879 mask=0.0406 depth=0.0252
  Epoch 43 [310/440] loss=0.0880 mask=0.0407 depth=0.0259
  Epoch 43 [320/440] loss=0.0885 mask=0.0409 depth=0.0263
  Epoch 43 [330/440] loss=0.0881 mask=0.0407 depth=0.0261
  Epoch 43 [340/440] loss=0.0889 mask=0.0412 depth=0.0272
  Epoch 43 [350/440] loss=0.0895 mask=0.0414 depth=0.0273
  Epoch 43 [360/440] loss=0.0892 mask=0.0412 depth=0.0275
  Epoch 43 [370/440] loss=0.0902 mask=0.0418 depth=0.0278
  Epoch 43 [380/440] loss=0.0899 mask=0.0416 depth=0.0277
  Epoch 43 [390/440] loss=0.0898 mask=0.0416 depth=0.0277
  Epoch 43 [400/440] loss=0.0897 mask=0.0415 depth=0.0275
  Epoch 43 [410/440] loss=0.0889 mask=0.0411 depth=0.0276
  Epoch 43 [420/440] loss=0.0886 mask=0.0410 depth=0.0274
  Epoch 43 [430/440] loss=0.0885 mask=0.0409 depth=0.0272
  Epoch 43 [440/440] loss=0.0883 mask=0.0408 depth=0.0270
  Train: loss=0.0883 mask=0.0408 depth=0.0270 time=268.5s
  Val epoch 43: loss=0.1957

=== Phase2 Epoch 44/49 ===
  Epoch 44 [10/440] loss=0.0766 mask=0.0363 depth=0.0211
  Epoch 44 [20/440] loss=0.0857 mask=0.0400 depth=0.0244
  Epoch 44 [30/440] loss=0.0884 mask=0.0413 depth=0.0280
  Epoch 44 [40/440] loss=0.0862 mask=0.0402 depth=0.0243
  Epoch 44 [50/440] loss=0.0878 mask=0.0409 depth=0.0248
  Epoch 44 [60/440] loss=0.0840 mask=0.0390 depth=0.0246
  Epoch 44 [70/440] loss=0.0857 mask=0.0397 depth=0.0253
  Epoch 44 [80/440] loss=0.0836 mask=0.0386 depth=0.0239
  Epoch 44 [90/440] loss=0.0838 mask=0.0388 depth=0.0236
  Epoch 44 [100/440] loss=0.0852 mask=0.0396 depth=0.0237
  Epoch 44 [110/440] loss=0.0842 mask=0.0392 depth=0.0232
  Epoch 44 [120/440] loss=0.0834 mask=0.0387 depth=0.0221
  Epoch 44 [130/440] loss=0.0834 mask=0.0386 depth=0.0224
  Epoch 44 [140/440] loss=0.0833 mask=0.0386 depth=0.0236
  Epoch 44 [150/440] loss=0.0836 mask=0.0387 depth=0.0237
  Epoch 44 [160/440] loss=0.0842 mask=0.0391 depth=0.0234
  Epoch 44 [170/440] loss=0.0853 mask=0.0396 depth=0.0231
  Epoch 44 [180/440] loss=0.0857 mask=0.0397 depth=0.0242
  Epoch 44 [190/440] loss=0.0850 mask=0.0394 depth=0.0237
  Epoch 44 [200/440] loss=0.0842 mask=0.0390 depth=0.0234
  Epoch 44 [210/440] loss=0.0837 mask=0.0387 depth=0.0233
  Epoch 44 [220/440] loss=0.0842 mask=0.0389 depth=0.0230
  Epoch 44 [230/440] loss=0.0860 mask=0.0398 depth=0.0230
  Epoch 44 [240/440] loss=0.0852 mask=0.0394 depth=0.0228
  Epoch 44 [250/440] loss=0.0851 mask=0.0393 depth=0.0231
  Epoch 44 [260/440] loss=0.0861 mask=0.0398 depth=0.0238
  Epoch 44 [270/440] loss=0.0862 mask=0.0398 depth=0.0242
  Epoch 44 [280/440] loss=0.0860 mask=0.0397 depth=0.0242
  Epoch 44 [290/440] loss=0.0861 mask=0.0397 depth=0.0244
  Epoch 44 [300/440] loss=0.0869 mask=0.0401 depth=0.0244
  Epoch 44 [310/440] loss=0.0889 mask=0.0411 depth=0.0247
  Epoch 44 [320/440] loss=0.0886 mask=0.0409 depth=0.0245
  Epoch 44 [330/440] loss=0.0888 mask=0.0410 depth=0.0248
  Epoch 44 [340/440] loss=0.0878 mask=0.0405 depth=0.0250
  Epoch 44 [350/440] loss=0.0879 mask=0.0405 depth=0.0250
  Epoch 44 [360/440] loss=0.0878 mask=0.0405 depth=0.0252
  Epoch 44 [370/440] loss=0.0871 mask=0.0402 depth=0.0256
  Epoch 44 [380/440] loss=0.0876 mask=0.0404 depth=0.0257
  Epoch 44 [390/440] loss=0.0873 mask=0.0403 depth=0.0256
  Epoch 44 [400/440] loss=0.0876 mask=0.0404 depth=0.0258
  Epoch 44 [410/440] loss=0.0879 mask=0.0406 depth=0.0255
  Epoch 44 [420/440] loss=0.0875 mask=0.0404 depth=0.0259
  Epoch 44 [430/440] loss=0.0872 mask=0.0402 depth=0.0260
  Epoch 44 [440/440] loss=0.0879 mask=0.0406 depth=0.0264
  Train: loss=0.0879 mask=0.0406 depth=0.0264 time=269.1s
  Val epoch 44: loss=0.1959

=== Phase2 Epoch 45/49 ===
  Epoch 45 [10/440] loss=0.1082 mask=0.0510 depth=0.0109
  Epoch 45 [20/440] loss=0.1179 mask=0.0552 depth=0.0233
  Epoch 45 [30/440] loss=0.1012 mask=0.0474 depth=0.0261
  Epoch 45 [40/440] loss=0.0933 mask=0.0436 depth=0.0240
  Epoch 45 [50/440] loss=0.0998 mask=0.0469 depth=0.0290
  Epoch 45 [60/440] loss=0.0979 mask=0.0461 depth=0.0272
  Epoch 45 [70/440] loss=0.0988 mask=0.0465 depth=0.0306
  Epoch 45 [80/440] loss=0.0971 mask=0.0456 depth=0.0307
  Epoch 45 [90/440] loss=0.0998 mask=0.0469 depth=0.0307
  Epoch 45 [100/440] loss=0.0974 mask=0.0457 depth=0.0314
  Epoch 45 [110/440] loss=0.0963 mask=0.0451 depth=0.0306
  Epoch 45 [120/440] loss=0.0977 mask=0.0457 depth=0.0299
  Epoch 45 [130/440] loss=0.0963 mask=0.0450 depth=0.0299
  Epoch 45 [140/440] loss=0.0955 mask=0.0445 depth=0.0297
  Epoch 45 [150/440] loss=0.0949 mask=0.0441 depth=0.0306
  Epoch 45 [160/440] loss=0.0939 mask=0.0436 depth=0.0307
  Epoch 45 [170/440] loss=0.0941 mask=0.0436 depth=0.0299
  Epoch 45 [180/440] loss=0.0938 mask=0.0434 depth=0.0297
  Epoch 45 [190/440] loss=0.0939 mask=0.0434 depth=0.0297
  Epoch 45 [200/440] loss=0.0934 mask=0.0432 depth=0.0294
  Epoch 45 [210/440] loss=0.0917 mask=0.0424 depth=0.0298
  Epoch 45 [220/440] loss=0.0915 mask=0.0423 depth=0.0303
  Epoch 45 [230/440] loss=0.0907 mask=0.0419 depth=0.0305
  Epoch 45 [240/440] loss=0.0899 mask=0.0415 depth=0.0300
  Epoch 45 [250/440] loss=0.0891 mask=0.0411 depth=0.0296
  Epoch 45 [260/440] loss=0.0881 mask=0.0406 depth=0.0291
  Epoch 45 [270/440] loss=0.0901 mask=0.0416 depth=0.0289
  Epoch 45 [280/440] loss=0.0900 mask=0.0415 depth=0.0287
  Epoch 45 [290/440] loss=0.0896 mask=0.0413 depth=0.0286
  Epoch 45 [300/440] loss=0.0906 mask=0.0418 depth=0.0279
  Epoch 45 [310/440] loss=0.0901 mask=0.0416 depth=0.0274
  Epoch 45 [320/440] loss=0.0894 mask=0.0412 depth=0.0278
  Epoch 45 [330/440] loss=0.0887 mask=0.0409 depth=0.0274
  Epoch 45 [340/440] loss=0.0877 mask=0.0405 depth=0.0273
  Epoch 45 [350/440] loss=0.0877 mask=0.0405 depth=0.0269
  Epoch 45 [360/440] loss=0.0871 mask=0.0402 depth=0.0272
  Epoch 45 [370/440] loss=0.0869 mask=0.0401 depth=0.0269
  Epoch 45 [380/440] loss=0.0871 mask=0.0402 depth=0.0266
  Epoch 45 [390/440] loss=0.0874 mask=0.0403 depth=0.0268
  Epoch 45 [400/440] loss=0.0868 mask=0.0400 depth=0.0265
  Epoch 45 [410/440] loss=0.0875 mask=0.0404 depth=0.0266
  Epoch 45 [420/440] loss=0.0879 mask=0.0406 depth=0.0266
  Epoch 45 [430/440] loss=0.0883 mask=0.0408 depth=0.0264
  Epoch 45 [440/440] loss=0.0879 mask=0.0406 depth=0.0265
  Train: loss=0.0879 mask=0.0406 depth=0.0265 time=275.1s
  Val epoch 45: loss=0.1962

=== Phase2 Epoch 46/49 ===
  Epoch 46 [10/440] loss=0.0967 mask=0.0448 depth=0.0314
  Epoch 46 [20/440] loss=0.0876 mask=0.0396 depth=0.0223
  Epoch 46 [30/440] loss=0.0798 mask=0.0359 depth=0.0193
  Epoch 46 [40/440] loss=0.0749 mask=0.0337 depth=0.0165
  Epoch 46 [50/440] loss=0.0769 mask=0.0347 depth=0.0155
  Epoch 46 [60/440] loss=0.0746 mask=0.0337 depth=0.0180
  Epoch 46 [70/440] loss=0.0772 mask=0.0349 depth=0.0179
  Epoch 46 [80/440] loss=0.0783 mask=0.0355 depth=0.0187
  Epoch 46 [90/440] loss=0.0775 mask=0.0352 depth=0.0195
  Epoch 46 [100/440] loss=0.0776 mask=0.0354 depth=0.0204
  Epoch 46 [110/440] loss=0.0789 mask=0.0360 depth=0.0199
  Epoch 46 [120/440] loss=0.0806 mask=0.0370 depth=0.0198
  Epoch 46 [130/440] loss=0.0808 mask=0.0371 depth=0.0207
  Epoch 46 [140/440] loss=0.0805 mask=0.0370 depth=0.0212
  Epoch 46 [150/440] loss=0.0841 mask=0.0387 depth=0.0211
  Epoch 46 [160/440] loss=0.0833 mask=0.0383 depth=0.0208
  Epoch 46 [170/440] loss=0.0831 mask=0.0382 depth=0.0210
  Epoch 46 [180/440] loss=0.0831 mask=0.0382 depth=0.0213
  Epoch 46 [190/440] loss=0.0872 mask=0.0403 depth=0.0219
  Epoch 46 [200/440] loss=0.0859 mask=0.0396 depth=0.0221
  Epoch 46 [210/440] loss=0.0865 mask=0.0399 depth=0.0229
  Epoch 46 [220/440] loss=0.0870 mask=0.0402 depth=0.0228
  Epoch 46 [230/440] loss=0.0860 mask=0.0398 depth=0.0229
  Epoch 46 [240/440] loss=0.0849 mask=0.0392 depth=0.0226
  Epoch 46 [250/440] loss=0.0837 mask=0.0386 depth=0.0224
  Epoch 46 [260/440] loss=0.0845 mask=0.0391 depth=0.0226
  Epoch 46 [270/440] loss=0.0854 mask=0.0395 depth=0.0229
  Epoch 46 [280/440] loss=0.0866 mask=0.0401 depth=0.0234
  Epoch 46 [290/440] loss=0.0863 mask=0.0400 depth=0.0232
  Epoch 46 [300/440] loss=0.0872 mask=0.0405 depth=0.0230
  Epoch 46 [310/440] loss=0.0879 mask=0.0408 depth=0.0238
  Epoch 46 [320/440] loss=0.0880 mask=0.0408 depth=0.0249
  Epoch 46 [330/440] loss=0.0880 mask=0.0407 depth=0.0250
  Epoch 46 [340/440] loss=0.0880 mask=0.0407 depth=0.0252
  Epoch 46 [350/440] loss=0.0883 mask=0.0408 depth=0.0255
  Epoch 46 [360/440] loss=0.0886 mask=0.0409 depth=0.0254
  Epoch 46 [370/440] loss=0.0879 mask=0.0406 depth=0.0253
  Epoch 46 [380/440] loss=0.0878 mask=0.0406 depth=0.0258
  Epoch 46 [390/440] loss=0.0871 mask=0.0402 depth=0.0257
  Epoch 46 [400/440] loss=0.0875 mask=0.0405 depth=0.0257
  Epoch 46 [410/440] loss=0.0878 mask=0.0406 depth=0.0265
  Epoch 46 [420/440] loss=0.0878 mask=0.0406 depth=0.0264
  Epoch 46 [430/440] loss=0.0874 mask=0.0404 depth=0.0263
  Epoch 46 [440/440] loss=0.0874 mask=0.0404 depth=0.0261
  Train: loss=0.0874 mask=0.0404 depth=0.0261 time=229.2s
  Val epoch 46: loss=0.1959

=== Phase2 Epoch 47/49 ===
  Epoch 47 [10/440] loss=0.0860 mask=0.0373 depth=0.0177
  Epoch 47 [20/440] loss=0.0834 mask=0.0374 depth=0.0220
  Epoch 47 [30/440] loss=0.0826 mask=0.0374 depth=0.0204
  Epoch 47 [40/440] loss=0.0832 mask=0.0377 depth=0.0181
  Epoch 47 [50/440] loss=0.0898 mask=0.0412 depth=0.0211
  Epoch 47 [60/440] loss=0.0901 mask=0.0415 depth=0.0211
  Epoch 47 [70/440] loss=0.0909 mask=0.0419 depth=0.0228
  Epoch 47 [80/440] loss=0.0949 mask=0.0440 depth=0.0225
  Epoch 47 [90/440] loss=0.0968 mask=0.0448 depth=0.0224
  Epoch 47 [100/440] loss=0.0953 mask=0.0442 depth=0.0222
  Epoch 47 [110/440] loss=0.0937 mask=0.0434 depth=0.0214
  Epoch 47 [120/440] loss=0.0910 mask=0.0421 depth=0.0210
  Epoch 47 [130/440] loss=0.0905 mask=0.0419 depth=0.0215
  Epoch 47 [140/440] loss=0.0911 mask=0.0422 depth=0.0210
  Epoch 47 [150/440] loss=0.0903 mask=0.0418 depth=0.0219
  Epoch 47 [160/440] loss=0.0887 mask=0.0411 depth=0.0225
  Epoch 47 [170/440] loss=0.0907 mask=0.0421 depth=0.0245
  Epoch 47 [180/440] loss=0.0900 mask=0.0417 depth=0.0246
  Epoch 47 [190/440] loss=0.0910 mask=0.0422 depth=0.0253
  Epoch 47 [200/440] loss=0.0899 mask=0.0417 depth=0.0261
  Epoch 47 [210/440] loss=0.0890 mask=0.0413 depth=0.0262
  Epoch 47 [220/440] loss=0.0875 mask=0.0406 depth=0.0260
  Epoch 47 [230/440] loss=0.0871 mask=0.0403 depth=0.0257
  Epoch 47 [240/440] loss=0.0866 mask=0.0400 depth=0.0255
  Epoch 47 [250/440] loss=0.0869 mask=0.0401 depth=0.0256
  Epoch 47 [260/440] loss=0.0868 mask=0.0400 depth=0.0261
  Epoch 47 [270/440] loss=0.0865 mask=0.0398 depth=0.0263
  Epoch 47 [280/440] loss=0.0856 mask=0.0394 depth=0.0260
  Epoch 47 [290/440] loss=0.0854 mask=0.0393 depth=0.0262
  Epoch 47 [300/440] loss=0.0848 mask=0.0391 depth=0.0260
  Epoch 47 [310/440] loss=0.0862 mask=0.0397 depth=0.0260
  Epoch 47 [320/440] loss=0.0855 mask=0.0394 depth=0.0262
  Epoch 47 [330/440] loss=0.0864 mask=0.0398 depth=0.0264
  Epoch 47 [340/440] loss=0.0856 mask=0.0394 depth=0.0264
  Epoch 47 [350/440] loss=0.0861 mask=0.0397 depth=0.0266
  Epoch 47 [360/440] loss=0.0854 mask=0.0394 depth=0.0267
  Epoch 47 [370/440] loss=0.0862 mask=0.0397 depth=0.0267
  Epoch 47 [380/440] loss=0.0859 mask=0.0396 depth=0.0262
  Epoch 47 [390/440] loss=0.0864 mask=0.0399 depth=0.0261
  Epoch 47 [400/440] loss=0.0871 mask=0.0402 depth=0.0264
  Epoch 47 [410/440] loss=0.0867 mask=0.0400 depth=0.0260
  Epoch 47 [420/440] loss=0.0867 mask=0.0400 depth=0.0259
  Epoch 47 [430/440] loss=0.0864 mask=0.0399 depth=0.0257
  Epoch 47 [440/440] loss=0.0871 mask=0.0402 depth=0.0260
  Train: loss=0.0871 mask=0.0402 depth=0.0260 time=202.2s
  Val epoch 47: loss=0.1957

=== Phase2 Epoch 48/49 ===
  Epoch 48 [10/440] loss=0.0906 mask=0.0409 depth=0.0186
  Epoch 48 [20/440] loss=0.0803 mask=0.0366 depth=0.0289
  Epoch 48 [30/440] loss=0.0756 mask=0.0347 depth=0.0242
  Epoch 48 [40/440] loss=0.0739 mask=0.0338 depth=0.0217
  Epoch 48 [50/440] loss=0.0799 mask=0.0370 depth=0.0219
  Epoch 48 [60/440] loss=0.0865 mask=0.0401 depth=0.0219
  Epoch 48 [70/440] loss=0.0830 mask=0.0384 depth=0.0226
  Epoch 48 [80/440] loss=0.0832 mask=0.0384 depth=0.0227
  Epoch 48 [90/440] loss=0.0859 mask=0.0398 depth=0.0238
  Epoch 48 [100/440] loss=0.0843 mask=0.0389 depth=0.0242
  Epoch 48 [110/440] loss=0.0826 mask=0.0381 depth=0.0230
  Epoch 48 [120/440] loss=0.0843 mask=0.0391 depth=0.0221
  Epoch 48 [130/440] loss=0.0828 mask=0.0383 depth=0.0222
  Epoch 48 [140/440] loss=0.0822 mask=0.0381 depth=0.0224
  Epoch 48 [150/440] loss=0.0808 mask=0.0374 depth=0.0227
  Epoch 48 [160/440] loss=0.0814 mask=0.0378 depth=0.0226
  Epoch 48 [170/440] loss=0.0807 mask=0.0374 depth=0.0229
  Epoch 48 [180/440] loss=0.0816 mask=0.0378 depth=0.0230
  Epoch 48 [190/440] loss=0.0829 mask=0.0385 depth=0.0229
  Epoch 48 [200/440] loss=0.0824 mask=0.0382 depth=0.0225
  Epoch 48 [210/440] loss=0.0819 mask=0.0380 depth=0.0238
  Epoch 48 [220/440] loss=0.0819 mask=0.0380 depth=0.0231
  Epoch 48 [230/440] loss=0.0828 mask=0.0384 depth=0.0229
  Epoch 48 [240/440] loss=0.0825 mask=0.0382 depth=0.0235
  Epoch 48 [250/440] loss=0.0826 mask=0.0383 depth=0.0242
  Epoch 48 [260/440] loss=0.0834 mask=0.0387 depth=0.0239
  Epoch 48 [270/440] loss=0.0837 mask=0.0388 depth=0.0237
  Epoch 48 [280/440] loss=0.0841 mask=0.0390 depth=0.0237
  Epoch 48 [290/440] loss=0.0842 mask=0.0390 depth=0.0235
  Epoch 48 [300/440] loss=0.0848 mask=0.0392 depth=0.0244
  Epoch 48 [310/440] loss=0.0841 mask=0.0389 depth=0.0245
  Epoch 48 [320/440] loss=0.0851 mask=0.0393 depth=0.0246
  Epoch 48 [330/440] loss=0.0847 mask=0.0391 depth=0.0246
  Epoch 48 [340/440] loss=0.0844 mask=0.0390 depth=0.0252
  Epoch 48 [350/440] loss=0.0849 mask=0.0392 depth=0.0255
  Epoch 48 [360/440] loss=0.0853 mask=0.0394 depth=0.0261
  Epoch 48 [370/440] loss=0.0850 mask=0.0393 depth=0.0258
  Epoch 48 [380/440] loss=0.0845 mask=0.0390 depth=0.0260
  Epoch 48 [390/440] loss=0.0847 mask=0.0391 depth=0.0263
  Epoch 48 [400/440] loss=0.0860 mask=0.0397 depth=0.0261
  Epoch 48 [410/440] loss=0.0866 mask=0.0400 depth=0.0260
  Epoch 48 [420/440] loss=0.0873 mask=0.0403 depth=0.0257
  Epoch 48 [430/440] loss=0.0871 mask=0.0402 depth=0.0254
  Epoch 48 [440/440] loss=0.0870 mask=0.0402 depth=0.0253
  Train: loss=0.0870 mask=0.0402 depth=0.0253 time=204.7s
  Val epoch 48: loss=0.1955

=== Phase2 Epoch 49/49 ===
  Epoch 49 [10/440] loss=0.0959 mask=0.0430 depth=0.0186
  Epoch 49 [20/440] loss=0.0904 mask=0.0406 depth=0.0231
  Epoch 49 [30/440] loss=0.0940 mask=0.0429 depth=0.0217
  Epoch 49 [40/440] loss=0.0900 mask=0.0412 depth=0.0191
  Epoch 49 [50/440] loss=0.0880 mask=0.0402 depth=0.0240
  Epoch 49 [60/440] loss=0.0922 mask=0.0423 depth=0.0227
  Epoch 49 [70/440] loss=0.0929 mask=0.0427 depth=0.0243
  Epoch 49 [80/440] loss=0.0914 mask=0.0421 depth=0.0246
  Epoch 49 [90/440] loss=0.0894 mask=0.0411 depth=0.0239
  Epoch 49 [100/440] loss=0.0897 mask=0.0412 depth=0.0246
  Epoch 49 [110/440] loss=0.0886 mask=0.0408 depth=0.0252
  Epoch 49 [120/440] loss=0.0872 mask=0.0401 depth=0.0257
  Epoch 49 [130/440] loss=0.0865 mask=0.0397 depth=0.0263
  Epoch 49 [140/440] loss=0.0860 mask=0.0395 depth=0.0259
  Epoch 49 [150/440] loss=0.0860 mask=0.0394 depth=0.0265
  Epoch 49 [160/440] loss=0.0874 mask=0.0401 depth=0.0270
  Epoch 49 [170/440] loss=0.0880 mask=0.0404 depth=0.0266
  Epoch 49 [180/440] loss=0.0868 mask=0.0399 depth=0.0265
  Epoch 49 [190/440] loss=0.0879 mask=0.0403 depth=0.0264
  Epoch 49 [200/440] loss=0.0875 mask=0.0402 depth=0.0257
  Epoch 49 [210/440] loss=0.0863 mask=0.0397 depth=0.0251
  Epoch 49 [220/440] loss=0.0866 mask=0.0398 depth=0.0253
  Epoch 49 [230/440] loss=0.0872 mask=0.0401 depth=0.0257
  Epoch 49 [240/440] loss=0.0869 mask=0.0400 depth=0.0254
  Epoch 49 [250/440] loss=0.0869 mask=0.0400 depth=0.0259
  Epoch 49 [260/440] loss=0.0868 mask=0.0400 depth=0.0257
  Epoch 49 [270/440] loss=0.0863 mask=0.0397 depth=0.0256
  Epoch 49 [280/440] loss=0.0856 mask=0.0393 depth=0.0263
  Epoch 49 [290/440] loss=0.0859 mask=0.0395 depth=0.0266
  Epoch 49 [300/440] loss=0.0851 mask=0.0391 depth=0.0262
  Epoch 49 [310/440] loss=0.0846 mask=0.0388 depth=0.0265
  Epoch 49 [320/440] loss=0.0841 mask=0.0386 depth=0.0265
  Epoch 49 [330/440] loss=0.0853 mask=0.0392 depth=0.0264
  Epoch 49 [340/440] loss=0.0849 mask=0.0391 depth=0.0263
  Epoch 49 [350/440] loss=0.0852 mask=0.0393 depth=0.0263
  Epoch 49 [360/440] loss=0.0847 mask=0.0390 depth=0.0258
  Epoch 49 [370/440] loss=0.0848 mask=0.0391 depth=0.0257
  Epoch 49 [380/440] loss=0.0846 mask=0.0389 depth=0.0255
  Epoch 49 [390/440] loss=0.0869 mask=0.0401 depth=0.0253
  Epoch 49 [400/440] loss=0.0865 mask=0.0399 depth=0.0252
  Epoch 49 [410/440] loss=0.0873 mask=0.0403 depth=0.0255
  Epoch 49 [420/440] loss=0.0872 mask=0.0403 depth=0.0256
  Epoch 49 [430/440] loss=0.0873 mask=0.0403 depth=0.0259
  Epoch 49 [440/440] loss=0.0868 mask=0.0401 depth=0.0260
  Train: loss=0.0868 mask=0.0401 depth=0.0260 time=213.1s
  Val epoch 49: loss=0.1948

Phase 2 complete. Best val loss: 0.1934
