nohup: ignoring input
/home/LXT/.conda/envs/dinov3-sam/lib/python3.10/runpy.py:126: RuntimeWarning: 'dinosam.train.trainer' found in sys.modules after import of package 'dinosam.train', but prior to execution of 'dinosam.train.trainer'; this may result in unpredictable behaviour
  warn(RuntimeWarning(msg))
Initialized depth branch from SAM inner weights (depth_prediction_head random)
Train samples: 880  Val samples: 220

============================================================
PHASE 1: Mask-only training (dice + iou loss)
============================================================
Phase 1: Total params: 97,379,069  Trainable: 4,064,560

=== Phase1 Epoch 0/49 ===
  Epoch 0 [10/220] loss=1.6701 mask=0.9819 iou=0.6882
  Epoch 0 [20/220] loss=1.4213 mask=0.9675 iou=0.4538
  Epoch 0 [30/220] loss=1.3141 mask=0.9601 iou=0.3540
  Epoch 0 [40/220] loss=1.2427 mask=0.9595 iou=0.2832
  Epoch 0 [50/220] loss=1.1918 mask=0.9529 iou=0.2389
  Epoch 0 [60/220] loss=1.1599 mask=0.9485 iou=0.2113
  Epoch 0 [70/220] loss=1.1340 mask=0.9397 iou=0.1943
  Epoch 0 [80/220] loss=1.0815 mask=0.8994 iou=0.1821
  Epoch 0 [90/220] loss=1.0169 mask=0.8482 iou=0.1687
  Epoch 0 [100/220] loss=0.9591 mask=0.7989 iou=0.1601
  Epoch 0 [110/220] loss=0.9103 mask=0.7569 iou=0.1534
  Epoch 0 [120/220] loss=0.8700 mask=0.7225 iou=0.1474
  Epoch 0 [130/220] loss=0.8333 mask=0.6927 iou=0.1407
  Epoch 0 [140/220] loss=0.7961 mask=0.6612 iou=0.1349
  Epoch 0 [150/220] loss=0.7587 mask=0.6297 iou=0.1290
  Epoch 0 [160/220] loss=0.7272 mask=0.6039 iou=0.1234
  Epoch 0 [170/220] loss=0.7013 mask=0.5819 iou=0.1194
  Epoch 0 [180/220] loss=0.6739 mask=0.5596 iou=0.1143
  Epoch 0 [190/220] loss=0.6539 mask=0.5425 iou=0.1114
  Epoch 0 [200/220] loss=0.6325 mask=0.5253 iou=0.1073
  Epoch 0 [210/220] loss=0.6113 mask=0.5082 iou=0.1031
  Epoch 0 [220/220] loss=0.5997 mask=0.4985 iou=0.1012
  Train: loss=0.5997 mask=0.4985 iou=0.1012 time=156.2s
  Val epoch 0: loss=0.2700
  Saved best phase1 model (val_loss=0.2700)

=== Phase1 Epoch 1/49 ===
  Epoch 1 [10/220] loss=0.2733 mask=0.2348 iou=0.0386
  Epoch 1 [20/220] loss=0.2753 mask=0.2319 iou=0.0433
  Epoch 1 [30/220] loss=0.2657 mask=0.2220 iou=0.0437
  Epoch 1 [40/220] loss=0.2636 mask=0.2188 iou=0.0448
  Epoch 1 [50/220] loss=0.2560 mask=0.2113 iou=0.0446
  Epoch 1 [60/220] loss=0.2437 mask=0.2025 iou=0.0411
  Epoch 1 [70/220] loss=0.2396 mask=0.1982 iou=0.0414
  Epoch 1 [80/220] loss=0.2400 mask=0.1984 iou=0.0416
  Epoch 1 [90/220] loss=0.2336 mask=0.1942 iou=0.0394
  Epoch 1 [100/220] loss=0.2325 mask=0.1940 iou=0.0385
  Epoch 1 [110/220] loss=0.2353 mask=0.1963 iou=0.0391
  Epoch 1 [120/220] loss=0.2299 mask=0.1924 iou=0.0375
  Epoch 1 [130/220] loss=0.2301 mask=0.1926 iou=0.0375
  Epoch 1 [140/220] loss=0.2263 mask=0.1898 iou=0.0365
  Epoch 1 [150/220] loss=0.2216 mask=0.1859 iou=0.0357
  Epoch 1 [160/220] loss=0.2206 mask=0.1855 iou=0.0351
  Epoch 1 [170/220] loss=0.2219 mask=0.1863 iou=0.0356
  Epoch 1 [180/220] loss=0.2224 mask=0.1868 iou=0.0356
  Epoch 1 [190/220] loss=0.2216 mask=0.1864 iou=0.0352
  Epoch 1 [200/220] loss=0.2219 mask=0.1866 iou=0.0353
  Epoch 1 [210/220] loss=0.2213 mask=0.1858 iou=0.0355
  Epoch 1 [220/220] loss=0.2230 mask=0.1872 iou=0.0358
  Train: loss=0.2230 mask=0.1872 iou=0.0358 time=152.1s
  Val epoch 1: loss=0.2086
  Saved best phase1 model (val_loss=0.2086)

=== Phase1 Epoch 2/49 ===
  Epoch 2 [10/220] loss=0.2394 mask=0.2038 iou=0.0356
  Epoch 2 [20/220] loss=0.2204 mask=0.1923 iou=0.0281
  Epoch 2 [30/220] loss=0.2125 mask=0.1856 iou=0.0269
  Epoch 2 [40/220] loss=0.1927 mask=0.1677 iou=0.0250
  Epoch 2 [50/220] loss=0.1877 mask=0.1631 iou=0.0246
  Epoch 2 [60/220] loss=0.1820 mask=0.1571 iou=0.0248
  Epoch 2 [70/220] loss=0.1763 mask=0.1530 iou=0.0233
  Epoch 2 [80/220] loss=0.1931 mask=0.1648 iou=0.0283
  Epoch 2 [90/220] loss=0.1883 mask=0.1612 iou=0.0271
  Epoch 2 [100/220] loss=0.1920 mask=0.1638 iou=0.0282
  Epoch 2 [110/220] loss=0.1944 mask=0.1656 iou=0.0288
  Epoch 2 [120/220] loss=0.1920 mask=0.1630 iou=0.0290
  Epoch 2 [130/220] loss=0.1921 mask=0.1634 iou=0.0287
  Epoch 2 [140/220] loss=0.1882 mask=0.1601 iou=0.0282
  Epoch 2 [150/220] loss=0.1896 mask=0.1607 iou=0.0290
  Epoch 2 [160/220] loss=0.1870 mask=0.1591 iou=0.0279
  Epoch 2 [170/220] loss=0.1838 mask=0.1567 iou=0.0271
  Epoch 2 [180/220] loss=0.1830 mask=0.1560 iou=0.0269
  Epoch 2 [190/220] loss=0.1795 mask=0.1534 iou=0.0261
  Epoch 2 [200/220] loss=0.1802 mask=0.1542 iou=0.0261
  Epoch 2 [210/220] loss=0.1790 mask=0.1532 iou=0.0257
  Epoch 2 [220/220] loss=0.1782 mask=0.1523 iou=0.0259
  Train: loss=0.1782 mask=0.1523 iou=0.0259 time=151.6s
  Val epoch 2: loss=0.1952
  Saved best phase1 model (val_loss=0.1952)

=== Phase1 Epoch 3/49 ===
  Epoch 3 [10/220] loss=0.1708 mask=0.1469 iou=0.0239
  Epoch 3 [20/220] loss=0.1867 mask=0.1528 iou=0.0340
  Epoch 3 [30/220] loss=0.1628 mask=0.1356 iou=0.0272
  Epoch 3 [40/220] loss=0.1663 mask=0.1396 iou=0.0267
  Epoch 3 [50/220] loss=0.1587 mask=0.1339 iou=0.0248
  Epoch 3 [60/220] loss=0.1667 mask=0.1405 iou=0.0262
  Epoch 3 [70/220] loss=0.1640 mask=0.1393 iou=0.0246
  Epoch 3 [80/220] loss=0.1624 mask=0.1392 iou=0.0232
  Epoch 3 [90/220] loss=0.1605 mask=0.1381 iou=0.0225
  Epoch 3 [100/220] loss=0.1584 mask=0.1367 iou=0.0216
  Epoch 3 [110/220] loss=0.1595 mask=0.1378 iou=0.0217
  Epoch 3 [120/220] loss=0.1633 mask=0.1400 iou=0.0233
  Epoch 3 [130/220] loss=0.1605 mask=0.1377 iou=0.0228
  Epoch 3 [140/220] loss=0.1620 mask=0.1391 iou=0.0229
  Epoch 3 [150/220] loss=0.1604 mask=0.1375 iou=0.0230
  Epoch 3 [160/220] loss=0.1592 mask=0.1366 iou=0.0226
  Epoch 3 [170/220] loss=0.1564 mask=0.1345 iou=0.0219
  Epoch 3 [180/220] loss=0.1554 mask=0.1338 iou=0.0216
  Epoch 3 [190/220] loss=0.1575 mask=0.1358 iou=0.0218
  Epoch 3 [200/220] loss=0.1564 mask=0.1349 iou=0.0215
  Epoch 3 [210/220] loss=0.1567 mask=0.1350 iou=0.0216
  Epoch 3 [220/220] loss=0.1565 mask=0.1348 iou=0.0218
  Train: loss=0.1565 mask=0.1348 iou=0.0218 time=108.1s
  Val epoch 3: loss=0.1910
  Saved best phase1 model (val_loss=0.1910)

=== Phase1 Epoch 4/49 ===
  Epoch 4 [10/220] loss=0.1479 mask=0.1321 iou=0.0158
  Epoch 4 [20/220] loss=0.1547 mask=0.1350 iou=0.0197
  Epoch 4 [30/220] loss=0.1444 mask=0.1282 iou=0.0162
  Epoch 4 [40/220] loss=0.1405 mask=0.1255 iou=0.0149
  Epoch 4 [50/220] loss=0.1402 mask=0.1248 iou=0.0154
  Epoch 4 [60/220] loss=0.1382 mask=0.1221 iou=0.0161
  Epoch 4 [70/220] loss=0.1430 mask=0.1266 iou=0.0164
  Epoch 4 [80/220] loss=0.1503 mask=0.1319 iou=0.0184
  Epoch 4 [90/220] loss=0.1485 mask=0.1305 iou=0.0180
  Epoch 4 [100/220] loss=0.1517 mask=0.1318 iou=0.0199
  Epoch 4 [110/220] loss=0.1542 mask=0.1338 iou=0.0203
  Epoch 4 [120/220] loss=0.1517 mask=0.1314 iou=0.0203
  Epoch 4 [130/220] loss=0.1551 mask=0.1344 iou=0.0206
  Epoch 4 [140/220] loss=0.1519 mask=0.1322 iou=0.0197
  Epoch 4 [150/220] loss=0.1528 mask=0.1329 iou=0.0199
  Epoch 4 [160/220] loss=0.1511 mask=0.1316 iou=0.0195
  Epoch 4 [170/220] loss=0.1538 mask=0.1336 iou=0.0202
  Epoch 4 [180/220] loss=0.1521 mask=0.1321 iou=0.0200
  Epoch 4 [190/220] loss=0.1509 mask=0.1313 iou=0.0196
  Epoch 4 [200/220] loss=0.1493 mask=0.1301 iou=0.0191
  Epoch 4 [210/220] loss=0.1483 mask=0.1296 iou=0.0187
  Epoch 4 [220/220] loss=0.1469 mask=0.1284 iou=0.0185
  Train: loss=0.1469 mask=0.1284 iou=0.0185 time=111.1s
  Val epoch 4: loss=0.1610
  Saved best phase1 model (val_loss=0.1610)

=== Phase1 Epoch 5/49 ===
  Epoch 5 [10/220] loss=0.1085 mask=0.0945 iou=0.0141
  Epoch 5 [20/220] loss=0.1171 mask=0.1039 iou=0.0131
  Epoch 5 [30/220] loss=0.1204 mask=0.1070 iou=0.0134
  Epoch 5 [40/220] loss=0.1306 mask=0.1151 iou=0.0155
  Epoch 5 [50/220] loss=0.1263 mask=0.1112 iou=0.0150
  Epoch 5 [60/220] loss=0.1319 mask=0.1168 iou=0.0151
  Epoch 5 [70/220] loss=0.1372 mask=0.1201 iou=0.0171
  Epoch 5 [80/220] loss=0.1388 mask=0.1215 iou=0.0173
  Epoch 5 [90/220] loss=0.1394 mask=0.1217 iou=0.0177
  Epoch 5 [100/220] loss=0.1369 mask=0.1194 iou=0.0175
  Epoch 5 [110/220] loss=0.1332 mask=0.1160 iou=0.0172
  Epoch 5 [120/220] loss=0.1338 mask=0.1166 iou=0.0172
  Epoch 5 [130/220] loss=0.1327 mask=0.1152 iou=0.0175
  Epoch 5 [140/220] loss=0.1363 mask=0.1180 iou=0.0184
  Epoch 5 [150/220] loss=0.1349 mask=0.1168 iou=0.0180
  Epoch 5 [160/220] loss=0.1341 mask=0.1165 iou=0.0176
  Epoch 5 [170/220] loss=0.1351 mask=0.1179 iou=0.0172
  Epoch 5 [180/220] loss=0.1369 mask=0.1189 iou=0.0180
  Epoch 5 [190/220] loss=0.1356 mask=0.1180 iou=0.0176
  Epoch 5 [200/220] loss=0.1353 mask=0.1179 iou=0.0175
  Epoch 5 [210/220] loss=0.1358 mask=0.1188 iou=0.0171
  Epoch 5 [220/220] loss=0.1359 mask=0.1186 iou=0.0173
  Train: loss=0.1359 mask=0.1186 iou=0.0173 time=108.5s
  Val epoch 5: loss=0.1560
  Saved best phase1 model (val_loss=0.1560)

=== Phase1 Epoch 6/49 ===
  Epoch 6 [10/220] loss=0.1314 mask=0.1266 iou=0.0047
  Epoch 6 [20/220] loss=0.1139 mask=0.1087 iou=0.0053
  Epoch 6 [30/220] loss=0.1018 mask=0.0973 iou=0.0046
  Epoch 6 [40/220] loss=0.1110 mask=0.1008 iou=0.0102
  Epoch 6 [50/220] loss=0.1064 mask=0.0963 iou=0.0102
  Epoch 6 [60/220] loss=0.1232 mask=0.1100 iou=0.0132
  Epoch 6 [70/220] loss=0.1223 mask=0.1096 iou=0.0127
  Epoch 6 [80/220] loss=0.1206 mask=0.1081 iou=0.0124
  Epoch 6 [90/220] loss=0.1209 mask=0.1077 iou=0.0132
  Epoch 6 [100/220] loss=0.1261 mask=0.1122 iou=0.0139
  Epoch 6 [110/220] loss=0.1249 mask=0.1113 iou=0.0136
  Epoch 6 [120/220] loss=0.1246 mask=0.1107 iou=0.0139
  Epoch 6 [130/220] loss=0.1231 mask=0.1096 iou=0.0136
  Epoch 6 [140/220] loss=0.1272 mask=0.1137 iou=0.0134
  Epoch 6 [150/220] loss=0.1276 mask=0.1135 iou=0.0141
  Epoch 6 [160/220] loss=0.1265 mask=0.1122 iou=0.0142
  Epoch 6 [170/220] loss=0.1287 mask=0.1135 iou=0.0152
  Epoch 6 [180/220] loss=0.1302 mask=0.1145 iou=0.0157
  Epoch 6 [190/220] loss=0.1288 mask=0.1137 iou=0.0151
  Epoch 6 [200/220] loss=0.1280 mask=0.1131 iou=0.0149
  Epoch 6 [210/220] loss=0.1272 mask=0.1123 iou=0.0150
  Epoch 6 [220/220] loss=0.1268 mask=0.1118 iou=0.0149
  Train: loss=0.1268 mask=0.1118 iou=0.0149 time=103.6s
  Val epoch 6: loss=0.1700

=== Phase1 Epoch 7/49 ===
  Epoch 7 [10/220] loss=0.1264 mask=0.1100 iou=0.0164
  Epoch 7 [20/220] loss=0.1047 mask=0.0939 iou=0.0108
  Epoch 7 [30/220] loss=0.1046 mask=0.0932 iou=0.0113
  Epoch 7 [40/220] loss=0.1055 mask=0.0912 iou=0.0143
  Epoch 7 [50/220] loss=0.1077 mask=0.0946 iou=0.0131
  Epoch 7 [60/220] loss=0.1097 mask=0.0979 iou=0.0118
  Epoch 7 [70/220] loss=0.1136 mask=0.1013 iou=0.0123
  Epoch 7 [80/220] loss=0.1154 mask=0.1029 iou=0.0125
  Epoch 7 [90/220] loss=0.1180 mask=0.1047 iou=0.0132
  Epoch 7 [100/220] loss=0.1212 mask=0.1070 iou=0.0142
  Epoch 7 [110/220] loss=0.1214 mask=0.1073 iou=0.0141
  Epoch 7 [120/220] loss=0.1184 mask=0.1046 iou=0.0138
  Epoch 7 [130/220] loss=0.1176 mask=0.1039 iou=0.0137
  Epoch 7 [140/220] loss=0.1172 mask=0.1040 iou=0.0131
  Epoch 7 [150/220] loss=0.1205 mask=0.1067 iou=0.0138
  Epoch 7 [160/220] loss=0.1217 mask=0.1081 iou=0.0135
  Epoch 7 [170/220] loss=0.1205 mask=0.1069 iou=0.0135
  Epoch 7 [180/220] loss=0.1205 mask=0.1073 iou=0.0132
  Epoch 7 [190/220] loss=0.1209 mask=0.1074 iou=0.0135
  Epoch 7 [200/220] loss=0.1214 mask=0.1079 iou=0.0136
  Epoch 7 [210/220] loss=0.1211 mask=0.1076 iou=0.0135
  Epoch 7 [220/220] loss=0.1212 mask=0.1073 iou=0.0139
  Train: loss=0.1212 mask=0.1073 iou=0.0139 time=102.6s
  Val epoch 7: loss=0.1453
  Saved best phase1 model (val_loss=0.1453)

=== Phase1 Epoch 8/49 ===
  Epoch 8 [10/220] loss=0.0981 mask=0.0798 iou=0.0183
  Epoch 8 [20/220] loss=0.1264 mask=0.1043 iou=0.0221
  Epoch 8 [30/220] loss=0.1095 mask=0.0926 iou=0.0168
  Epoch 8 [40/220] loss=0.1157 mask=0.0997 iou=0.0160
  Epoch 8 [50/220] loss=0.1155 mask=0.0997 iou=0.0158
  Epoch 8 [60/220] loss=0.1154 mask=0.1011 iou=0.0143
  Epoch 8 [70/220] loss=0.1211 mask=0.1074 iou=0.0137
  Epoch 8 [80/220] loss=0.1159 mask=0.1030 iou=0.0129
  Epoch 8 [90/220] loss=0.1131 mask=0.1008 iou=0.0123
  Epoch 8 [100/220] loss=0.1147 mask=0.1020 iou=0.0128
  Epoch 8 [110/220] loss=0.1170 mask=0.1042 iou=0.0128
  Epoch 8 [120/220] loss=0.1172 mask=0.1043 iou=0.0129
  Epoch 8 [130/220] loss=0.1156 mask=0.1033 iou=0.0122
  Epoch 8 [140/220] loss=0.1192 mask=0.1061 iou=0.0130
  Epoch 8 [150/220] loss=0.1186 mask=0.1053 iou=0.0133
  Epoch 8 [160/220] loss=0.1189 mask=0.1054 iou=0.0135
  Epoch 8 [170/220] loss=0.1174 mask=0.1043 iou=0.0130
  Epoch 8 [180/220] loss=0.1181 mask=0.1046 iou=0.0134
  Epoch 8 [190/220] loss=0.1166 mask=0.1035 iou=0.0131
  Epoch 8 [200/220] loss=0.1166 mask=0.1036 iou=0.0131
  Epoch 8 [210/220] loss=0.1180 mask=0.1044 iou=0.0136
  Epoch 8 [220/220] loss=0.1188 mask=0.1052 iou=0.0135
  Train: loss=0.1188 mask=0.1052 iou=0.0135 time=152.6s
  Val epoch 8: loss=0.1427
  Saved best phase1 model (val_loss=0.1427)

=== Phase1 Epoch 9/49 ===
  Epoch 9 [10/220] loss=0.1178 mask=0.1049 iou=0.0130
  Epoch 9 [20/220] loss=0.1031 mask=0.0920 iou=0.0111
  Epoch 9 [30/220] loss=0.0939 mask=0.0849 iou=0.0090
  Epoch 9 [40/220] loss=0.0933 mask=0.0851 iou=0.0082
  Epoch 9 [50/220] loss=0.0893 mask=0.0819 iou=0.0074
  Epoch 9 [60/220] loss=0.0905 mask=0.0826 iou=0.0080
  Epoch 9 [70/220] loss=0.0917 mask=0.0836 iou=0.0081
  Epoch 9 [80/220] loss=0.0947 mask=0.0867 iou=0.0080
  Epoch 9 [90/220] loss=0.0967 mask=0.0878 iou=0.0089
  Epoch 9 [100/220] loss=0.1009 mask=0.0911 iou=0.0097
  Epoch 9 [110/220] loss=0.1039 mask=0.0930 iou=0.0109
  Epoch 9 [120/220] loss=0.1030 mask=0.0924 iou=0.0106
  Epoch 9 [130/220] loss=0.1036 mask=0.0932 iou=0.0104
  Epoch 9 [140/220] loss=0.1057 mask=0.0948 iou=0.0109
  Epoch 9 [150/220] loss=0.1035 mask=0.0930 iou=0.0104
  Epoch 9 [160/220] loss=0.1035 mask=0.0931 iou=0.0103
  Epoch 9 [170/220] loss=0.1071 mask=0.0962 iou=0.0109
  Epoch 9 [180/220] loss=0.1075 mask=0.0967 iou=0.0107
  Epoch 9 [190/220] loss=0.1074 mask=0.0967 iou=0.0106
  Epoch 9 [200/220] loss=0.1073 mask=0.0970 iou=0.0104
  Epoch 9 [210/220] loss=0.1078 mask=0.0971 iou=0.0108
  Epoch 9 [220/220] loss=0.1091 mask=0.0978 iou=0.0112
  Train: loss=0.1091 mask=0.0978 iou=0.0112 time=154.2s
  Val epoch 9: loss=0.1444

=== Phase1 Epoch 10/49 ===
  Epoch 10 [10/220] loss=0.1041 mask=0.0898 iou=0.0143
  Epoch 10 [20/220] loss=0.1203 mask=0.1054 iou=0.0149
  Epoch 10 [30/220] loss=0.1191 mask=0.1050 iou=0.0141
  Epoch 10 [40/220] loss=0.1154 mask=0.1033 iou=0.0122
  Epoch 10 [50/220] loss=0.1124 mask=0.1013 iou=0.0111
  Epoch 10 [60/220] loss=0.1068 mask=0.0965 iou=0.0103
  Epoch 10 [70/220] loss=0.1016 mask=0.0923 iou=0.0093
  Epoch 10 [80/220] loss=0.1009 mask=0.0921 iou=0.0088
  Epoch 10 [90/220] loss=0.1015 mask=0.0926 iou=0.0090
  Epoch 10 [100/220] loss=0.0981 mask=0.0895 iou=0.0086
  Epoch 10 [110/220] loss=0.0986 mask=0.0894 iou=0.0092
  Epoch 10 [120/220] loss=0.0983 mask=0.0891 iou=0.0092
  Epoch 10 [130/220] loss=0.0993 mask=0.0901 iou=0.0092
  Epoch 10 [140/220] loss=0.1012 mask=0.0918 iou=0.0093
  Epoch 10 [150/220] loss=0.1001 mask=0.0911 iou=0.0090
  Epoch 10 [160/220] loss=0.1021 mask=0.0924 iou=0.0098
  Epoch 10 [170/220] loss=0.1026 mask=0.0928 iou=0.0097
  Epoch 10 [180/220] loss=0.1028 mask=0.0931 iou=0.0097
  Epoch 10 [190/220] loss=0.1028 mask=0.0931 iou=0.0097
  Epoch 10 [200/220] loss=0.1019 mask=0.0924 iou=0.0095
  Epoch 10 [210/220] loss=0.1013 mask=0.0916 iou=0.0096
  Epoch 10 [220/220] loss=0.1016 mask=0.0921 iou=0.0095
  Train: loss=0.1016 mask=0.0921 iou=0.0095 time=153.2s
  Val epoch 10: loss=0.1378
  Saved best phase1 model (val_loss=0.1378)

=== Phase1 Epoch 11/49 ===
  Epoch 11 [10/220] loss=0.1066 mask=0.1002 iou=0.0063
  Epoch 11 [20/220] loss=0.0908 mask=0.0853 iou=0.0055
  Epoch 11 [30/220] loss=0.0906 mask=0.0857 iou=0.0050
  Epoch 11 [40/220] loss=0.0970 mask=0.0922 iou=0.0048
  Epoch 11 [50/220] loss=0.0960 mask=0.0893 iou=0.0067
  Epoch 11 [60/220] loss=0.0932 mask=0.0865 iou=0.0067
  Epoch 11 [70/220] loss=0.0897 mask=0.0833 iou=0.0064
  Epoch 11 [80/220] loss=0.0912 mask=0.0847 iou=0.0065
  Epoch 11 [90/220] loss=0.0882 mask=0.0821 iou=0.0061
  Epoch 11 [100/220] loss=0.0893 mask=0.0834 iou=0.0060
  Epoch 11 [110/220] loss=0.0899 mask=0.0836 iou=0.0062
  Epoch 11 [120/220] loss=0.0913 mask=0.0848 iou=0.0064
  Epoch 11 [130/220] loss=0.0926 mask=0.0859 iou=0.0068
  Epoch 11 [140/220] loss=0.0925 mask=0.0852 iou=0.0072
  Epoch 11 [150/220] loss=0.0928 mask=0.0856 iou=0.0072
  Epoch 11 [160/220] loss=0.0933 mask=0.0861 iou=0.0072
  Epoch 11 [170/220] loss=0.0944 mask=0.0866 iou=0.0078
  Epoch 11 [180/220] loss=0.0955 mask=0.0873 iou=0.0082
  Epoch 11 [190/220] loss=0.0949 mask=0.0867 iou=0.0083
  Epoch 11 [200/220] loss=0.0952 mask=0.0871 iou=0.0081
  Epoch 11 [210/220] loss=0.0956 mask=0.0875 iou=0.0081
  Epoch 11 [220/220] loss=0.0963 mask=0.0882 iou=0.0081
  Train: loss=0.0963 mask=0.0882 iou=0.0081 time=150.6s
  Val epoch 11: loss=0.1265
  Saved best phase1 model (val_loss=0.1265)

=== Phase1 Epoch 12/49 ===
  Epoch 12 [10/220] loss=0.1006 mask=0.0870 iou=0.0136
  Epoch 12 [20/220] loss=0.0991 mask=0.0880 iou=0.0111
  Epoch 12 [30/220] loss=0.1019 mask=0.0921 iou=0.0098
  Epoch 12 [40/220] loss=0.1026 mask=0.0935 iou=0.0091
  Epoch 12 [50/220] loss=0.1065 mask=0.0969 iou=0.0097
  Epoch 12 [60/220] loss=0.1029 mask=0.0944 iou=0.0084
  Epoch 12 [70/220] loss=0.1014 mask=0.0923 iou=0.0091
  Epoch 12 [80/220] loss=0.0983 mask=0.0899 iou=0.0084
  Epoch 12 [90/220] loss=0.0994 mask=0.0911 iou=0.0083
  Epoch 12 [100/220] loss=0.1003 mask=0.0924 iou=0.0079
  Epoch 12 [110/220] loss=0.0995 mask=0.0920 iou=0.0075
  Epoch 12 [120/220] loss=0.0996 mask=0.0916 iou=0.0080
  Epoch 12 [130/220] loss=0.0980 mask=0.0899 iou=0.0081
  Epoch 12 [140/220] loss=0.0965 mask=0.0885 iou=0.0079
  Epoch 12 [150/220] loss=0.0982 mask=0.0898 iou=0.0084
  Epoch 12 [160/220] loss=0.0960 mask=0.0879 iou=0.0081
  Epoch 12 [170/220] loss=0.0957 mask=0.0879 iou=0.0078
  Epoch 12 [180/220] loss=0.0941 mask=0.0865 iou=0.0076
  Epoch 12 [190/220] loss=0.0935 mask=0.0861 iou=0.0074
  Epoch 12 [200/220] loss=0.0936 mask=0.0862 iou=0.0075
  Epoch 12 [210/220] loss=0.0928 mask=0.0856 iou=0.0073
  Epoch 12 [220/220] loss=0.0933 mask=0.0861 iou=0.0072
  Train: loss=0.0933 mask=0.0861 iou=0.0072 time=154.0s
  Val epoch 12: loss=0.1318

=== Phase1 Epoch 13/49 ===
  Epoch 13 [10/220] loss=0.0583 mask=0.0555 iou=0.0028
  Epoch 13 [20/220] loss=0.0802 mask=0.0769 iou=0.0033
  Epoch 13 [30/220] loss=0.0843 mask=0.0811 iou=0.0032
  Epoch 13 [40/220] loss=0.0839 mask=0.0801 iou=0.0039
  Epoch 13 [50/220] loss=0.0877 mask=0.0813 iou=0.0063
  Epoch 13 [60/220] loss=0.0846 mask=0.0784 iou=0.0062
  Epoch 13 [70/220] loss=0.0853 mask=0.0791 iou=0.0062
  Epoch 13 [80/220] loss=0.0839 mask=0.0778 iou=0.0060
  Epoch 13 [90/220] loss=0.0858 mask=0.0794 iou=0.0064
  Epoch 13 [100/220] loss=0.0866 mask=0.0800 iou=0.0066
  Epoch 13 [110/220] loss=0.0860 mask=0.0796 iou=0.0064
  Epoch 13 [120/220] loss=0.0857 mask=0.0795 iou=0.0063
  Epoch 13 [130/220] loss=0.0852 mask=0.0790 iou=0.0062
  Epoch 13 [140/220] loss=0.0848 mask=0.0789 iou=0.0059
  Epoch 13 [150/220] loss=0.0839 mask=0.0780 iou=0.0059
  Epoch 13 [160/220] loss=0.0850 mask=0.0786 iou=0.0064
  Epoch 13 [170/220] loss=0.0858 mask=0.0794 iou=0.0064
  Epoch 13 [180/220] loss=0.0874 mask=0.0811 iou=0.0063
  Epoch 13 [190/220] loss=0.0869 mask=0.0806 iou=0.0063
  Epoch 13 [200/220] loss=0.0880 mask=0.0815 iou=0.0065
  Epoch 13 [210/220] loss=0.0894 mask=0.0825 iou=0.0070
  Epoch 13 [220/220] loss=0.0908 mask=0.0839 iou=0.0069
  Train: loss=0.0908 mask=0.0839 iou=0.0069 time=153.3s
  Val epoch 13: loss=0.1325

=== Phase1 Epoch 14/49 ===
  Epoch 14 [10/220] loss=0.0916 mask=0.0847 iou=0.0069
  Epoch 14 [20/220] loss=0.0864 mask=0.0797 iou=0.0068
  Epoch 14 [30/220] loss=0.0842 mask=0.0777 iou=0.0066
  Epoch 14 [40/220] loss=0.0859 mask=0.0796 iou=0.0062
  Epoch 14 [50/220] loss=0.0854 mask=0.0796 iou=0.0058
  Epoch 14 [60/220] loss=0.0865 mask=0.0794 iou=0.0071
  Epoch 14 [70/220] loss=0.0867 mask=0.0790 iou=0.0078
  Epoch 14 [80/220] loss=0.0871 mask=0.0796 iou=0.0075
  Epoch 14 [90/220] loss=0.0872 mask=0.0799 iou=0.0073
  Epoch 14 [100/220] loss=0.0899 mask=0.0824 iou=0.0075
  Epoch 14 [110/220] loss=0.0885 mask=0.0812 iou=0.0072
  Epoch 14 [120/220] loss=0.0863 mask=0.0795 iou=0.0068
  Epoch 14 [130/220] loss=0.0853 mask=0.0787 iou=0.0066
  Epoch 14 [140/220] loss=0.0858 mask=0.0787 iou=0.0071
  Epoch 14 [150/220] loss=0.0855 mask=0.0786 iou=0.0069
  Epoch 14 [160/220] loss=0.0850 mask=0.0783 iou=0.0067
  Epoch 14 [170/220] loss=0.0851 mask=0.0786 iou=0.0065
  Epoch 14 [180/220] loss=0.0853 mask=0.0789 iou=0.0064
  Epoch 14 [190/220] loss=0.0863 mask=0.0798 iou=0.0066
  Epoch 14 [200/220] loss=0.0873 mask=0.0809 iou=0.0064
  Epoch 14 [210/220] loss=0.0870 mask=0.0807 iou=0.0063
  Epoch 14 [220/220] loss=0.0883 mask=0.0818 iou=0.0064
  Train: loss=0.0883 mask=0.0818 iou=0.0064 time=151.7s
  Val epoch 14: loss=0.1299

=== Phase1 Epoch 15/49 ===
  Epoch 15 [10/220] loss=0.0968 mask=0.0847 iou=0.0122
  Epoch 15 [20/220] loss=0.0967 mask=0.0891 iou=0.0075
  Epoch 15 [30/220] loss=0.0999 mask=0.0916 iou=0.0083
  Epoch 15 [40/220] loss=0.0976 mask=0.0905 iou=0.0071
  Epoch 15 [50/220] loss=0.0949 mask=0.0875 iou=0.0074
  Epoch 15 [60/220] loss=0.0905 mask=0.0838 iou=0.0067
  Epoch 15 [70/220] loss=0.0893 mask=0.0830 iou=0.0062
  Epoch 15 [80/220] loss=0.0883 mask=0.0824 iou=0.0058
  Epoch 15 [90/220] loss=0.0870 mask=0.0815 iou=0.0055
  Epoch 15 [100/220] loss=0.0874 mask=0.0817 iou=0.0057
  Epoch 15 [110/220] loss=0.0860 mask=0.0806 iou=0.0054
  Epoch 15 [120/220] loss=0.0856 mask=0.0802 iou=0.0055
  Epoch 15 [130/220] loss=0.0840 mask=0.0788 iou=0.0052
  Epoch 15 [140/220] loss=0.0865 mask=0.0808 iou=0.0057
  Epoch 15 [150/220] loss=0.0863 mask=0.0807 iou=0.0056
  Epoch 15 [160/220] loss=0.0868 mask=0.0809 iou=0.0059
  Epoch 15 [170/220] loss=0.0887 mask=0.0824 iou=0.0063
  Epoch 15 [180/220] loss=0.0888 mask=0.0824 iou=0.0064
  Epoch 15 [190/220] loss=0.0897 mask=0.0831 iou=0.0066
  Epoch 15 [200/220] loss=0.0887 mask=0.0823 iou=0.0064
  Epoch 15 [210/220] loss=0.0891 mask=0.0827 iou=0.0064
  Epoch 15 [220/220] loss=0.0880 mask=0.0818 iou=0.0062
  Train: loss=0.0880 mask=0.0818 iou=0.0062 time=152.4s
  Val epoch 15: loss=0.1281

=== Phase1 Epoch 16/49 ===
  Epoch 16 [10/220] loss=0.0593 mask=0.0534 iou=0.0059
  Epoch 16 [20/220] loss=0.0696 mask=0.0654 iou=0.0042
  Epoch 16 [30/220] loss=0.0814 mask=0.0763 iou=0.0052
  Epoch 16 [40/220] loss=0.0822 mask=0.0774 iou=0.0048
  Epoch 16 [50/220] loss=0.0850 mask=0.0801 iou=0.0049
  Epoch 16 [60/220] loss=0.0882 mask=0.0834 iou=0.0049
  Epoch 16 [70/220] loss=0.0872 mask=0.0826 iou=0.0047
  Epoch 16 [80/220] loss=0.0879 mask=0.0825 iou=0.0055
  Epoch 16 [90/220] loss=0.0905 mask=0.0836 iou=0.0069
  Epoch 16 [100/220] loss=0.0897 mask=0.0830 iou=0.0067
  Epoch 16 [110/220] loss=0.0910 mask=0.0838 iou=0.0072
  Epoch 16 [120/220] loss=0.0898 mask=0.0828 iou=0.0070
  Epoch 16 [130/220] loss=0.0891 mask=0.0821 iou=0.0069
  Epoch 16 [140/220] loss=0.0880 mask=0.0813 iou=0.0068
  Epoch 16 [150/220] loss=0.0866 mask=0.0801 iou=0.0065
  Epoch 16 [160/220] loss=0.0876 mask=0.0811 iou=0.0066
  Epoch 16 [170/220] loss=0.0878 mask=0.0812 iou=0.0066
  Epoch 16 [180/220] loss=0.0877 mask=0.0812 iou=0.0065
  Epoch 16 [190/220] loss=0.0862 mask=0.0800 iou=0.0063
  Epoch 16 [200/220] loss=0.0853 mask=0.0792 iou=0.0061
  Epoch 16 [210/220] loss=0.0849 mask=0.0789 iou=0.0060
  Epoch 16 [220/220] loss=0.0856 mask=0.0796 iou=0.0060
  Train: loss=0.0856 mask=0.0796 iou=0.0060 time=152.6s
  Val epoch 16: loss=0.1314

=== Phase1 Epoch 17/49 ===
  Epoch 17 [10/220] loss=0.0841 mask=0.0786 iou=0.0055
  Epoch 17 [20/220] loss=0.0813 mask=0.0774 iou=0.0039
  Epoch 17 [30/220] loss=0.0771 mask=0.0730 iou=0.0040
  Epoch 17 [40/220] loss=0.0798 mask=0.0754 iou=0.0043
  Epoch 17 [50/220] loss=0.0791 mask=0.0748 iou=0.0043
  Epoch 17 [60/220] loss=0.0818 mask=0.0768 iou=0.0050
  Epoch 17 [70/220] loss=0.0811 mask=0.0765 iou=0.0047
  Epoch 17 [80/220] loss=0.0838 mask=0.0784 iou=0.0054
  Epoch 17 [90/220] loss=0.0834 mask=0.0779 iou=0.0055
  Epoch 17 [100/220] loss=0.0832 mask=0.0778 iou=0.0054
  Epoch 17 [110/220] loss=0.0818 mask=0.0763 iou=0.0055
  Epoch 17 [120/220] loss=0.0794 mask=0.0743 iou=0.0052
  Epoch 17 [130/220] loss=0.0815 mask=0.0760 iou=0.0055
  Epoch 17 [140/220] loss=0.0808 mask=0.0754 iou=0.0054
  Epoch 17 [150/220] loss=0.0814 mask=0.0760 iou=0.0053
  Epoch 17 [160/220] loss=0.0823 mask=0.0769 iou=0.0054
  Epoch 17 [170/220] loss=0.0839 mask=0.0783 iou=0.0056
  Epoch 17 [180/220] loss=0.0824 mask=0.0771 iou=0.0054
  Epoch 17 [190/220] loss=0.0827 mask=0.0772 iou=0.0055
  Epoch 17 [200/220] loss=0.0829 mask=0.0775 iou=0.0054
  Epoch 17 [210/220] loss=0.0825 mask=0.0770 iou=0.0055
  Epoch 17 [220/220] loss=0.0823 mask=0.0769 iou=0.0054
  Train: loss=0.0823 mask=0.0769 iou=0.0054 time=152.5s
  Val epoch 17: loss=0.1234
  Saved best phase1 model (val_loss=0.1234)

=== Phase1 Epoch 18/49 ===
  Epoch 18 [10/220] loss=0.0834 mask=0.0786 iou=0.0048
  Epoch 18 [20/220] loss=0.0701 mask=0.0664 iou=0.0036
  Epoch 18 [30/220] loss=0.0716 mask=0.0683 iou=0.0033
  Epoch 18 [40/220] loss=0.0703 mask=0.0672 iou=0.0031
  Epoch 18 [50/220] loss=0.0716 mask=0.0679 iou=0.0037
  Epoch 18 [60/220] loss=0.0822 mask=0.0766 iou=0.0055
  Epoch 18 [70/220] loss=0.0808 mask=0.0755 iou=0.0053
  Epoch 18 [80/220] loss=0.0818 mask=0.0765 iou=0.0053
  Epoch 18 [90/220] loss=0.0835 mask=0.0782 iou=0.0053
  Epoch 18 [100/220] loss=0.0822 mask=0.0772 iou=0.0050
  Epoch 18 [110/220] loss=0.0810 mask=0.0762 iou=0.0048
  Epoch 18 [120/220] loss=0.0800 mask=0.0754 iou=0.0047
  Epoch 18 [130/220] loss=0.0785 mask=0.0739 iou=0.0045
  Epoch 18 [140/220] loss=0.0776 mask=0.0730 iou=0.0046
  Epoch 18 [150/220] loss=0.0796 mask=0.0750 iou=0.0046
  Epoch 18 [160/220] loss=0.0792 mask=0.0747 iou=0.0045
  Epoch 18 [170/220] loss=0.0782 mask=0.0738 iou=0.0044
  Epoch 18 [180/220] loss=0.0792 mask=0.0743 iou=0.0049
  Epoch 18 [190/220] loss=0.0792 mask=0.0744 iou=0.0048
  Epoch 18 [200/220] loss=0.0798 mask=0.0751 iou=0.0047
  Epoch 18 [210/220] loss=0.0807 mask=0.0757 iou=0.0050
  Epoch 18 [220/220] loss=0.0800 mask=0.0751 iou=0.0049
  Train: loss=0.0800 mask=0.0751 iou=0.0049 time=153.0s
  Val epoch 18: loss=0.1278

=== Phase1 Epoch 19/49 ===
  Epoch 19 [10/220] loss=0.0683 mask=0.0638 iou=0.0045
  Epoch 19 [20/220] loss=0.0913 mask=0.0838 iou=0.0076
  Epoch 19 [30/220] loss=0.0907 mask=0.0848 iou=0.0059
  Epoch 19 [40/220] loss=0.0808 mask=0.0754 iou=0.0055
  Epoch 19 [50/220] loss=0.0777 mask=0.0725 iou=0.0052
  Epoch 19 [60/220] loss=0.0814 mask=0.0757 iou=0.0057
  Epoch 19 [70/220] loss=0.0797 mask=0.0742 iou=0.0055
  Epoch 19 [80/220] loss=0.0793 mask=0.0741 iou=0.0052
  Epoch 19 [90/220] loss=0.0780 mask=0.0731 iou=0.0049
  Epoch 19 [100/220] loss=0.0804 mask=0.0753 iou=0.0051
  Epoch 19 [110/220] loss=0.0793 mask=0.0744 iou=0.0049
  Epoch 19 [120/220] loss=0.0782 mask=0.0734 iou=0.0048
  Epoch 19 [130/220] loss=0.0771 mask=0.0725 iou=0.0046
  Epoch 19 [140/220] loss=0.0772 mask=0.0727 iou=0.0045
  Epoch 19 [150/220] loss=0.0766 mask=0.0722 iou=0.0044
  Epoch 19 [160/220] loss=0.0772 mask=0.0729 iou=0.0043
  Epoch 19 [170/220] loss=0.0766 mask=0.0723 iou=0.0043
  Epoch 19 [180/220] loss=0.0765 mask=0.0722 iou=0.0043
  Epoch 19 [190/220] loss=0.0766 mask=0.0725 iou=0.0042
  Epoch 19 [200/220] loss=0.0769 mask=0.0725 iou=0.0044
  Epoch 19 [210/220] loss=0.0764 mask=0.0722 iou=0.0043
  Epoch 19 [220/220] loss=0.0768 mask=0.0725 iou=0.0043
  Train: loss=0.0768 mask=0.0725 iou=0.0043 time=152.2s
  Val epoch 19: loss=0.1234

=== Phase1 Epoch 20/49 ===
  Epoch 20 [10/220] loss=0.0825 mask=0.0805 iou=0.0019
  Epoch 20 [20/220] loss=0.0779 mask=0.0753 iou=0.0026
  Epoch 20 [30/220] loss=0.0685 mask=0.0659 iou=0.0026
  Epoch 20 [40/220] loss=0.0698 mask=0.0672 iou=0.0026
  Epoch 20 [50/220] loss=0.0702 mask=0.0670 iou=0.0031
  Epoch 20 [60/220] loss=0.0725 mask=0.0684 iou=0.0041
  Epoch 20 [70/220] loss=0.0720 mask=0.0682 iou=0.0038
  Epoch 20 [80/220] loss=0.0721 mask=0.0683 iou=0.0037
  Epoch 20 [90/220] loss=0.0717 mask=0.0681 iou=0.0036
  Epoch 20 [100/220] loss=0.0771 mask=0.0729 iou=0.0041
  Epoch 20 [110/220] loss=0.0750 mask=0.0711 iou=0.0040
  Epoch 20 [120/220] loss=0.0749 mask=0.0709 iou=0.0040
  Epoch 20 [130/220] loss=0.0741 mask=0.0702 iou=0.0039
  Epoch 20 [140/220] loss=0.0735 mask=0.0697 iou=0.0038
  Epoch 20 [150/220] loss=0.0741 mask=0.0704 iou=0.0037
  Epoch 20 [160/220] loss=0.0745 mask=0.0708 iou=0.0037
  Epoch 20 [170/220] loss=0.0743 mask=0.0707 iou=0.0036
  Epoch 20 [180/220] loss=0.0739 mask=0.0704 iou=0.0035
  Epoch 20 [190/220] loss=0.0746 mask=0.0711 iou=0.0035
  Epoch 20 [200/220] loss=0.0743 mask=0.0708 iou=0.0035
  Epoch 20 [210/220] loss=0.0736 mask=0.0701 iou=0.0035
  Epoch 20 [220/220] loss=0.0732 mask=0.0697 iou=0.0035
  Train: loss=0.0732 mask=0.0697 iou=0.0035 time=153.4s
  Val epoch 20: loss=0.1245

=== Phase1 Epoch 21/49 ===
  Epoch 21 [10/220] loss=0.0596 mask=0.0580 iou=0.0016
  Epoch 21 [20/220] loss=0.0596 mask=0.0577 iou=0.0019
  Epoch 21 [30/220] loss=0.0618 mask=0.0600 iou=0.0018
  Epoch 21 [40/220] loss=0.0616 mask=0.0599 iou=0.0017
  Epoch 21 [50/220] loss=0.0665 mask=0.0641 iou=0.0023
  Epoch 21 [60/220] loss=0.0666 mask=0.0644 iou=0.0023
  Epoch 21 [70/220] loss=0.0670 mask=0.0647 iou=0.0023
  Epoch 21 [80/220] loss=0.0657 mask=0.0633 iou=0.0024
  Epoch 21 [90/220] loss=0.0658 mask=0.0633 iou=0.0024
  Epoch 21 [100/220] loss=0.0652 mask=0.0628 iou=0.0024
  Epoch 21 [110/220] loss=0.0693 mask=0.0662 iou=0.0031
  Epoch 21 [120/220] loss=0.0709 mask=0.0677 iou=0.0032
  Epoch 21 [130/220] loss=0.0704 mask=0.0671 iou=0.0032
  Epoch 21 [140/220] loss=0.0705 mask=0.0673 iou=0.0032
  Epoch 21 [150/220] loss=0.0696 mask=0.0665 iou=0.0031
  Epoch 21 [160/220] loss=0.0704 mask=0.0673 iou=0.0031
  Epoch 21 [170/220] loss=0.0715 mask=0.0683 iou=0.0032
  Epoch 21 [180/220] loss=0.0721 mask=0.0686 iou=0.0035
  Epoch 21 [190/220] loss=0.0718 mask=0.0684 iou=0.0034
  Epoch 21 [200/220] loss=0.0719 mask=0.0685 iou=0.0034
  Epoch 21 [210/220] loss=0.0711 mask=0.0678 iou=0.0034
  Epoch 21 [220/220] loss=0.0715 mask=0.0682 iou=0.0033
  Train: loss=0.0715 mask=0.0682 iou=0.0033 time=152.2s
  Val epoch 21: loss=0.1278

=== Phase1 Epoch 22/49 ===
  Epoch 22 [10/220] loss=0.0579 mask=0.0565 iou=0.0014
  Epoch 22 [20/220] loss=0.0622 mask=0.0608 iou=0.0014
  Epoch 22 [30/220] loss=0.0655 mask=0.0621 iou=0.0034
  Epoch 22 [40/220] loss=0.0630 mask=0.0599 iou=0.0030
  Epoch 22 [50/220] loss=0.0657 mask=0.0624 iou=0.0034
  Epoch 22 [60/220] loss=0.0630 mask=0.0599 iou=0.0032
  Epoch 22 [70/220] loss=0.0637 mask=0.0607 iou=0.0030
  Epoch 22 [80/220] loss=0.0643 mask=0.0613 iou=0.0030
  Epoch 22 [90/220] loss=0.0660 mask=0.0631 iou=0.0030
  Epoch 22 [100/220] loss=0.0684 mask=0.0653 iou=0.0031
  Epoch 22 [110/220] loss=0.0698 mask=0.0665 iou=0.0033
  Epoch 22 [120/220] loss=0.0706 mask=0.0672 iou=0.0034
  Epoch 22 [130/220] loss=0.0707 mask=0.0673 iou=0.0034
  Epoch 22 [140/220] loss=0.0702 mask=0.0669 iou=0.0033
  Epoch 22 [150/220] loss=0.0697 mask=0.0665 iou=0.0031
  Epoch 22 [160/220] loss=0.0699 mask=0.0668 iou=0.0031
  Epoch 22 [170/220] loss=0.0704 mask=0.0673 iou=0.0031
  Epoch 22 [180/220] loss=0.0707 mask=0.0676 iou=0.0031
  Epoch 22 [190/220] loss=0.0709 mask=0.0677 iou=0.0032
  Epoch 22 [200/220] loss=0.0716 mask=0.0683 iou=0.0032
  Epoch 22 [210/220] loss=0.0710 mask=0.0679 iou=0.0032
  Epoch 22 [220/220] loss=0.0705 mask=0.0673 iou=0.0032
  Train: loss=0.0705 mask=0.0673 iou=0.0032 time=154.9s
  Val epoch 22: loss=0.1259

=== Phase1 Epoch 23/49 ===
  Epoch 23 [10/220] loss=0.0731 mask=0.0713 iou=0.0018
  Epoch 23 [20/220] loss=0.0679 mask=0.0664 iou=0.0016
  Epoch 23 [30/220] loss=0.0691 mask=0.0676 iou=0.0015
  Epoch 23 [40/220] loss=0.0668 mask=0.0649 iou=0.0019
  Epoch 23 [50/220] loss=0.0712 mask=0.0681 iou=0.0031
  Epoch 23 [60/220] loss=0.0716 mask=0.0686 iou=0.0030
  Epoch 23 [70/220] loss=0.0728 mask=0.0698 iou=0.0031
  Epoch 23 [80/220] loss=0.0713 mask=0.0683 iou=0.0031
  Epoch 23 [90/220] loss=0.0719 mask=0.0687 iou=0.0032
  Epoch 23 [100/220] loss=0.0715 mask=0.0684 iou=0.0032
  Epoch 23 [110/220] loss=0.0718 mask=0.0687 iou=0.0030
  Epoch 23 [120/220] loss=0.0713 mask=0.0684 iou=0.0029
  Epoch 23 [130/220] loss=0.0707 mask=0.0678 iou=0.0029
  Epoch 23 [140/220] loss=0.0710 mask=0.0679 iou=0.0031
  Epoch 23 [150/220] loss=0.0710 mask=0.0678 iou=0.0032
  Epoch 23 [160/220] loss=0.0707 mask=0.0677 iou=0.0031
  Epoch 23 [170/220] loss=0.0712 mask=0.0681 iou=0.0031
  Epoch 23 [180/220] loss=0.0711 mask=0.0681 iou=0.0031
  Epoch 23 [190/220] loss=0.0701 mask=0.0671 iou=0.0030
  Epoch 23 [200/220] loss=0.0693 mask=0.0663 iou=0.0029
  Epoch 23 [210/220] loss=0.0696 mask=0.0666 iou=0.0030
  Epoch 23 [220/220] loss=0.0699 mask=0.0668 iou=0.0030
  Train: loss=0.0699 mask=0.0668 iou=0.0030 time=153.5s
  Val epoch 23: loss=0.1268

=== Phase1 Epoch 24/49 ===
  Epoch 24 [10/220] loss=0.0663 mask=0.0638 iou=0.0024
  Epoch 24 [20/220] loss=0.0609 mask=0.0586 iou=0.0023
  Epoch 24 [30/220] loss=0.0644 mask=0.0621 iou=0.0022
  Epoch 24 [40/220] loss=0.0686 mask=0.0653 iou=0.0032
  Epoch 24 [50/220] loss=0.0658 mask=0.0628 iou=0.0030
  Epoch 24 [60/220] loss=0.0687 mask=0.0657 iou=0.0030
  Epoch 24 [70/220] loss=0.0674 mask=0.0647 iou=0.0027
  Epoch 24 [80/220] loss=0.0669 mask=0.0642 iou=0.0027
  Epoch 24 [90/220] loss=0.0675 mask=0.0647 iou=0.0028
  Epoch 24 [100/220] loss=0.0678 mask=0.0650 iou=0.0027
  Epoch 24 [110/220] loss=0.0678 mask=0.0652 iou=0.0027
  Epoch 24 [120/220] loss=0.0674 mask=0.0646 iou=0.0028
  Epoch 24 [130/220] loss=0.0683 mask=0.0655 iou=0.0028
  Epoch 24 [140/220] loss=0.0676 mask=0.0648 iou=0.0028
  Epoch 24 [150/220] loss=0.0670 mask=0.0642 iou=0.0027
  Epoch 24 [160/220] loss=0.0666 mask=0.0639 iou=0.0027
  Epoch 24 [170/220] loss=0.0673 mask=0.0646 iou=0.0027
  Epoch 24 [180/220] loss=0.0676 mask=0.0650 iou=0.0026
  Epoch 24 [190/220] loss=0.0680 mask=0.0654 iou=0.0026
  Epoch 24 [200/220] loss=0.0671 mask=0.0645 iou=0.0025
  Epoch 24 [210/220] loss=0.0681 mask=0.0653 iou=0.0028
  Epoch 24 [220/220] loss=0.0682 mask=0.0654 iou=0.0028
  Train: loss=0.0682 mask=0.0654 iou=0.0028 time=152.3s
  Val epoch 24: loss=0.1235

=== Phase1 Epoch 25/49 ===
  Epoch 25 [10/220] loss=0.0775 mask=0.0724 iou=0.0052
  Epoch 25 [20/220] loss=0.0741 mask=0.0701 iou=0.0040
  Epoch 25 [30/220] loss=0.0718 mask=0.0684 iou=0.0033
  Epoch 25 [40/220] loss=0.0695 mask=0.0667 iou=0.0028
  Epoch 25 [50/220] loss=0.0693 mask=0.0663 iou=0.0030
  Epoch 25 [60/220] loss=0.0690 mask=0.0662 iou=0.0027
  Epoch 25 [70/220] loss=0.0679 mask=0.0654 iou=0.0025
  Epoch 25 [80/220] loss=0.0686 mask=0.0660 iou=0.0025
  Epoch 25 [90/220] loss=0.0687 mask=0.0662 iou=0.0025
  Epoch 25 [100/220] loss=0.0679 mask=0.0655 iou=0.0024
  Epoch 25 [110/220] loss=0.0690 mask=0.0666 iou=0.0024
  Epoch 25 [120/220] loss=0.0683 mask=0.0659 iou=0.0024
  Epoch 25 [130/220] loss=0.0691 mask=0.0666 iou=0.0025
  Epoch 25 [140/220] loss=0.0683 mask=0.0658 iou=0.0025
  Epoch 25 [150/220] loss=0.0682 mask=0.0656 iou=0.0027
  Epoch 25 [160/220] loss=0.0679 mask=0.0652 iou=0.0027
  Epoch 25 [170/220] loss=0.0673 mask=0.0646 iou=0.0026
  Epoch 25 [180/220] loss=0.0670 mask=0.0644 iou=0.0026
  Epoch 25 [190/220] loss=0.0683 mask=0.0656 iou=0.0027
  Epoch 25 [200/220] loss=0.0688 mask=0.0661 iou=0.0026
  Epoch 25 [210/220] loss=0.0683 mask=0.0656 iou=0.0027
  Epoch 25 [220/220] loss=0.0679 mask=0.0653 iou=0.0026
  Train: loss=0.0679 mask=0.0653 iou=0.0026 time=153.5s
  Val epoch 25: loss=0.1246

=== Phase1 Epoch 26/49 ===
  Epoch 26 [10/220] loss=0.0640 mask=0.0619 iou=0.0020
  Epoch 26 [20/220] loss=0.0590 mask=0.0568 iou=0.0022
  Epoch 26 [30/220] loss=0.0607 mask=0.0588 iou=0.0018
  Epoch 26 [40/220] loss=0.0635 mask=0.0613 iou=0.0022
  Epoch 26 [50/220] loss=0.0646 mask=0.0624 iou=0.0022
  Epoch 26 [60/220] loss=0.0636 mask=0.0614 iou=0.0021
  Epoch 26 [70/220] loss=0.0612 mask=0.0592 iou=0.0020
  Epoch 26 [80/220] loss=0.0666 mask=0.0638 iou=0.0028
  Epoch 26 [90/220] loss=0.0661 mask=0.0635 iou=0.0026
  Epoch 26 [100/220] loss=0.0669 mask=0.0643 iou=0.0025
  Epoch 26 [110/220] loss=0.0679 mask=0.0654 iou=0.0025
  Epoch 26 [120/220] loss=0.0678 mask=0.0653 iou=0.0025
  Epoch 26 [130/220] loss=0.0679 mask=0.0654 iou=0.0025
  Epoch 26 [140/220] loss=0.0675 mask=0.0649 iou=0.0027
  Epoch 26 [150/220] loss=0.0676 mask=0.0650 iou=0.0026
  Epoch 26 [160/220] loss=0.0691 mask=0.0662 iou=0.0029
  Epoch 26 [170/220] loss=0.0688 mask=0.0659 iou=0.0029
  Epoch 26 [180/220] loss=0.0679 mask=0.0651 iou=0.0028
  Epoch 26 [190/220] loss=0.0679 mask=0.0651 iou=0.0028
  Epoch 26 [200/220] loss=0.0680 mask=0.0652 iou=0.0028
  Epoch 26 [210/220] loss=0.0673 mask=0.0646 iou=0.0027
  Epoch 26 [220/220] loss=0.0669 mask=0.0643 iou=0.0027
  Train: loss=0.0669 mask=0.0643 iou=0.0027 time=154.4s
  Val epoch 26: loss=0.1242

=== Phase1 Epoch 27/49 ===
  Epoch 27 [10/220] loss=0.0785 mask=0.0767 iou=0.0018
  Epoch 27 [20/220] loss=0.0664 mask=0.0647 iou=0.0017
  Epoch 27 [30/220] loss=0.0651 mask=0.0635 iou=0.0017
  Epoch 27 [40/220] loss=0.0621 mask=0.0605 iou=0.0016
  Epoch 27 [50/220] loss=0.0653 mask=0.0635 iou=0.0018
  Epoch 27 [60/220] loss=0.0665 mask=0.0645 iou=0.0020
  Epoch 27 [70/220] loss=0.0670 mask=0.0650 iou=0.0020
  Epoch 27 [80/220] loss=0.0689 mask=0.0666 iou=0.0023
  Epoch 27 [90/220] loss=0.0674 mask=0.0650 iou=0.0024
  Epoch 27 [100/220] loss=0.0659 mask=0.0635 iou=0.0024
  Epoch 27 [110/220] loss=0.0658 mask=0.0634 iou=0.0024
  Epoch 27 [120/220] loss=0.0651 mask=0.0628 iou=0.0023
  Epoch 27 [130/220] loss=0.0647 mask=0.0624 iou=0.0023
  Epoch 27 [140/220] loss=0.0652 mask=0.0629 iou=0.0023
  Epoch 27 [150/220] loss=0.0656 mask=0.0633 iou=0.0023
  Epoch 27 [160/220] loss=0.0652 mask=0.0629 iou=0.0023
  Epoch 27 [170/220] loss=0.0651 mask=0.0628 iou=0.0023
  Epoch 27 [180/220] loss=0.0656 mask=0.0632 iou=0.0024
  Epoch 27 [190/220] loss=0.0651 mask=0.0627 iou=0.0024
  Epoch 27 [200/220] loss=0.0650 mask=0.0627 iou=0.0023
  Epoch 27 [210/220] loss=0.0649 mask=0.0625 iou=0.0023
  Epoch 27 [220/220] loss=0.0653 mask=0.0628 iou=0.0024
  Train: loss=0.0653 mask=0.0628 iou=0.0024 time=153.0s
  Val epoch 27: loss=0.1189
  Saved best phase1 model (val_loss=0.1189)

=== Phase1 Epoch 28/49 ===
  Epoch 28 [10/220] loss=0.0757 mask=0.0692 iou=0.0065
  Epoch 28 [20/220] loss=0.0624 mask=0.0586 iou=0.0037
  Epoch 28 [30/220] loss=0.0588 mask=0.0559 iou=0.0030
  Epoch 28 [40/220] loss=0.0607 mask=0.0581 iou=0.0026
  Epoch 28 [50/220] loss=0.0612 mask=0.0583 iou=0.0029
  Epoch 28 [60/220] loss=0.0627 mask=0.0600 iou=0.0027
  Epoch 28 [70/220] loss=0.0661 mask=0.0630 iou=0.0031
  Epoch 28 [80/220] loss=0.0644 mask=0.0615 iou=0.0029
  Epoch 28 [90/220] loss=0.0646 mask=0.0619 iou=0.0027
  Epoch 28 [100/220] loss=0.0639 mask=0.0612 iou=0.0026
  Epoch 28 [110/220] loss=0.0632 mask=0.0606 iou=0.0026
  Epoch 28 [120/220] loss=0.0634 mask=0.0609 iou=0.0025
  Epoch 28 [130/220] loss=0.0640 mask=0.0615 iou=0.0025
  Epoch 28 [140/220] loss=0.0638 mask=0.0613 iou=0.0025
  Epoch 28 [150/220] loss=0.0629 mask=0.0606 iou=0.0024
  Epoch 28 [160/220] loss=0.0646 mask=0.0620 iou=0.0026
  Epoch 28 [170/220] loss=0.0636 mask=0.0611 iou=0.0025
  Epoch 28 [180/220] loss=0.0634 mask=0.0608 iou=0.0026
  Epoch 28 [190/220] loss=0.0636 mask=0.0610 iou=0.0026
  Epoch 28 [200/220] loss=0.0641 mask=0.0616 iou=0.0025
  Epoch 28 [210/220] loss=0.0635 mask=0.0610 iou=0.0025
  Epoch 28 [220/220] loss=0.0647 mask=0.0622 iou=0.0025
  Train: loss=0.0647 mask=0.0622 iou=0.0025 time=152.0s
  Val epoch 28: loss=0.1236

=== Phase1 Epoch 29/49 ===
  Epoch 29 [10/220] loss=0.0481 mask=0.0468 iou=0.0012
  Epoch 29 [20/220] loss=0.0602 mask=0.0579 iou=0.0023
  Epoch 29 [30/220] loss=0.0609 mask=0.0580 iou=0.0028
  Epoch 29 [40/220] loss=0.0599 mask=0.0573 iou=0.0026
  Epoch 29 [50/220] loss=0.0581 mask=0.0558 iou=0.0023
  Epoch 29 [60/220] loss=0.0589 mask=0.0568 iou=0.0021
  Epoch 29 [70/220] loss=0.0604 mask=0.0583 iou=0.0022
  Epoch 29 [80/220] loss=0.0598 mask=0.0577 iou=0.0021
  Epoch 29 [90/220] loss=0.0598 mask=0.0578 iou=0.0020
  Epoch 29 [100/220] loss=0.0611 mask=0.0591 iou=0.0020
  Epoch 29 [110/220] loss=0.0633 mask=0.0612 iou=0.0021
  Epoch 29 [120/220] loss=0.0627 mask=0.0606 iou=0.0021
  Epoch 29 [130/220] loss=0.0642 mask=0.0621 iou=0.0021
  Epoch 29 [140/220] loss=0.0640 mask=0.0620 iou=0.0021
  Epoch 29 [150/220] loss=0.0643 mask=0.0623 iou=0.0020
  Epoch 29 [160/220] loss=0.0653 mask=0.0632 iou=0.0020
  Epoch 29 [170/220] loss=0.0651 mask=0.0630 iou=0.0021
  Epoch 29 [180/220] loss=0.0648 mask=0.0627 iou=0.0021
  Epoch 29 [190/220] loss=0.0639 mask=0.0618 iou=0.0021
  Epoch 29 [200/220] loss=0.0639 mask=0.0618 iou=0.0021
  Epoch 29 [210/220] loss=0.0645 mask=0.0623 iou=0.0022
  Epoch 29 [220/220] loss=0.0636 mask=0.0614 iou=0.0022
  Train: loss=0.0636 mask=0.0614 iou=0.0022 time=154.5s
  Val epoch 29: loss=0.1173
  Saved best phase1 model (val_loss=0.1173)

=== Phase1 Epoch 30/49 ===
  Epoch 30 [10/220] loss=0.0707 mask=0.0692 iou=0.0014
  Epoch 30 [20/220] loss=0.0648 mask=0.0629 iou=0.0019
  Epoch 30 [30/220] loss=0.0611 mask=0.0595 iou=0.0016
  Epoch 30 [40/220] loss=0.0611 mask=0.0594 iou=0.0018
  Epoch 30 [50/220] loss=0.0627 mask=0.0606 iou=0.0021
  Epoch 30 [60/220] loss=0.0629 mask=0.0609 iou=0.0021
  Epoch 30 [70/220] loss=0.0625 mask=0.0604 iou=0.0021
  Epoch 30 [80/220] loss=0.0612 mask=0.0593 iou=0.0019
  Epoch 30 [90/220] loss=0.0614 mask=0.0596 iou=0.0018
  Epoch 30 [100/220] loss=0.0614 mask=0.0596 iou=0.0018
  Epoch 30 [110/220] loss=0.0608 mask=0.0588 iou=0.0020
  Epoch 30 [120/220] loss=0.0597 mask=0.0578 iou=0.0020
  Epoch 30 [130/220] loss=0.0599 mask=0.0579 iou=0.0019
  Epoch 30 [140/220] loss=0.0611 mask=0.0592 iou=0.0019
  Epoch 30 [150/220] loss=0.0623 mask=0.0602 iou=0.0021
  Epoch 30 [160/220] loss=0.0619 mask=0.0598 iou=0.0021
  Epoch 30 [170/220] loss=0.0621 mask=0.0600 iou=0.0021
  Epoch 30 [180/220] loss=0.0617 mask=0.0597 iou=0.0020
  Epoch 30 [190/220] loss=0.0619 mask=0.0598 iou=0.0021
  Epoch 30 [200/220] loss=0.0622 mask=0.0601 iou=0.0021
  Epoch 30 [210/220] loss=0.0625 mask=0.0604 iou=0.0021
  Epoch 30 [220/220] loss=0.0623 mask=0.0603 iou=0.0020
  Train: loss=0.0623 mask=0.0603 iou=0.0020 time=154.2s
  Val epoch 30: loss=0.1200

=== Phase1 Epoch 31/49 ===
  Epoch 31 [10/220] loss=0.0681 mask=0.0661 iou=0.0021
  Epoch 31 [20/220] loss=0.0634 mask=0.0617 iou=0.0017
  Epoch 31 [30/220] loss=0.0607 mask=0.0592 iou=0.0016
  Epoch 31 [40/220] loss=0.0649 mask=0.0630 iou=0.0019
  Epoch 31 [50/220] loss=0.0686 mask=0.0667 iou=0.0020
  Epoch 31 [60/220] loss=0.0688 mask=0.0666 iou=0.0022
  Epoch 31 [70/220] loss=0.0671 mask=0.0650 iou=0.0020
  Epoch 31 [80/220] loss=0.0656 mask=0.0636 iou=0.0020
  Epoch 31 [90/220] loss=0.0649 mask=0.0630 iou=0.0020
  Epoch 31 [100/220] loss=0.0650 mask=0.0631 iou=0.0019
  Epoch 31 [110/220] loss=0.0645 mask=0.0625 iou=0.0019
  Epoch 31 [120/220] loss=0.0649 mask=0.0629 iou=0.0020
  Epoch 31 [130/220] loss=0.0644 mask=0.0624 iou=0.0020
  Epoch 31 [140/220] loss=0.0634 mask=0.0614 iou=0.0020
  Epoch 31 [150/220] loss=0.0625 mask=0.0606 iou=0.0019
  Epoch 31 [160/220] loss=0.0622 mask=0.0603 iou=0.0020
  Epoch 31 [170/220] loss=0.0619 mask=0.0599 iou=0.0019
  Epoch 31 [180/220] loss=0.0617 mask=0.0599 iou=0.0019
  Epoch 31 [190/220] loss=0.0610 mask=0.0591 iou=0.0019
  Epoch 31 [200/220] loss=0.0612 mask=0.0593 iou=0.0019
  Epoch 31 [210/220] loss=0.0608 mask=0.0590 iou=0.0018
  Epoch 31 [220/220] loss=0.0611 mask=0.0593 iou=0.0018
  Train: loss=0.0611 mask=0.0593 iou=0.0018 time=152.1s
  Val epoch 31: loss=0.1191

=== Phase1 Epoch 32/49 ===
  Epoch 32 [10/220] loss=0.0459 mask=0.0449 iou=0.0011
  Epoch 32 [20/220] loss=0.0514 mask=0.0499 iou=0.0016
  Epoch 32 [30/220] loss=0.0613 mask=0.0597 iou=0.0015
  Epoch 32 [40/220] loss=0.0618 mask=0.0604 iou=0.0014
  Epoch 32 [50/220] loss=0.0614 mask=0.0598 iou=0.0016
  Epoch 32 [60/220] loss=0.0620 mask=0.0603 iou=0.0017
  Epoch 32 [70/220] loss=0.0630 mask=0.0612 iou=0.0018
  Epoch 32 [80/220] loss=0.0625 mask=0.0605 iou=0.0019
  Epoch 32 [90/220] loss=0.0619 mask=0.0600 iou=0.0018
  Epoch 32 [100/220] loss=0.0618 mask=0.0601 iou=0.0018
  Epoch 32 [110/220] loss=0.0622 mask=0.0605 iou=0.0017
  Epoch 32 [120/220] loss=0.0616 mask=0.0600 iou=0.0017
  Epoch 32 [130/220] loss=0.0613 mask=0.0596 iou=0.0017
  Epoch 32 [140/220] loss=0.0606 mask=0.0589 iou=0.0017
  Epoch 32 [150/220] loss=0.0611 mask=0.0594 iou=0.0017
  Epoch 32 [160/220] loss=0.0604 mask=0.0587 iou=0.0017
  Epoch 32 [170/220] loss=0.0600 mask=0.0582 iou=0.0018
  Epoch 32 [180/220] loss=0.0596 mask=0.0578 iou=0.0018
  Epoch 32 [190/220] loss=0.0596 mask=0.0578 iou=0.0018
  Epoch 32 [200/220] loss=0.0602 mask=0.0584 iou=0.0018
  Epoch 32 [210/220] loss=0.0608 mask=0.0590 iou=0.0018
  Epoch 32 [220/220] loss=0.0609 mask=0.0591 iou=0.0018
  Train: loss=0.0609 mask=0.0591 iou=0.0018 time=153.0s
  Val epoch 32: loss=0.1206

=== Phase1 Epoch 33/49 ===
  Epoch 33 [10/220] loss=0.0499 mask=0.0489 iou=0.0010
  Epoch 33 [20/220] loss=0.0613 mask=0.0592 iou=0.0020
  Epoch 33 [30/220] loss=0.0592 mask=0.0572 iou=0.0019
  Epoch 33 [40/220] loss=0.0614 mask=0.0591 iou=0.0023
  Epoch 33 [50/220] loss=0.0623 mask=0.0601 iou=0.0022
  Epoch 33 [60/220] loss=0.0640 mask=0.0620 iou=0.0020
  Epoch 33 [70/220] loss=0.0636 mask=0.0617 iou=0.0020
  Epoch 33 [80/220] loss=0.0651 mask=0.0632 iou=0.0018
  Epoch 33 [90/220] loss=0.0644 mask=0.0625 iou=0.0018
  Epoch 33 [100/220] loss=0.0645 mask=0.0626 iou=0.0020
  Epoch 33 [110/220] loss=0.0627 mask=0.0607 iou=0.0019
  Epoch 33 [120/220] loss=0.0613 mask=0.0595 iou=0.0019
  Epoch 33 [130/220] loss=0.0609 mask=0.0591 iou=0.0018
  Epoch 33 [140/220] loss=0.0610 mask=0.0592 iou=0.0018
  Epoch 33 [150/220] loss=0.0616 mask=0.0598 iou=0.0018
  Epoch 33 [160/220] loss=0.0603 mask=0.0586 iou=0.0018
  Epoch 33 [170/220] loss=0.0602 mask=0.0585 iou=0.0017
  Epoch 33 [180/220] loss=0.0596 mask=0.0579 iou=0.0017
  Epoch 33 [190/220] loss=0.0599 mask=0.0582 iou=0.0017
  Epoch 33 [200/220] loss=0.0598 mask=0.0581 iou=0.0017
  Epoch 33 [210/220] loss=0.0605 mask=0.0588 iou=0.0017
  Epoch 33 [220/220] loss=0.0602 mask=0.0585 iou=0.0017
  Train: loss=0.0602 mask=0.0585 iou=0.0017 time=153.8s
  Val epoch 33: loss=0.1224

=== Phase1 Epoch 34/49 ===
  Epoch 34 [10/220] loss=0.0662 mask=0.0646 iou=0.0016
  Epoch 34 [20/220] loss=0.0620 mask=0.0608 iou=0.0012
  Epoch 34 [30/220] loss=0.0635 mask=0.0619 iou=0.0016
  Epoch 34 [40/220] loss=0.0687 mask=0.0665 iou=0.0021
  Epoch 34 [50/220] loss=0.0664 mask=0.0644 iou=0.0020
  Epoch 34 [60/220] loss=0.0666 mask=0.0647 iou=0.0019
  Epoch 34 [70/220] loss=0.0647 mask=0.0629 iou=0.0018
  Epoch 34 [80/220] loss=0.0620 mask=0.0604 iou=0.0016
  Epoch 34 [90/220] loss=0.0605 mask=0.0588 iou=0.0017
  Epoch 34 [100/220] loss=0.0610 mask=0.0593 iou=0.0018
  Epoch 34 [110/220] loss=0.0625 mask=0.0608 iou=0.0017
  Epoch 34 [120/220] loss=0.0621 mask=0.0605 iou=0.0017
  Epoch 34 [130/220] loss=0.0618 mask=0.0602 iou=0.0016
  Epoch 34 [140/220] loss=0.0611 mask=0.0595 iou=0.0016
  Epoch 34 [150/220] loss=0.0607 mask=0.0591 iou=0.0016
  Epoch 34 [160/220] loss=0.0609 mask=0.0593 iou=0.0016
  Epoch 34 [170/220] loss=0.0603 mask=0.0587 iou=0.0016
  Epoch 34 [180/220] loss=0.0600 mask=0.0585 iou=0.0015
  Epoch 34 [190/220] loss=0.0603 mask=0.0587 iou=0.0016
  Epoch 34 [200/220] loss=0.0600 mask=0.0584 iou=0.0016
  Epoch 34 [210/220] loss=0.0601 mask=0.0585 iou=0.0016
  Epoch 34 [220/220] loss=0.0603 mask=0.0586 iou=0.0017
  Train: loss=0.0603 mask=0.0586 iou=0.0017 time=152.1s
  Val epoch 34: loss=0.1191

=== Phase1 Epoch 35/49 ===
  Epoch 35 [10/220] loss=0.0515 mask=0.0504 iou=0.0011
  Epoch 35 [20/220] loss=0.0572 mask=0.0557 iou=0.0015
  Epoch 35 [30/220] loss=0.0571 mask=0.0557 iou=0.0013
  Epoch 35 [40/220] loss=0.0560 mask=0.0548 iou=0.0012
  Epoch 35 [50/220] loss=0.0585 mask=0.0572 iou=0.0012
  Epoch 35 [60/220] loss=0.0598 mask=0.0584 iou=0.0014
  Epoch 35 [70/220] loss=0.0609 mask=0.0596 iou=0.0014
  Epoch 35 [80/220] loss=0.0599 mask=0.0584 iou=0.0014
  Epoch 35 [90/220] loss=0.0608 mask=0.0594 iou=0.0015
  Epoch 35 [100/220] loss=0.0615 mask=0.0599 iou=0.0016
  Epoch 35 [110/220] loss=0.0613 mask=0.0597 iou=0.0016
  Epoch 35 [120/220] loss=0.0606 mask=0.0590 iou=0.0016
  Epoch 35 [130/220] loss=0.0607 mask=0.0591 iou=0.0016
  Epoch 35 [140/220] loss=0.0609 mask=0.0592 iou=0.0017
  Epoch 35 [150/220] loss=0.0600 mask=0.0584 iou=0.0016
  Epoch 35 [160/220] loss=0.0601 mask=0.0585 iou=0.0016
  Epoch 35 [170/220] loss=0.0606 mask=0.0589 iou=0.0017
  Epoch 35 [180/220] loss=0.0599 mask=0.0582 iou=0.0017
  Epoch 35 [190/220] loss=0.0596 mask=0.0580 iou=0.0016
  Epoch 35 [200/220] loss=0.0596 mask=0.0579 iou=0.0016
  Epoch 35 [210/220] loss=0.0601 mask=0.0585 iou=0.0016
  Epoch 35 [220/220] loss=0.0597 mask=0.0580 iou=0.0016
  Train: loss=0.0597 mask=0.0580 iou=0.0016 time=153.6s
  Val epoch 35: loss=0.1237

=== Phase1 Epoch 36/49 ===
  Epoch 36 [10/220] loss=0.0531 mask=0.0520 iou=0.0011
  Epoch 36 [20/220] loss=0.0644 mask=0.0634 iou=0.0011
  Epoch 36 [30/220] loss=0.0602 mask=0.0591 iou=0.0011
  Epoch 36 [40/220] loss=0.0636 mask=0.0624 iou=0.0012
  Epoch 36 [50/220] loss=0.0596 mask=0.0584 iou=0.0012
  Epoch 36 [60/220] loss=0.0585 mask=0.0572 iou=0.0012
  Epoch 36 [70/220] loss=0.0561 mask=0.0549 iou=0.0012
  Epoch 36 [80/220] loss=0.0564 mask=0.0550 iou=0.0014
  Epoch 36 [90/220] loss=0.0560 mask=0.0546 iou=0.0014
  Epoch 36 [100/220] loss=0.0546 mask=0.0532 iou=0.0014
  Epoch 36 [110/220] loss=0.0544 mask=0.0531 iou=0.0013
  Epoch 36 [120/220] loss=0.0556 mask=0.0543 iou=0.0013
  Epoch 36 [130/220] loss=0.0555 mask=0.0541 iou=0.0014
  Epoch 36 [140/220] loss=0.0572 mask=0.0557 iou=0.0014
  Epoch 36 [150/220] loss=0.0575 mask=0.0560 iou=0.0014
  Epoch 36 [160/220] loss=0.0573 mask=0.0559 iou=0.0014
  Epoch 36 [170/220] loss=0.0579 mask=0.0564 iou=0.0015
  Epoch 36 [180/220] loss=0.0579 mask=0.0564 iou=0.0015
  Epoch 36 [190/220] loss=0.0588 mask=0.0572 iou=0.0016
  Epoch 36 [200/220] loss=0.0593 mask=0.0576 iou=0.0016
  Epoch 36 [210/220] loss=0.0598 mask=0.0582 iou=0.0016
  Epoch 36 [220/220] loss=0.0594 mask=0.0578 iou=0.0016
  Train: loss=0.0594 mask=0.0578 iou=0.0016 time=155.8s
  Val epoch 36: loss=0.1201

=== Phase1 Epoch 37/49 ===
  Epoch 37 [10/220] loss=0.0590 mask=0.0564 iou=0.0026
  Epoch 37 [20/220] loss=0.0589 mask=0.0568 iou=0.0021
  Epoch 37 [30/220] loss=0.0543 mask=0.0525 iou=0.0017
  Epoch 37 [40/220] loss=0.0550 mask=0.0532 iou=0.0018
  Epoch 37 [50/220] loss=0.0577 mask=0.0559 iou=0.0019
  Epoch 37 [60/220] loss=0.0564 mask=0.0547 iou=0.0018
  Epoch 37 [70/220] loss=0.0573 mask=0.0556 iou=0.0017
  Epoch 37 [80/220] loss=0.0571 mask=0.0554 iou=0.0017
  Epoch 37 [90/220] loss=0.0560 mask=0.0544 iou=0.0016
  Epoch 37 [100/220] loss=0.0570 mask=0.0554 iou=0.0016
  Epoch 37 [110/220] loss=0.0559 mask=0.0544 iou=0.0015
  Epoch 37 [120/220] loss=0.0568 mask=0.0553 iou=0.0015
  Epoch 37 [130/220] loss=0.0571 mask=0.0555 iou=0.0016
  Epoch 37 [140/220] loss=0.0584 mask=0.0569 iou=0.0016
  Epoch 37 [150/220] loss=0.0581 mask=0.0565 iou=0.0015
  Epoch 37 [160/220] loss=0.0585 mask=0.0570 iou=0.0015
  Epoch 37 [170/220] loss=0.0583 mask=0.0569 iou=0.0015
  Epoch 37 [180/220] loss=0.0593 mask=0.0577 iou=0.0016
  Epoch 37 [190/220] loss=0.0590 mask=0.0574 iou=0.0016
  Epoch 37 [200/220] loss=0.0600 mask=0.0585 iou=0.0015
  Epoch 37 [210/220] loss=0.0595 mask=0.0580 iou=0.0015
  Epoch 37 [220/220] loss=0.0593 mask=0.0578 iou=0.0015
  Train: loss=0.0593 mask=0.0578 iou=0.0015 time=156.7s
  Val epoch 37: loss=0.1231

=== Phase1 Epoch 38/49 ===
  Epoch 38 [10/220] loss=0.0516 mask=0.0502 iou=0.0014
  Epoch 38 [20/220] loss=0.0629 mask=0.0616 iou=0.0013
  Epoch 38 [30/220] loss=0.0607 mask=0.0592 iou=0.0014
  Epoch 38 [40/220] loss=0.0587 mask=0.0572 iou=0.0015
  Epoch 38 [50/220] loss=0.0593 mask=0.0579 iou=0.0014
  Epoch 38 [60/220] loss=0.0557 mask=0.0543 iou=0.0014
  Epoch 38 [70/220] loss=0.0566 mask=0.0552 iou=0.0014
  Epoch 38 [80/220] loss=0.0583 mask=0.0568 iou=0.0015
  Epoch 38 [90/220] loss=0.0585 mask=0.0571 iou=0.0014
  Epoch 38 [100/220] loss=0.0588 mask=0.0575 iou=0.0013
  Epoch 38 [110/220] loss=0.0595 mask=0.0580 iou=0.0015
  Epoch 38 [120/220] loss=0.0606 mask=0.0590 iou=0.0015
  Epoch 38 [130/220] loss=0.0604 mask=0.0588 iou=0.0015
  Epoch 38 [140/220] loss=0.0595 mask=0.0579 iou=0.0016
  Epoch 38 [150/220] loss=0.0592 mask=0.0577 iou=0.0015
  Epoch 38 [160/220] loss=0.0598 mask=0.0582 iou=0.0016
  Epoch 38 [170/220] loss=0.0602 mask=0.0586 iou=0.0016
  Epoch 38 [180/220] loss=0.0596 mask=0.0580 iou=0.0016
  Epoch 38 [190/220] loss=0.0596 mask=0.0581 iou=0.0015
  Epoch 38 [200/220] loss=0.0596 mask=0.0580 iou=0.0016
  Epoch 38 [210/220] loss=0.0590 mask=0.0574 iou=0.0015
  Epoch 38 [220/220] loss=0.0590 mask=0.0574 iou=0.0015
  Train: loss=0.0590 mask=0.0574 iou=0.0015 time=154.5s
  Val epoch 38: loss=0.1221

=== Phase1 Epoch 39/49 ===
  Epoch 39 [10/220] loss=0.0420 mask=0.0413 iou=0.0007
  Epoch 39 [20/220] loss=0.0441 mask=0.0432 iou=0.0009
  Epoch 39 [30/220] loss=0.0512 mask=0.0503 iou=0.0010
  Epoch 39 [40/220] loss=0.0517 mask=0.0506 iou=0.0010
  Epoch 39 [50/220] loss=0.0534 mask=0.0522 iou=0.0012
  Epoch 39 [60/220] loss=0.0539 mask=0.0527 iou=0.0012
  Epoch 39 [70/220] loss=0.0551 mask=0.0539 iou=0.0012
  Epoch 39 [80/220] loss=0.0549 mask=0.0535 iou=0.0014
  Epoch 39 [90/220] loss=0.0564 mask=0.0550 iou=0.0014
  Epoch 39 [100/220] loss=0.0576 mask=0.0563 iou=0.0013
  Epoch 39 [110/220] loss=0.0572 mask=0.0559 iou=0.0014
  Epoch 39 [120/220] loss=0.0576 mask=0.0562 iou=0.0014
  Epoch 39 [130/220] loss=0.0579 mask=0.0565 iou=0.0014
  Epoch 39 [140/220] loss=0.0576 mask=0.0562 iou=0.0014
  Epoch 39 [150/220] loss=0.0578 mask=0.0564 iou=0.0014
  Epoch 39 [160/220] loss=0.0580 mask=0.0566 iou=0.0014
  Epoch 39 [170/220] loss=0.0587 mask=0.0573 iou=0.0014
  Epoch 39 [180/220] loss=0.0588 mask=0.0573 iou=0.0015
  Epoch 39 [190/220] loss=0.0588 mask=0.0573 iou=0.0015
  Epoch 39 [200/220] loss=0.0589 mask=0.0574 iou=0.0015
  Epoch 39 [210/220] loss=0.0588 mask=0.0573 iou=0.0015
  Epoch 39 [220/220] loss=0.0586 mask=0.0571 iou=0.0015
  Train: loss=0.0586 mask=0.0571 iou=0.0015 time=154.6s
  Val epoch 39: loss=0.1216

=== Phase1 Epoch 40/49 ===
  Epoch 40 [10/220] loss=0.0680 mask=0.0658 iou=0.0023
  Epoch 40 [20/220] loss=0.0656 mask=0.0631 iou=0.0025
  Epoch 40 [30/220] loss=0.0640 mask=0.0621 iou=0.0019
  Epoch 40 [40/220] loss=0.0604 mask=0.0587 iou=0.0017
  Epoch 40 [50/220] loss=0.0606 mask=0.0589 iou=0.0016
  Epoch 40 [60/220] loss=0.0596 mask=0.0580 iou=0.0016
  Epoch 40 [70/220] loss=0.0615 mask=0.0598 iou=0.0017
  Epoch 40 [80/220] loss=0.0619 mask=0.0603 iou=0.0016
  Epoch 40 [90/220] loss=0.0603 mask=0.0588 iou=0.0015
  Epoch 40 [100/220] loss=0.0592 mask=0.0576 iou=0.0016
  Epoch 40 [110/220] loss=0.0593 mask=0.0577 iou=0.0016
  Epoch 40 [120/220] loss=0.0585 mask=0.0569 iou=0.0016
  Epoch 40 [130/220] loss=0.0590 mask=0.0575 iou=0.0015
  Epoch 40 [140/220] loss=0.0589 mask=0.0574 iou=0.0015
  Epoch 40 [150/220] loss=0.0586 mask=0.0571 iou=0.0015
  Epoch 40 [160/220] loss=0.0581 mask=0.0566 iou=0.0014
  Epoch 40 [170/220] loss=0.0575 mask=0.0561 iou=0.0014
  Epoch 40 [180/220] loss=0.0572 mask=0.0558 iou=0.0014
  Epoch 40 [190/220] loss=0.0582 mask=0.0568 iou=0.0014
  Epoch 40 [200/220] loss=0.0581 mask=0.0567 iou=0.0014
  Epoch 40 [210/220] loss=0.0582 mask=0.0568 iou=0.0014
  Epoch 40 [220/220] loss=0.0579 mask=0.0565 iou=0.0014
  Train: loss=0.0579 mask=0.0565 iou=0.0014 time=154.5s
  Val epoch 40: loss=0.1219

=== Phase1 Epoch 41/49 ===
  Epoch 41 [10/220] loss=0.0564 mask=0.0550 iou=0.0013
  Epoch 41 [20/220] loss=0.0512 mask=0.0500 iou=0.0013
  Epoch 41 [30/220] loss=0.0569 mask=0.0553 iou=0.0016
  Epoch 41 [40/220] loss=0.0570 mask=0.0553 iou=0.0017
  Epoch 41 [50/220] loss=0.0608 mask=0.0592 iou=0.0017
  Epoch 41 [60/220] loss=0.0591 mask=0.0575 iou=0.0016
  Epoch 41 [70/220] loss=0.0579 mask=0.0563 iou=0.0016
  Epoch 41 [80/220] loss=0.0589 mask=0.0572 iou=0.0016
  Epoch 41 [90/220] loss=0.0577 mask=0.0562 iou=0.0015
  Epoch 41 [100/220] loss=0.0577 mask=0.0562 iou=0.0015
  Epoch 41 [110/220] loss=0.0571 mask=0.0556 iou=0.0015
  Epoch 41 [120/220] loss=0.0572 mask=0.0557 iou=0.0015
  Epoch 41 [130/220] loss=0.0569 mask=0.0555 iou=0.0014
  Epoch 41 [140/220] loss=0.0574 mask=0.0559 iou=0.0015
  Epoch 41 [150/220] loss=0.0575 mask=0.0561 iou=0.0014
  Epoch 41 [160/220] loss=0.0570 mask=0.0555 iou=0.0014
  Epoch 41 [170/220] loss=0.0570 mask=0.0556 iou=0.0014
  Epoch 41 [180/220] loss=0.0571 mask=0.0557 iou=0.0014
  Epoch 41 [190/220] loss=0.0575 mask=0.0561 iou=0.0014
  Epoch 41 [200/220] loss=0.0576 mask=0.0562 iou=0.0014
  Epoch 41 [210/220] loss=0.0581 mask=0.0567 iou=0.0014
  Epoch 41 [220/220] loss=0.0577 mask=0.0563 iou=0.0014
  Train: loss=0.0577 mask=0.0563 iou=0.0014 time=154.0s
  Val epoch 41: loss=0.1221

=== Phase1 Epoch 42/49 ===
  Epoch 42 [10/220] loss=0.0569 mask=0.0554 iou=0.0015
  Epoch 42 [20/220] loss=0.0517 mask=0.0504 iou=0.0013
  Epoch 42 [30/220] loss=0.0495 mask=0.0483 iou=0.0013
  Epoch 42 [40/220] loss=0.0482 mask=0.0468 iou=0.0015
  Epoch 42 [50/220] loss=0.0493 mask=0.0478 iou=0.0015
  Epoch 42 [60/220] loss=0.0530 mask=0.0514 iou=0.0016
  Epoch 42 [70/220] loss=0.0534 mask=0.0519 iou=0.0015
  Epoch 42 [80/220] loss=0.0554 mask=0.0537 iou=0.0017
  Epoch 42 [90/220] loss=0.0559 mask=0.0544 iou=0.0016
  Epoch 42 [100/220] loss=0.0562 mask=0.0546 iou=0.0016
  Epoch 42 [110/220] loss=0.0569 mask=0.0553 iou=0.0015
  Epoch 42 [120/220] loss=0.0568 mask=0.0553 iou=0.0015
  Epoch 42 [130/220] loss=0.0571 mask=0.0556 iou=0.0015
  Epoch 42 [140/220] loss=0.0577 mask=0.0562 iou=0.0015
  Epoch 42 [150/220] loss=0.0579 mask=0.0564 iou=0.0015
  Epoch 42 [160/220] loss=0.0583 mask=0.0569 iou=0.0014
  Epoch 42 [170/220] loss=0.0581 mask=0.0567 iou=0.0014
  Epoch 42 [180/220] loss=0.0580 mask=0.0566 iou=0.0014
  Epoch 42 [190/220] loss=0.0577 mask=0.0564 iou=0.0014
  Epoch 42 [200/220] loss=0.0578 mask=0.0564 iou=0.0014
  Epoch 42 [210/220] loss=0.0579 mask=0.0565 iou=0.0014
  Epoch 42 [220/220] loss=0.0578 mask=0.0564 iou=0.0014
  Train: loss=0.0578 mask=0.0564 iou=0.0014 time=108.6s
  Val epoch 42: loss=0.1229

=== Phase1 Epoch 43/49 ===
  Epoch 43 [10/220] loss=0.0597 mask=0.0584 iou=0.0013
  Epoch 43 [20/220] loss=0.0684 mask=0.0659 iou=0.0025
  Epoch 43 [30/220] loss=0.0644 mask=0.0625 iou=0.0019
  Epoch 43 [40/220] loss=0.0597 mask=0.0578 iou=0.0018
  Epoch 43 [50/220] loss=0.0583 mask=0.0566 iou=0.0017
  Epoch 43 [60/220] loss=0.0574 mask=0.0559 iou=0.0016
  Epoch 43 [70/220] loss=0.0572 mask=0.0556 iou=0.0015
  Epoch 43 [80/220] loss=0.0568 mask=0.0552 iou=0.0016
  Epoch 43 [90/220] loss=0.0582 mask=0.0566 iou=0.0016
  Epoch 43 [100/220] loss=0.0588 mask=0.0573 iou=0.0015
  Epoch 43 [110/220] loss=0.0597 mask=0.0583 iou=0.0015
  Epoch 43 [120/220] loss=0.0584 mask=0.0570 iou=0.0014
  Epoch 43 [130/220] loss=0.0582 mask=0.0569 iou=0.0014
  Epoch 43 [140/220] loss=0.0576 mask=0.0562 iou=0.0014
  Epoch 43 [150/220] loss=0.0574 mask=0.0560 iou=0.0014
  Epoch 43 [160/220] loss=0.0579 mask=0.0565 iou=0.0014
  Epoch 43 [170/220] loss=0.0577 mask=0.0563 iou=0.0014
  Epoch 43 [180/220] loss=0.0576 mask=0.0563 iou=0.0014
  Epoch 43 [190/220] loss=0.0576 mask=0.0563 iou=0.0013
  Epoch 43 [200/220] loss=0.0573 mask=0.0560 iou=0.0013
  Epoch 43 [210/220] loss=0.0577 mask=0.0563 iou=0.0013
  Epoch 43 [220/220] loss=0.0573 mask=0.0560 iou=0.0014
  Train: loss=0.0573 mask=0.0560 iou=0.0014 time=110.0s
  Val epoch 43: loss=0.1236

=== Phase1 Epoch 44/49 ===
  Epoch 44 [10/220] loss=0.0556 mask=0.0544 iou=0.0012
  Epoch 44 [20/220] loss=0.0581 mask=0.0571 iou=0.0010
  Epoch 44 [30/220] loss=0.0558 mask=0.0549 iou=0.0010
  Epoch 44 [40/220] loss=0.0602 mask=0.0589 iou=0.0013
  Epoch 44 [50/220] loss=0.0610 mask=0.0598 iou=0.0012
  Epoch 44 [60/220] loss=0.0591 mask=0.0580 iou=0.0011
  Epoch 44 [70/220] loss=0.0579 mask=0.0568 iou=0.0011
  Epoch 44 [80/220] loss=0.0590 mask=0.0579 iou=0.0011
  Epoch 44 [90/220] loss=0.0578 mask=0.0567 iou=0.0011
  Epoch 44 [100/220] loss=0.0570 mask=0.0559 iou=0.0011
  Epoch 44 [110/220] loss=0.0562 mask=0.0551 iou=0.0011
  Epoch 44 [120/220] loss=0.0564 mask=0.0553 iou=0.0011
  Epoch 44 [130/220] loss=0.0565 mask=0.0553 iou=0.0012
  Epoch 44 [140/220] loss=0.0564 mask=0.0553 iou=0.0012
  Epoch 44 [150/220] loss=0.0568 mask=0.0557 iou=0.0012
  Epoch 44 [160/220] loss=0.0572 mask=0.0560 iou=0.0012
  Epoch 44 [170/220] loss=0.0574 mask=0.0561 iou=0.0013
  Epoch 44 [180/220] loss=0.0572 mask=0.0560 iou=0.0012
  Epoch 44 [190/220] loss=0.0570 mask=0.0557 iou=0.0013
  Epoch 44 [200/220] loss=0.0567 mask=0.0554 iou=0.0013
  Epoch 44 [210/220] loss=0.0568 mask=0.0554 iou=0.0013
  Epoch 44 [220/220] loss=0.0572 mask=0.0559 iou=0.0013
  Train: loss=0.0572 mask=0.0559 iou=0.0013 time=109.2s
  Val epoch 44: loss=0.1246

=== Phase1 Epoch 45/49 ===
  Epoch 45 [10/220] loss=0.0778 mask=0.0768 iou=0.0011
  Epoch 45 [20/220] loss=0.0671 mask=0.0661 iou=0.0010
  Epoch 45 [30/220] loss=0.0622 mask=0.0610 iou=0.0012
  Epoch 45 [40/220] loss=0.0640 mask=0.0629 iou=0.0011
  Epoch 45 [50/220] loss=0.0639 mask=0.0628 iou=0.0011
  Epoch 45 [60/220] loss=0.0621 mask=0.0610 iou=0.0011
  Epoch 45 [70/220] loss=0.0601 mask=0.0590 iou=0.0011
  Epoch 45 [80/220] loss=0.0595 mask=0.0583 iou=0.0012
  Epoch 45 [90/220] loss=0.0616 mask=0.0603 iou=0.0012
  Epoch 45 [100/220] loss=0.0616 mask=0.0603 iou=0.0012
  Epoch 45 [110/220] loss=0.0609 mask=0.0596 iou=0.0013
  Epoch 45 [120/220] loss=0.0604 mask=0.0591 iou=0.0013
  Epoch 45 [130/220] loss=0.0614 mask=0.0600 iou=0.0014
  Epoch 45 [140/220] loss=0.0616 mask=0.0602 iou=0.0014
  Epoch 45 [150/220] loss=0.0605 mask=0.0592 iou=0.0013
  Epoch 45 [160/220] loss=0.0600 mask=0.0587 iou=0.0013
  Epoch 45 [170/220] loss=0.0593 mask=0.0580 iou=0.0013
  Epoch 45 [180/220] loss=0.0585 mask=0.0571 iou=0.0013
  Epoch 45 [190/220] loss=0.0577 mask=0.0564 iou=0.0013
  Epoch 45 [200/220] loss=0.0570 mask=0.0557 iou=0.0013
  Epoch 45 [210/220] loss=0.0570 mask=0.0557 iou=0.0013
  Epoch 45 [220/220] loss=0.0571 mask=0.0558 iou=0.0013
  Train: loss=0.0571 mask=0.0558 iou=0.0013 time=103.4s
  Val epoch 45: loss=0.1219

=== Phase1 Epoch 46/49 ===
  Epoch 46 [10/220] loss=0.0556 mask=0.0541 iou=0.0015
  Epoch 46 [20/220] loss=0.0575 mask=0.0558 iou=0.0017
  Epoch 46 [30/220] loss=0.0585 mask=0.0571 iou=0.0014
  Epoch 46 [40/220] loss=0.0549 mask=0.0537 iou=0.0012
  Epoch 46 [50/220] loss=0.0542 mask=0.0531 iou=0.0011
  Epoch 46 [60/220] loss=0.0564 mask=0.0552 iou=0.0012
  Epoch 46 [70/220] loss=0.0591 mask=0.0576 iou=0.0015
  Epoch 46 [80/220] loss=0.0586 mask=0.0572 iou=0.0014
  Epoch 46 [90/220] loss=0.0585 mask=0.0571 iou=0.0014
  Epoch 46 [100/220] loss=0.0578 mask=0.0564 iou=0.0014
  Epoch 46 [110/220] loss=0.0575 mask=0.0561 iou=0.0014
  Epoch 46 [120/220] loss=0.0578 mask=0.0564 iou=0.0014
  Epoch 46 [130/220] loss=0.0576 mask=0.0562 iou=0.0014
  Epoch 46 [140/220] loss=0.0571 mask=0.0558 iou=0.0014
  Epoch 46 [150/220] loss=0.0570 mask=0.0556 iou=0.0014
  Epoch 46 [160/220] loss=0.0571 mask=0.0558 iou=0.0014
  Epoch 46 [170/220] loss=0.0571 mask=0.0558 iou=0.0013
  Epoch 46 [180/220] loss=0.0574 mask=0.0560 iou=0.0013
  Epoch 46 [190/220] loss=0.0565 mask=0.0552 iou=0.0013
  Epoch 46 [200/220] loss=0.0574 mask=0.0561 iou=0.0013
  Epoch 46 [210/220] loss=0.0572 mask=0.0559 iou=0.0013
  Epoch 46 [220/220] loss=0.0569 mask=0.0556 iou=0.0013
  Train: loss=0.0569 mask=0.0556 iou=0.0013 time=103.0s
  Val epoch 46: loss=0.1228

=== Phase1 Epoch 47/49 ===
  Epoch 47 [10/220] loss=0.0606 mask=0.0587 iou=0.0019
  Epoch 47 [20/220] loss=0.0549 mask=0.0535 iou=0.0015
  Epoch 47 [30/220] loss=0.0625 mask=0.0608 iou=0.0018
  Epoch 47 [40/220] loss=0.0590 mask=0.0574 iou=0.0016
  Epoch 47 [50/220] loss=0.0568 mask=0.0553 iou=0.0015
  Epoch 47 [60/220] loss=0.0574 mask=0.0558 iou=0.0015
  Epoch 47 [70/220] loss=0.0586 mask=0.0571 iou=0.0014
  Epoch 47 [80/220] loss=0.0576 mask=0.0563 iou=0.0014
  Epoch 47 [90/220] loss=0.0574 mask=0.0561 iou=0.0013
  Epoch 47 [100/220] loss=0.0576 mask=0.0563 iou=0.0013
  Epoch 47 [110/220] loss=0.0578 mask=0.0564 iou=0.0014
  Epoch 47 [120/220] loss=0.0567 mask=0.0553 iou=0.0014
  Epoch 47 [130/220] loss=0.0571 mask=0.0557 iou=0.0014
  Epoch 47 [140/220] loss=0.0564 mask=0.0550 iou=0.0014
  Epoch 47 [150/220] loss=0.0562 mask=0.0549 iou=0.0013
  Epoch 47 [160/220] loss=0.0555 mask=0.0542 iou=0.0013
  Epoch 47 [170/220] loss=0.0554 mask=0.0540 iou=0.0013
  Epoch 47 [180/220] loss=0.0556 mask=0.0542 iou=0.0013
  Epoch 47 [190/220] loss=0.0561 mask=0.0548 iou=0.0013
  Epoch 47 [200/220] loss=0.0562 mask=0.0549 iou=0.0013
  Epoch 47 [210/220] loss=0.0560 mask=0.0547 iou=0.0013
  Epoch 47 [220/220] loss=0.0568 mask=0.0555 iou=0.0013
  Train: loss=0.0568 mask=0.0555 iou=0.0013 time=155.8s
  Val epoch 47: loss=0.1226

=== Phase1 Epoch 48/49 ===
  Epoch 48 [10/220] loss=0.0731 mask=0.0703 iou=0.0028
  Epoch 48 [20/220] loss=0.0632 mask=0.0614 iou=0.0019
  Epoch 48 [30/220] loss=0.0648 mask=0.0628 iou=0.0020
  Epoch 48 [40/220] loss=0.0616 mask=0.0597 iou=0.0019
  Epoch 48 [50/220] loss=0.0619 mask=0.0600 iou=0.0019
  Epoch 48 [60/220] loss=0.0622 mask=0.0605 iou=0.0017
  Epoch 48 [70/220] loss=0.0630 mask=0.0613 iou=0.0017
  Epoch 48 [80/220] loss=0.0615 mask=0.0600 iou=0.0015
  Epoch 48 [90/220] loss=0.0597 mask=0.0582 iou=0.0015
  Epoch 48 [100/220] loss=0.0586 mask=0.0572 iou=0.0014
  Epoch 48 [110/220] loss=0.0581 mask=0.0566 iou=0.0015
  Epoch 48 [120/220] loss=0.0585 mask=0.0571 iou=0.0014
  Epoch 48 [130/220] loss=0.0581 mask=0.0567 iou=0.0014
  Epoch 48 [140/220] loss=0.0573 mask=0.0559 iou=0.0014
  Epoch 48 [150/220] loss=0.0568 mask=0.0555 iou=0.0014
  Epoch 48 [160/220] loss=0.0567 mask=0.0553 iou=0.0013
  Epoch 48 [170/220] loss=0.0574 mask=0.0560 iou=0.0014
  Epoch 48 [180/220] loss=0.0566 mask=0.0552 iou=0.0013
  Epoch 48 [190/220] loss=0.0565 mask=0.0552 iou=0.0013
  Epoch 48 [200/220] loss=0.0564 mask=0.0551 iou=0.0013
  Epoch 48 [210/220] loss=0.0568 mask=0.0554 iou=0.0013
  Epoch 48 [220/220] loss=0.0564 mask=0.0551 iou=0.0013
  Train: loss=0.0564 mask=0.0551 iou=0.0013 time=160.7s
  Val epoch 48: loss=0.1228

=== Phase1 Epoch 49/49 ===
  Epoch 49 [10/220] loss=0.0529 mask=0.0519 iou=0.0011
  Epoch 49 [20/220] loss=0.0504 mask=0.0494 iou=0.0010
  Epoch 49 [30/220] loss=0.0558 mask=0.0546 iou=0.0012
  Epoch 49 [40/220] loss=0.0555 mask=0.0542 iou=0.0013
  Epoch 49 [50/220] loss=0.0565 mask=0.0552 iou=0.0012
  Epoch 49 [60/220] loss=0.0553 mask=0.0541 iou=0.0012
  Epoch 49 [70/220] loss=0.0548 mask=0.0536 iou=0.0012
  Epoch 49 [80/220] loss=0.0553 mask=0.0541 iou=0.0012
  Epoch 49 [90/220] loss=0.0559 mask=0.0548 iou=0.0011
  Epoch 49 [100/220] loss=0.0568 mask=0.0557 iou=0.0011
  Epoch 49 [110/220] loss=0.0561 mask=0.0550 iou=0.0011
  Epoch 49 [120/220] loss=0.0555 mask=0.0545 iou=0.0010
  Epoch 49 [130/220] loss=0.0561 mask=0.0549 iou=0.0011
  Epoch 49 [140/220] loss=0.0567 mask=0.0555 iou=0.0012
  Epoch 49 [150/220] loss=0.0564 mask=0.0552 iou=0.0012
  Epoch 49 [160/220] loss=0.0563 mask=0.0550 iou=0.0012
  Epoch 49 [170/220] loss=0.0563 mask=0.0551 iou=0.0012
  Epoch 49 [180/220] loss=0.0560 mask=0.0548 iou=0.0012
  Epoch 49 [190/220] loss=0.0563 mask=0.0551 iou=0.0012
  Epoch 49 [200/220] loss=0.0564 mask=0.0552 iou=0.0012
  Epoch 49 [210/220] loss=0.0562 mask=0.0550 iou=0.0012
  Epoch 49 [220/220] loss=0.0564 mask=0.0552 iou=0.0012
  Train: loss=0.0564 mask=0.0552 iou=0.0012 time=158.7s
  Val epoch 49: loss=0.1238

Phase 1 complete. Best val loss: 0.1173

============================================================
PHASE 2: Depth training (depth loss, only depth branch trainable)
============================================================
Loading phase 1 checkpoint: /data3/LXT/DINOv3-SAM/model_sam/SAM_1724_nolit/phase1_best.pt
Initialized depth branch from SAM inner weights (depth_prediction_head random)
Phase 2: Total params: 97,379,069  Trainable: 3,643,597

=== Phase2 Epoch 0/49 ===
  Epoch 0 [10/220] loss=0.3131 mask=0.0571 depth=0.3131
  Epoch 0 [20/220] loss=0.3061 mask=0.0602 depth=0.3061
  Epoch 0 [30/220] loss=0.3304 mask=0.0609 depth=0.3304
  Epoch 0 [40/220] loss=0.3314 mask=0.0606 depth=0.3314
  Epoch 0 [50/220] loss=0.3498 mask=0.0606 depth=0.3498
  Epoch 0 [60/220] loss=0.3396 mask=0.0604 depth=0.3396
  Epoch 0 [70/220] loss=0.3522 mask=0.0607 depth=0.3522
  Epoch 0 [80/220] loss=0.3421 mask=0.0600 depth=0.3421
  Epoch 0 [90/220] loss=0.3343 mask=0.0588 depth=0.3343
  Epoch 0 [100/220] loss=0.3382 mask=0.0588 depth=0.3382
  Epoch 0 [110/220] loss=0.3338 mask=0.0582 depth=0.3338
  Epoch 0 [120/220] loss=0.3372 mask=0.0588 depth=0.3372
  Epoch 0 [130/220] loss=0.3353 mask=0.0586 depth=0.3353
  Epoch 0 [140/220] loss=0.3330 mask=0.0590 depth=0.3330
  Epoch 0 [150/220] loss=0.3348 mask=0.0590 depth=0.3348
  Epoch 0 [160/220] loss=0.3236 mask=0.0578 depth=0.3236
  Epoch 0 [170/220] loss=0.3228 mask=0.0585 depth=0.3228
  Epoch 0 [180/220] loss=0.3232 mask=0.0594 depth=0.3232
  Epoch 0 [190/220] loss=0.3193 mask=0.0598 depth=0.3193
  Epoch 0 [200/220] loss=0.3153 mask=0.0601 depth=0.3153
  Epoch 0 [210/220] loss=0.3100 mask=0.0597 depth=0.3100
  Epoch 0 [220/220] loss=0.3034 mask=0.0599 depth=0.3034
  Train: loss=0.3034 mask=0.0599 depth=0.3034 time=166.7s
  Val epoch 0: loss=0.2462
  Saved best phase2 model (val_loss=0.2462)

=== Phase2 Epoch 1/49 ===
  Epoch 1 [10/220] loss=0.2551 mask=0.0668 depth=0.2551
  Epoch 1 [20/220] loss=0.2045 mask=0.0607 depth=0.2045
  Epoch 1 [30/220] loss=0.2017 mask=0.0608 depth=0.2017
  Epoch 1 [40/220] loss=0.2330 mask=0.0579 depth=0.2330
  Epoch 1 [50/220] loss=0.2208 mask=0.0584 depth=0.2208
  Epoch 1 [60/220] loss=0.2079 mask=0.0569 depth=0.2079
  Epoch 1 [70/220] loss=0.2066 mask=0.0574 depth=0.2066
  Epoch 1 [80/220] loss=0.2006 mask=0.0569 depth=0.2006
  Epoch 1 [90/220] loss=0.2018 mask=0.0566 depth=0.2018
  Epoch 1 [100/220] loss=0.1982 mask=0.0563 depth=0.1982
  Epoch 1 [110/220] loss=0.1979 mask=0.0577 depth=0.1979
  Epoch 1 [120/220] loss=0.1963 mask=0.0580 depth=0.1963
  Epoch 1 [130/220] loss=0.1949 mask=0.0579 depth=0.1949
  Epoch 1 [140/220] loss=0.1938 mask=0.0575 depth=0.1938
  Epoch 1 [150/220] loss=0.1899 mask=0.0584 depth=0.1899
  Epoch 1 [160/220] loss=0.1934 mask=0.0586 depth=0.1934
  Epoch 1 [170/220] loss=0.1956 mask=0.0586 depth=0.1956
  Epoch 1 [180/220] loss=0.1957 mask=0.0599 depth=0.1957
  Epoch 1 [190/220] loss=0.1957 mask=0.0603 depth=0.1957
  Epoch 1 [200/220] loss=0.1925 mask=0.0602 depth=0.1925
  Epoch 1 [210/220] loss=0.1904 mask=0.0603 depth=0.1904
  Epoch 1 [220/220] loss=0.1865 mask=0.0602 depth=0.1865
  Train: loss=0.1865 mask=0.0602 depth=0.1865 time=162.2s
  Val epoch 1: loss=0.1671
  Saved best phase2 model (val_loss=0.1671)

=== Phase2 Epoch 2/49 ===
  Epoch 2 [10/220] loss=0.1074 mask=0.0587 depth=0.1074
  Epoch 2 [20/220] loss=0.1019 mask=0.0628 depth=0.1019
  Epoch 2 [30/220] loss=0.1001 mask=0.0607 depth=0.1001
  Epoch 2 [40/220] loss=0.1053 mask=0.0651 depth=0.1053
  Epoch 2 [50/220] loss=0.0967 mask=0.0618 depth=0.0967
  Epoch 2 [60/220] loss=0.0987 mask=0.0614 depth=0.0987
  Epoch 2 [70/220] loss=0.1008 mask=0.0613 depth=0.1008
  Epoch 2 [80/220] loss=0.1092 mask=0.0626 depth=0.1092
  Epoch 2 [90/220] loss=0.1142 mask=0.0610 depth=0.1142
  Epoch 2 [100/220] loss=0.1171 mask=0.0618 depth=0.1171
  Epoch 2 [110/220] loss=0.1149 mask=0.0607 depth=0.1149
  Epoch 2 [120/220] loss=0.1142 mask=0.0599 depth=0.1142
  Epoch 2 [130/220] loss=0.1148 mask=0.0598 depth=0.1148
  Epoch 2 [140/220] loss=0.1222 mask=0.0601 depth=0.1222
  Epoch 2 [150/220] loss=0.1260 mask=0.0597 depth=0.1260
  Epoch 2 [160/220] loss=0.1247 mask=0.0593 depth=0.1247
  Epoch 2 [170/220] loss=0.1224 mask=0.0599 depth=0.1224
  Epoch 2 [180/220] loss=0.1197 mask=0.0601 depth=0.1197
  Epoch 2 [190/220] loss=0.1189 mask=0.0597 depth=0.1189
  Epoch 2 [200/220] loss=0.1182 mask=0.0594 depth=0.1182
  Epoch 2 [210/220] loss=0.1221 mask=0.0601 depth=0.1221
  Epoch 2 [220/220] loss=0.1242 mask=0.0603 depth=0.1242
  Train: loss=0.1242 mask=0.0603 depth=0.1242 time=161.5s
  Val epoch 2: loss=0.1449
  Saved best phase2 model (val_loss=0.1449)

=== Phase2 Epoch 3/49 ===
  Epoch 3 [10/220] loss=0.0806 mask=0.0783 depth=0.0806
  Epoch 3 [20/220] loss=0.0723 mask=0.0667 depth=0.0723
  Epoch 3 [30/220] loss=0.0704 mask=0.0618 depth=0.0704
  Epoch 3 [40/220] loss=0.0756 mask=0.0593 depth=0.0756
  Epoch 3 [50/220] loss=0.0831 mask=0.0597 depth=0.0831
  Epoch 3 [60/220] loss=0.0800 mask=0.0590 depth=0.0800
  Epoch 3 [70/220] loss=0.0879 mask=0.0593 depth=0.0879
  Epoch 3 [80/220] loss=0.0874 mask=0.0586 depth=0.0874
  Epoch 3 [90/220] loss=0.0870 mask=0.0578 depth=0.0870
  Epoch 3 [100/220] loss=0.0859 mask=0.0578 depth=0.0859
  Epoch 3 [110/220] loss=0.0849 mask=0.0579 depth=0.0849
  Epoch 3 [120/220] loss=0.0862 mask=0.0583 depth=0.0862
  Epoch 3 [130/220] loss=0.0877 mask=0.0587 depth=0.0877
  Epoch 3 [140/220] loss=0.0866 mask=0.0587 depth=0.0866
  Epoch 3 [150/220] loss=0.0842 mask=0.0584 depth=0.0842
  Epoch 3 [160/220] loss=0.0838 mask=0.0590 depth=0.0838
  Epoch 3 [170/220] loss=0.0874 mask=0.0602 depth=0.0874
  Epoch 3 [180/220] loss=0.0867 mask=0.0609 depth=0.0867
  Epoch 3 [190/220] loss=0.0862 mask=0.0607 depth=0.0862
  Epoch 3 [200/220] loss=0.0845 mask=0.0603 depth=0.0845
  Epoch 3 [210/220] loss=0.0818 mask=0.0599 depth=0.0818
  Epoch 3 [220/220] loss=0.0812 mask=0.0600 depth=0.0812
  Train: loss=0.0812 mask=0.0600 depth=0.0812 time=160.8s
  Val epoch 3: loss=0.1042
  Saved best phase2 model (val_loss=0.1042)

=== Phase2 Epoch 4/49 ===
  Epoch 4 [10/220] loss=0.0453 mask=0.0701 depth=0.0453
  Epoch 4 [20/220] loss=0.0813 mask=0.0635 depth=0.0813
  Epoch 4 [30/220] loss=0.0665 mask=0.0625 depth=0.0665
  Epoch 4 [40/220] loss=0.0567 mask=0.0596 depth=0.0567
  Epoch 4 [50/220] loss=0.0543 mask=0.0617 depth=0.0543
  Epoch 4 [60/220] loss=0.0546 mask=0.0597 depth=0.0546
  Epoch 4 [70/220] loss=0.0531 mask=0.0617 depth=0.0531
  Epoch 4 [80/220] loss=0.0542 mask=0.0621 depth=0.0542
  Epoch 4 [90/220] loss=0.0538 mask=0.0615 depth=0.0538
  Epoch 4 [100/220] loss=0.0528 mask=0.0601 depth=0.0528
  Epoch 4 [110/220] loss=0.0571 mask=0.0609 depth=0.0571
  Epoch 4 [120/220] loss=0.0575 mask=0.0606 depth=0.0575
  Epoch 4 [130/220] loss=0.0552 mask=0.0613 depth=0.0552
  Epoch 4 [140/220] loss=0.0575 mask=0.0609 depth=0.0575
  Epoch 4 [150/220] loss=0.0569 mask=0.0604 depth=0.0569
  Epoch 4 [160/220] loss=0.0559 mask=0.0608 depth=0.0559
  Epoch 4 [170/220] loss=0.0543 mask=0.0605 depth=0.0543
  Epoch 4 [180/220] loss=0.0530 mask=0.0599 depth=0.0530
  Epoch 4 [190/220] loss=0.0526 mask=0.0602 depth=0.0526
  Epoch 4 [200/220] loss=0.0530 mask=0.0598 depth=0.0530
  Epoch 4 [210/220] loss=0.0533 mask=0.0598 depth=0.0533
  Epoch 4 [220/220] loss=0.0550 mask=0.0602 depth=0.0550
  Train: loss=0.0550 mask=0.0602 depth=0.0550 time=162.9s
  Val epoch 4: loss=0.1039
  Saved best phase2 model (val_loss=0.1039)

=== Phase2 Epoch 5/49 ===
  Epoch 5 [10/220] loss=0.0426 mask=0.0538 depth=0.0426
  Epoch 5 [20/220] loss=0.0348 mask=0.0544 depth=0.0348
  Epoch 5 [30/220] loss=0.0314 mask=0.0594 depth=0.0314
  Epoch 5 [40/220] loss=0.0300 mask=0.0580 depth=0.0300
  Epoch 5 [50/220] loss=0.0273 mask=0.0599 depth=0.0273
  Epoch 5 [60/220] loss=0.0275 mask=0.0604 depth=0.0275
  Epoch 5 [70/220] loss=0.0302 mask=0.0598 depth=0.0302
  Epoch 5 [80/220] loss=0.0291 mask=0.0595 depth=0.0291
  Epoch 5 [90/220] loss=0.0299 mask=0.0579 depth=0.0299
  Epoch 5 [100/220] loss=0.0316 mask=0.0600 depth=0.0316
  Epoch 5 [110/220] loss=0.0337 mask=0.0596 depth=0.0337
  Epoch 5 [120/220] loss=0.0350 mask=0.0610 depth=0.0350
  Epoch 5 [130/220] loss=0.0348 mask=0.0615 depth=0.0348
  Epoch 5 [140/220] loss=0.0337 mask=0.0603 depth=0.0337
  Epoch 5 [150/220] loss=0.0335 mask=0.0594 depth=0.0335
  Epoch 5 [160/220] loss=0.0329 mask=0.0597 depth=0.0329
  Epoch 5 [170/220] loss=0.0340 mask=0.0592 depth=0.0340
  Epoch 5 [180/220] loss=0.0333 mask=0.0585 depth=0.0333
  Epoch 5 [190/220] loss=0.0328 mask=0.0596 depth=0.0328
  Epoch 5 [200/220] loss=0.0328 mask=0.0599 depth=0.0328
  Epoch 5 [210/220] loss=0.0329 mask=0.0598 depth=0.0329
  Epoch 5 [220/220] loss=0.0333 mask=0.0603 depth=0.0333
  Train: loss=0.0333 mask=0.0603 depth=0.0333 time=160.1s
  Val epoch 5: loss=0.0935
  Saved best phase2 model (val_loss=0.0935)

=== Phase2 Epoch 6/49 ===
  Epoch 6 [10/220] loss=0.0410 mask=0.0639 depth=0.0410
  Epoch 6 [20/220] loss=0.0267 mask=0.0638 depth=0.0267
  Epoch 6 [30/220] loss=0.0235 mask=0.0605 depth=0.0235
  Epoch 6 [40/220] loss=0.0221 mask=0.0591 depth=0.0221
  Epoch 6 [50/220] loss=0.0213 mask=0.0610 depth=0.0213
  Epoch 6 [60/220] loss=0.0241 mask=0.0616 depth=0.0241
  Epoch 6 [70/220] loss=0.0240 mask=0.0668 depth=0.0240
  Epoch 6 [80/220] loss=0.0236 mask=0.0667 depth=0.0236
  Epoch 6 [90/220] loss=0.0232 mask=0.0657 depth=0.0232
  Epoch 6 [100/220] loss=0.0233 mask=0.0657 depth=0.0233
  Epoch 6 [110/220] loss=0.0233 mask=0.0644 depth=0.0233
  Epoch 6 [120/220] loss=0.0245 mask=0.0650 depth=0.0245
  Epoch 6 [130/220] loss=0.0248 mask=0.0641 depth=0.0248
  Epoch 6 [140/220] loss=0.0247 mask=0.0635 depth=0.0247
  Epoch 6 [150/220] loss=0.0251 mask=0.0634 depth=0.0251
  Epoch 6 [160/220] loss=0.0256 mask=0.0630 depth=0.0256
  Epoch 6 [170/220] loss=0.0259 mask=0.0627 depth=0.0259
  Epoch 6 [180/220] loss=0.0259 mask=0.0613 depth=0.0259
  Epoch 6 [190/220] loss=0.0265 mask=0.0615 depth=0.0265
  Epoch 6 [200/220] loss=0.0261 mask=0.0609 depth=0.0261
  Epoch 6 [210/220] loss=0.0279 mask=0.0601 depth=0.0279
  Epoch 6 [220/220] loss=0.0279 mask=0.0603 depth=0.0279
  Train: loss=0.0279 mask=0.0603 depth=0.0279 time=163.0s
  Val epoch 6: loss=0.0983

=== Phase2 Epoch 7/49 ===
  Epoch 7 [10/220] loss=0.0243 mask=0.0741 depth=0.0243
  Epoch 7 [20/220] loss=0.0156 mask=0.0624 depth=0.0156
  Epoch 7 [30/220] loss=0.0204 mask=0.0606 depth=0.0204
  Epoch 7 [40/220] loss=0.0182 mask=0.0593 depth=0.0182
  Epoch 7 [50/220] loss=0.0168 mask=0.0588 depth=0.0168
  Epoch 7 [60/220] loss=0.0195 mask=0.0582 depth=0.0195
  Epoch 7 [70/220] loss=0.0189 mask=0.0593 depth=0.0189
  Epoch 7 [80/220] loss=0.0192 mask=0.0599 depth=0.0192
  Epoch 7 [90/220] loss=0.0197 mask=0.0587 depth=0.0197
  Epoch 7 [100/220] loss=0.0211 mask=0.0593 depth=0.0211
  Epoch 7 [110/220] loss=0.0212 mask=0.0605 depth=0.0212
  Epoch 7 [120/220] loss=0.0210 mask=0.0626 depth=0.0210
  Epoch 7 [130/220] loss=0.0211 mask=0.0618 depth=0.0211
  Epoch 7 [140/220] loss=0.0217 mask=0.0628 depth=0.0217
  Epoch 7 [150/220] loss=0.0217 mask=0.0622 depth=0.0217
  Epoch 7 [160/220] loss=0.0213 mask=0.0617 depth=0.0213
  Epoch 7 [170/220] loss=0.0210 mask=0.0613 depth=0.0210
  Epoch 7 [180/220] loss=0.0206 mask=0.0609 depth=0.0206
  Epoch 7 [190/220] loss=0.0203 mask=0.0612 depth=0.0203
  Epoch 7 [200/220] loss=0.0205 mask=0.0610 depth=0.0205
  Epoch 7 [210/220] loss=0.0202 mask=0.0605 depth=0.0202
  Epoch 7 [220/220] loss=0.0201 mask=0.0600 depth=0.0201
  Train: loss=0.0201 mask=0.0600 depth=0.0201 time=163.4s
  Val epoch 7: loss=0.0839
  Saved best phase2 model (val_loss=0.0839)

=== Phase2 Epoch 8/49 ===
  Epoch 8 [10/220] loss=0.0131 mask=0.0524 depth=0.0131
  Epoch 8 [20/220] loss=0.0122 mask=0.0613 depth=0.0122
  Epoch 8 [30/220] loss=0.0118 mask=0.0592 depth=0.0118
  Epoch 8 [40/220] loss=0.0118 mask=0.0591 depth=0.0118
  Epoch 8 [50/220] loss=0.0128 mask=0.0580 depth=0.0128
  Epoch 8 [60/220] loss=0.0130 mask=0.0571 depth=0.0130
  Epoch 8 [70/220] loss=0.0127 mask=0.0579 depth=0.0127
  Epoch 8 [80/220] loss=0.0129 mask=0.0589 depth=0.0129
  Epoch 8 [90/220] loss=0.0131 mask=0.0579 depth=0.0131
  Epoch 8 [100/220] loss=0.0126 mask=0.0569 depth=0.0126
  Epoch 8 [110/220] loss=0.0124 mask=0.0572 depth=0.0124
  Epoch 8 [120/220] loss=0.0128 mask=0.0575 depth=0.0128
  Epoch 8 [130/220] loss=0.0134 mask=0.0587 depth=0.0134
  Epoch 8 [140/220] loss=0.0135 mask=0.0598 depth=0.0135
  Epoch 8 [150/220] loss=0.0136 mask=0.0598 depth=0.0136
  Epoch 8 [160/220] loss=0.0135 mask=0.0592 depth=0.0135
  Epoch 8 [170/220] loss=0.0133 mask=0.0602 depth=0.0133
  Epoch 8 [180/220] loss=0.0134 mask=0.0607 depth=0.0134
  Epoch 8 [190/220] loss=0.0136 mask=0.0607 depth=0.0136
  Epoch 8 [200/220] loss=0.0134 mask=0.0608 depth=0.0134
  Epoch 8 [210/220] loss=0.0134 mask=0.0606 depth=0.0134
  Epoch 8 [220/220] loss=0.0132 mask=0.0602 depth=0.0132
  Train: loss=0.0132 mask=0.0602 depth=0.0132 time=162.8s
  Val epoch 8: loss=0.0791
  Saved best phase2 model (val_loss=0.0791)

=== Phase2 Epoch 9/49 ===
  Epoch 9 [10/220] loss=0.0165 mask=0.0704 depth=0.0165
  Epoch 9 [20/220] loss=0.0137 mask=0.0654 depth=0.0137
  Epoch 9 [30/220] loss=0.0124 mask=0.0616 depth=0.0124
  Epoch 9 [40/220] loss=0.0128 mask=0.0605 depth=0.0128
  Epoch 9 [50/220] loss=0.0118 mask=0.0595 depth=0.0118
  Epoch 9 [60/220] loss=0.0115 mask=0.0591 depth=0.0115
  Epoch 9 [70/220] loss=0.0114 mask=0.0594 depth=0.0114
  Epoch 9 [80/220] loss=0.0112 mask=0.0607 depth=0.0112
  Epoch 9 [90/220] loss=0.0113 mask=0.0610 depth=0.0113
  Epoch 9 [100/220] loss=0.0120 mask=0.0602 depth=0.0120
  Epoch 9 [110/220] loss=0.0116 mask=0.0600 depth=0.0116
  Epoch 9 [120/220] loss=0.0119 mask=0.0598 depth=0.0119
  Epoch 9 [130/220] loss=0.0121 mask=0.0621 depth=0.0121
  Epoch 9 [140/220] loss=0.0118 mask=0.0616 depth=0.0118
  Epoch 9 [150/220] loss=0.0118 mask=0.0613 depth=0.0118
  Epoch 9 [160/220] loss=0.0115 mask=0.0619 depth=0.0115
  Epoch 9 [170/220] loss=0.0116 mask=0.0617 depth=0.0116
  Epoch 9 [180/220] loss=0.0119 mask=0.0618 depth=0.0119
  Epoch 9 [190/220] loss=0.0116 mask=0.0608 depth=0.0116
  Epoch 9 [200/220] loss=0.0115 mask=0.0605 depth=0.0115
  Epoch 9 [210/220] loss=0.0114 mask=0.0606 depth=0.0114
  Epoch 9 [220/220] loss=0.0113 mask=0.0602 depth=0.0113
  Train: loss=0.0113 mask=0.0602 depth=0.0113 time=161.3s
  Val epoch 9: loss=0.0729
  Saved best phase2 model (val_loss=0.0729)

=== Phase2 Epoch 10/49 ===
  Epoch 10 [10/220] loss=0.0048 mask=0.0486 depth=0.0048
  Epoch 10 [20/220] loss=0.0057 mask=0.0494 depth=0.0057
  Epoch 10 [30/220] loss=0.0057 mask=0.0525 depth=0.0057
  Epoch 10 [40/220] loss=0.0062 mask=0.0546 depth=0.0062
  Epoch 10 [50/220] loss=0.0060 mask=0.0557 depth=0.0060
  Epoch 10 [60/220] loss=0.0064 mask=0.0568 depth=0.0064
  Epoch 10 [70/220] loss=0.0063 mask=0.0567 depth=0.0063
  Epoch 10 [80/220] loss=0.0065 mask=0.0554 depth=0.0065
  Epoch 10 [90/220] loss=0.0064 mask=0.0565 depth=0.0064
  Epoch 10 [100/220] loss=0.0065 mask=0.0579 depth=0.0065
  Epoch 10 [110/220] loss=0.0064 mask=0.0577 depth=0.0064
  Epoch 10 [120/220] loss=0.0068 mask=0.0577 depth=0.0068
  Epoch 10 [130/220] loss=0.0069 mask=0.0575 depth=0.0069
  Epoch 10 [140/220] loss=0.0069 mask=0.0587 depth=0.0069
  Epoch 10 [150/220] loss=0.0069 mask=0.0595 depth=0.0069
  Epoch 10 [160/220] loss=0.0070 mask=0.0604 depth=0.0070
  Epoch 10 [170/220] loss=0.0069 mask=0.0598 depth=0.0069
  Epoch 10 [180/220] loss=0.0070 mask=0.0596 depth=0.0070
  Epoch 10 [190/220] loss=0.0070 mask=0.0601 depth=0.0070
  Epoch 10 [200/220] loss=0.0071 mask=0.0598 depth=0.0071
  Epoch 10 [210/220] loss=0.0071 mask=0.0597 depth=0.0071
  Epoch 10 [220/220] loss=0.0071 mask=0.0601 depth=0.0071
  Train: loss=0.0071 mask=0.0601 depth=0.0071 time=162.5s
  Val epoch 10: loss=0.0720
  Saved best phase2 model (val_loss=0.0720)

=== Phase2 Epoch 11/49 ===
  Epoch 11 [10/220] loss=0.0077 mask=0.0555 depth=0.0077
  Epoch 11 [20/220] loss=0.0061 mask=0.0543 depth=0.0061
  Epoch 11 [30/220] loss=0.0063 mask=0.0514 depth=0.0063
  Epoch 11 [40/220] loss=0.0064 mask=0.0517 depth=0.0064
  Epoch 11 [50/220] loss=0.0064 mask=0.0509 depth=0.0064
  Epoch 11 [60/220] loss=0.0060 mask=0.0511 depth=0.0060
  Epoch 11 [70/220] loss=0.0058 mask=0.0534 depth=0.0058
  Epoch 11 [80/220] loss=0.0060 mask=0.0536 depth=0.0060
  Epoch 11 [90/220] loss=0.0059 mask=0.0549 depth=0.0059
  Epoch 11 [100/220] loss=0.0057 mask=0.0575 depth=0.0057
  Epoch 11 [110/220] loss=0.0056 mask=0.0595 depth=0.0056
  Epoch 11 [120/220] loss=0.0056 mask=0.0592 depth=0.0056
  Epoch 11 [130/220] loss=0.0055 mask=0.0608 depth=0.0055
  Epoch 11 [140/220] loss=0.0056 mask=0.0609 depth=0.0056
  Epoch 11 [150/220] loss=0.0055 mask=0.0601 depth=0.0055
  Epoch 11 [160/220] loss=0.0055 mask=0.0595 depth=0.0055
  Epoch 11 [170/220] loss=0.0055 mask=0.0598 depth=0.0055
  Epoch 11 [180/220] loss=0.0057 mask=0.0602 depth=0.0057
  Epoch 11 [190/220] loss=0.0056 mask=0.0604 depth=0.0056
  Epoch 11 [200/220] loss=0.0058 mask=0.0598 depth=0.0058
  Epoch 11 [210/220] loss=0.0060 mask=0.0598 depth=0.0060
  Epoch 11 [220/220] loss=0.0061 mask=0.0600 depth=0.0061
  Train: loss=0.0061 mask=0.0600 depth=0.0061 time=162.8s
  Val epoch 11: loss=0.0738

=== Phase2 Epoch 12/49 ===
  Epoch 12 [10/220] loss=0.0048 mask=0.0557 depth=0.0048
  Epoch 12 [20/220] loss=0.0059 mask=0.0528 depth=0.0059
  Epoch 12 [30/220] loss=0.0051 mask=0.0561 depth=0.0051
  Epoch 12 [40/220] loss=0.0051 mask=0.0576 depth=0.0051
  Epoch 12 [50/220] loss=0.0048 mask=0.0554 depth=0.0048
  Epoch 12 [60/220] loss=0.0048 mask=0.0570 depth=0.0048
  Epoch 12 [70/220] loss=0.0049 mask=0.0582 depth=0.0049
  Epoch 12 [80/220] loss=0.0046 mask=0.0593 depth=0.0046
  Epoch 12 [90/220] loss=0.0047 mask=0.0581 depth=0.0047
  Epoch 12 [100/220] loss=0.0049 mask=0.0591 depth=0.0049
  Epoch 12 [110/220] loss=0.0049 mask=0.0591 depth=0.0049
  Epoch 12 [120/220] loss=0.0049 mask=0.0609 depth=0.0049
  Epoch 12 [130/220] loss=0.0048 mask=0.0612 depth=0.0048
  Epoch 12 [140/220] loss=0.0047 mask=0.0607 depth=0.0047
  Epoch 12 [150/220] loss=0.0048 mask=0.0612 depth=0.0048
  Epoch 12 [160/220] loss=0.0050 mask=0.0611 depth=0.0050
  Epoch 12 [170/220] loss=0.0050 mask=0.0605 depth=0.0050
  Epoch 12 [180/220] loss=0.0049 mask=0.0607 depth=0.0049
  Epoch 12 [190/220] loss=0.0049 mask=0.0600 depth=0.0049
  Epoch 12 [200/220] loss=0.0048 mask=0.0601 depth=0.0048
  Epoch 12 [210/220] loss=0.0049 mask=0.0603 depth=0.0049
  Epoch 12 [220/220] loss=0.0048 mask=0.0601 depth=0.0048
  Train: loss=0.0048 mask=0.0601 depth=0.0048 time=162.4s
  Val epoch 12: loss=0.0693
  Saved best phase2 model (val_loss=0.0693)

=== Phase2 Epoch 13/49 ===
  Epoch 13 [10/220] loss=0.0044 mask=0.0587 depth=0.0044
  Epoch 13 [20/220] loss=0.0043 mask=0.0583 depth=0.0043
  Epoch 13 [30/220] loss=0.0048 mask=0.0583 depth=0.0048
  Epoch 13 [40/220] loss=0.0047 mask=0.0603 depth=0.0047
  Epoch 13 [50/220] loss=0.0045 mask=0.0577 depth=0.0045
  Epoch 13 [60/220] loss=0.0043 mask=0.0600 depth=0.0043
  Epoch 13 [70/220] loss=0.0046 mask=0.0587 depth=0.0046
  Epoch 13 [80/220] loss=0.0046 mask=0.0578 depth=0.0046
  Epoch 13 [90/220] loss=0.0046 mask=0.0600 depth=0.0046
  Epoch 13 [100/220] loss=0.0046 mask=0.0600 depth=0.0046
  Epoch 13 [110/220] loss=0.0046 mask=0.0595 depth=0.0046
  Epoch 13 [120/220] loss=0.0047 mask=0.0588 depth=0.0047
  Epoch 13 [130/220] loss=0.0046 mask=0.0586 depth=0.0046
  Epoch 13 [140/220] loss=0.0046 mask=0.0581 depth=0.0046
  Epoch 13 [150/220] loss=0.0045 mask=0.0596 depth=0.0045
  Epoch 13 [160/220] loss=0.0044 mask=0.0593 depth=0.0044
  Epoch 13 [170/220] loss=0.0044 mask=0.0593 depth=0.0044
  Epoch 13 [180/220] loss=0.0043 mask=0.0601 depth=0.0043
  Epoch 13 [190/220] loss=0.0043 mask=0.0597 depth=0.0043
  Epoch 13 [200/220] loss=0.0043 mask=0.0594 depth=0.0043
  Epoch 13 [210/220] loss=0.0044 mask=0.0595 depth=0.0044
  Epoch 13 [220/220] loss=0.0043 mask=0.0602 depth=0.0043
  Train: loss=0.0043 mask=0.0602 depth=0.0043 time=161.8s
  Val epoch 13: loss=0.0713

=== Phase2 Epoch 14/49 ===
  Epoch 14 [10/220] loss=0.0035 mask=0.0592 depth=0.0035
  Epoch 14 [20/220] loss=0.0029 mask=0.0554 depth=0.0029
  Epoch 14 [30/220] loss=0.0027 mask=0.0561 depth=0.0027
  Epoch 14 [40/220] loss=0.0026 mask=0.0553 depth=0.0026
  Epoch 14 [50/220] loss=0.0024 mask=0.0591 depth=0.0024
  Epoch 14 [60/220] loss=0.0026 mask=0.0589 depth=0.0026
  Epoch 14 [70/220] loss=0.0030 mask=0.0586 depth=0.0030
  Epoch 14 [80/220] loss=0.0030 mask=0.0599 depth=0.0030
  Epoch 14 [90/220] loss=0.0031 mask=0.0599 depth=0.0031
  Epoch 14 [100/220] loss=0.0032 mask=0.0600 depth=0.0032
  Epoch 14 [110/220] loss=0.0032 mask=0.0593 depth=0.0032
  Epoch 14 [120/220] loss=0.0032 mask=0.0593 depth=0.0032
  Epoch 14 [130/220] loss=0.0033 mask=0.0610 depth=0.0033
  Epoch 14 [140/220] loss=0.0034 mask=0.0606 depth=0.0034
  Epoch 14 [150/220] loss=0.0034 mask=0.0603 depth=0.0034
  Epoch 14 [160/220] loss=0.0035 mask=0.0615 depth=0.0035
  Epoch 14 [170/220] loss=0.0035 mask=0.0604 depth=0.0035
  Epoch 14 [180/220] loss=0.0037 mask=0.0610 depth=0.0037
  Epoch 14 [190/220] loss=0.0039 mask=0.0607 depth=0.0039
  Epoch 14 [200/220] loss=0.0038 mask=0.0604 depth=0.0038
  Epoch 14 [210/220] loss=0.0039 mask=0.0602 depth=0.0039
  Epoch 14 [220/220] loss=0.0039 mask=0.0601 depth=0.0039
  Train: loss=0.0039 mask=0.0601 depth=0.0039 time=162.8s
  Val epoch 14: loss=0.0718

=== Phase2 Epoch 15/49 ===
  Epoch 15 [10/220] loss=0.0020 mask=0.0576 depth=0.0020
  Epoch 15 [20/220] loss=0.0035 mask=0.0624 depth=0.0035
  Epoch 15 [30/220] loss=0.0039 mask=0.0634 depth=0.0039
  Epoch 15 [40/220] loss=0.0037 mask=0.0662 depth=0.0037
  Epoch 15 [50/220] loss=0.0035 mask=0.0634 depth=0.0035
  Epoch 15 [60/220] loss=0.0034 mask=0.0613 depth=0.0034
  Epoch 15 [70/220] loss=0.0035 mask=0.0609 depth=0.0035
  Epoch 15 [80/220] loss=0.0034 mask=0.0618 depth=0.0034
  Epoch 15 [90/220] loss=0.0033 mask=0.0617 depth=0.0033
  Epoch 15 [100/220] loss=0.0036 mask=0.0611 depth=0.0036
  Epoch 15 [110/220] loss=0.0036 mask=0.0613 depth=0.0036
  Epoch 15 [120/220] loss=0.0036 mask=0.0625 depth=0.0036
  Epoch 15 [130/220] loss=0.0037 mask=0.0621 depth=0.0037
  Epoch 15 [140/220] loss=0.0037 mask=0.0614 depth=0.0037
  Epoch 15 [150/220] loss=0.0037 mask=0.0613 depth=0.0037
  Epoch 15 [160/220] loss=0.0037 mask=0.0608 depth=0.0037
  Epoch 15 [170/220] loss=0.0037 mask=0.0603 depth=0.0037
  Epoch 15 [180/220] loss=0.0036 mask=0.0608 depth=0.0036
  Epoch 15 [190/220] loss=0.0036 mask=0.0610 depth=0.0036
  Epoch 15 [200/220] loss=0.0036 mask=0.0605 depth=0.0036
  Epoch 15 [210/220] loss=0.0036 mask=0.0605 depth=0.0036
  Epoch 15 [220/220] loss=0.0037 mask=0.0600 depth=0.0037
  Train: loss=0.0037 mask=0.0600 depth=0.0037 time=168.2s
  Val epoch 15: loss=0.0718

=== Phase2 Epoch 16/49 ===
  Epoch 16 [10/220] loss=0.0017 mask=0.0651 depth=0.0017
  Epoch 16 [20/220] loss=0.0025 mask=0.0717 depth=0.0025
  Epoch 16 [30/220] loss=0.0029 mask=0.0680 depth=0.0029
  Epoch 16 [40/220] loss=0.0026 mask=0.0683 depth=0.0026
  Epoch 16 [50/220] loss=0.0029 mask=0.0668 depth=0.0029
  Epoch 16 [60/220] loss=0.0032 mask=0.0665 depth=0.0032
  Epoch 16 [70/220] loss=0.0033 mask=0.0651 depth=0.0033
  Epoch 16 [80/220] loss=0.0036 mask=0.0659 depth=0.0036
  Epoch 16 [90/220] loss=0.0036 mask=0.0666 depth=0.0036
  Epoch 16 [100/220] loss=0.0036 mask=0.0663 depth=0.0036
  Epoch 16 [110/220] loss=0.0034 mask=0.0646 depth=0.0034
  Epoch 16 [120/220] loss=0.0033 mask=0.0639 depth=0.0033
  Epoch 16 [130/220] loss=0.0034 mask=0.0631 depth=0.0034
  Epoch 16 [140/220] loss=0.0034 mask=0.0627 depth=0.0034
  Epoch 16 [150/220] loss=0.0034 mask=0.0616 depth=0.0034
  Epoch 16 [160/220] loss=0.0035 mask=0.0612 depth=0.0035
  Epoch 16 [170/220] loss=0.0035 mask=0.0609 depth=0.0035
  Epoch 16 [180/220] loss=0.0035 mask=0.0605 depth=0.0035
  Epoch 16 [190/220] loss=0.0034 mask=0.0601 depth=0.0034
  Epoch 16 [200/220] loss=0.0034 mask=0.0600 depth=0.0034
  Epoch 16 [210/220] loss=0.0035 mask=0.0599 depth=0.0035
  Epoch 16 [220/220] loss=0.0035 mask=0.0600 depth=0.0035
  Train: loss=0.0035 mask=0.0600 depth=0.0035 time=167.3s
  Val epoch 16: loss=0.0704

=== Phase2 Epoch 17/49 ===
  Epoch 17 [10/220] loss=0.0029 mask=0.0749 depth=0.0029
  Epoch 17 [20/220] loss=0.0024 mask=0.0653 depth=0.0024
  Epoch 17 [30/220] loss=0.0029 mask=0.0595 depth=0.0029
  Epoch 17 [40/220] loss=0.0027 mask=0.0575 depth=0.0027
  Epoch 17 [50/220] loss=0.0025 mask=0.0574 depth=0.0025
  Epoch 17 [60/220] loss=0.0025 mask=0.0627 depth=0.0025
  Epoch 17 [70/220] loss=0.0026 mask=0.0615 depth=0.0026
  Epoch 17 [80/220] loss=0.0028 mask=0.0617 depth=0.0028
  Epoch 17 [90/220] loss=0.0028 mask=0.0597 depth=0.0028
  Epoch 17 [100/220] loss=0.0027 mask=0.0586 depth=0.0027
  Epoch 17 [110/220] loss=0.0027 mask=0.0603 depth=0.0027
  Epoch 17 [120/220] loss=0.0026 mask=0.0598 depth=0.0026
  Epoch 17 [130/220] loss=0.0028 mask=0.0606 depth=0.0028
  Epoch 17 [140/220] loss=0.0028 mask=0.0610 depth=0.0028
  Epoch 17 [150/220] loss=0.0028 mask=0.0603 depth=0.0028
  Epoch 17 [160/220] loss=0.0027 mask=0.0598 depth=0.0027
  Epoch 17 [170/220] loss=0.0028 mask=0.0598 depth=0.0028
  Epoch 17 [180/220] loss=0.0027 mask=0.0598 depth=0.0027
  Epoch 17 [190/220] loss=0.0029 mask=0.0595 depth=0.0029
  Epoch 17 [200/220] loss=0.0029 mask=0.0602 depth=0.0029
  Epoch 17 [210/220] loss=0.0031 mask=0.0599 depth=0.0031
  Epoch 17 [220/220] loss=0.0031 mask=0.0602 depth=0.0031
  Train: loss=0.0031 mask=0.0602 depth=0.0031 time=167.5s
  Val epoch 17: loss=0.0720

=== Phase2 Epoch 18/49 ===
  Epoch 18 [10/220] loss=0.0042 mask=0.0505 depth=0.0042
  Epoch 18 [20/220] loss=0.0034 mask=0.0547 depth=0.0034
  Epoch 18 [30/220] loss=0.0037 mask=0.0555 depth=0.0037
  Epoch 18 [40/220] loss=0.0032 mask=0.0589 depth=0.0032
  Epoch 18 [50/220] loss=0.0031 mask=0.0581 depth=0.0031
  Epoch 18 [60/220] loss=0.0031 mask=0.0563 depth=0.0031
  Epoch 18 [70/220] loss=0.0029 mask=0.0570 depth=0.0029
  Epoch 18 [80/220] loss=0.0027 mask=0.0560 depth=0.0027
  Epoch 18 [90/220] loss=0.0029 mask=0.0550 depth=0.0029
  Epoch 18 [100/220] loss=0.0029 mask=0.0567 depth=0.0029
  Epoch 18 [110/220] loss=0.0030 mask=0.0567 depth=0.0030
  Epoch 18 [120/220] loss=0.0031 mask=0.0568 depth=0.0031
  Epoch 18 [130/220] loss=0.0031 mask=0.0571 depth=0.0031
  Epoch 18 [140/220] loss=0.0031 mask=0.0577 depth=0.0031
  Epoch 18 [150/220] loss=0.0031 mask=0.0572 depth=0.0031
  Epoch 18 [160/220] loss=0.0031 mask=0.0588 depth=0.0031
  Epoch 18 [170/220] loss=0.0031 mask=0.0592 depth=0.0031
  Epoch 18 [180/220] loss=0.0031 mask=0.0599 depth=0.0031
  Epoch 18 [190/220] loss=0.0031 mask=0.0603 depth=0.0031
  Epoch 18 [200/220] loss=0.0031 mask=0.0604 depth=0.0031
  Epoch 18 [210/220] loss=0.0031 mask=0.0603 depth=0.0031
  Epoch 18 [220/220] loss=0.0031 mask=0.0600 depth=0.0031
  Train: loss=0.0031 mask=0.0600 depth=0.0031 time=166.8s
  Val epoch 18: loss=0.0715

=== Phase2 Epoch 19/49 ===
  Epoch 19 [10/220] loss=0.0024 mask=0.0814 depth=0.0024
  Epoch 19 [20/220] loss=0.0022 mask=0.0687 depth=0.0022
  Epoch 19 [30/220] loss=0.0031 mask=0.0636 depth=0.0031
  Epoch 19 [40/220] loss=0.0030 mask=0.0626 depth=0.0030
  Epoch 19 [50/220] loss=0.0028 mask=0.0599 depth=0.0028
  Epoch 19 [60/220] loss=0.0029 mask=0.0594 depth=0.0029
  Epoch 19 [70/220] loss=0.0028 mask=0.0586 depth=0.0028
  Epoch 19 [80/220] loss=0.0029 mask=0.0593 depth=0.0029
  Epoch 19 [90/220] loss=0.0027 mask=0.0584 depth=0.0027
  Epoch 19 [100/220] loss=0.0026 mask=0.0592 depth=0.0026
  Epoch 19 [110/220] loss=0.0026 mask=0.0583 depth=0.0026
  Epoch 19 [120/220] loss=0.0026 mask=0.0582 depth=0.0026
  Epoch 19 [130/220] loss=0.0026 mask=0.0582 depth=0.0026
  Epoch 19 [140/220] loss=0.0027 mask=0.0584 depth=0.0027
  Epoch 19 [150/220] loss=0.0027 mask=0.0582 depth=0.0027
  Epoch 19 [160/220] loss=0.0026 mask=0.0593 depth=0.0026
  Epoch 19 [170/220] loss=0.0026 mask=0.0597 depth=0.0026
  Epoch 19 [180/220] loss=0.0026 mask=0.0592 depth=0.0026
  Epoch 19 [190/220] loss=0.0026 mask=0.0589 depth=0.0026
  Epoch 19 [200/220] loss=0.0026 mask=0.0605 depth=0.0026
  Epoch 19 [210/220] loss=0.0026 mask=0.0602 depth=0.0026
  Epoch 19 [220/220] loss=0.0026 mask=0.0601 depth=0.0026
  Train: loss=0.0026 mask=0.0601 depth=0.0026 time=163.2s
  Val epoch 19: loss=0.0756

=== Phase2 Epoch 20/49 ===
  Epoch 20 [10/220] loss=0.0029 mask=0.0509 depth=0.0029
  Epoch 20 [20/220] loss=0.0027 mask=0.0580 depth=0.0027
  Epoch 20 [30/220] loss=0.0025 mask=0.0590 depth=0.0025
  Epoch 20 [40/220] loss=0.0021 mask=0.0570 depth=0.0021
  Epoch 20 [50/220] loss=0.0022 mask=0.0559 depth=0.0022
  Epoch 20 [60/220] loss=0.0020 mask=0.0568 depth=0.0020
  Epoch 20 [70/220] loss=0.0023 mask=0.0581 depth=0.0023
  Epoch 20 [80/220] loss=0.0023 mask=0.0581 depth=0.0023
  Epoch 20 [90/220] loss=0.0024 mask=0.0583 depth=0.0024
  Epoch 20 [100/220] loss=0.0024 mask=0.0604 depth=0.0024
  Epoch 20 [110/220] loss=0.0024 mask=0.0616 depth=0.0024
  Epoch 20 [120/220] loss=0.0024 mask=0.0609 depth=0.0024
  Epoch 20 [130/220] loss=0.0023 mask=0.0602 depth=0.0023
  Epoch 20 [140/220] loss=0.0023 mask=0.0599 depth=0.0023
  Epoch 20 [150/220] loss=0.0023 mask=0.0605 depth=0.0023
  Epoch 20 [160/220] loss=0.0022 mask=0.0603 depth=0.0022
  Epoch 20 [170/220] loss=0.0024 mask=0.0599 depth=0.0024
  Epoch 20 [180/220] loss=0.0025 mask=0.0594 depth=0.0025
  Epoch 20 [190/220] loss=0.0024 mask=0.0596 depth=0.0024
  Epoch 20 [200/220] loss=0.0024 mask=0.0593 depth=0.0024
  Epoch 20 [210/220] loss=0.0024 mask=0.0600 depth=0.0024
  Epoch 20 [220/220] loss=0.0024 mask=0.0604 depth=0.0024
  Train: loss=0.0024 mask=0.0604 depth=0.0024 time=166.1s
  Val epoch 20: loss=0.0684
  Saved best phase2 model (val_loss=0.0684)

=== Phase2 Epoch 21/49 ===
  Epoch 21 [10/220] loss=0.0013 mask=0.0702 depth=0.0013
  Epoch 21 [20/220] loss=0.0013 mask=0.0649 depth=0.0013
  Epoch 21 [30/220] loss=0.0015 mask=0.0608 depth=0.0015
  Epoch 21 [40/220] loss=0.0015 mask=0.0623 depth=0.0015
  Epoch 21 [50/220] loss=0.0016 mask=0.0604 depth=0.0016
  Epoch 21 [60/220] loss=0.0016 mask=0.0608 depth=0.0016
  Epoch 21 [70/220] loss=0.0017 mask=0.0620 depth=0.0017
  Epoch 21 [80/220] loss=0.0017 mask=0.0611 depth=0.0017
  Epoch 21 [90/220] loss=0.0017 mask=0.0615 depth=0.0017
  Epoch 21 [100/220] loss=0.0017 mask=0.0608 depth=0.0017
  Epoch 21 [110/220] loss=0.0017 mask=0.0596 depth=0.0017
  Epoch 21 [120/220] loss=0.0018 mask=0.0595 depth=0.0018
  Epoch 21 [130/220] loss=0.0018 mask=0.0588 depth=0.0018
  Epoch 21 [140/220] loss=0.0018 mask=0.0592 depth=0.0018
  Epoch 21 [150/220] loss=0.0018 mask=0.0596 depth=0.0018
  Epoch 21 [160/220] loss=0.0018 mask=0.0601 depth=0.0018
  Epoch 21 [170/220] loss=0.0019 mask=0.0596 depth=0.0019
  Epoch 21 [180/220] loss=0.0019 mask=0.0599 depth=0.0019
  Epoch 21 [190/220] loss=0.0019 mask=0.0612 depth=0.0019
  Epoch 21 [200/220] loss=0.0019 mask=0.0607 depth=0.0019
  Epoch 21 [210/220] loss=0.0020 mask=0.0606 depth=0.0020
  Epoch 21 [220/220] loss=0.0020 mask=0.0600 depth=0.0020
  Train: loss=0.0020 mask=0.0600 depth=0.0020 time=167.7s
  Val epoch 21: loss=0.0706

=== Phase2 Epoch 22/49 ===
  Epoch 22 [10/220] loss=0.0023 mask=0.0734 depth=0.0023
  Epoch 22 [20/220] loss=0.0021 mask=0.0636 depth=0.0021
  Epoch 22 [30/220] loss=0.0021 mask=0.0637 depth=0.0021
  Epoch 22 [40/220] loss=0.0017 mask=0.0607 depth=0.0017
  Epoch 22 [50/220] loss=0.0016 mask=0.0631 depth=0.0016
  Epoch 22 [60/220] loss=0.0017 mask=0.0606 depth=0.0017
  Epoch 22 [70/220] loss=0.0018 mask=0.0618 depth=0.0018
  Epoch 22 [80/220] loss=0.0018 mask=0.0618 depth=0.0018
  Epoch 22 [90/220] loss=0.0018 mask=0.0598 depth=0.0018
  Epoch 22 [100/220] loss=0.0018 mask=0.0599 depth=0.0018
  Epoch 22 [110/220] loss=0.0018 mask=0.0596 depth=0.0018
  Epoch 22 [120/220] loss=0.0017 mask=0.0585 depth=0.0017
  Epoch 22 [130/220] loss=0.0018 mask=0.0582 depth=0.0018
  Epoch 22 [140/220] loss=0.0018 mask=0.0581 depth=0.0018
  Epoch 22 [150/220] loss=0.0017 mask=0.0582 depth=0.0017
  Epoch 22 [160/220] loss=0.0018 mask=0.0586 depth=0.0018
  Epoch 22 [170/220] loss=0.0018 mask=0.0594 depth=0.0018
  Epoch 22 [180/220] loss=0.0017 mask=0.0592 depth=0.0017
  Epoch 22 [190/220] loss=0.0017 mask=0.0599 depth=0.0017
  Epoch 22 [200/220] loss=0.0017 mask=0.0596 depth=0.0017
  Epoch 22 [210/220] loss=0.0017 mask=0.0597 depth=0.0017
  Epoch 22 [220/220] loss=0.0017 mask=0.0601 depth=0.0017
  Train: loss=0.0017 mask=0.0601 depth=0.0017 time=167.5s
  Val epoch 22: loss=0.0695

=== Phase2 Epoch 23/49 ===
  Epoch 23 [10/220] loss=0.0010 mask=0.0735 depth=0.0010
  Epoch 23 [20/220] loss=0.0011 mask=0.0674 depth=0.0011
  Epoch 23 [30/220] loss=0.0013 mask=0.0699 depth=0.0013
  Epoch 23 [40/220] loss=0.0013 mask=0.0675 depth=0.0013
  Epoch 23 [50/220] loss=0.0013 mask=0.0657 depth=0.0013
  Epoch 23 [60/220] loss=0.0013 mask=0.0640 depth=0.0013
  Epoch 23 [70/220] loss=0.0013 mask=0.0618 depth=0.0013
  Epoch 23 [80/220] loss=0.0013 mask=0.0629 depth=0.0013
  Epoch 23 [90/220] loss=0.0015 mask=0.0657 depth=0.0015
  Epoch 23 [100/220] loss=0.0015 mask=0.0640 depth=0.0015
  Epoch 23 [110/220] loss=0.0015 mask=0.0651 depth=0.0015
  Epoch 23 [120/220] loss=0.0015 mask=0.0641 depth=0.0015
  Epoch 23 [130/220] loss=0.0015 mask=0.0631 depth=0.0015
  Epoch 23 [140/220] loss=0.0015 mask=0.0626 depth=0.0015
  Epoch 23 [150/220] loss=0.0015 mask=0.0617 depth=0.0015
  Epoch 23 [160/220] loss=0.0015 mask=0.0613 depth=0.0015
  Epoch 23 [170/220] loss=0.0015 mask=0.0613 depth=0.0015
  Epoch 23 [180/220] loss=0.0015 mask=0.0615 depth=0.0015
  Epoch 23 [190/220] loss=0.0015 mask=0.0605 depth=0.0015
  Epoch 23 [200/220] loss=0.0015 mask=0.0607 depth=0.0015
  Epoch 23 [210/220] loss=0.0015 mask=0.0600 depth=0.0015
  Epoch 23 [220/220] loss=0.0015 mask=0.0600 depth=0.0015
  Train: loss=0.0015 mask=0.0600 depth=0.0015 time=167.6s
  Val epoch 23: loss=0.0682
  Saved best phase2 model (val_loss=0.0682)

=== Phase2 Epoch 24/49 ===
  Epoch 24 [10/220] loss=0.0009 mask=0.0583 depth=0.0009
  Epoch 24 [20/220] loss=0.0009 mask=0.0514 depth=0.0009
  Epoch 24 [30/220] loss=0.0010 mask=0.0531 depth=0.0010
  Epoch 24 [40/220] loss=0.0010 mask=0.0511 depth=0.0010
  Epoch 24 [50/220] loss=0.0010 mask=0.0562 depth=0.0010
  Epoch 24 [60/220] loss=0.0011 mask=0.0571 depth=0.0011
  Epoch 24 [70/220] loss=0.0012 mask=0.0604 depth=0.0012
  Epoch 24 [80/220] loss=0.0012 mask=0.0610 depth=0.0012
  Epoch 24 [90/220] loss=0.0013 mask=0.0601 depth=0.0013
  Epoch 24 [100/220] loss=0.0013 mask=0.0596 depth=0.0013
  Epoch 24 [110/220] loss=0.0013 mask=0.0612 depth=0.0013
  Epoch 24 [120/220] loss=0.0013 mask=0.0602 depth=0.0013
  Epoch 24 [130/220] loss=0.0014 mask=0.0602 depth=0.0014
  Epoch 24 [140/220] loss=0.0014 mask=0.0602 depth=0.0014
  Epoch 24 [150/220] loss=0.0014 mask=0.0604 depth=0.0014
  Epoch 24 [160/220] loss=0.0014 mask=0.0605 depth=0.0014
  Epoch 24 [170/220] loss=0.0013 mask=0.0596 depth=0.0013
  Epoch 24 [180/220] loss=0.0014 mask=0.0601 depth=0.0014
  Epoch 24 [190/220] loss=0.0014 mask=0.0607 depth=0.0014
  Epoch 24 [200/220] loss=0.0013 mask=0.0602 depth=0.0013
  Epoch 24 [210/220] loss=0.0014 mask=0.0600 depth=0.0014
  Epoch 24 [220/220] loss=0.0014 mask=0.0602 depth=0.0014
  Train: loss=0.0014 mask=0.0602 depth=0.0014 time=164.9s
  Val epoch 24: loss=0.0696

=== Phase2 Epoch 25/49 ===
  Epoch 25 [10/220] loss=0.0014 mask=0.0592 depth=0.0014
  Epoch 25 [20/220] loss=0.0013 mask=0.0568 depth=0.0013
  Epoch 25 [30/220] loss=0.0013 mask=0.0598 depth=0.0013
  Epoch 25 [40/220] loss=0.0012 mask=0.0589 depth=0.0012
  Epoch 25 [50/220] loss=0.0013 mask=0.0589 depth=0.0013
  Epoch 25 [60/220] loss=0.0014 mask=0.0578 depth=0.0014
  Epoch 25 [70/220] loss=0.0013 mask=0.0598 depth=0.0013
  Epoch 25 [80/220] loss=0.0013 mask=0.0591 depth=0.0013
  Epoch 25 [90/220] loss=0.0013 mask=0.0578 depth=0.0013
  Epoch 25 [100/220] loss=0.0013 mask=0.0583 depth=0.0013
  Epoch 25 [110/220] loss=0.0013 mask=0.0583 depth=0.0013
  Epoch 25 [120/220] loss=0.0013 mask=0.0582 depth=0.0013
  Epoch 25 [130/220] loss=0.0013 mask=0.0572 depth=0.0013
  Epoch 25 [140/220] loss=0.0013 mask=0.0586 depth=0.0013
  Epoch 25 [150/220] loss=0.0013 mask=0.0584 depth=0.0013
  Epoch 25 [160/220] loss=0.0013 mask=0.0585 depth=0.0013
  Epoch 25 [170/220] loss=0.0013 mask=0.0591 depth=0.0013
  Epoch 25 [180/220] loss=0.0014 mask=0.0595 depth=0.0014
  Epoch 25 [190/220] loss=0.0014 mask=0.0600 depth=0.0014
  Epoch 25 [200/220] loss=0.0014 mask=0.0597 depth=0.0014
  Epoch 25 [210/220] loss=0.0014 mask=0.0604 depth=0.0014
  Epoch 25 [220/220] loss=0.0014 mask=0.0601 depth=0.0014
  Train: loss=0.0014 mask=0.0601 depth=0.0014 time=167.6s
  Val epoch 25: loss=0.0662
  Saved best phase2 model (val_loss=0.0662)

=== Phase2 Epoch 26/49 ===
  Epoch 26 [10/220] loss=0.0018 mask=0.0519 depth=0.0018
  Epoch 26 [20/220] loss=0.0018 mask=0.0518 depth=0.0018
  Epoch 26 [30/220] loss=0.0017 mask=0.0592 depth=0.0017
  Epoch 26 [40/220] loss=0.0017 mask=0.0575 depth=0.0017
  Epoch 26 [50/220] loss=0.0015 mask=0.0583 depth=0.0015
  Epoch 26 [60/220] loss=0.0015 mask=0.0575 depth=0.0015
  Epoch 26 [70/220] loss=0.0015 mask=0.0581 depth=0.0015
  Epoch 26 [80/220] loss=0.0014 mask=0.0583 depth=0.0014
  Epoch 26 [90/220] loss=0.0014 mask=0.0583 depth=0.0014
  Epoch 26 [100/220] loss=0.0014 mask=0.0597 depth=0.0014
  Epoch 26 [110/220] loss=0.0014 mask=0.0601 depth=0.0014
  Epoch 26 [120/220] loss=0.0014 mask=0.0604 depth=0.0014
  Epoch 26 [130/220] loss=0.0014 mask=0.0596 depth=0.0014
  Epoch 26 [140/220] loss=0.0014 mask=0.0605 depth=0.0014
  Epoch 26 [150/220] loss=0.0014 mask=0.0602 depth=0.0014
  Epoch 26 [160/220] loss=0.0014 mask=0.0607 depth=0.0014
  Epoch 26 [170/220] loss=0.0014 mask=0.0614 depth=0.0014
  Epoch 26 [180/220] loss=0.0014 mask=0.0608 depth=0.0014
  Epoch 26 [190/220] loss=0.0013 mask=0.0601 depth=0.0013
  Epoch 26 [200/220] loss=0.0014 mask=0.0605 depth=0.0014
  Epoch 26 [210/220] loss=0.0014 mask=0.0601 depth=0.0014
  Epoch 26 [220/220] loss=0.0014 mask=0.0602 depth=0.0014
  Train: loss=0.0014 mask=0.0602 depth=0.0014 time=167.0s
  Val epoch 26: loss=0.0687

=== Phase2 Epoch 27/49 ===
  Epoch 27 [10/220] loss=0.0013 mask=0.0519 depth=0.0013
  Epoch 27 [20/220] loss=0.0015 mask=0.0621 depth=0.0015
  Epoch 27 [30/220] loss=0.0014 mask=0.0618 depth=0.0014
  Epoch 27 [40/220] loss=0.0013 mask=0.0620 depth=0.0013
  Epoch 27 [50/220] loss=0.0012 mask=0.0599 depth=0.0012
  Epoch 27 [60/220] loss=0.0013 mask=0.0622 depth=0.0013
  Epoch 27 [70/220] loss=0.0013 mask=0.0617 depth=0.0013
  Epoch 27 [80/220] loss=0.0013 mask=0.0633 depth=0.0013
  Epoch 27 [90/220] loss=0.0013 mask=0.0619 depth=0.0013
  Epoch 27 [100/220] loss=0.0013 mask=0.0613 depth=0.0013
  Epoch 27 [110/220] loss=0.0013 mask=0.0612 depth=0.0013
  Epoch 27 [120/220] loss=0.0012 mask=0.0600 depth=0.0012
  Epoch 27 [130/220] loss=0.0013 mask=0.0592 depth=0.0013
  Epoch 27 [140/220] loss=0.0013 mask=0.0590 depth=0.0013
  Epoch 27 [150/220] loss=0.0013 mask=0.0586 depth=0.0013
  Epoch 27 [160/220] loss=0.0013 mask=0.0594 depth=0.0013
  Epoch 27 [170/220] loss=0.0013 mask=0.0599 depth=0.0013
  Epoch 27 [180/220] loss=0.0013 mask=0.0596 depth=0.0013
  Epoch 27 [190/220] loss=0.0013 mask=0.0593 depth=0.0013
  Epoch 27 [200/220] loss=0.0013 mask=0.0593 depth=0.0013
  Epoch 27 [210/220] loss=0.0013 mask=0.0598 depth=0.0013
  Epoch 27 [220/220] loss=0.0013 mask=0.0602 depth=0.0013
  Train: loss=0.0013 mask=0.0602 depth=0.0013 time=167.6s
  Val epoch 27: loss=0.0681

=== Phase2 Epoch 28/49 ===
  Epoch 28 [10/220] loss=0.0014 mask=0.0677 depth=0.0014
  Epoch 28 [20/220] loss=0.0013 mask=0.0579 depth=0.0013
  Epoch 28 [30/220] loss=0.0013 mask=0.0570 depth=0.0013
  Epoch 28 [40/220] loss=0.0012 mask=0.0617 depth=0.0012
  Epoch 28 [50/220] loss=0.0012 mask=0.0604 depth=0.0012
  Epoch 28 [60/220] loss=0.0012 mask=0.0595 depth=0.0012
  Epoch 28 [70/220] loss=0.0012 mask=0.0585 depth=0.0012
  Epoch 28 [80/220] loss=0.0012 mask=0.0585 depth=0.0012
  Epoch 28 [90/220] loss=0.0012 mask=0.0582 depth=0.0012
  Epoch 28 [100/220] loss=0.0013 mask=0.0579 depth=0.0013
  Epoch 28 [110/220] loss=0.0013 mask=0.0579 depth=0.0013
  Epoch 28 [120/220] loss=0.0013 mask=0.0587 depth=0.0013
  Epoch 28 [130/220] loss=0.0012 mask=0.0589 depth=0.0012
  Epoch 28 [140/220] loss=0.0012 mask=0.0594 depth=0.0012
  Epoch 28 [150/220] loss=0.0012 mask=0.0594 depth=0.0012
  Epoch 28 [160/220] loss=0.0012 mask=0.0590 depth=0.0012
  Epoch 28 [170/220] loss=0.0012 mask=0.0597 depth=0.0012
  Epoch 28 [180/220] loss=0.0012 mask=0.0593 depth=0.0012
  Epoch 28 [190/220] loss=0.0012 mask=0.0594 depth=0.0012
  Epoch 28 [200/220] loss=0.0012 mask=0.0594 depth=0.0012
  Epoch 28 [210/220] loss=0.0012 mask=0.0599 depth=0.0012
  Epoch 28 [220/220] loss=0.0013 mask=0.0602 depth=0.0013
  Train: loss=0.0013 mask=0.0602 depth=0.0013 time=164.7s
  Val epoch 28: loss=0.0689

=== Phase2 Epoch 29/49 ===
  Epoch 29 [10/220] loss=0.0015 mask=0.0665 depth=0.0015
  Epoch 29 [20/220] loss=0.0014 mask=0.0679 depth=0.0014
  Epoch 29 [30/220] loss=0.0014 mask=0.0648 depth=0.0014
  Epoch 29 [40/220] loss=0.0012 mask=0.0625 depth=0.0012
  Epoch 29 [50/220] loss=0.0013 mask=0.0599 depth=0.0013
  Epoch 29 [60/220] loss=0.0013 mask=0.0605 depth=0.0013
  Epoch 29 [70/220] loss=0.0013 mask=0.0586 depth=0.0013
  Epoch 29 [80/220] loss=0.0012 mask=0.0594 depth=0.0012
  Epoch 29 [90/220] loss=0.0012 mask=0.0598 depth=0.0012
  Epoch 29 [100/220] loss=0.0013 mask=0.0605 depth=0.0013
  Epoch 29 [110/220] loss=0.0013 mask=0.0614 depth=0.0013
  Epoch 29 [120/220] loss=0.0013 mask=0.0617 depth=0.0013
  Epoch 29 [130/220] loss=0.0012 mask=0.0618 depth=0.0012
  Epoch 29 [140/220] loss=0.0012 mask=0.0609 depth=0.0012
  Epoch 29 [150/220] loss=0.0012 mask=0.0608 depth=0.0012
  Epoch 29 [160/220] loss=0.0012 mask=0.0615 depth=0.0012
  Epoch 29 [170/220] loss=0.0012 mask=0.0613 depth=0.0012
  Epoch 29 [180/220] loss=0.0012 mask=0.0618 depth=0.0012
  Epoch 29 [190/220] loss=0.0013 mask=0.0612 depth=0.0013
  Epoch 29 [200/220] loss=0.0013 mask=0.0614 depth=0.0013
  Epoch 29 [210/220] loss=0.0013 mask=0.0608 depth=0.0013
  Epoch 29 [220/220] loss=0.0012 mask=0.0601 depth=0.0012
  Train: loss=0.0012 mask=0.0601 depth=0.0012 time=166.9s
  Val epoch 29: loss=0.0658
  Saved best phase2 model (val_loss=0.0658)

=== Phase2 Epoch 30/49 ===
  Epoch 30 [10/220] loss=0.0017 mask=0.0623 depth=0.0017
  Epoch 30 [20/220] loss=0.0014 mask=0.0635 depth=0.0014
  Epoch 30 [30/220] loss=0.0013 mask=0.0611 depth=0.0013
  Epoch 30 [40/220] loss=0.0012 mask=0.0573 depth=0.0012
  Epoch 30 [50/220] loss=0.0012 mask=0.0584 depth=0.0012
  Epoch 30 [60/220] loss=0.0012 mask=0.0571 depth=0.0012
  Epoch 30 [70/220] loss=0.0011 mask=0.0553 depth=0.0011
  Epoch 30 [80/220] loss=0.0010 mask=0.0552 depth=0.0010
  Epoch 30 [90/220] loss=0.0011 mask=0.0552 depth=0.0011
  Epoch 30 [100/220] loss=0.0010 mask=0.0554 depth=0.0010
  Epoch 30 [110/220] loss=0.0010 mask=0.0558 depth=0.0010
  Epoch 30 [120/220] loss=0.0010 mask=0.0561 depth=0.0010
  Epoch 30 [130/220] loss=0.0010 mask=0.0571 depth=0.0010
  Epoch 30 [140/220] loss=0.0010 mask=0.0567 depth=0.0010
  Epoch 30 [150/220] loss=0.0010 mask=0.0575 depth=0.0010
  Epoch 30 [160/220] loss=0.0010 mask=0.0575 depth=0.0010
  Epoch 30 [170/220] loss=0.0010 mask=0.0575 depth=0.0010
  Epoch 30 [180/220] loss=0.0010 mask=0.0601 depth=0.0010
  Epoch 30 [190/220] loss=0.0010 mask=0.0597 depth=0.0010
  Epoch 30 [200/220] loss=0.0010 mask=0.0593 depth=0.0010
  Epoch 30 [210/220] loss=0.0010 mask=0.0598 depth=0.0010
  Epoch 30 [220/220] loss=0.0010 mask=0.0601 depth=0.0010
  Train: loss=0.0010 mask=0.0601 depth=0.0010 time=168.7s
  Val epoch 30: loss=0.0671

=== Phase2 Epoch 31/49 ===
  Epoch 31 [10/220] loss=0.0010 mask=0.0665 depth=0.0010
  Epoch 31 [20/220] loss=0.0010 mask=0.0710 depth=0.0010
  Epoch 31 [30/220] loss=0.0008 mask=0.0627 depth=0.0008
  Epoch 31 [40/220] loss=0.0008 mask=0.0593 depth=0.0008
  Epoch 31 [50/220] loss=0.0008 mask=0.0611 depth=0.0008
  Epoch 31 [60/220] loss=0.0009 mask=0.0616 depth=0.0009
  Epoch 31 [70/220] loss=0.0008 mask=0.0629 depth=0.0008
  Epoch 31 [80/220] loss=0.0008 mask=0.0628 depth=0.0008
  Epoch 31 [90/220] loss=0.0008 mask=0.0627 depth=0.0008
  Epoch 31 [100/220] loss=0.0008 mask=0.0619 depth=0.0008
  Epoch 31 [110/220] loss=0.0008 mask=0.0624 depth=0.0008
  Epoch 31 [120/220] loss=0.0008 mask=0.0644 depth=0.0008
  Epoch 31 [130/220] loss=0.0008 mask=0.0629 depth=0.0008
  Epoch 31 [140/220] loss=0.0008 mask=0.0623 depth=0.0008
  Epoch 31 [150/220] loss=0.0008 mask=0.0623 depth=0.0008
  Epoch 31 [160/220] loss=0.0008 mask=0.0616 depth=0.0008
  Epoch 31 [170/220] loss=0.0008 mask=0.0616 depth=0.0008
  Epoch 31 [180/220] loss=0.0008 mask=0.0611 depth=0.0008
  Epoch 31 [190/220] loss=0.0008 mask=0.0607 depth=0.0008
  Epoch 31 [200/220] loss=0.0009 mask=0.0605 depth=0.0009
  Epoch 31 [210/220] loss=0.0009 mask=0.0603 depth=0.0009
  Epoch 31 [220/220] loss=0.0009 mask=0.0602 depth=0.0009
  Train: loss=0.0009 mask=0.0602 depth=0.0009 time=166.9s
  Val epoch 31: loss=0.0676

=== Phase2 Epoch 32/49 ===
  Epoch 32 [10/220] loss=0.0007 mask=0.0550 depth=0.0007
  Epoch 32 [20/220] loss=0.0009 mask=0.0546 depth=0.0009
  Epoch 32 [30/220] loss=0.0009 mask=0.0517 depth=0.0009
  Epoch 32 [40/220] loss=0.0009 mask=0.0544 depth=0.0009
  Epoch 32 [50/220] loss=0.0009 mask=0.0537 depth=0.0009
  Epoch 32 [60/220] loss=0.0008 mask=0.0538 depth=0.0008
  Epoch 32 [70/220] loss=0.0008 mask=0.0553 depth=0.0008
  Epoch 32 [80/220] loss=0.0008 mask=0.0550 depth=0.0008
  Epoch 32 [90/220] loss=0.0008 mask=0.0568 depth=0.0008
  Epoch 32 [100/220] loss=0.0008 mask=0.0566 depth=0.0008
  Epoch 32 [110/220] loss=0.0008 mask=0.0559 depth=0.0008
  Epoch 32 [120/220] loss=0.0008 mask=0.0566 depth=0.0008
  Epoch 32 [130/220] loss=0.0008 mask=0.0566 depth=0.0008
  Epoch 32 [140/220] loss=0.0008 mask=0.0575 depth=0.0008
  Epoch 32 [150/220] loss=0.0008 mask=0.0570 depth=0.0008
  Epoch 32 [160/220] loss=0.0008 mask=0.0567 depth=0.0008
  Epoch 32 [170/220] loss=0.0008 mask=0.0585 depth=0.0008
  Epoch 32 [180/220] loss=0.0008 mask=0.0591 depth=0.0008
  Epoch 32 [190/220] loss=0.0008 mask=0.0600 depth=0.0008
  Epoch 32 [200/220] loss=0.0008 mask=0.0601 depth=0.0008
  Epoch 32 [210/220] loss=0.0008 mask=0.0605 depth=0.0008
  Epoch 32 [220/220] loss=0.0008 mask=0.0603 depth=0.0008
  Train: loss=0.0008 mask=0.0603 depth=0.0008 time=167.3s
  Val epoch 32: loss=0.0682

=== Phase2 Epoch 33/49 ===
  Epoch 33 [10/220] loss=0.0007 mask=0.0510 depth=0.0007
  Epoch 33 [20/220] loss=0.0005 mask=0.0515 depth=0.0005
  Epoch 33 [30/220] loss=0.0007 mask=0.0547 depth=0.0007
  Epoch 33 [40/220] loss=0.0007 mask=0.0568 depth=0.0007
  Epoch 33 [50/220] loss=0.0007 mask=0.0556 depth=0.0007
  Epoch 33 [60/220] loss=0.0007 mask=0.0574 depth=0.0007
  Epoch 33 [70/220] loss=0.0007 mask=0.0563 depth=0.0007
  Epoch 33 [80/220] loss=0.0007 mask=0.0556 depth=0.0007
  Epoch 33 [90/220] loss=0.0007 mask=0.0558 depth=0.0007
  Epoch 33 [100/220] loss=0.0007 mask=0.0565 depth=0.0007
  Epoch 33 [110/220] loss=0.0006 mask=0.0584 depth=0.0006
  Epoch 33 [120/220] loss=0.0007 mask=0.0590 depth=0.0007
  Epoch 33 [130/220] loss=0.0006 mask=0.0589 depth=0.0006
  Epoch 33 [140/220] loss=0.0006 mask=0.0600 depth=0.0006
  Epoch 33 [150/220] loss=0.0007 mask=0.0600 depth=0.0007
  Epoch 33 [160/220] loss=0.0007 mask=0.0597 depth=0.0007
  Epoch 33 [170/220] loss=0.0006 mask=0.0603 depth=0.0006
  Epoch 33 [180/220] loss=0.0007 mask=0.0598 depth=0.0007
  Epoch 33 [190/220] loss=0.0007 mask=0.0601 depth=0.0007
  Epoch 33 [200/220] loss=0.0007 mask=0.0597 depth=0.0007
  Epoch 33 [210/220] loss=0.0007 mask=0.0596 depth=0.0007
  Epoch 33 [220/220] loss=0.0007 mask=0.0601 depth=0.0007
  Train: loss=0.0007 mask=0.0601 depth=0.0007 time=167.1s
  Val epoch 33: loss=0.0683

=== Phase2 Epoch 34/49 ===
  Epoch 34 [10/220] loss=0.0007 mask=0.0542 depth=0.0007
  Epoch 34 [20/220] loss=0.0006 mask=0.0566 depth=0.0006
  Epoch 34 [30/220] loss=0.0006 mask=0.0572 depth=0.0006
  Epoch 34 [40/220] loss=0.0005 mask=0.0616 depth=0.0005
  Epoch 34 [50/220] loss=0.0006 mask=0.0627 depth=0.0006
  Epoch 34 [60/220] loss=0.0006 mask=0.0636 depth=0.0006
  Epoch 34 [70/220] loss=0.0006 mask=0.0640 depth=0.0006
  Epoch 34 [80/220] loss=0.0006 mask=0.0630 depth=0.0006
  Epoch 34 [90/220] loss=0.0006 mask=0.0635 depth=0.0006
  Epoch 34 [100/220] loss=0.0006 mask=0.0634 depth=0.0006
  Epoch 34 [110/220] loss=0.0006 mask=0.0623 depth=0.0006
  Epoch 34 [120/220] loss=0.0006 mask=0.0608 depth=0.0006
  Epoch 34 [130/220] loss=0.0007 mask=0.0601 depth=0.0007
  Epoch 34 [140/220] loss=0.0007 mask=0.0602 depth=0.0007
  Epoch 34 [150/220] loss=0.0007 mask=0.0598 depth=0.0007
  Epoch 34 [160/220] loss=0.0007 mask=0.0613 depth=0.0007
  Epoch 34 [170/220] loss=0.0007 mask=0.0606 depth=0.0007
  Epoch 34 [180/220] loss=0.0007 mask=0.0609 depth=0.0007
  Epoch 34 [190/220] loss=0.0008 mask=0.0611 depth=0.0008
  Epoch 34 [200/220] loss=0.0008 mask=0.0606 depth=0.0008
  Epoch 34 [210/220] loss=0.0008 mask=0.0602 depth=0.0008
  Epoch 34 [220/220] loss=0.0008 mask=0.0602 depth=0.0008
  Train: loss=0.0008 mask=0.0602 depth=0.0008 time=169.4s
  Val epoch 34: loss=0.0665

=== Phase2 Epoch 35/49 ===
  Epoch 35 [10/220] loss=0.0006 mask=0.0576 depth=0.0006
  Epoch 35 [20/220] loss=0.0008 mask=0.0529 depth=0.0008
  Epoch 35 [30/220] loss=0.0008 mask=0.0526 depth=0.0008
  Epoch 35 [40/220] loss=0.0007 mask=0.0520 depth=0.0007
  Epoch 35 [50/220] loss=0.0007 mask=0.0534 depth=0.0007
  Epoch 35 [60/220] loss=0.0006 mask=0.0554 depth=0.0006
  Epoch 35 [70/220] loss=0.0006 mask=0.0555 depth=0.0006
  Epoch 35 [80/220] loss=0.0006 mask=0.0558 depth=0.0006
  Epoch 35 [90/220] loss=0.0006 mask=0.0554 depth=0.0006
  Epoch 35 [100/220] loss=0.0006 mask=0.0555 depth=0.0006
  Epoch 35 [110/220] loss=0.0006 mask=0.0562 depth=0.0006
  Epoch 35 [120/220] loss=0.0006 mask=0.0569 depth=0.0006
  Epoch 35 [130/220] loss=0.0006 mask=0.0572 depth=0.0006
  Epoch 35 [140/220] loss=0.0006 mask=0.0578 depth=0.0006
  Epoch 35 [150/220] loss=0.0006 mask=0.0573 depth=0.0006
  Epoch 35 [160/220] loss=0.0006 mask=0.0585 depth=0.0006
  Epoch 35 [170/220] loss=0.0006 mask=0.0589 depth=0.0006
  Epoch 35 [180/220] loss=0.0006 mask=0.0601 depth=0.0006
  Epoch 35 [190/220] loss=0.0007 mask=0.0606 depth=0.0007
  Epoch 35 [200/220] loss=0.0007 mask=0.0600 depth=0.0007
  Epoch 35 [210/220] loss=0.0007 mask=0.0597 depth=0.0007
  Epoch 35 [220/220] loss=0.0007 mask=0.0601 depth=0.0007
  Train: loss=0.0007 mask=0.0601 depth=0.0007 time=168.6s
  Val epoch 35: loss=0.0663

=== Phase2 Epoch 36/49 ===
  Epoch 36 [10/220] loss=0.0004 mask=0.0413 depth=0.0004
  Epoch 36 [20/220] loss=0.0005 mask=0.0464 depth=0.0005
  Epoch 36 [30/220] loss=0.0006 mask=0.0495 depth=0.0006
  Epoch 36 [40/220] loss=0.0006 mask=0.0509 depth=0.0006
  Epoch 36 [50/220] loss=0.0006 mask=0.0528 depth=0.0006
  Epoch 36 [60/220] loss=0.0007 mask=0.0566 depth=0.0007
  Epoch 36 [70/220] loss=0.0007 mask=0.0553 depth=0.0007
  Epoch 36 [80/220] loss=0.0007 mask=0.0579 depth=0.0007
  Epoch 36 [90/220] loss=0.0007 mask=0.0571 depth=0.0007
  Epoch 36 [100/220] loss=0.0007 mask=0.0568 depth=0.0007
  Epoch 36 [110/220] loss=0.0007 mask=0.0582 depth=0.0007
  Epoch 36 [120/220] loss=0.0008 mask=0.0582 depth=0.0008
  Epoch 36 [130/220] loss=0.0007 mask=0.0582 depth=0.0007
  Epoch 36 [140/220] loss=0.0007 mask=0.0589 depth=0.0007
  Epoch 36 [150/220] loss=0.0007 mask=0.0583 depth=0.0007
  Epoch 36 [160/220] loss=0.0007 mask=0.0605 depth=0.0007
  Epoch 36 [170/220] loss=0.0007 mask=0.0607 depth=0.0007
  Epoch 36 [180/220] loss=0.0007 mask=0.0609 depth=0.0007
  Epoch 36 [190/220] loss=0.0007 mask=0.0606 depth=0.0007
  Epoch 36 [200/220] loss=0.0007 mask=0.0604 depth=0.0007
  Epoch 36 [210/220] loss=0.0007 mask=0.0607 depth=0.0007
  Epoch 36 [220/220] loss=0.0007 mask=0.0602 depth=0.0007
  Train: loss=0.0007 mask=0.0602 depth=0.0007 time=112.7s
  Val epoch 36: loss=0.0664

=== Phase2 Epoch 37/49 ===
  Epoch 37 [10/220] loss=0.0005 mask=0.0758 depth=0.0005
  Epoch 37 [20/220] loss=0.0004 mask=0.0588 depth=0.0004
  Epoch 37 [30/220] loss=0.0004 mask=0.0600 depth=0.0004
  Epoch 37 [40/220] loss=0.0005 mask=0.0610 depth=0.0005
  Epoch 37 [50/220] loss=0.0005 mask=0.0616 depth=0.0005
  Epoch 37 [60/220] loss=0.0005 mask=0.0609 depth=0.0005
  Epoch 37 [70/220] loss=0.0005 mask=0.0621 depth=0.0005
  Epoch 37 [80/220] loss=0.0005 mask=0.0599 depth=0.0005
  Epoch 37 [90/220] loss=0.0005 mask=0.0593 depth=0.0005
  Epoch 37 [100/220] loss=0.0005 mask=0.0583 depth=0.0005
  Epoch 37 [110/220] loss=0.0006 mask=0.0584 depth=0.0006
  Epoch 37 [120/220] loss=0.0006 mask=0.0581 depth=0.0006
  Epoch 37 [130/220] loss=0.0006 mask=0.0585 depth=0.0006
  Epoch 37 [140/220] loss=0.0006 mask=0.0591 depth=0.0006
  Epoch 37 [150/220] loss=0.0006 mask=0.0586 depth=0.0006
  Epoch 37 [160/220] loss=0.0006 mask=0.0590 depth=0.0006
  Epoch 37 [170/220] loss=0.0006 mask=0.0598 depth=0.0006
  Epoch 37 [180/220] loss=0.0006 mask=0.0598 depth=0.0006
  Epoch 37 [190/220] loss=0.0006 mask=0.0602 depth=0.0006
  Epoch 37 [200/220] loss=0.0007 mask=0.0600 depth=0.0007
  Epoch 37 [210/220] loss=0.0007 mask=0.0599 depth=0.0007
  Epoch 37 [220/220] loss=0.0007 mask=0.0603 depth=0.0007
  Train: loss=0.0007 mask=0.0603 depth=0.0007 time=112.1s
  Val epoch 37: loss=0.0660

=== Phase2 Epoch 38/49 ===
  Epoch 38 [10/220] loss=0.0004 mask=0.0664 depth=0.0004
  Epoch 38 [20/220] loss=0.0007 mask=0.0801 depth=0.0007
  Epoch 38 [30/220] loss=0.0007 mask=0.0734 depth=0.0007
  Epoch 38 [40/220] loss=0.0006 mask=0.0662 depth=0.0006
  Epoch 38 [50/220] loss=0.0007 mask=0.0645 depth=0.0007
  Epoch 38 [60/220] loss=0.0007 mask=0.0634 depth=0.0007
  Epoch 38 [70/220] loss=0.0007 mask=0.0628 depth=0.0007
  Epoch 38 [80/220] loss=0.0007 mask=0.0616 depth=0.0007
  Epoch 38 [90/220] loss=0.0006 mask=0.0602 depth=0.0006
  Epoch 38 [100/220] loss=0.0007 mask=0.0612 depth=0.0007
  Epoch 38 [110/220] loss=0.0006 mask=0.0612 depth=0.0006
  Epoch 38 [120/220] loss=0.0006 mask=0.0606 depth=0.0006
  Epoch 38 [130/220] loss=0.0006 mask=0.0597 depth=0.0006
  Epoch 38 [140/220] loss=0.0006 mask=0.0593 depth=0.0006
  Epoch 38 [150/220] loss=0.0006 mask=0.0600 depth=0.0006
  Epoch 38 [160/220] loss=0.0006 mask=0.0601 depth=0.0006
  Epoch 38 [170/220] loss=0.0006 mask=0.0599 depth=0.0006
  Epoch 38 [180/220] loss=0.0006 mask=0.0593 depth=0.0006
  Epoch 38 [190/220] loss=0.0006 mask=0.0597 depth=0.0006
  Epoch 38 [200/220] loss=0.0006 mask=0.0591 depth=0.0006
  Epoch 38 [210/220] loss=0.0006 mask=0.0591 depth=0.0006
  Epoch 38 [220/220] loss=0.0006 mask=0.0602 depth=0.0006
  Train: loss=0.0006 mask=0.0602 depth=0.0006 time=113.1s
  Val epoch 38: loss=0.0670

=== Phase2 Epoch 39/49 ===
  Epoch 39 [10/220] loss=0.0006 mask=0.0795 depth=0.0006
  Epoch 39 [20/220] loss=0.0006 mask=0.0694 depth=0.0006
  Epoch 39 [30/220] loss=0.0006 mask=0.0727 depth=0.0006
  Epoch 39 [40/220] loss=0.0005 mask=0.0665 depth=0.0005
  Epoch 39 [50/220] loss=0.0006 mask=0.0642 depth=0.0006
  Epoch 39 [60/220] loss=0.0005 mask=0.0623 depth=0.0005
  Epoch 39 [70/220] loss=0.0006 mask=0.0643 depth=0.0006
  Epoch 39 [80/220] loss=0.0006 mask=0.0636 depth=0.0006
  Epoch 39 [90/220] loss=0.0006 mask=0.0628 depth=0.0006
  Epoch 39 [100/220] loss=0.0006 mask=0.0624 depth=0.0006
  Epoch 39 [110/220] loss=0.0006 mask=0.0617 depth=0.0006
  Epoch 39 [120/220] loss=0.0006 mask=0.0607 depth=0.0006
  Epoch 39 [130/220] loss=0.0006 mask=0.0611 depth=0.0006
  Epoch 39 [140/220] loss=0.0006 mask=0.0609 depth=0.0006
  Epoch 39 [150/220] loss=0.0006 mask=0.0601 depth=0.0006
  Epoch 39 [160/220] loss=0.0006 mask=0.0605 depth=0.0006
  Epoch 39 [170/220] loss=0.0006 mask=0.0611 depth=0.0006
  Epoch 39 [180/220] loss=0.0006 mask=0.0611 depth=0.0006
  Epoch 39 [190/220] loss=0.0006 mask=0.0612 depth=0.0006
  Epoch 39 [200/220] loss=0.0006 mask=0.0605 depth=0.0006
  Epoch 39 [210/220] loss=0.0006 mask=0.0602 depth=0.0006
  Epoch 39 [220/220] loss=0.0006 mask=0.0602 depth=0.0006
  Train: loss=0.0006 mask=0.0602 depth=0.0006 time=106.9s
  Val epoch 39: loss=0.0661

=== Phase2 Epoch 40/49 ===
  Epoch 40 [10/220] loss=0.0005 mask=0.0591 depth=0.0005
  Epoch 40 [20/220] loss=0.0004 mask=0.0575 depth=0.0004
  Epoch 40 [30/220] loss=0.0004 mask=0.0556 depth=0.0004
  Epoch 40 [40/220] loss=0.0005 mask=0.0553 depth=0.0005
  Epoch 40 [50/220] loss=0.0005 mask=0.0560 depth=0.0005
  Epoch 40 [60/220] loss=0.0005 mask=0.0590 depth=0.0005
  Epoch 40 [70/220] loss=0.0005 mask=0.0595 depth=0.0005
  Epoch 40 [80/220] loss=0.0005 mask=0.0598 depth=0.0005
  Epoch 40 [90/220] loss=0.0005 mask=0.0610 depth=0.0005
  Epoch 40 [100/220] loss=0.0005 mask=0.0605 depth=0.0005
  Epoch 40 [110/220] loss=0.0005 mask=0.0591 depth=0.0005
  Epoch 40 [120/220] loss=0.0005 mask=0.0602 depth=0.0005
  Epoch 40 [130/220] loss=0.0005 mask=0.0606 depth=0.0005
  Epoch 40 [140/220] loss=0.0005 mask=0.0605 depth=0.0005
  Epoch 40 [150/220] loss=0.0005 mask=0.0603 depth=0.0005
  Epoch 40 [160/220] loss=0.0005 mask=0.0603 depth=0.0005
  Epoch 40 [170/220] loss=0.0005 mask=0.0604 depth=0.0005
  Epoch 40 [180/220] loss=0.0005 mask=0.0606 depth=0.0005
  Epoch 40 [190/220] loss=0.0005 mask=0.0602 depth=0.0005
  Epoch 40 [200/220] loss=0.0005 mask=0.0603 depth=0.0005
  Epoch 40 [210/220] loss=0.0005 mask=0.0605 depth=0.0005
  Epoch 40 [220/220] loss=0.0005 mask=0.0602 depth=0.0005
  Train: loss=0.0005 mask=0.0602 depth=0.0005 time=104.8s
  Val epoch 40: loss=0.0661

=== Phase2 Epoch 41/49 ===
  Epoch 41 [10/220] loss=0.0005 mask=0.0564 depth=0.0005
  Epoch 41 [20/220] loss=0.0004 mask=0.0578 depth=0.0004
  Epoch 41 [30/220] loss=0.0004 mask=0.0597 depth=0.0004
  Epoch 41 [40/220] loss=0.0004 mask=0.0625 depth=0.0004
  Epoch 41 [50/220] loss=0.0004 mask=0.0638 depth=0.0004
  Epoch 41 [60/220] loss=0.0004 mask=0.0635 depth=0.0004
  Epoch 41 [70/220] loss=0.0005 mask=0.0621 depth=0.0005
  Epoch 41 [80/220] loss=0.0005 mask=0.0632 depth=0.0005
  Epoch 41 [90/220] loss=0.0005 mask=0.0624 depth=0.0005
  Epoch 41 [100/220] loss=0.0005 mask=0.0614 depth=0.0005
  Epoch 41 [110/220] loss=0.0005 mask=0.0625 depth=0.0005
  Epoch 41 [120/220] loss=0.0005 mask=0.0626 depth=0.0005
  Epoch 41 [130/220] loss=0.0005 mask=0.0628 depth=0.0005
  Epoch 41 [140/220] loss=0.0005 mask=0.0625 depth=0.0005
  Epoch 41 [150/220] loss=0.0005 mask=0.0624 depth=0.0005
  Epoch 41 [160/220] loss=0.0005 mask=0.0620 depth=0.0005
  Epoch 41 [170/220] loss=0.0005 mask=0.0619 depth=0.0005
  Epoch 41 [180/220] loss=0.0005 mask=0.0611 depth=0.0005
  Epoch 41 [190/220] loss=0.0005 mask=0.0605 depth=0.0005
  Epoch 41 [200/220] loss=0.0005 mask=0.0604 depth=0.0005
  Epoch 41 [210/220] loss=0.0005 mask=0.0606 depth=0.0005
  Epoch 41 [220/220] loss=0.0005 mask=0.0601 depth=0.0005
  Train: loss=0.0005 mask=0.0601 depth=0.0005 time=147.1s
  Val epoch 41: loss=0.0662

=== Phase2 Epoch 42/49 ===
  Epoch 42 [10/220] loss=0.0004 mask=0.0683 depth=0.0004
  Epoch 42 [20/220] loss=0.0004 mask=0.0702 depth=0.0004
  Epoch 42 [30/220] loss=0.0004 mask=0.0691 depth=0.0004
  Epoch 42 [40/220] loss=0.0004 mask=0.0677 depth=0.0004
  Epoch 42 [50/220] loss=0.0004 mask=0.0620 depth=0.0004
  Epoch 42 [60/220] loss=0.0004 mask=0.0611 depth=0.0004
  Epoch 42 [70/220] loss=0.0004 mask=0.0612 depth=0.0004
  Epoch 42 [80/220] loss=0.0004 mask=0.0608 depth=0.0004
  Epoch 42 [90/220] loss=0.0004 mask=0.0608 depth=0.0004
  Epoch 42 [100/220] loss=0.0004 mask=0.0610 depth=0.0004
  Epoch 42 [110/220] loss=0.0004 mask=0.0604 depth=0.0004
  Epoch 42 [120/220] loss=0.0004 mask=0.0609 depth=0.0004
  Epoch 42 [130/220] loss=0.0004 mask=0.0604 depth=0.0004
  Epoch 42 [140/220] loss=0.0005 mask=0.0603 depth=0.0005
  Epoch 42 [150/220] loss=0.0004 mask=0.0600 depth=0.0004
  Epoch 42 [160/220] loss=0.0004 mask=0.0600 depth=0.0004
  Epoch 42 [170/220] loss=0.0004 mask=0.0599 depth=0.0004
  Epoch 42 [180/220] loss=0.0005 mask=0.0603 depth=0.0005
  Epoch 42 [190/220] loss=0.0005 mask=0.0597 depth=0.0005
  Epoch 42 [200/220] loss=0.0005 mask=0.0596 depth=0.0005
  Epoch 42 [210/220] loss=0.0005 mask=0.0600 depth=0.0005
  Epoch 42 [220/220] loss=0.0005 mask=0.0603 depth=0.0005
  Train: loss=0.0005 mask=0.0603 depth=0.0005 time=165.7s
  Val epoch 42: loss=0.0665

=== Phase2 Epoch 43/49 ===
  Epoch 43 [10/220] loss=0.0006 mask=0.0649 depth=0.0006
  Epoch 43 [20/220] loss=0.0005 mask=0.0581 depth=0.0005
  Epoch 43 [30/220] loss=0.0004 mask=0.0565 depth=0.0004
  Epoch 43 [40/220] loss=0.0004 mask=0.0584 depth=0.0004
  Epoch 43 [50/220] loss=0.0004 mask=0.0576 depth=0.0004
  Epoch 43 [60/220] loss=0.0005 mask=0.0574 depth=0.0005
  Epoch 43 [70/220] loss=0.0005 mask=0.0568 depth=0.0005
  Epoch 43 [80/220] loss=0.0005 mask=0.0571 depth=0.0005
  Epoch 43 [90/220] loss=0.0005 mask=0.0558 depth=0.0005
  Epoch 43 [100/220] loss=0.0005 mask=0.0572 depth=0.0005
  Epoch 43 [110/220] loss=0.0004 mask=0.0584 depth=0.0004
  Epoch 43 [120/220] loss=0.0005 mask=0.0579 depth=0.0005
  Epoch 43 [130/220] loss=0.0004 mask=0.0580 depth=0.0004
  Epoch 43 [140/220] loss=0.0004 mask=0.0584 depth=0.0004
  Epoch 43 [150/220] loss=0.0004 mask=0.0593 depth=0.0004
  Epoch 43 [160/220] loss=0.0004 mask=0.0601 depth=0.0004
  Epoch 43 [170/220] loss=0.0004 mask=0.0598 depth=0.0004
  Epoch 43 [180/220] loss=0.0004 mask=0.0605 depth=0.0004
  Epoch 43 [190/220] loss=0.0004 mask=0.0604 depth=0.0004
  Epoch 43 [200/220] loss=0.0004 mask=0.0610 depth=0.0004
  Epoch 43 [210/220] loss=0.0004 mask=0.0604 depth=0.0004
  Epoch 43 [220/220] loss=0.0004 mask=0.0603 depth=0.0004
  Train: loss=0.0004 mask=0.0603 depth=0.0004 time=167.9s
  Val epoch 43: loss=0.0656
  Saved best phase2 model (val_loss=0.0656)

=== Phase2 Epoch 44/49 ===
  Epoch 44 [10/220] loss=0.0004 mask=0.0596 depth=0.0004
  Epoch 44 [20/220] loss=0.0004 mask=0.0568 depth=0.0004
  Epoch 44 [30/220] loss=0.0004 mask=0.0570 depth=0.0004
  Epoch 44 [40/220] loss=0.0004 mask=0.0557 depth=0.0004
  Epoch 44 [50/220] loss=0.0004 mask=0.0566 depth=0.0004
  Epoch 44 [60/220] loss=0.0004 mask=0.0559 depth=0.0004
  Epoch 44 [70/220] loss=0.0004 mask=0.0555 depth=0.0004
  Epoch 44 [80/220] loss=0.0003 mask=0.0553 depth=0.0003
  Epoch 44 [90/220] loss=0.0004 mask=0.0552 depth=0.0004
  Epoch 44 [100/220] loss=0.0004 mask=0.0548 depth=0.0004
  Epoch 44 [110/220] loss=0.0004 mask=0.0552 depth=0.0004
  Epoch 44 [120/220] loss=0.0004 mask=0.0567 depth=0.0004
  Epoch 44 [130/220] loss=0.0004 mask=0.0581 depth=0.0004
  Epoch 44 [140/220] loss=0.0004 mask=0.0578 depth=0.0004
  Epoch 44 [150/220] loss=0.0004 mask=0.0602 depth=0.0004
  Epoch 44 [160/220] loss=0.0004 mask=0.0603 depth=0.0004
  Epoch 44 [170/220] loss=0.0004 mask=0.0607 depth=0.0004
  Epoch 44 [180/220] loss=0.0004 mask=0.0611 depth=0.0004
  Epoch 44 [190/220] loss=0.0004 mask=0.0609 depth=0.0004
  Epoch 44 [200/220] loss=0.0004 mask=0.0605 depth=0.0004
  Epoch 44 [210/220] loss=0.0004 mask=0.0598 depth=0.0004
  Epoch 44 [220/220] loss=0.0004 mask=0.0600 depth=0.0004
  Train: loss=0.0004 mask=0.0600 depth=0.0004 time=167.6s
  Val epoch 44: loss=0.0666

=== Phase2 Epoch 45/49 ===
  Epoch 45 [10/220] loss=0.0003 mask=0.0549 depth=0.0003
  Epoch 45 [20/220] loss=0.0003 mask=0.0603 depth=0.0003
  Epoch 45 [30/220] loss=0.0003 mask=0.0578 depth=0.0003
  Epoch 45 [40/220] loss=0.0004 mask=0.0634 depth=0.0004
  Epoch 45 [50/220] loss=0.0004 mask=0.0595 depth=0.0004
  Epoch 45 [60/220] loss=0.0004 mask=0.0587 depth=0.0004
  Epoch 45 [70/220] loss=0.0004 mask=0.0585 depth=0.0004
  Epoch 45 [80/220] loss=0.0004 mask=0.0579 depth=0.0004
  Epoch 45 [90/220] loss=0.0004 mask=0.0562 depth=0.0004
  Epoch 45 [100/220] loss=0.0004 mask=0.0579 depth=0.0004
  Epoch 45 [110/220] loss=0.0004 mask=0.0574 depth=0.0004
  Epoch 45 [120/220] loss=0.0004 mask=0.0577 depth=0.0004
  Epoch 45 [130/220] loss=0.0004 mask=0.0574 depth=0.0004
  Epoch 45 [140/220] loss=0.0004 mask=0.0575 depth=0.0004
  Epoch 45 [150/220] loss=0.0004 mask=0.0585 depth=0.0004
  Epoch 45 [160/220] loss=0.0004 mask=0.0587 depth=0.0004
  Epoch 45 [170/220] loss=0.0004 mask=0.0590 depth=0.0004
  Epoch 45 [180/220] loss=0.0004 mask=0.0598 depth=0.0004
  Epoch 45 [190/220] loss=0.0004 mask=0.0594 depth=0.0004
  Epoch 45 [200/220] loss=0.0004 mask=0.0596 depth=0.0004
  Epoch 45 [210/220] loss=0.0004 mask=0.0602 depth=0.0004
  Epoch 45 [220/220] loss=0.0004 mask=0.0602 depth=0.0004
  Train: loss=0.0004 mask=0.0602 depth=0.0004 time=168.3s
  Val epoch 45: loss=0.0671

=== Phase2 Epoch 46/49 ===
  Epoch 46 [10/220] loss=0.0002 mask=0.0534 depth=0.0002
  Epoch 46 [20/220] loss=0.0003 mask=0.0529 depth=0.0003
  Epoch 46 [30/220] loss=0.0003 mask=0.0509 depth=0.0003
  Epoch 46 [40/220] loss=0.0003 mask=0.0525 depth=0.0003
  Epoch 46 [50/220] loss=0.0003 mask=0.0519 depth=0.0003
  Epoch 46 [60/220] loss=0.0003 mask=0.0509 depth=0.0003
  Epoch 46 [70/220] loss=0.0004 mask=0.0503 depth=0.0004
  Epoch 46 [80/220] loss=0.0004 mask=0.0518 depth=0.0004
  Epoch 46 [90/220] loss=0.0003 mask=0.0529 depth=0.0003
  Epoch 46 [100/220] loss=0.0003 mask=0.0559 depth=0.0003
  Epoch 46 [110/220] loss=0.0004 mask=0.0571 depth=0.0004
  Epoch 46 [120/220] loss=0.0004 mask=0.0573 depth=0.0004
  Epoch 46 [130/220] loss=0.0004 mask=0.0573 depth=0.0004
  Epoch 46 [140/220] loss=0.0004 mask=0.0581 depth=0.0004
  Epoch 46 [150/220] loss=0.0004 mask=0.0582 depth=0.0004
  Epoch 46 [160/220] loss=0.0004 mask=0.0599 depth=0.0004
  Epoch 46 [170/220] loss=0.0004 mask=0.0598 depth=0.0004
  Epoch 46 [180/220] loss=0.0004 mask=0.0595 depth=0.0004
  Epoch 46 [190/220] loss=0.0004 mask=0.0600 depth=0.0004
  Epoch 46 [200/220] loss=0.0004 mask=0.0597 depth=0.0004
  Epoch 46 [210/220] loss=0.0004 mask=0.0598 depth=0.0004
  Epoch 46 [220/220] loss=0.0004 mask=0.0601 depth=0.0004
  Train: loss=0.0004 mask=0.0601 depth=0.0004 time=168.8s
  Val epoch 46: loss=0.0664

=== Phase2 Epoch 47/49 ===
  Epoch 47 [10/220] loss=0.0004 mask=0.0486 depth=0.0004
  Epoch 47 [20/220] loss=0.0003 mask=0.0490 depth=0.0003
  Epoch 47 [30/220] loss=0.0003 mask=0.0552 depth=0.0003
  Epoch 47 [40/220] loss=0.0002 mask=0.0582 depth=0.0002
  Epoch 47 [50/220] loss=0.0003 mask=0.0575 depth=0.0003
  Epoch 47 [60/220] loss=0.0003 mask=0.0575 depth=0.0003
  Epoch 47 [70/220] loss=0.0003 mask=0.0576 depth=0.0003
  Epoch 47 [80/220] loss=0.0003 mask=0.0588 depth=0.0003
  Epoch 47 [90/220] loss=0.0003 mask=0.0581 depth=0.0003
  Epoch 47 [100/220] loss=0.0003 mask=0.0589 depth=0.0003
  Epoch 47 [110/220] loss=0.0003 mask=0.0600 depth=0.0003
  Epoch 47 [120/220] loss=0.0004 mask=0.0599 depth=0.0004
  Epoch 47 [130/220] loss=0.0004 mask=0.0609 depth=0.0004
  Epoch 47 [140/220] loss=0.0004 mask=0.0605 depth=0.0004
  Epoch 47 [150/220] loss=0.0004 mask=0.0607 depth=0.0004
  Epoch 47 [160/220] loss=0.0004 mask=0.0611 depth=0.0004
  Epoch 47 [170/220] loss=0.0004 mask=0.0610 depth=0.0004
  Epoch 47 [180/220] loss=0.0004 mask=0.0604 depth=0.0004
  Epoch 47 [190/220] loss=0.0004 mask=0.0613 depth=0.0004
  Epoch 47 [200/220] loss=0.0004 mask=0.0611 depth=0.0004
  Epoch 47 [210/220] loss=0.0004 mask=0.0602 depth=0.0004
  Epoch 47 [220/220] loss=0.0004 mask=0.0601 depth=0.0004
  Train: loss=0.0004 mask=0.0601 depth=0.0004 time=168.4s
  Val epoch 47: loss=0.0669

=== Phase2 Epoch 48/49 ===
  Epoch 48 [10/220] loss=0.0003 mask=0.0660 depth=0.0003
  Epoch 48 [20/220] loss=0.0003 mask=0.0644 depth=0.0003
  Epoch 48 [30/220] loss=0.0003 mask=0.0632 depth=0.0003
  Epoch 48 [40/220] loss=0.0003 mask=0.0602 depth=0.0003
  Epoch 48 [50/220] loss=0.0003 mask=0.0599 depth=0.0003
  Epoch 48 [60/220] loss=0.0003 mask=0.0602 depth=0.0003
  Epoch 48 [70/220] loss=0.0003 mask=0.0609 depth=0.0003
  Epoch 48 [80/220] loss=0.0003 mask=0.0629 depth=0.0003
  Epoch 48 [90/220] loss=0.0003 mask=0.0619 depth=0.0003
  Epoch 48 [100/220] loss=0.0003 mask=0.0616 depth=0.0003
  Epoch 48 [110/220] loss=0.0003 mask=0.0619 depth=0.0003
  Epoch 48 [120/220] loss=0.0003 mask=0.0623 depth=0.0003
  Epoch 48 [130/220] loss=0.0004 mask=0.0644 depth=0.0004
  Epoch 48 [140/220] loss=0.0004 mask=0.0639 depth=0.0004
  Epoch 48 [150/220] loss=0.0003 mask=0.0640 depth=0.0003
  Epoch 48 [160/220] loss=0.0003 mask=0.0635 depth=0.0003
  Epoch 48 [170/220] loss=0.0003 mask=0.0625 depth=0.0003
  Epoch 48 [180/220] loss=0.0003 mask=0.0618 depth=0.0003
  Epoch 48 [190/220] loss=0.0003 mask=0.0618 depth=0.0003
  Epoch 48 [200/220] loss=0.0003 mask=0.0613 depth=0.0003
  Epoch 48 [210/220] loss=0.0003 mask=0.0605 depth=0.0003
  Epoch 48 [220/220] loss=0.0004 mask=0.0601 depth=0.0004
  Train: loss=0.0004 mask=0.0601 depth=0.0004 time=165.9s
  Val epoch 48: loss=0.0661

=== Phase2 Epoch 49/49 ===
  Epoch 49 [10/220] loss=0.0005 mask=0.0628 depth=0.0005
  Epoch 49 [20/220] loss=0.0004 mask=0.0580 depth=0.0004
  Epoch 49 [30/220] loss=0.0004 mask=0.0604 depth=0.0004
  Epoch 49 [40/220] loss=0.0004 mask=0.0597 depth=0.0004
  Epoch 49 [50/220] loss=0.0004 mask=0.0602 depth=0.0004
  Epoch 49 [60/220] loss=0.0004 mask=0.0588 depth=0.0004
  Epoch 49 [70/220] loss=0.0004 mask=0.0598 depth=0.0004
  Epoch 49 [80/220] loss=0.0004 mask=0.0594 depth=0.0004
  Epoch 49 [90/220] loss=0.0004 mask=0.0594 depth=0.0004
  Epoch 49 [100/220] loss=0.0004 mask=0.0578 depth=0.0004
  Epoch 49 [110/220] loss=0.0004 mask=0.0591 depth=0.0004
  Epoch 49 [120/220] loss=0.0004 mask=0.0582 depth=0.0004
  Epoch 49 [130/220] loss=0.0004 mask=0.0576 depth=0.0004
  Epoch 49 [140/220] loss=0.0004 mask=0.0577 depth=0.0004
  Epoch 49 [150/220] loss=0.0004 mask=0.0587 depth=0.0004
  Epoch 49 [160/220] loss=0.0004 mask=0.0576 depth=0.0004
  Epoch 49 [170/220] loss=0.0004 mask=0.0574 depth=0.0004
  Epoch 49 [180/220] loss=0.0004 mask=0.0575 depth=0.0004
  Epoch 49 [190/220] loss=0.0004 mask=0.0591 depth=0.0004
  Epoch 49 [200/220] loss=0.0004 mask=0.0599 depth=0.0004
  Epoch 49 [210/220] loss=0.0004 mask=0.0606 depth=0.0004
  Epoch 49 [220/220] loss=0.0004 mask=0.0602 depth=0.0004
  Train: loss=0.0004 mask=0.0602 depth=0.0004 time=167.7s
  Val epoch 49: loss=0.0659

Phase 2 complete. Best val loss: 0.0656
