nohup: ignoring input
/home/LXT/.conda/envs/dinov3-sam/lib/python3.10/runpy.py:126: RuntimeWarning: 'dinosam.train.trainer' found in sys.modules after import of package 'dinosam.train', but prior to execution of 'dinosam.train.trainer'; this may result in unpredictable behaviour
  warn(RuntimeWarning(msg))
Loaded DINOv3 ViT-B/16 from /data3/LXT/data/checkpoint/dinov3/dinov3_vitb16_pretrain_lvd1689m-73cec8be.pth
Initialized depth branch from SAM inner weights (depth_prediction_head random)
Train samples: 880  Val samples: 220

============================================================
PHASE 1: Mask-only training (dice + iou loss)
============================================================
Phase 1: Total params: 183,583,485  Trainable: 4,599,344

=== Phase1 Epoch 0/49 ===
  Epoch 0 [10/440] loss=1.3954 mask=1.0000 iou=0.3954
  Epoch 0 [20/440] loss=1.2668 mask=0.9998 iou=0.2671
  Epoch 0 [30/440] loss=1.1924 mask=0.9996 iou=0.1929
  Epoch 0 [40/440] loss=1.1446 mask=0.9984 iou=0.1462
  Epoch 0 [50/440] loss=1.1106 mask=0.9918 iou=0.1188
  Epoch 0 [60/440] loss=1.0818 mask=0.9817 iou=0.1001
  Epoch 0 [70/440] loss=1.0481 mask=0.9610 iou=0.0872
  Epoch 0 [80/440] loss=1.0190 mask=0.9408 iou=0.0782
  Epoch 0 [90/440] loss=0.9824 mask=0.9117 iou=0.0707
  Epoch 0 [100/440] loss=0.9452 mask=0.8803 iou=0.0648
  Epoch 0 [110/440] loss=0.9106 mask=0.8501 iou=0.0604
  Epoch 0 [120/440] loss=0.8755 mask=0.8180 iou=0.0575
  Epoch 0 [130/440] loss=0.8410 mask=0.7862 iou=0.0548
  Epoch 0 [140/440] loss=0.8080 mask=0.7555 iou=0.0525
  Epoch 0 [150/440] loss=0.7742 mask=0.7236 iou=0.0506
  Epoch 0 [160/440] loss=0.7449 mask=0.6964 iou=0.0485
  Epoch 0 [170/440] loss=0.7231 mask=0.6760 iou=0.0471
  Epoch 0 [180/440] loss=0.6999 mask=0.6542 iou=0.0457
  Epoch 0 [190/440] loss=0.6819 mask=0.6370 iou=0.0449
  Epoch 0 [200/440] loss=0.6609 mask=0.6174 iou=0.0436
  Epoch 0 [210/440] loss=0.6410 mask=0.5980 iou=0.0430
  Epoch 0 [220/440] loss=0.6240 mask=0.5822 iou=0.0419
  Epoch 0 [230/440] loss=0.6068 mask=0.5662 iou=0.0407
  Epoch 0 [240/440] loss=0.5920 mask=0.5524 iou=0.0397
  Epoch 0 [250/440] loss=0.5809 mask=0.5418 iou=0.0392
  Epoch 0 [260/440] loss=0.5676 mask=0.5291 iou=0.0385
  Epoch 0 [270/440] loss=0.5551 mask=0.5175 iou=0.0377
  Epoch 0 [280/440] loss=0.5434 mask=0.5066 iou=0.0368
  Epoch 0 [290/440] loss=0.5315 mask=0.4957 iou=0.0359
  Epoch 0 [300/440] loss=0.5216 mask=0.4864 iou=0.0352
  Epoch 0 [310/440] loss=0.5132 mask=0.4786 iou=0.0346
  Epoch 0 [320/440] loss=0.5028 mask=0.4688 iou=0.0339
  Epoch 0 [330/440] loss=0.4936 mask=0.4604 iou=0.0332
  Epoch 0 [340/440] loss=0.4866 mask=0.4538 iou=0.0328
  Epoch 0 [350/440] loss=0.4794 mask=0.4470 iou=0.0324
  Epoch 0 [360/440] loss=0.4722 mask=0.4404 iou=0.0319
  Epoch 0 [370/440] loss=0.4656 mask=0.4341 iou=0.0315
  Epoch 0 [380/440] loss=0.4592 mask=0.4280 iou=0.0312
  Epoch 0 [390/440] loss=0.4529 mask=0.4221 iou=0.0308
  Epoch 0 [400/440] loss=0.4474 mask=0.4168 iou=0.0305
  Epoch 0 [410/440] loss=0.4416 mask=0.4116 iou=0.0300
  Epoch 0 [420/440] loss=0.4353 mask=0.4057 iou=0.0296
  Epoch 0 [430/440] loss=0.4306 mask=0.4012 iou=0.0294
  Epoch 0 [440/440] loss=0.4247 mask=0.3959 iou=0.0288
  Train: loss=0.4247 mask=0.3959 iou=0.0288 time=240.0s
  Val epoch 0: loss=0.2289
  Saved best phase1 model (val_loss=0.2289)

=== Phase1 Epoch 1/49 ===
  Epoch 1 [10/440] loss=0.2629 mask=0.2437 iou=0.0192
  Epoch 1 [20/440] loss=0.2322 mask=0.2154 iou=0.0168
  Epoch 1 [30/440] loss=0.2168 mask=0.2004 iou=0.0165
  Epoch 1 [40/440] loss=0.2050 mask=0.1901 iou=0.0149
  Epoch 1 [50/440] loss=0.2012 mask=0.1874 iou=0.0138
  Epoch 1 [60/440] loss=0.1961 mask=0.1830 iou=0.0132
  Epoch 1 [70/440] loss=0.1935 mask=0.1814 iou=0.0121
  Epoch 1 [80/440] loss=0.1878 mask=0.1764 iou=0.0114
  Epoch 1 [90/440] loss=0.1920 mask=0.1798 iou=0.0122
  Epoch 1 [100/440] loss=0.1894 mask=0.1773 iou=0.0121
  Epoch 1 [110/440] loss=0.1919 mask=0.1794 iou=0.0125
  Epoch 1 [120/440] loss=0.1929 mask=0.1807 iou=0.0123
  Epoch 1 [130/440] loss=0.1930 mask=0.1807 iou=0.0123
  Epoch 1 [140/440] loss=0.1936 mask=0.1810 iou=0.0126
  Epoch 1 [150/440] loss=0.1932 mask=0.1800 iou=0.0132
  Epoch 1 [160/440] loss=0.1955 mask=0.1819 iou=0.0137
  Epoch 1 [170/440] loss=0.1956 mask=0.1821 iou=0.0135
  Epoch 1 [180/440] loss=0.1936 mask=0.1802 iou=0.0134
  Epoch 1 [190/440] loss=0.1924 mask=0.1791 iou=0.0134
  Epoch 1 [200/440] loss=0.1949 mask=0.1804 iou=0.0144
  Epoch 1 [210/440] loss=0.1936 mask=0.1795 iou=0.0141
  Epoch 1 [220/440] loss=0.1928 mask=0.1787 iou=0.0142
  Epoch 1 [230/440] loss=0.1919 mask=0.1780 iou=0.0140
  Epoch 1 [240/440] loss=0.1909 mask=0.1771 iou=0.0138
  Epoch 1 [250/440] loss=0.1898 mask=0.1763 iou=0.0135
  Epoch 1 [260/440] loss=0.1895 mask=0.1760 iou=0.0135
  Epoch 1 [270/440] loss=0.1883 mask=0.1749 iou=0.0134
  Epoch 1 [280/440] loss=0.1871 mask=0.1740 iou=0.0132
  Epoch 1 [290/440] loss=0.1877 mask=0.1746 iou=0.0131
  Epoch 1 [300/440] loss=0.1891 mask=0.1758 iou=0.0134
  Epoch 1 [310/440] loss=0.1912 mask=0.1775 iou=0.0137
  Epoch 1 [320/440] loss=0.1917 mask=0.1781 iou=0.0136
  Epoch 1 [330/440] loss=0.1917 mask=0.1781 iou=0.0136
  Epoch 1 [340/440] loss=0.1913 mask=0.1777 iou=0.0136
  Epoch 1 [350/440] loss=0.1909 mask=0.1774 iou=0.0135
  Epoch 1 [360/440] loss=0.1898 mask=0.1765 iou=0.0133
  Epoch 1 [370/440] loss=0.1907 mask=0.1772 iou=0.0135
  Epoch 1 [380/440] loss=0.1906 mask=0.1772 iou=0.0134
  Epoch 1 [390/440] loss=0.1900 mask=0.1766 iou=0.0134
  Epoch 1 [400/440] loss=0.1896 mask=0.1762 iou=0.0134
  Epoch 1 [410/440] loss=0.1896 mask=0.1763 iou=0.0133
  Epoch 1 [420/440] loss=0.1896 mask=0.1763 iou=0.0133
  Epoch 1 [430/440] loss=0.1899 mask=0.1765 iou=0.0134
  Epoch 1 [440/440] loss=0.1896 mask=0.1763 iou=0.0133
  Train: loss=0.1896 mask=0.1763 iou=0.0133 time=255.1s
  Val epoch 1: loss=0.2175
  Saved best phase1 model (val_loss=0.2175)

=== Phase1 Epoch 2/49 ===
  Epoch 2 [10/440] loss=0.1498 mask=0.1442 iou=0.0056
  Epoch 2 [20/440] loss=0.1581 mask=0.1516 iou=0.0065
  Epoch 2 [30/440] loss=0.1645 mask=0.1582 iou=0.0063
  Epoch 2 [40/440] loss=0.1606 mask=0.1542 iou=0.0065
  Epoch 2 [50/440] loss=0.1665 mask=0.1592 iou=0.0073
  Epoch 2 [60/440] loss=0.1658 mask=0.1579 iou=0.0080
  Epoch 2 [70/440] loss=0.1673 mask=0.1594 iou=0.0079
  Epoch 2 [80/440] loss=0.1709 mask=0.1622 iou=0.0087
  Epoch 2 [90/440] loss=0.1765 mask=0.1663 iou=0.0103
  Epoch 2 [100/440] loss=0.1797 mask=0.1683 iou=0.0114
  Epoch 2 [110/440] loss=0.1786 mask=0.1669 iou=0.0117
  Epoch 2 [120/440] loss=0.1771 mask=0.1652 iou=0.0119
  Epoch 2 [130/440] loss=0.1746 mask=0.1630 iou=0.0115
  Epoch 2 [140/440] loss=0.1741 mask=0.1628 iou=0.0113
  Epoch 2 [150/440] loss=0.1743 mask=0.1627 iou=0.0116
  Epoch 2 [160/440] loss=0.1745 mask=0.1627 iou=0.0118
  Epoch 2 [170/440] loss=0.1731 mask=0.1616 iou=0.0116
  Epoch 2 [180/440] loss=0.1717 mask=0.1603 iou=0.0114
  Epoch 2 [190/440] loss=0.1733 mask=0.1614 iou=0.0119
  Epoch 2 [200/440] loss=0.1719 mask=0.1603 iou=0.0117
  Epoch 2 [210/440] loss=0.1727 mask=0.1611 iou=0.0116
  Epoch 2 [220/440] loss=0.1726 mask=0.1609 iou=0.0117
  Epoch 2 [230/440] loss=0.1713 mask=0.1598 iou=0.0115
  Epoch 2 [240/440] loss=0.1715 mask=0.1600 iou=0.0114
  Epoch 2 [250/440] loss=0.1725 mask=0.1608 iou=0.0116
  Epoch 2 [260/440] loss=0.1736 mask=0.1617 iou=0.0119
  Epoch 2 [270/440] loss=0.1732 mask=0.1614 iou=0.0118
  Epoch 2 [280/440] loss=0.1731 mask=0.1613 iou=0.0118
  Epoch 2 [290/440] loss=0.1723 mask=0.1607 iou=0.0116
  Epoch 2 [300/440] loss=0.1719 mask=0.1603 iou=0.0115
  Epoch 2 [310/440] loss=0.1718 mask=0.1602 iou=0.0117
  Epoch 2 [320/440] loss=0.1715 mask=0.1600 iou=0.0116
  Epoch 2 [330/440] loss=0.1707 mask=0.1592 iou=0.0115
  Epoch 2 [340/440] loss=0.1690 mask=0.1578 iou=0.0112
  Epoch 2 [350/440] loss=0.1692 mask=0.1579 iou=0.0112
  Epoch 2 [360/440] loss=0.1688 mask=0.1576 iou=0.0112
  Epoch 2 [370/440] loss=0.1681 mask=0.1570 iou=0.0111
  Epoch 2 [380/440] loss=0.1681 mask=0.1571 iou=0.0111
  Epoch 2 [390/440] loss=0.1676 mask=0.1566 iou=0.0109
  Epoch 2 [400/440] loss=0.1672 mask=0.1562 iou=0.0109
  Epoch 2 [410/440] loss=0.1671 mask=0.1563 iou=0.0108
  Epoch 2 [420/440] loss=0.1667 mask=0.1560 iou=0.0107
  Epoch 2 [430/440] loss=0.1666 mask=0.1559 iou=0.0107
  Epoch 2 [440/440] loss=0.1675 mask=0.1566 iou=0.0108
  Train: loss=0.1675 mask=0.1566 iou=0.0108 time=256.8s
  Val epoch 2: loss=0.1927
  Saved best phase1 model (val_loss=0.1927)

=== Phase1 Epoch 3/49 ===
  Epoch 3 [10/440] loss=0.1367 mask=0.1292 iou=0.0075
  Epoch 3 [20/440] loss=0.1379 mask=0.1318 iou=0.0061
  Epoch 3 [30/440] loss=0.1448 mask=0.1368 iou=0.0080
  Epoch 3 [40/440] loss=0.1494 mask=0.1414 iou=0.0080
  Epoch 3 [50/440] loss=0.1536 mask=0.1437 iou=0.0099
  Epoch 3 [60/440] loss=0.1573 mask=0.1472 iou=0.0101
  Epoch 3 [70/440] loss=0.1553 mask=0.1455 iou=0.0098
  Epoch 3 [80/440] loss=0.1565 mask=0.1470 iou=0.0096
  Epoch 3 [90/440] loss=0.1533 mask=0.1443 iou=0.0090
  Epoch 3 [100/440] loss=0.1519 mask=0.1433 iou=0.0086
  Epoch 3 [110/440] loss=0.1531 mask=0.1445 iou=0.0086
  Epoch 3 [120/440] loss=0.1516 mask=0.1430 iou=0.0086
  Epoch 3 [130/440] loss=0.1502 mask=0.1418 iou=0.0083
  Epoch 3 [140/440] loss=0.1507 mask=0.1426 iou=0.0082
  Epoch 3 [150/440] loss=0.1498 mask=0.1419 iou=0.0079
  Epoch 3 [160/440] loss=0.1506 mask=0.1427 iou=0.0079
  Epoch 3 [170/440] loss=0.1506 mask=0.1427 iou=0.0079
  Epoch 3 [180/440] loss=0.1511 mask=0.1432 iou=0.0079
  Epoch 3 [190/440] loss=0.1530 mask=0.1447 iou=0.0084
  Epoch 3 [200/440] loss=0.1525 mask=0.1441 iou=0.0084
  Epoch 3 [210/440] loss=0.1539 mask=0.1452 iou=0.0088
  Epoch 3 [220/440] loss=0.1540 mask=0.1453 iou=0.0087
  Epoch 3 [230/440] loss=0.1535 mask=0.1449 iou=0.0087
  Epoch 3 [240/440] loss=0.1544 mask=0.1455 iou=0.0088
  Epoch 3 [250/440] loss=0.1537 mask=0.1450 iou=0.0087
  Epoch 3 [260/440] loss=0.1545 mask=0.1457 iou=0.0088
  Epoch 3 [270/440] loss=0.1551 mask=0.1462 iou=0.0090
  Epoch 3 [280/440] loss=0.1552 mask=0.1461 iou=0.0091
  Epoch 3 [290/440] loss=0.1562 mask=0.1470 iou=0.0092
  Epoch 3 [300/440] loss=0.1551 mask=0.1460 iou=0.0091
  Epoch 3 [310/440] loss=0.1548 mask=0.1456 iou=0.0092
  Epoch 3 [320/440] loss=0.1565 mask=0.1469 iou=0.0096
  Epoch 3 [330/440] loss=0.1572 mask=0.1475 iou=0.0097
  Epoch 3 [340/440] loss=0.1570 mask=0.1472 iou=0.0098
  Epoch 3 [350/440] loss=0.1568 mask=0.1470 iou=0.0099
  Epoch 3 [360/440] loss=0.1569 mask=0.1470 iou=0.0100
  Epoch 3 [370/440] loss=0.1571 mask=0.1471 iou=0.0099
  Epoch 3 [380/440] loss=0.1569 mask=0.1470 iou=0.0099
  Epoch 3 [390/440] loss=0.1560 mask=0.1462 iou=0.0098
  Epoch 3 [400/440] loss=0.1559 mask=0.1462 iou=0.0098
  Epoch 3 [410/440] loss=0.1553 mask=0.1456 iou=0.0096
  Epoch 3 [420/440] loss=0.1549 mask=0.1453 iou=0.0096
  Epoch 3 [430/440] loss=0.1541 mask=0.1447 iou=0.0094
  Epoch 3 [440/440] loss=0.1538 mask=0.1445 iou=0.0094
  Train: loss=0.1538 mask=0.1445 iou=0.0094 time=247.1s
  Val epoch 3: loss=0.1842
  Saved best phase1 model (val_loss=0.1842)

=== Phase1 Epoch 4/49 ===
  Epoch 4 [10/440] loss=0.1427 mask=0.1314 iou=0.0113
  Epoch 4 [20/440] loss=0.1405 mask=0.1314 iou=0.0091
  Epoch 4 [30/440] loss=0.1450 mask=0.1364 iou=0.0087
  Epoch 4 [40/440] loss=0.1420 mask=0.1334 iou=0.0086
  Epoch 4 [50/440] loss=0.1456 mask=0.1366 iou=0.0090
  Epoch 4 [60/440] loss=0.1440 mask=0.1356 iou=0.0084
  Epoch 4 [70/440] loss=0.1444 mask=0.1356 iou=0.0087
  Epoch 4 [80/440] loss=0.1427 mask=0.1343 iou=0.0085
  Epoch 4 [90/440] loss=0.1458 mask=0.1372 iou=0.0086
  Epoch 4 [100/440] loss=0.1459 mask=0.1378 iou=0.0081
  Epoch 4 [110/440] loss=0.1459 mask=0.1378 iou=0.0080
  Epoch 4 [120/440] loss=0.1451 mask=0.1374 iou=0.0077
  Epoch 4 [130/440] loss=0.1467 mask=0.1386 iou=0.0081
  Epoch 4 [140/440] loss=0.1499 mask=0.1408 iou=0.0091
  Epoch 4 [150/440] loss=0.1469 mask=0.1379 iou=0.0090
  Epoch 4 [160/440] loss=0.1473 mask=0.1384 iou=0.0090
  Epoch 4 [170/440] loss=0.1468 mask=0.1378 iou=0.0090
  Epoch 4 [180/440] loss=0.1454 mask=0.1366 iou=0.0087
  Epoch 4 [190/440] loss=0.1444 mask=0.1359 iou=0.0085
  Epoch 4 [200/440] loss=0.1442 mask=0.1359 iou=0.0083
  Epoch 4 [210/440] loss=0.1421 mask=0.1340 iou=0.0081
  Epoch 4 [220/440] loss=0.1414 mask=0.1334 iou=0.0079
  Epoch 4 [230/440] loss=0.1409 mask=0.1330 iou=0.0079
  Epoch 4 [240/440] loss=0.1400 mask=0.1320 iou=0.0080
  Epoch 4 [250/440] loss=0.1394 mask=0.1315 iou=0.0079
  Epoch 4 [260/440] loss=0.1404 mask=0.1324 iou=0.0079
  Epoch 4 [270/440] loss=0.1411 mask=0.1333 iou=0.0079
  Epoch 4 [280/440] loss=0.1423 mask=0.1343 iou=0.0081
  Epoch 4 [290/440] loss=0.1433 mask=0.1351 iou=0.0082
  Epoch 4 [300/440] loss=0.1450 mask=0.1366 iou=0.0083
  Epoch 4 [310/440] loss=0.1444 mask=0.1361 iou=0.0083
  Epoch 4 [320/440] loss=0.1441 mask=0.1358 iou=0.0083
  Epoch 4 [330/440] loss=0.1455 mask=0.1369 iou=0.0086
  Epoch 4 [340/440] loss=0.1445 mask=0.1360 iou=0.0085
  Epoch 4 [350/440] loss=0.1438 mask=0.1355 iou=0.0083
  Epoch 4 [360/440] loss=0.1454 mask=0.1368 iou=0.0085
  Epoch 4 [370/440] loss=0.1449 mask=0.1364 iou=0.0085
  Epoch 4 [380/440] loss=0.1445 mask=0.1361 iou=0.0084
  Epoch 4 [390/440] loss=0.1451 mask=0.1365 iou=0.0086
  Epoch 4 [400/440] loss=0.1450 mask=0.1363 iou=0.0087
  Epoch 4 [410/440] loss=0.1448 mask=0.1362 iou=0.0086
  Epoch 4 [420/440] loss=0.1445 mask=0.1360 iou=0.0085
  Epoch 4 [430/440] loss=0.1439 mask=0.1355 iou=0.0084
  Epoch 4 [440/440] loss=0.1440 mask=0.1356 iou=0.0083
  Train: loss=0.1440 mask=0.1356 iou=0.0083 time=246.8s
  Val epoch 4: loss=0.1784
  Saved best phase1 model (val_loss=0.1784)

=== Phase1 Epoch 5/49 ===
  Epoch 5 [10/440] loss=0.1291 mask=0.1216 iou=0.0075
  Epoch 5 [20/440] loss=0.1335 mask=0.1271 iou=0.0063
  Epoch 5 [30/440] loss=0.1555 mask=0.1437 iou=0.0118
  Epoch 5 [40/440] loss=0.1510 mask=0.1403 iou=0.0107
  Epoch 5 [50/440] loss=0.1451 mask=0.1352 iou=0.0099
  Epoch 5 [60/440] loss=0.1429 mask=0.1335 iou=0.0093
  Epoch 5 [70/440] loss=0.1483 mask=0.1389 iou=0.0095
  Epoch 5 [80/440] loss=0.1478 mask=0.1389 iou=0.0090
  Epoch 5 [90/440] loss=0.1460 mask=0.1374 iou=0.0086
  Epoch 5 [100/440] loss=0.1436 mask=0.1354 iou=0.0082
  Epoch 5 [110/440] loss=0.1440 mask=0.1352 iou=0.0089
  Epoch 5 [120/440] loss=0.1413 mask=0.1327 iou=0.0086
  Epoch 5 [130/440] loss=0.1424 mask=0.1334 iou=0.0090
  Epoch 5 [140/440] loss=0.1423 mask=0.1337 iou=0.0086
  Epoch 5 [150/440] loss=0.1396 mask=0.1312 iou=0.0084
  Epoch 5 [160/440] loss=0.1383 mask=0.1301 iou=0.0082
  Epoch 5 [170/440] loss=0.1386 mask=0.1302 iou=0.0084
  Epoch 5 [180/440] loss=0.1393 mask=0.1310 iou=0.0083
  Epoch 5 [190/440] loss=0.1391 mask=0.1309 iou=0.0082
  Epoch 5 [200/440] loss=0.1397 mask=0.1313 iou=0.0084
  Epoch 5 [210/440] loss=0.1402 mask=0.1319 iou=0.0084
  Epoch 5 [220/440] loss=0.1397 mask=0.1314 iou=0.0082
  Epoch 5 [230/440] loss=0.1393 mask=0.1312 iou=0.0081
  Epoch 5 [240/440] loss=0.1393 mask=0.1312 iou=0.0082
  Epoch 5 [250/440] loss=0.1381 mask=0.1301 iou=0.0080
  Epoch 5 [260/440] loss=0.1376 mask=0.1298 iou=0.0079
  Epoch 5 [270/440] loss=0.1372 mask=0.1293 iou=0.0079
  Epoch 5 [280/440] loss=0.1377 mask=0.1298 iou=0.0079
  Epoch 5 [290/440] loss=0.1375 mask=0.1297 iou=0.0079
  Epoch 5 [300/440] loss=0.1387 mask=0.1306 iou=0.0082
  Epoch 5 [310/440] loss=0.1378 mask=0.1297 iou=0.0081
  Epoch 5 [320/440] loss=0.1380 mask=0.1299 iou=0.0081
  Epoch 5 [330/440] loss=0.1372 mask=0.1292 iou=0.0080
  Epoch 5 [340/440] loss=0.1377 mask=0.1297 iou=0.0080
  Epoch 5 [350/440] loss=0.1381 mask=0.1302 iou=0.0079
  Epoch 5 [360/440] loss=0.1378 mask=0.1300 iou=0.0078
  Epoch 5 [370/440] loss=0.1379 mask=0.1301 iou=0.0078
  Epoch 5 [380/440] loss=0.1387 mask=0.1308 iou=0.0079
  Epoch 5 [390/440] loss=0.1386 mask=0.1307 iou=0.0079
  Epoch 5 [400/440] loss=0.1390 mask=0.1311 iou=0.0079
  Epoch 5 [410/440] loss=0.1386 mask=0.1308 iou=0.0078
  Epoch 5 [420/440] loss=0.1386 mask=0.1307 iou=0.0079
  Epoch 5 [430/440] loss=0.1386 mask=0.1307 iou=0.0079
  Epoch 5 [440/440] loss=0.1385 mask=0.1307 iou=0.0079
  Train: loss=0.1385 mask=0.1307 iou=0.0079 time=254.0s
  Val epoch 5: loss=0.1735
  Saved best phase1 model (val_loss=0.1735)

=== Phase1 Epoch 6/49 ===
  Epoch 6 [10/440] loss=0.1595 mask=0.1462 iou=0.0132
  Epoch 6 [20/440] loss=0.1262 mask=0.1177 iou=0.0084
  Epoch 6 [30/440] loss=0.1207 mask=0.1131 iou=0.0076
  Epoch 6 [40/440] loss=0.1253 mask=0.1177 iou=0.0075
  Epoch 6 [50/440] loss=0.1214 mask=0.1144 iou=0.0071
  Epoch 6 [60/440] loss=0.1212 mask=0.1141 iou=0.0070
  Epoch 6 [70/440] loss=0.1315 mask=0.1231 iou=0.0083
  Epoch 6 [80/440] loss=0.1327 mask=0.1244 iou=0.0084
  Epoch 6 [90/440] loss=0.1316 mask=0.1234 iou=0.0082
  Epoch 6 [100/440] loss=0.1330 mask=0.1251 iou=0.0080
  Epoch 6 [110/440] loss=0.1325 mask=0.1249 iou=0.0076
  Epoch 6 [120/440] loss=0.1309 mask=0.1234 iou=0.0074
  Epoch 6 [130/440] loss=0.1320 mask=0.1246 iou=0.0074
  Epoch 6 [140/440] loss=0.1337 mask=0.1262 iou=0.0074
  Epoch 6 [150/440] loss=0.1336 mask=0.1263 iou=0.0073
  Epoch 6 [160/440] loss=0.1321 mask=0.1249 iou=0.0072
  Epoch 6 [170/440] loss=0.1314 mask=0.1244 iou=0.0070
  Epoch 6 [180/440] loss=0.1317 mask=0.1246 iou=0.0072
  Epoch 6 [190/440] loss=0.1321 mask=0.1250 iou=0.0071
  Epoch 6 [200/440] loss=0.1323 mask=0.1253 iou=0.0070
  Epoch 6 [210/440] loss=0.1318 mask=0.1248 iou=0.0071
  Epoch 6 [220/440] loss=0.1319 mask=0.1249 iou=0.0070
  Epoch 6 [230/440] loss=0.1315 mask=0.1245 iou=0.0069
  Epoch 6 [240/440] loss=0.1311 mask=0.1243 iou=0.0068
  Epoch 6 [250/440] loss=0.1330 mask=0.1259 iou=0.0072
  Epoch 6 [260/440] loss=0.1331 mask=0.1258 iou=0.0072
  Epoch 6 [270/440] loss=0.1327 mask=0.1256 iou=0.0071
  Epoch 6 [280/440] loss=0.1330 mask=0.1259 iou=0.0072
  Epoch 6 [290/440] loss=0.1331 mask=0.1259 iou=0.0072
  Epoch 6 [300/440] loss=0.1333 mask=0.1261 iou=0.0072
  Epoch 6 [310/440] loss=0.1342 mask=0.1269 iou=0.0073
  Epoch 6 [320/440] loss=0.1342 mask=0.1270 iou=0.0072
  Epoch 6 [330/440] loss=0.1336 mask=0.1265 iou=0.0071
  Epoch 6 [340/440] loss=0.1332 mask=0.1261 iou=0.0071
  Epoch 6 [350/440] loss=0.1328 mask=0.1258 iou=0.0070
  Epoch 6 [360/440] loss=0.1335 mask=0.1262 iou=0.0073
  Epoch 6 [370/440] loss=0.1336 mask=0.1263 iou=0.0073
  Epoch 6 [380/440] loss=0.1330 mask=0.1258 iou=0.0072
  Epoch 6 [390/440] loss=0.1320 mask=0.1249 iou=0.0071
  Epoch 6 [400/440] loss=0.1328 mask=0.1256 iou=0.0073
  Epoch 6 [410/440] loss=0.1322 mask=0.1250 iou=0.0072
  Epoch 6 [420/440] loss=0.1322 mask=0.1250 iou=0.0072
  Epoch 6 [430/440] loss=0.1327 mask=0.1255 iou=0.0072
  Epoch 6 [440/440] loss=0.1323 mask=0.1251 iou=0.0072
  Train: loss=0.1323 mask=0.1251 iou=0.0072 time=249.3s
  Val epoch 6: loss=0.1663
  Saved best phase1 model (val_loss=0.1663)

=== Phase1 Epoch 7/49 ===
  Epoch 7 [10/440] loss=0.1013 mask=0.0982 iou=0.0031
  Epoch 7 [20/440] loss=0.1096 mask=0.1060 iou=0.0036
  Epoch 7 [30/440] loss=0.1138 mask=0.1094 iou=0.0044
  Epoch 7 [40/440] loss=0.1294 mask=0.1229 iou=0.0066
  Epoch 7 [50/440] loss=0.1454 mask=0.1367 iou=0.0087
  Epoch 7 [60/440] loss=0.1397 mask=0.1313 iou=0.0084
  Epoch 7 [70/440] loss=0.1378 mask=0.1299 iou=0.0079
  Epoch 7 [80/440] loss=0.1390 mask=0.1312 iou=0.0078
  Epoch 7 [90/440] loss=0.1406 mask=0.1324 iou=0.0082
  Epoch 7 [100/440] loss=0.1417 mask=0.1331 iou=0.0086
  Epoch 7 [110/440] loss=0.1409 mask=0.1325 iou=0.0084
  Epoch 7 [120/440] loss=0.1383 mask=0.1301 iou=0.0081
  Epoch 7 [130/440] loss=0.1370 mask=0.1290 iou=0.0080
  Epoch 7 [140/440] loss=0.1341 mask=0.1264 iou=0.0076
  Epoch 7 [150/440] loss=0.1377 mask=0.1291 iou=0.0086
  Epoch 7 [160/440] loss=0.1356 mask=0.1272 iou=0.0084
  Epoch 7 [170/440] loss=0.1340 mask=0.1258 iou=0.0082
  Epoch 7 [180/440] loss=0.1339 mask=0.1259 iou=0.0080
  Epoch 7 [190/440] loss=0.1333 mask=0.1254 iou=0.0079
  Epoch 7 [200/440] loss=0.1329 mask=0.1249 iou=0.0079
  Epoch 7 [210/440] loss=0.1329 mask=0.1250 iou=0.0079
  Epoch 7 [220/440] loss=0.1324 mask=0.1246 iou=0.0078
  Epoch 7 [230/440] loss=0.1317 mask=0.1241 iou=0.0076
  Epoch 7 [240/440] loss=0.1321 mask=0.1244 iou=0.0077
  Epoch 7 [250/440] loss=0.1319 mask=0.1244 iou=0.0076
  Epoch 7 [260/440] loss=0.1315 mask=0.1241 iou=0.0074
  Epoch 7 [270/440] loss=0.1316 mask=0.1241 iou=0.0075
  Epoch 7 [280/440] loss=0.1310 mask=0.1236 iou=0.0074
  Epoch 7 [290/440] loss=0.1306 mask=0.1233 iou=0.0072
  Epoch 7 [300/440] loss=0.1297 mask=0.1225 iou=0.0071
  Epoch 7 [310/440] loss=0.1302 mask=0.1230 iou=0.0072
  Epoch 7 [320/440] loss=0.1295 mask=0.1224 iou=0.0071
  Epoch 7 [330/440] loss=0.1291 mask=0.1220 iou=0.0071
  Epoch 7 [340/440] loss=0.1288 mask=0.1219 iou=0.0070
  Epoch 7 [350/440] loss=0.1290 mask=0.1220 iou=0.0070
  Epoch 7 [360/440] loss=0.1287 mask=0.1219 iou=0.0069
  Epoch 7 [370/440] loss=0.1282 mask=0.1214 iou=0.0068
  Epoch 7 [380/440] loss=0.1275 mask=0.1208 iou=0.0067
  Epoch 7 [390/440] loss=0.1273 mask=0.1207 iou=0.0066
  Epoch 7 [400/440] loss=0.1270 mask=0.1205 iou=0.0066
  Epoch 7 [410/440] loss=0.1267 mask=0.1202 iou=0.0065
  Epoch 7 [420/440] loss=0.1272 mask=0.1206 iou=0.0066
  Epoch 7 [430/440] loss=0.1268 mask=0.1203 iou=0.0065
  Epoch 7 [440/440] loss=0.1269 mask=0.1204 iou=0.0065
  Train: loss=0.1269 mask=0.1204 iou=0.0065 time=252.1s
  Val epoch 7: loss=0.1652
  Saved best phase1 model (val_loss=0.1652)

=== Phase1 Epoch 8/49 ===
  Epoch 8 [10/440] loss=0.1206 mask=0.1142 iou=0.0064
  Epoch 8 [20/440] loss=0.1218 mask=0.1163 iou=0.0055
  Epoch 8 [30/440] loss=0.1229 mask=0.1181 iou=0.0047
  Epoch 8 [40/440] loss=0.1211 mask=0.1167 iou=0.0044
  Epoch 8 [50/440] loss=0.1210 mask=0.1169 iou=0.0041
  Epoch 8 [60/440] loss=0.1191 mask=0.1152 iou=0.0040
  Epoch 8 [70/440] loss=0.1166 mask=0.1125 iou=0.0041
  Epoch 8 [80/440] loss=0.1163 mask=0.1118 iou=0.0045
  Epoch 8 [90/440] loss=0.1198 mask=0.1143 iou=0.0055
  Epoch 8 [100/440] loss=0.1188 mask=0.1134 iou=0.0054
  Epoch 8 [110/440] loss=0.1188 mask=0.1134 iou=0.0054
  Epoch 8 [120/440] loss=0.1214 mask=0.1157 iou=0.0057
  Epoch 8 [130/440] loss=0.1236 mask=0.1173 iou=0.0063
  Epoch 8 [140/440] loss=0.1255 mask=0.1191 iou=0.0064
  Epoch 8 [150/440] loss=0.1251 mask=0.1188 iou=0.0063
  Epoch 8 [160/440] loss=0.1265 mask=0.1203 iou=0.0062
  Epoch 8 [170/440] loss=0.1262 mask=0.1201 iou=0.0061
  Epoch 8 [180/440] loss=0.1269 mask=0.1210 iou=0.0060
  Epoch 8 [190/440] loss=0.1274 mask=0.1216 iou=0.0059
  Epoch 8 [200/440] loss=0.1263 mask=0.1205 iou=0.0058
  Epoch 8 [210/440] loss=0.1271 mask=0.1212 iou=0.0059
  Epoch 8 [220/440] loss=0.1274 mask=0.1215 iou=0.0059
  Epoch 8 [230/440] loss=0.1273 mask=0.1214 iou=0.0059
  Epoch 8 [240/440] loss=0.1282 mask=0.1223 iou=0.0060
  Epoch 8 [250/440] loss=0.1271 mask=0.1212 iou=0.0059
  Epoch 8 [260/440] loss=0.1275 mask=0.1215 iou=0.0060
  Epoch 8 [270/440] loss=0.1269 mask=0.1210 iou=0.0059
  Epoch 8 [280/440] loss=0.1259 mask=0.1201 iou=0.0058
  Epoch 8 [290/440] loss=0.1255 mask=0.1197 iou=0.0057
  Epoch 8 [300/440] loss=0.1253 mask=0.1194 iou=0.0058
  Epoch 8 [310/440] loss=0.1252 mask=0.1194 iou=0.0058
  Epoch 8 [320/440] loss=0.1253 mask=0.1194 iou=0.0058
  Epoch 8 [330/440] loss=0.1244 mask=0.1186 iou=0.0057
  Epoch 8 [340/440] loss=0.1239 mask=0.1182 iou=0.0057
  Epoch 8 [350/440] loss=0.1238 mask=0.1180 iou=0.0057
  Epoch 8 [360/440] loss=0.1236 mask=0.1179 iou=0.0057
  Epoch 8 [370/440] loss=0.1238 mask=0.1181 iou=0.0056
  Epoch 8 [380/440] loss=0.1232 mask=0.1176 iou=0.0056
  Epoch 8 [390/440] loss=0.1231 mask=0.1175 iou=0.0056
  Epoch 8 [400/440] loss=0.1228 mask=0.1172 iou=0.0056
  Epoch 8 [410/440] loss=0.1226 mask=0.1171 iou=0.0056
  Epoch 8 [420/440] loss=0.1225 mask=0.1169 iou=0.0056
  Epoch 8 [430/440] loss=0.1218 mask=0.1163 iou=0.0055
  Epoch 8 [440/440] loss=0.1217 mask=0.1162 iou=0.0055
  Train: loss=0.1217 mask=0.1162 iou=0.0055 time=250.9s
  Val epoch 8: loss=0.1653

=== Phase1 Epoch 9/49 ===
  Epoch 9 [10/440] loss=0.1357 mask=0.1300 iou=0.0058
  Epoch 9 [20/440] loss=0.1147 mask=0.1103 iou=0.0044
  Epoch 9 [30/440] loss=0.1145 mask=0.1097 iou=0.0047
  Epoch 9 [40/440] loss=0.1182 mask=0.1137 iou=0.0044
  Epoch 9 [50/440] loss=0.1144 mask=0.1103 iou=0.0041
  Epoch 9 [60/440] loss=0.1173 mask=0.1119 iou=0.0054
  Epoch 9 [70/440] loss=0.1169 mask=0.1116 iou=0.0052
  Epoch 9 [80/440] loss=0.1205 mask=0.1150 iou=0.0055
  Epoch 9 [90/440] loss=0.1236 mask=0.1181 iou=0.0055
  Epoch 9 [100/440] loss=0.1212 mask=0.1156 iou=0.0056
  Epoch 9 [110/440] loss=0.1205 mask=0.1149 iou=0.0056
  Epoch 9 [120/440] loss=0.1230 mask=0.1172 iou=0.0058
  Epoch 9 [130/440] loss=0.1227 mask=0.1170 iou=0.0057
  Epoch 9 [140/440] loss=0.1215 mask=0.1159 iou=0.0056
  Epoch 9 [150/440] loss=0.1214 mask=0.1156 iou=0.0058
  Epoch 9 [160/440] loss=0.1211 mask=0.1153 iou=0.0058
  Epoch 9 [170/440] loss=0.1210 mask=0.1152 iou=0.0057
  Epoch 9 [180/440] loss=0.1195 mask=0.1139 iou=0.0056
  Epoch 9 [190/440] loss=0.1186 mask=0.1131 iou=0.0055
  Epoch 9 [200/440] loss=0.1180 mask=0.1125 iou=0.0054
  Epoch 9 [210/440] loss=0.1175 mask=0.1122 iou=0.0054
  Epoch 9 [220/440] loss=0.1184 mask=0.1130 iou=0.0054
  Epoch 9 [230/440] loss=0.1185 mask=0.1131 iou=0.0054
  Epoch 9 [240/440] loss=0.1178 mask=0.1125 iou=0.0053
  Epoch 9 [250/440] loss=0.1179 mask=0.1127 iou=0.0052
  Epoch 9 [260/440] loss=0.1178 mask=0.1126 iou=0.0052
  Epoch 9 [270/440] loss=0.1175 mask=0.1125 iou=0.0050
  Epoch 9 [280/440] loss=0.1174 mask=0.1124 iou=0.0050
  Epoch 9 [290/440] loss=0.1178 mask=0.1128 iou=0.0051
  Epoch 9 [300/440] loss=0.1180 mask=0.1128 iou=0.0052
  Epoch 9 [310/440] loss=0.1178 mask=0.1126 iou=0.0052
  Epoch 9 [320/440] loss=0.1179 mask=0.1127 iou=0.0052
  Epoch 9 [330/440] loss=0.1171 mask=0.1119 iou=0.0052
  Epoch 9 [340/440] loss=0.1162 mask=0.1111 iou=0.0051
  Epoch 9 [350/440] loss=0.1162 mask=0.1111 iou=0.0050
  Epoch 9 [360/440] loss=0.1160 mask=0.1109 iou=0.0050
  Epoch 9 [370/440] loss=0.1158 mask=0.1108 iou=0.0050
  Epoch 9 [380/440] loss=0.1153 mask=0.1104 iou=0.0049
  Epoch 9 [390/440] loss=0.1155 mask=0.1105 iou=0.0049
  Epoch 9 [400/440] loss=0.1160 mask=0.1111 iou=0.0049
  Epoch 9 [410/440] loss=0.1168 mask=0.1117 iou=0.0050
  Epoch 9 [420/440] loss=0.1170 mask=0.1120 iou=0.0050
  Epoch 9 [430/440] loss=0.1170 mask=0.1120 iou=0.0049
  Epoch 9 [440/440] loss=0.1173 mask=0.1123 iou=0.0049
  Train: loss=0.1173 mask=0.1123 iou=0.0049 time=248.9s
  Val epoch 9: loss=0.1585
  Saved best phase1 model (val_loss=0.1585)

=== Phase1 Epoch 10/49 ===
  Epoch 10 [10/440] loss=0.0990 mask=0.0956 iou=0.0034
  Epoch 10 [20/440] loss=0.1084 mask=0.1042 iou=0.0041
  Epoch 10 [30/440] loss=0.1103 mask=0.1061 iou=0.0043
  Epoch 10 [40/440] loss=0.1126 mask=0.1076 iou=0.0051
  Epoch 10 [50/440] loss=0.1073 mask=0.1025 iou=0.0048
  Epoch 10 [60/440] loss=0.1086 mask=0.1039 iou=0.0048
  Epoch 10 [70/440] loss=0.1111 mask=0.1064 iou=0.0047
  Epoch 10 [80/440] loss=0.1127 mask=0.1081 iou=0.0046
  Epoch 10 [90/440] loss=0.1134 mask=0.1089 iou=0.0046
  Epoch 10 [100/440] loss=0.1145 mask=0.1098 iou=0.0047
  Epoch 10 [110/440] loss=0.1128 mask=0.1082 iou=0.0047
  Epoch 10 [120/440] loss=0.1124 mask=0.1077 iou=0.0047
  Epoch 10 [130/440] loss=0.1119 mask=0.1073 iou=0.0046
  Epoch 10 [140/440] loss=0.1152 mask=0.1101 iou=0.0051
  Epoch 10 [150/440] loss=0.1151 mask=0.1102 iou=0.0049
  Epoch 10 [160/440] loss=0.1151 mask=0.1103 iou=0.0048
  Epoch 10 [170/440] loss=0.1152 mask=0.1103 iou=0.0049
  Epoch 10 [180/440] loss=0.1157 mask=0.1107 iou=0.0050
  Epoch 10 [190/440] loss=0.1160 mask=0.1110 iou=0.0049
  Epoch 10 [200/440] loss=0.1164 mask=0.1116 iou=0.0049
  Epoch 10 [210/440] loss=0.1162 mask=0.1114 iou=0.0048
  Epoch 10 [220/440] loss=0.1157 mask=0.1110 iou=0.0047
  Epoch 10 [230/440] loss=0.1162 mask=0.1115 iou=0.0047
  Epoch 10 [240/440] loss=0.1154 mask=0.1106 iou=0.0048
  Epoch 10 [250/440] loss=0.1154 mask=0.1106 iou=0.0048
  Epoch 10 [260/440] loss=0.1142 mask=0.1095 iou=0.0047
  Epoch 10 [270/440] loss=0.1142 mask=0.1095 iou=0.0047
  Epoch 10 [280/440] loss=0.1135 mask=0.1088 iou=0.0047
  Epoch 10 [290/440] loss=0.1130 mask=0.1083 iou=0.0046
  Epoch 10 [300/440] loss=0.1139 mask=0.1090 iou=0.0049
  Epoch 10 [310/440] loss=0.1142 mask=0.1092 iou=0.0050
  Epoch 10 [320/440] loss=0.1145 mask=0.1095 iou=0.0050
  Epoch 10 [330/440] loss=0.1152 mask=0.1101 iou=0.0051
  Epoch 10 [340/440] loss=0.1151 mask=0.1101 iou=0.0050
  Epoch 10 [350/440] loss=0.1149 mask=0.1100 iou=0.0049
  Epoch 10 [360/440] loss=0.1141 mask=0.1093 iou=0.0048
  Epoch 10 [370/440] loss=0.1140 mask=0.1092 iou=0.0048
  Epoch 10 [380/440] loss=0.1145 mask=0.1098 iou=0.0047
  Epoch 10 [390/440] loss=0.1149 mask=0.1102 iou=0.0047
  Epoch 10 [400/440] loss=0.1151 mask=0.1103 iou=0.0048
  Epoch 10 [410/440] loss=0.1150 mask=0.1103 iou=0.0047
  Epoch 10 [420/440] loss=0.1144 mask=0.1098 iou=0.0047
  Epoch 10 [430/440] loss=0.1142 mask=0.1095 iou=0.0047
  Epoch 10 [440/440] loss=0.1144 mask=0.1097 iou=0.0046
  Train: loss=0.1144 mask=0.1097 iou=0.0046 time=247.5s
  Val epoch 10: loss=0.1557
  Saved best phase1 model (val_loss=0.1557)

=== Phase1 Epoch 11/49 ===
  Epoch 11 [10/440] loss=0.1119 mask=0.1088 iou=0.0031
  Epoch 11 [20/440] loss=0.1203 mask=0.1141 iou=0.0062
  Epoch 11 [30/440] loss=0.1183 mask=0.1134 iou=0.0049
  Epoch 11 [40/440] loss=0.1167 mask=0.1118 iou=0.0048
  Epoch 11 [50/440] loss=0.1122 mask=0.1077 iou=0.0045
  Epoch 11 [60/440] loss=0.1094 mask=0.1050 iou=0.0044
  Epoch 11 [70/440] loss=0.1115 mask=0.1073 iou=0.0042
  Epoch 11 [80/440] loss=0.1158 mask=0.1115 iou=0.0043
  Epoch 11 [90/440] loss=0.1123 mask=0.1082 iou=0.0041
  Epoch 11 [100/440] loss=0.1163 mask=0.1117 iou=0.0046
  Epoch 11 [110/440] loss=0.1164 mask=0.1117 iou=0.0047
  Epoch 11 [120/440] loss=0.1143 mask=0.1098 iou=0.0046
  Epoch 11 [130/440] loss=0.1128 mask=0.1085 iou=0.0043
  Epoch 11 [140/440] loss=0.1122 mask=0.1078 iou=0.0044
  Epoch 11 [150/440] loss=0.1113 mask=0.1071 iou=0.0043
  Epoch 11 [160/440] loss=0.1113 mask=0.1069 iou=0.0043
  Epoch 11 [170/440] loss=0.1113 mask=0.1071 iou=0.0043
  Epoch 11 [180/440] loss=0.1112 mask=0.1069 iou=0.0043
  Epoch 11 [190/440] loss=0.1120 mask=0.1077 iou=0.0042
  Epoch 11 [200/440] loss=0.1124 mask=0.1081 iou=0.0043
  Epoch 11 [210/440] loss=0.1140 mask=0.1097 iou=0.0043
  Epoch 11 [220/440] loss=0.1128 mask=0.1085 iou=0.0043
  Epoch 11 [230/440] loss=0.1132 mask=0.1089 iou=0.0043
  Epoch 11 [240/440] loss=0.1134 mask=0.1091 iou=0.0044
  Epoch 11 [250/440] loss=0.1132 mask=0.1088 iou=0.0044
  Epoch 11 [260/440] loss=0.1127 mask=0.1084 iou=0.0043
  Epoch 11 [270/440] loss=0.1126 mask=0.1083 iou=0.0043
  Epoch 11 [280/440] loss=0.1121 mask=0.1078 iou=0.0043
  Epoch 11 [290/440] loss=0.1114 mask=0.1072 iou=0.0042
  Epoch 11 [300/440] loss=0.1111 mask=0.1069 iou=0.0042
  Epoch 11 [310/440] loss=0.1104 mask=0.1063 iou=0.0042
  Epoch 11 [320/440] loss=0.1101 mask=0.1059 iou=0.0042
  Epoch 11 [330/440] loss=0.1102 mask=0.1060 iou=0.0042
  Epoch 11 [340/440] loss=0.1101 mask=0.1059 iou=0.0042
  Epoch 11 [350/440] loss=0.1100 mask=0.1058 iou=0.0042
  Epoch 11 [360/440] loss=0.1100 mask=0.1058 iou=0.0042
  Epoch 11 [370/440] loss=0.1102 mask=0.1060 iou=0.0042
  Epoch 11 [380/440] loss=0.1105 mask=0.1063 iou=0.0042
  Epoch 11 [390/440] loss=0.1106 mask=0.1065 iou=0.0041
  Epoch 11 [400/440] loss=0.1107 mask=0.1066 iou=0.0042
  Epoch 11 [410/440] loss=0.1103 mask=0.1062 iou=0.0041
  Epoch 11 [420/440] loss=0.1102 mask=0.1061 iou=0.0042
  Epoch 11 [430/440] loss=0.1105 mask=0.1063 iou=0.0042
  Epoch 11 [440/440] loss=0.1108 mask=0.1066 iou=0.0042
  Train: loss=0.1108 mask=0.1066 iou=0.0042 time=253.3s
  Val epoch 11: loss=0.1522
  Saved best phase1 model (val_loss=0.1522)

=== Phase1 Epoch 12/49 ===
  Epoch 12 [10/440] loss=0.0923 mask=0.0899 iou=0.0024
  Epoch 12 [20/440] loss=0.0925 mask=0.0902 iou=0.0023
  Epoch 12 [30/440] loss=0.1107 mask=0.1053 iou=0.0054
  Epoch 12 [40/440] loss=0.1101 mask=0.1051 iou=0.0050
  Epoch 12 [50/440] loss=0.1057 mask=0.1011 iou=0.0046
  Epoch 12 [60/440] loss=0.1089 mask=0.1039 iou=0.0050
  Epoch 12 [70/440] loss=0.1126 mask=0.1075 iou=0.0051
  Epoch 12 [80/440] loss=0.1184 mask=0.1133 iou=0.0051
  Epoch 12 [90/440] loss=0.1185 mask=0.1136 iou=0.0049
  Epoch 12 [100/440] loss=0.1189 mask=0.1140 iou=0.0049
  Epoch 12 [110/440] loss=0.1169 mask=0.1123 iou=0.0047
  Epoch 12 [120/440] loss=0.1168 mask=0.1123 iou=0.0044
  Epoch 12 [130/440] loss=0.1154 mask=0.1110 iou=0.0044
  Epoch 12 [140/440] loss=0.1145 mask=0.1102 iou=0.0043
  Epoch 12 [150/440] loss=0.1148 mask=0.1105 iou=0.0043
  Epoch 12 [160/440] loss=0.1137 mask=0.1094 iou=0.0042
  Epoch 12 [170/440] loss=0.1118 mask=0.1077 iou=0.0041
  Epoch 12 [180/440] loss=0.1122 mask=0.1080 iou=0.0042
  Epoch 12 [190/440] loss=0.1109 mask=0.1068 iou=0.0041
  Epoch 12 [200/440] loss=0.1116 mask=0.1073 iou=0.0043
  Epoch 12 [210/440] loss=0.1130 mask=0.1083 iou=0.0047
  Epoch 12 [220/440] loss=0.1136 mask=0.1088 iou=0.0047
  Epoch 12 [230/440] loss=0.1129 mask=0.1082 iou=0.0047
  Epoch 12 [240/440] loss=0.1124 mask=0.1076 iou=0.0048
  Epoch 12 [250/440] loss=0.1119 mask=0.1072 iou=0.0047
  Epoch 12 [260/440] loss=0.1120 mask=0.1071 iou=0.0049
  Epoch 12 [270/440] loss=0.1113 mask=0.1064 iou=0.0048
  Epoch 12 [280/440] loss=0.1109 mask=0.1061 iou=0.0048
  Epoch 12 [290/440] loss=0.1104 mask=0.1057 iou=0.0047
  Epoch 12 [300/440] loss=0.1101 mask=0.1055 iou=0.0046
  Epoch 12 [310/440] loss=0.1099 mask=0.1052 iou=0.0046
  Epoch 12 [320/440] loss=0.1094 mask=0.1049 iou=0.0046
  Epoch 12 [330/440] loss=0.1088 mask=0.1044 iou=0.0045
  Epoch 12 [340/440] loss=0.1084 mask=0.1039 iou=0.0045
  Epoch 12 [350/440] loss=0.1087 mask=0.1042 iou=0.0045
  Epoch 12 [360/440] loss=0.1087 mask=0.1042 iou=0.0045
  Epoch 12 [370/440] loss=0.1081 mask=0.1037 iou=0.0044
  Epoch 12 [380/440] loss=0.1080 mask=0.1037 iou=0.0043
  Epoch 12 [390/440] loss=0.1077 mask=0.1034 iou=0.0043
  Epoch 12 [400/440] loss=0.1084 mask=0.1042 iou=0.0043
  Epoch 12 [410/440] loss=0.1084 mask=0.1042 iou=0.0042
  Epoch 12 [420/440] loss=0.1088 mask=0.1046 iou=0.0042
  Epoch 12 [430/440] loss=0.1089 mask=0.1047 iou=0.0042
  Epoch 12 [440/440] loss=0.1101 mask=0.1060 iou=0.0042
  Train: loss=0.1101 mask=0.1060 iou=0.0042 time=264.0s
  Val epoch 12: loss=0.1565

=== Phase1 Epoch 13/49 ===
  Epoch 13 [10/440] loss=0.1162 mask=0.1132 iou=0.0030
  Epoch 13 [20/440] loss=0.1297 mask=0.1252 iou=0.0045
  Epoch 13 [30/440] loss=0.1131 mask=0.1095 iou=0.0036
  Epoch 13 [40/440] loss=0.1150 mask=0.1112 iou=0.0038
  Epoch 13 [50/440] loss=0.1152 mask=0.1116 iou=0.0035
  Epoch 13 [60/440] loss=0.1178 mask=0.1141 iou=0.0038
  Epoch 13 [70/440] loss=0.1188 mask=0.1151 iou=0.0037
  Epoch 13 [80/440] loss=0.1220 mask=0.1180 iou=0.0040
  Epoch 13 [90/440] loss=0.1192 mask=0.1153 iou=0.0039
  Epoch 13 [100/440] loss=0.1180 mask=0.1140 iou=0.0040
  Epoch 13 [110/440] loss=0.1175 mask=0.1135 iou=0.0040
  Epoch 13 [120/440] loss=0.1159 mask=0.1120 iou=0.0039
  Epoch 13 [130/440] loss=0.1147 mask=0.1109 iou=0.0038
  Epoch 13 [140/440] loss=0.1133 mask=0.1096 iou=0.0037
  Epoch 13 [150/440] loss=0.1136 mask=0.1100 iou=0.0036
  Epoch 13 [160/440] loss=0.1132 mask=0.1096 iou=0.0035
  Epoch 13 [170/440] loss=0.1127 mask=0.1091 iou=0.0036
  Epoch 13 [180/440] loss=0.1120 mask=0.1084 iou=0.0036
  Epoch 13 [190/440] loss=0.1114 mask=0.1079 iou=0.0035
  Epoch 13 [200/440] loss=0.1110 mask=0.1074 iou=0.0036
  Epoch 13 [210/440] loss=0.1112 mask=0.1076 iou=0.0036
  Epoch 13 [220/440] loss=0.1108 mask=0.1070 iou=0.0037
  Epoch 13 [230/440] loss=0.1103 mask=0.1066 iou=0.0037
  Epoch 13 [240/440] loss=0.1097 mask=0.1060 iou=0.0036
  Epoch 13 [250/440] loss=0.1101 mask=0.1064 iou=0.0037
  Epoch 13 [260/440] loss=0.1106 mask=0.1069 iou=0.0037
  Epoch 13 [270/440] loss=0.1107 mask=0.1069 iou=0.0038
  Epoch 13 [280/440] loss=0.1107 mask=0.1069 iou=0.0038
  Epoch 13 [290/440] loss=0.1105 mask=0.1067 iou=0.0038
  Epoch 13 [300/440] loss=0.1103 mask=0.1065 iou=0.0038
  Epoch 13 [310/440] loss=0.1098 mask=0.1061 iou=0.0038
  Epoch 13 [320/440] loss=0.1094 mask=0.1057 iou=0.0037
  Epoch 13 [330/440] loss=0.1092 mask=0.1054 iou=0.0037
  Epoch 13 [340/440] loss=0.1090 mask=0.1053 iou=0.0037
  Epoch 13 [350/440] loss=0.1090 mask=0.1052 iou=0.0038
  Epoch 13 [360/440] loss=0.1090 mask=0.1052 iou=0.0038
  Epoch 13 [370/440] loss=0.1098 mask=0.1057 iou=0.0041
  Epoch 13 [380/440] loss=0.1100 mask=0.1059 iou=0.0041
  Epoch 13 [390/440] loss=0.1099 mask=0.1058 iou=0.0041
  Epoch 13 [400/440] loss=0.1092 mask=0.1052 iou=0.0041
  Epoch 13 [410/440] loss=0.1088 mask=0.1047 iou=0.0041
  Epoch 13 [420/440] loss=0.1084 mask=0.1044 iou=0.0040
  Epoch 13 [430/440] loss=0.1087 mask=0.1046 iou=0.0040
  Epoch 13 [440/440] loss=0.1081 mask=0.1041 iou=0.0040
  Train: loss=0.1081 mask=0.1041 iou=0.0040 time=256.9s
  Val epoch 13: loss=0.1517
  Saved best phase1 model (val_loss=0.1517)

=== Phase1 Epoch 14/49 ===
  Epoch 14 [10/440] loss=0.0874 mask=0.0838 iou=0.0035
  Epoch 14 [20/440] loss=0.0966 mask=0.0931 iou=0.0036
  Epoch 14 [30/440] loss=0.1040 mask=0.1000 iou=0.0040
  Epoch 14 [40/440] loss=0.1020 mask=0.0980 iou=0.0040
  Epoch 14 [50/440] loss=0.1041 mask=0.1000 iou=0.0041
  Epoch 14 [60/440] loss=0.1047 mask=0.1003 iou=0.0044
  Epoch 14 [70/440] loss=0.1039 mask=0.0998 iou=0.0041
  Epoch 14 [80/440] loss=0.1041 mask=0.0999 iou=0.0042
  Epoch 14 [90/440] loss=0.1050 mask=0.1009 iou=0.0041
  Epoch 14 [100/440] loss=0.1051 mask=0.1009 iou=0.0041
  Epoch 14 [110/440] loss=0.1063 mask=0.1023 iou=0.0040
  Epoch 14 [120/440] loss=0.1055 mask=0.1016 iou=0.0040
  Epoch 14 [130/440] loss=0.1040 mask=0.1002 iou=0.0039
  Epoch 14 [140/440] loss=0.1038 mask=0.1001 iou=0.0037
  Epoch 14 [150/440] loss=0.1030 mask=0.0994 iou=0.0036
  Epoch 14 [160/440] loss=0.1025 mask=0.0989 iou=0.0036
  Epoch 14 [170/440] loss=0.1034 mask=0.0999 iou=0.0035
  Epoch 14 [180/440] loss=0.1024 mask=0.0989 iou=0.0034
  Epoch 14 [190/440] loss=0.1024 mask=0.0991 iou=0.0034
  Epoch 14 [200/440] loss=0.1032 mask=0.0997 iou=0.0034
  Epoch 14 [210/440] loss=0.1028 mask=0.0993 iou=0.0034
  Epoch 14 [220/440] loss=0.1034 mask=0.1000 iou=0.0035
  Epoch 14 [230/440] loss=0.1037 mask=0.1003 iou=0.0034
  Epoch 14 [240/440] loss=0.1032 mask=0.0998 iou=0.0034
  Epoch 14 [250/440] loss=0.1045 mask=0.1009 iou=0.0036
  Epoch 14 [260/440] loss=0.1048 mask=0.1011 iou=0.0036
  Epoch 14 [270/440] loss=0.1061 mask=0.1024 iou=0.0037
  Epoch 14 [280/440] loss=0.1056 mask=0.1019 iou=0.0038
  Epoch 14 [290/440] loss=0.1066 mask=0.1029 iou=0.0037
  Epoch 14 [300/440] loss=0.1061 mask=0.1025 iou=0.0037
  Epoch 14 [310/440] loss=0.1068 mask=0.1031 iou=0.0038
  Epoch 14 [320/440] loss=0.1063 mask=0.1026 iou=0.0037
  Epoch 14 [330/440] loss=0.1059 mask=0.1022 iou=0.0037
  Epoch 14 [340/440] loss=0.1055 mask=0.1018 iou=0.0037
  Epoch 14 [350/440] loss=0.1058 mask=0.1021 iou=0.0036
  Epoch 14 [360/440] loss=0.1052 mask=0.1016 iou=0.0036
  Epoch 14 [370/440] loss=0.1056 mask=0.1019 iou=0.0037
  Epoch 14 [380/440] loss=0.1050 mask=0.1013 iou=0.0037
  Epoch 14 [390/440] loss=0.1048 mask=0.1012 iou=0.0036
  Epoch 14 [400/440] loss=0.1054 mask=0.1018 iou=0.0036
  Epoch 14 [410/440] loss=0.1057 mask=0.1021 iou=0.0036
  Epoch 14 [420/440] loss=0.1058 mask=0.1022 iou=0.0036
  Epoch 14 [430/440] loss=0.1055 mask=0.1020 iou=0.0036
  Epoch 14 [440/440] loss=0.1061 mask=0.1026 iou=0.0036
  Train: loss=0.1061 mask=0.1026 iou=0.0036 time=255.4s
  Val epoch 14: loss=0.1475
  Saved best phase1 model (val_loss=0.1475)

=== Phase1 Epoch 15/49 ===
  Epoch 15 [10/440] loss=0.1001 mask=0.0972 iou=0.0029
  Epoch 15 [20/440] loss=0.1107 mask=0.1082 iou=0.0025
  Epoch 15 [30/440] loss=0.1185 mask=0.1156 iou=0.0029
  Epoch 15 [40/440] loss=0.1259 mask=0.1220 iou=0.0039
  Epoch 15 [50/440] loss=0.1166 mask=0.1129 iou=0.0037
  Epoch 15 [60/440] loss=0.1138 mask=0.1102 iou=0.0036
  Epoch 15 [70/440] loss=0.1120 mask=0.1084 iou=0.0036
  Epoch 15 [80/440] loss=0.1103 mask=0.1067 iou=0.0036
  Epoch 15 [90/440] loss=0.1097 mask=0.1063 iou=0.0034
  Epoch 15 [100/440] loss=0.1113 mask=0.1076 iou=0.0036
  Epoch 15 [110/440] loss=0.1105 mask=0.1069 iou=0.0036
  Epoch 15 [120/440] loss=0.1104 mask=0.1068 iou=0.0036
  Epoch 15 [130/440] loss=0.1108 mask=0.1073 iou=0.0035
  Epoch 15 [140/440] loss=0.1101 mask=0.1067 iou=0.0035
  Epoch 15 [150/440] loss=0.1090 mask=0.1056 iou=0.0034
  Epoch 15 [160/440] loss=0.1095 mask=0.1059 iou=0.0036
  Epoch 15 [170/440] loss=0.1082 mask=0.1047 iou=0.0036
  Epoch 15 [180/440] loss=0.1078 mask=0.1043 iou=0.0035
  Epoch 15 [190/440] loss=0.1076 mask=0.1040 iou=0.0036
  Epoch 15 [200/440] loss=0.1079 mask=0.1043 iou=0.0036
  Epoch 15 [210/440] loss=0.1079 mask=0.1044 iou=0.0036
  Epoch 15 [220/440] loss=0.1075 mask=0.1039 iou=0.0036
  Epoch 15 [230/440] loss=0.1075 mask=0.1038 iou=0.0037
  Epoch 15 [240/440] loss=0.1070 mask=0.1034 iou=0.0037
  Epoch 15 [250/440] loss=0.1068 mask=0.1032 iou=0.0036
  Epoch 15 [260/440] loss=0.1066 mask=0.1030 iou=0.0036
  Epoch 15 [270/440] loss=0.1079 mask=0.1043 iou=0.0036
  Epoch 15 [280/440] loss=0.1074 mask=0.1038 iou=0.0036
  Epoch 15 [290/440] loss=0.1075 mask=0.1039 iou=0.0036
  Epoch 15 [300/440] loss=0.1082 mask=0.1044 iou=0.0038
  Epoch 15 [310/440] loss=0.1082 mask=0.1045 iou=0.0037
  Epoch 15 [320/440] loss=0.1078 mask=0.1042 iou=0.0037
  Epoch 15 [330/440] loss=0.1074 mask=0.1038 iou=0.0036
  Epoch 15 [340/440] loss=0.1075 mask=0.1039 iou=0.0036
  Epoch 15 [350/440] loss=0.1076 mask=0.1040 iou=0.0036
  Epoch 15 [360/440] loss=0.1068 mask=0.1032 iou=0.0036
  Epoch 15 [370/440] loss=0.1068 mask=0.1033 iou=0.0036
  Epoch 15 [380/440] loss=0.1065 mask=0.1030 iou=0.0035
  Epoch 15 [390/440] loss=0.1062 mask=0.1027 iou=0.0035
  Epoch 15 [400/440] loss=0.1061 mask=0.1026 iou=0.0035
  Epoch 15 [410/440] loss=0.1061 mask=0.1026 iou=0.0035
  Epoch 15 [420/440] loss=0.1061 mask=0.1026 iou=0.0035
  Epoch 15 [430/440] loss=0.1060 mask=0.1025 iou=0.0035
  Epoch 15 [440/440] loss=0.1055 mask=0.1020 iou=0.0035
  Train: loss=0.1055 mask=0.1020 iou=0.0035 time=256.5s
  Val epoch 15: loss=0.1482

=== Phase1 Epoch 16/49 ===
  Epoch 16 [10/440] loss=0.0893 mask=0.0869 iou=0.0024
  Epoch 16 [20/440] loss=0.0928 mask=0.0907 iou=0.0021
  Epoch 16 [30/440] loss=0.0951 mask=0.0928 iou=0.0023
  Epoch 16 [40/440] loss=0.0934 mask=0.0910 iou=0.0024
  Epoch 16 [50/440] loss=0.0975 mask=0.0951 iou=0.0024
  Epoch 16 [60/440] loss=0.0987 mask=0.0960 iou=0.0026
  Epoch 16 [70/440] loss=0.0982 mask=0.0956 iou=0.0026
  Epoch 16 [80/440] loss=0.1014 mask=0.0984 iou=0.0030
  Epoch 16 [90/440] loss=0.1027 mask=0.0997 iou=0.0029
  Epoch 16 [100/440] loss=0.1019 mask=0.0990 iou=0.0028
  Epoch 16 [110/440] loss=0.1015 mask=0.0988 iou=0.0027
  Epoch 16 [120/440] loss=0.1042 mask=0.1014 iou=0.0028
  Epoch 16 [130/440] loss=0.1047 mask=0.1018 iou=0.0029
  Epoch 16 [140/440] loss=0.1052 mask=0.1020 iou=0.0032
  Epoch 16 [150/440] loss=0.1050 mask=0.1016 iou=0.0034
  Epoch 16 [160/440] loss=0.1045 mask=0.1011 iou=0.0034
  Epoch 16 [170/440] loss=0.1058 mask=0.1022 iou=0.0036
  Epoch 16 [180/440] loss=0.1063 mask=0.1027 iou=0.0036
  Epoch 16 [190/440] loss=0.1056 mask=0.1021 iou=0.0035
  Epoch 16 [200/440] loss=0.1058 mask=0.1024 iou=0.0035
  Epoch 16 [210/440] loss=0.1066 mask=0.1032 iou=0.0034
  Epoch 16 [220/440] loss=0.1070 mask=0.1036 iou=0.0034
  Epoch 16 [230/440] loss=0.1058 mask=0.1025 iou=0.0034
  Epoch 16 [240/440] loss=0.1060 mask=0.1027 iou=0.0033
  Epoch 16 [250/440] loss=0.1054 mask=0.1022 iou=0.0032
  Epoch 16 [260/440] loss=0.1051 mask=0.1019 iou=0.0032
  Epoch 16 [270/440] loss=0.1049 mask=0.1017 iou=0.0032
  Epoch 16 [280/440] loss=0.1048 mask=0.1016 iou=0.0032
  Epoch 16 [290/440] loss=0.1048 mask=0.1016 iou=0.0032
  Epoch 16 [300/440] loss=0.1041 mask=0.1009 iou=0.0032
  Epoch 16 [310/440] loss=0.1048 mask=0.1016 iou=0.0032
  Epoch 16 [320/440] loss=0.1047 mask=0.1015 iou=0.0032
  Epoch 16 [330/440] loss=0.1041 mask=0.1008 iou=0.0032
  Epoch 16 [340/440] loss=0.1043 mask=0.1011 iou=0.0032
  Epoch 16 [350/440] loss=0.1041 mask=0.1009 iou=0.0032
  Epoch 16 [360/440] loss=0.1041 mask=0.1009 iou=0.0032
  Epoch 16 [370/440] loss=0.1045 mask=0.1013 iou=0.0032
  Epoch 16 [380/440] loss=0.1043 mask=0.1011 iou=0.0032
  Epoch 16 [390/440] loss=0.1042 mask=0.1010 iou=0.0032
  Epoch 16 [400/440] loss=0.1039 mask=0.1007 iou=0.0032
  Epoch 16 [410/440] loss=0.1034 mask=0.1003 iou=0.0032
  Epoch 16 [420/440] loss=0.1037 mask=0.1006 iou=0.0032
  Epoch 16 [430/440] loss=0.1038 mask=0.1006 iou=0.0032
  Epoch 16 [440/440] loss=0.1041 mask=0.1008 iou=0.0033
  Train: loss=0.1041 mask=0.1008 iou=0.0033 time=258.0s
  Val epoch 16: loss=0.1468
  Saved best phase1 model (val_loss=0.1468)

=== Phase1 Epoch 17/49 ===
  Epoch 17 [10/440] loss=0.0916 mask=0.0897 iou=0.0019
  Epoch 17 [20/440] loss=0.0980 mask=0.0960 iou=0.0019
  Epoch 17 [30/440] loss=0.0924 mask=0.0907 iou=0.0017
  Epoch 17 [40/440] loss=0.1011 mask=0.0974 iou=0.0037
  Epoch 17 [50/440] loss=0.0994 mask=0.0958 iou=0.0036
  Epoch 17 [60/440] loss=0.0973 mask=0.0939 iou=0.0034
  Epoch 17 [70/440] loss=0.1010 mask=0.0974 iou=0.0036
  Epoch 17 [80/440] loss=0.1028 mask=0.0990 iou=0.0038
  Epoch 17 [90/440] loss=0.1030 mask=0.0989 iou=0.0041
  Epoch 17 [100/440] loss=0.1042 mask=0.1003 iou=0.0039
  Epoch 17 [110/440] loss=0.1049 mask=0.1012 iou=0.0037
  Epoch 17 [120/440] loss=0.1062 mask=0.1025 iou=0.0037
  Epoch 17 [130/440] loss=0.1052 mask=0.1016 iou=0.0036
  Epoch 17 [140/440] loss=0.1040 mask=0.1006 iou=0.0034
  Epoch 17 [150/440] loss=0.1021 mask=0.0988 iou=0.0033
  Epoch 17 [160/440] loss=0.1025 mask=0.0992 iou=0.0033
  Epoch 17 [170/440] loss=0.1022 mask=0.0990 iou=0.0033
  Epoch 17 [180/440] loss=0.1019 mask=0.0986 iou=0.0033
  Epoch 17 [190/440] loss=0.1022 mask=0.0989 iou=0.0033
  Epoch 17 [200/440] loss=0.1032 mask=0.0999 iou=0.0033
  Epoch 17 [210/440] loss=0.1033 mask=0.1000 iou=0.0033
  Epoch 17 [220/440] loss=0.1019 mask=0.0987 iou=0.0032
  Epoch 17 [230/440] loss=0.1015 mask=0.0984 iou=0.0032
  Epoch 17 [240/440] loss=0.1017 mask=0.0986 iou=0.0031
  Epoch 17 [250/440] loss=0.1019 mask=0.0988 iou=0.0031
  Epoch 17 [260/440] loss=0.1011 mask=0.0981 iou=0.0030
  Epoch 17 [270/440] loss=0.1005 mask=0.0974 iou=0.0030
  Epoch 17 [280/440] loss=0.1002 mask=0.0972 iou=0.0030
  Epoch 17 [290/440] loss=0.1001 mask=0.0971 iou=0.0030
  Epoch 17 [300/440] loss=0.0995 mask=0.0966 iou=0.0030
  Epoch 17 [310/440] loss=0.0997 mask=0.0967 iou=0.0030
  Epoch 17 [320/440] loss=0.1003 mask=0.0973 iou=0.0030
  Epoch 17 [330/440] loss=0.1000 mask=0.0970 iou=0.0030
  Epoch 17 [340/440] loss=0.1012 mask=0.0982 iou=0.0030
  Epoch 17 [350/440] loss=0.1017 mask=0.0986 iou=0.0031
  Epoch 17 [360/440] loss=0.1022 mask=0.0990 iou=0.0032
  Epoch 17 [370/440] loss=0.1021 mask=0.0989 iou=0.0032
  Epoch 17 [380/440] loss=0.1023 mask=0.0991 iou=0.0033
  Epoch 17 [390/440] loss=0.1026 mask=0.0994 iou=0.0032
  Epoch 17 [400/440] loss=0.1025 mask=0.0993 iou=0.0032
  Epoch 17 [410/440] loss=0.1021 mask=0.0989 iou=0.0032
  Epoch 17 [420/440] loss=0.1019 mask=0.0987 iou=0.0032
  Epoch 17 [430/440] loss=0.1019 mask=0.0987 iou=0.0032
  Epoch 17 [440/440] loss=0.1017 mask=0.0985 iou=0.0032
  Train: loss=0.1017 mask=0.0985 iou=0.0032 time=256.8s
  Val epoch 17: loss=0.1443
  Saved best phase1 model (val_loss=0.1443)

=== Phase1 Epoch 18/49 ===
  Epoch 18 [10/440] loss=0.1152 mask=0.1116 iou=0.0037
  Epoch 18 [20/440] loss=0.1031 mask=0.1005 iou=0.0026
  Epoch 18 [30/440] loss=0.1019 mask=0.0994 iou=0.0025
  Epoch 18 [40/440] loss=0.0980 mask=0.0956 iou=0.0024
  Epoch 18 [50/440] loss=0.1024 mask=0.0998 iou=0.0026
  Epoch 18 [60/440] loss=0.0992 mask=0.0968 iou=0.0025
  Epoch 18 [70/440] loss=0.1004 mask=0.0978 iou=0.0026
  Epoch 18 [80/440] loss=0.1028 mask=0.1001 iou=0.0027
  Epoch 18 [90/440] loss=0.1021 mask=0.0993 iou=0.0027
  Epoch 18 [100/440] loss=0.1019 mask=0.0990 iou=0.0029
  Epoch 18 [110/440] loss=0.1024 mask=0.0994 iou=0.0030
  Epoch 18 [120/440] loss=0.1031 mask=0.1002 iou=0.0029
  Epoch 18 [130/440] loss=0.1022 mask=0.0992 iou=0.0029
  Epoch 18 [140/440] loss=0.1018 mask=0.0990 iou=0.0029
  Epoch 18 [150/440] loss=0.1006 mask=0.0978 iou=0.0028
  Epoch 18 [160/440] loss=0.1007 mask=0.0978 iou=0.0029
  Epoch 18 [170/440] loss=0.1004 mask=0.0976 iou=0.0028
  Epoch 18 [180/440] loss=0.1015 mask=0.0986 iou=0.0029
  Epoch 18 [190/440] loss=0.1022 mask=0.0993 iou=0.0029
  Epoch 18 [200/440] loss=0.1017 mask=0.0988 iou=0.0029
  Epoch 18 [210/440] loss=0.1036 mask=0.1005 iou=0.0030
  Epoch 18 [220/440] loss=0.1026 mask=0.0996 iou=0.0030
  Epoch 18 [230/440] loss=0.1044 mask=0.1013 iou=0.0031
  Epoch 18 [240/440] loss=0.1035 mask=0.1004 iou=0.0031
  Epoch 18 [250/440] loss=0.1035 mask=0.1003 iou=0.0032
  Epoch 18 [260/440] loss=0.1027 mask=0.0996 iou=0.0031
  Epoch 18 [270/440] loss=0.1029 mask=0.0998 iou=0.0031
  Epoch 18 [280/440] loss=0.1036 mask=0.1004 iou=0.0032
  Epoch 18 [290/440] loss=0.1042 mask=0.1008 iou=0.0033
  Epoch 18 [300/440] loss=0.1042 mask=0.1009 iou=0.0033
  Epoch 18 [310/440] loss=0.1046 mask=0.1012 iou=0.0033
  Epoch 18 [320/440] loss=0.1042 mask=0.1009 iou=0.0033
  Epoch 18 [330/440] loss=0.1035 mask=0.1002 iou=0.0033
  Epoch 18 [340/440] loss=0.1034 mask=0.1000 iou=0.0033
  Epoch 18 [350/440] loss=0.1043 mask=0.1009 iou=0.0035
  Epoch 18 [360/440] loss=0.1045 mask=0.1010 iou=0.0034
  Epoch 18 [370/440] loss=0.1042 mask=0.1007 iou=0.0034
  Epoch 18 [380/440] loss=0.1045 mask=0.1011 iou=0.0034
  Epoch 18 [390/440] loss=0.1044 mask=0.1010 iou=0.0034
  Epoch 18 [400/440] loss=0.1039 mask=0.1006 iou=0.0033
  Epoch 18 [410/440] loss=0.1037 mask=0.1003 iou=0.0033
  Epoch 18 [420/440] loss=0.1036 mask=0.1003 iou=0.0033
  Epoch 18 [430/440] loss=0.1032 mask=0.0999 iou=0.0033
  Epoch 18 [440/440] loss=0.1036 mask=0.1002 iou=0.0033
  Train: loss=0.1036 mask=0.1002 iou=0.0033 time=252.2s
  Val epoch 18: loss=0.1412
  Saved best phase1 model (val_loss=0.1412)

=== Phase1 Epoch 19/49 ===
  Epoch 19 [10/440] loss=0.1030 mask=0.1009 iou=0.0022
  Epoch 19 [20/440] loss=0.1096 mask=0.1069 iou=0.0027
  Epoch 19 [30/440] loss=0.1144 mask=0.1116 iou=0.0028
  Epoch 19 [40/440] loss=0.1101 mask=0.1072 iou=0.0030
  Epoch 19 [50/440] loss=0.1090 mask=0.1063 iou=0.0028
  Epoch 19 [60/440] loss=0.1072 mask=0.1038 iou=0.0034
  Epoch 19 [70/440] loss=0.1068 mask=0.1035 iou=0.0032
  Epoch 19 [80/440] loss=0.1047 mask=0.1016 iou=0.0031
  Epoch 19 [90/440] loss=0.1047 mask=0.1016 iou=0.0031
  Epoch 19 [100/440] loss=0.1050 mask=0.1019 iou=0.0031
  Epoch 19 [110/440] loss=0.1020 mask=0.0989 iou=0.0031
  Epoch 19 [120/440] loss=0.1017 mask=0.0985 iou=0.0032
  Epoch 19 [130/440] loss=0.1014 mask=0.0983 iou=0.0030
  Epoch 19 [140/440] loss=0.1005 mask=0.0975 iou=0.0030
  Epoch 19 [150/440] loss=0.1022 mask=0.0992 iou=0.0031
  Epoch 19 [160/440] loss=0.1021 mask=0.0989 iou=0.0031
  Epoch 19 [170/440] loss=0.1014 mask=0.0983 iou=0.0031
  Epoch 19 [180/440] loss=0.1014 mask=0.0984 iou=0.0031
  Epoch 19 [190/440] loss=0.1014 mask=0.0984 iou=0.0031
  Epoch 19 [200/440] loss=0.1012 mask=0.0982 iou=0.0030
  Epoch 19 [210/440] loss=0.1011 mask=0.0981 iou=0.0030
  Epoch 19 [220/440] loss=0.1015 mask=0.0985 iou=0.0031
  Epoch 19 [230/440] loss=0.1012 mask=0.0982 iou=0.0030
  Epoch 19 [240/440] loss=0.1010 mask=0.0980 iou=0.0030
  Epoch 19 [250/440] loss=0.1008 mask=0.0978 iou=0.0030
  Epoch 19 [260/440] loss=0.1002 mask=0.0973 iou=0.0029
  Epoch 19 [270/440] loss=0.0996 mask=0.0966 iou=0.0029
  Epoch 19 [280/440] loss=0.0996 mask=0.0966 iou=0.0030
  Epoch 19 [290/440] loss=0.1009 mask=0.0978 iou=0.0030
  Epoch 19 [300/440] loss=0.1013 mask=0.0982 iou=0.0032
  Epoch 19 [310/440] loss=0.1013 mask=0.0982 iou=0.0031
  Epoch 19 [320/440] loss=0.1011 mask=0.0980 iou=0.0031
  Epoch 19 [330/440] loss=0.1009 mask=0.0978 iou=0.0031
  Epoch 19 [340/440] loss=0.1008 mask=0.0977 iou=0.0031
  Epoch 19 [350/440] loss=0.1010 mask=0.0979 iou=0.0031
  Epoch 19 [360/440] loss=0.1007 mask=0.0976 iou=0.0031
  Epoch 19 [370/440] loss=0.1004 mask=0.0972 iou=0.0031
  Epoch 19 [380/440] loss=0.1000 mask=0.0969 iou=0.0031
  Epoch 19 [390/440] loss=0.0997 mask=0.0966 iou=0.0031
  Epoch 19 [400/440] loss=0.1000 mask=0.0969 iou=0.0031
  Epoch 19 [410/440] loss=0.1002 mask=0.0971 iou=0.0031
  Epoch 19 [420/440] loss=0.1000 mask=0.0969 iou=0.0031
  Epoch 19 [430/440] loss=0.1003 mask=0.0972 iou=0.0031
  Epoch 19 [440/440] loss=0.1006 mask=0.0975 iou=0.0031
  Train: loss=0.1006 mask=0.0975 iou=0.0031 time=250.5s
  Val epoch 19: loss=0.1436

=== Phase1 Epoch 20/49 ===
  Epoch 20 [10/440] loss=0.0859 mask=0.0844 iou=0.0016
  Epoch 20 [20/440] loss=0.0910 mask=0.0896 iou=0.0014
  Epoch 20 [30/440] loss=0.0925 mask=0.0905 iou=0.0019
  Epoch 20 [40/440] loss=0.0940 mask=0.0918 iou=0.0022
  Epoch 20 [50/440] loss=0.0915 mask=0.0892 iou=0.0023
  Epoch 20 [60/440] loss=0.0933 mask=0.0907 iou=0.0027
  Epoch 20 [70/440] loss=0.0918 mask=0.0892 iou=0.0026
  Epoch 20 [80/440] loss=0.0912 mask=0.0887 iou=0.0025
  Epoch 20 [90/440] loss=0.0930 mask=0.0904 iou=0.0026
  Epoch 20 [100/440] loss=0.0933 mask=0.0907 iou=0.0026
  Epoch 20 [110/440] loss=0.0952 mask=0.0925 iou=0.0027
  Epoch 20 [120/440] loss=0.0958 mask=0.0931 iou=0.0027
  Epoch 20 [130/440] loss=0.0964 mask=0.0936 iou=0.0028
  Epoch 20 [140/440] loss=0.0963 mask=0.0936 iou=0.0027
  Epoch 20 [150/440] loss=0.0968 mask=0.0941 iou=0.0028
  Epoch 20 [160/440] loss=0.0982 mask=0.0954 iou=0.0028
  Epoch 20 [170/440] loss=0.0992 mask=0.0964 iou=0.0028
  Epoch 20 [180/440] loss=0.0987 mask=0.0959 iou=0.0028
  Epoch 20 [190/440] loss=0.0979 mask=0.0951 iou=0.0028
  Epoch 20 [200/440] loss=0.0984 mask=0.0956 iou=0.0028
  Epoch 20 [210/440] loss=0.0981 mask=0.0952 iou=0.0029
  Epoch 20 [220/440] loss=0.0979 mask=0.0950 iou=0.0029
  Epoch 20 [230/440] loss=0.0976 mask=0.0948 iou=0.0028
  Epoch 20 [240/440] loss=0.0976 mask=0.0949 iou=0.0027
  Epoch 20 [250/440] loss=0.0983 mask=0.0955 iou=0.0028
  Epoch 20 [260/440] loss=0.0981 mask=0.0953 iou=0.0027
  Epoch 20 [270/440] loss=0.0990 mask=0.0962 iou=0.0028
  Epoch 20 [280/440] loss=0.0985 mask=0.0957 iou=0.0028
  Epoch 20 [290/440] loss=0.0985 mask=0.0957 iou=0.0027
  Epoch 20 [300/440] loss=0.0987 mask=0.0959 iou=0.0028
  Epoch 20 [310/440] loss=0.0988 mask=0.0960 iou=0.0028
  Epoch 20 [320/440] loss=0.0998 mask=0.0971 iou=0.0028
  Epoch 20 [330/440] loss=0.0991 mask=0.0963 iou=0.0028
  Epoch 20 [340/440] loss=0.0993 mask=0.0965 iou=0.0028
  Epoch 20 [350/440] loss=0.0987 mask=0.0960 iou=0.0028
  Epoch 20 [360/440] loss=0.0993 mask=0.0965 iou=0.0028
  Epoch 20 [370/440] loss=0.0989 mask=0.0960 iou=0.0028
  Epoch 20 [380/440] loss=0.0988 mask=0.0960 iou=0.0028
  Epoch 20 [390/440] loss=0.0989 mask=0.0961 iou=0.0028
  Epoch 20 [400/440] loss=0.0986 mask=0.0959 iou=0.0028
  Epoch 20 [410/440] loss=0.0983 mask=0.0956 iou=0.0027
  Epoch 20 [420/440] loss=0.0983 mask=0.0956 iou=0.0027
  Epoch 20 [430/440] loss=0.0981 mask=0.0954 iou=0.0028
  Epoch 20 [440/440] loss=0.0985 mask=0.0958 iou=0.0028
  Train: loss=0.0985 mask=0.0958 iou=0.0028 time=260.9s
  Val epoch 20: loss=0.1412

=== Phase1 Epoch 21/49 ===
  Epoch 21 [10/440] loss=0.1020 mask=0.0978 iou=0.0042
  Epoch 21 [20/440] loss=0.1039 mask=0.1004 iou=0.0035
  Epoch 21 [30/440] loss=0.0955 mask=0.0925 iou=0.0030
  Epoch 21 [40/440] loss=0.1004 mask=0.0970 iou=0.0034
  Epoch 21 [50/440] loss=0.1007 mask=0.0975 iou=0.0032
  Epoch 21 [60/440] loss=0.1023 mask=0.0989 iou=0.0034
  Epoch 21 [70/440] loss=0.1024 mask=0.0991 iou=0.0032
  Epoch 21 [80/440] loss=0.1021 mask=0.0990 iou=0.0031
  Epoch 21 [90/440] loss=0.0998 mask=0.0969 iou=0.0030
  Epoch 21 [100/440] loss=0.1000 mask=0.0971 iou=0.0028
  Epoch 21 [110/440] loss=0.0989 mask=0.0962 iou=0.0028
  Epoch 21 [120/440] loss=0.0989 mask=0.0961 iou=0.0028
  Epoch 21 [130/440] loss=0.0978 mask=0.0951 iou=0.0027
  Epoch 21 [140/440] loss=0.0975 mask=0.0947 iou=0.0027
  Epoch 21 [150/440] loss=0.0974 mask=0.0947 iou=0.0027
  Epoch 21 [160/440] loss=0.0975 mask=0.0948 iou=0.0027
  Epoch 21 [170/440] loss=0.0964 mask=0.0937 iou=0.0027
  Epoch 21 [180/440] loss=0.0961 mask=0.0934 iou=0.0027
  Epoch 21 [190/440] loss=0.0965 mask=0.0938 iou=0.0027
  Epoch 21 [200/440] loss=0.0960 mask=0.0933 iou=0.0027
  Epoch 21 [210/440] loss=0.0959 mask=0.0932 iou=0.0028
  Epoch 21 [220/440] loss=0.0960 mask=0.0933 iou=0.0028
  Epoch 21 [230/440] loss=0.0960 mask=0.0932 iou=0.0028
  Epoch 21 [240/440] loss=0.0967 mask=0.0939 iou=0.0028
  Epoch 21 [250/440] loss=0.0969 mask=0.0942 iou=0.0028
  Epoch 21 [260/440] loss=0.0970 mask=0.0943 iou=0.0027
  Epoch 21 [270/440] loss=0.0967 mask=0.0941 iou=0.0027
  Epoch 21 [280/440] loss=0.0977 mask=0.0949 iou=0.0028
  Epoch 21 [290/440] loss=0.0974 mask=0.0947 iou=0.0027
  Epoch 21 [300/440] loss=0.0968 mask=0.0941 iou=0.0027
  Epoch 21 [310/440] loss=0.0971 mask=0.0943 iou=0.0027
  Epoch 21 [320/440] loss=0.0978 mask=0.0951 iou=0.0027
  Epoch 21 [330/440] loss=0.0989 mask=0.0960 iou=0.0029
  Epoch 21 [340/440] loss=0.0984 mask=0.0955 iou=0.0029
  Epoch 21 [350/440] loss=0.0983 mask=0.0955 iou=0.0029
  Epoch 21 [360/440] loss=0.0989 mask=0.0960 iou=0.0029
  Epoch 21 [370/440] loss=0.0991 mask=0.0962 iou=0.0029
  Epoch 21 [380/440] loss=0.0993 mask=0.0964 iou=0.0029
  Epoch 21 [390/440] loss=0.0986 mask=0.0958 iou=0.0029
  Epoch 21 [400/440] loss=0.0987 mask=0.0958 iou=0.0029
  Epoch 21 [410/440] loss=0.0983 mask=0.0954 iou=0.0029
  Epoch 21 [420/440] loss=0.0978 mask=0.0949 iou=0.0029
  Epoch 21 [430/440] loss=0.0978 mask=0.0949 iou=0.0029
  Epoch 21 [440/440] loss=0.0978 mask=0.0950 iou=0.0029
  Train: loss=0.0978 mask=0.0950 iou=0.0029 time=254.1s
  Val epoch 21: loss=0.1394
  Saved best phase1 model (val_loss=0.1394)

=== Phase1 Epoch 22/49 ===
  Epoch 22 [10/440] loss=0.0948 mask=0.0922 iou=0.0026
  Epoch 22 [20/440] loss=0.0904 mask=0.0881 iou=0.0023
  Epoch 22 [30/440] loss=0.0969 mask=0.0936 iou=0.0033
  Epoch 22 [40/440] loss=0.0956 mask=0.0926 iou=0.0030
  Epoch 22 [50/440] loss=0.0985 mask=0.0954 iou=0.0031
  Epoch 22 [60/440] loss=0.0982 mask=0.0953 iou=0.0029
  Epoch 22 [70/440] loss=0.0985 mask=0.0954 iou=0.0032
  Epoch 22 [80/440] loss=0.0996 mask=0.0964 iou=0.0032
  Epoch 22 [90/440] loss=0.1011 mask=0.0979 iou=0.0032
  Epoch 22 [100/440] loss=0.1002 mask=0.0972 iou=0.0030
  Epoch 22 [110/440] loss=0.1014 mask=0.0984 iou=0.0030
  Epoch 22 [120/440] loss=0.1012 mask=0.0982 iou=0.0029
  Epoch 22 [130/440] loss=0.1003 mask=0.0974 iou=0.0029
  Epoch 22 [140/440] loss=0.0998 mask=0.0969 iou=0.0029
  Epoch 22 [150/440] loss=0.0985 mask=0.0958 iou=0.0027
  Epoch 22 [160/440] loss=0.0988 mask=0.0962 iou=0.0026
  Epoch 22 [170/440] loss=0.0999 mask=0.0973 iou=0.0026
  Epoch 22 [180/440] loss=0.1005 mask=0.0979 iou=0.0026
  Epoch 22 [190/440] loss=0.1001 mask=0.0975 iou=0.0026
  Epoch 22 [200/440] loss=0.0997 mask=0.0970 iou=0.0026
  Epoch 22 [210/440] loss=0.0987 mask=0.0961 iou=0.0026
  Epoch 22 [220/440] loss=0.0982 mask=0.0956 iou=0.0026
  Epoch 22 [230/440] loss=0.0976 mask=0.0950 iou=0.0026
  Epoch 22 [240/440] loss=0.0970 mask=0.0945 iou=0.0025
  Epoch 22 [250/440] loss=0.0984 mask=0.0957 iou=0.0027
  Epoch 22 [260/440] loss=0.0976 mask=0.0950 iou=0.0027
  Epoch 22 [270/440] loss=0.0983 mask=0.0956 iou=0.0027
  Epoch 22 [280/440] loss=0.0979 mask=0.0952 iou=0.0027
  Epoch 22 [290/440] loss=0.0977 mask=0.0951 iou=0.0027
  Epoch 22 [300/440] loss=0.0978 mask=0.0952 iou=0.0026
  Epoch 22 [310/440] loss=0.0979 mask=0.0952 iou=0.0026
  Epoch 22 [320/440] loss=0.0985 mask=0.0959 iou=0.0027
  Epoch 22 [330/440] loss=0.0979 mask=0.0952 iou=0.0026
  Epoch 22 [340/440] loss=0.0972 mask=0.0946 iou=0.0026
  Epoch 22 [350/440] loss=0.0977 mask=0.0951 iou=0.0026
  Epoch 22 [360/440] loss=0.0979 mask=0.0953 iou=0.0026
  Epoch 22 [370/440] loss=0.0980 mask=0.0953 iou=0.0026
  Epoch 22 [380/440] loss=0.0978 mask=0.0952 iou=0.0026
  Epoch 22 [390/440] loss=0.0980 mask=0.0954 iou=0.0026
  Epoch 22 [400/440] loss=0.0977 mask=0.0951 iou=0.0026
  Epoch 22 [410/440] loss=0.0971 mask=0.0945 iou=0.0026
  Epoch 22 [420/440] loss=0.0970 mask=0.0945 iou=0.0026
  Epoch 22 [430/440] loss=0.0969 mask=0.0943 iou=0.0026
  Epoch 22 [440/440] loss=0.0967 mask=0.0941 iou=0.0026
  Train: loss=0.0967 mask=0.0941 iou=0.0026 time=253.9s
  Val epoch 22: loss=0.1381
  Saved best phase1 model (val_loss=0.1381)

=== Phase1 Epoch 23/49 ===
  Epoch 23 [10/440] loss=0.0988 mask=0.0969 iou=0.0019
  Epoch 23 [20/440] loss=0.1038 mask=0.1014 iou=0.0024
  Epoch 23 [30/440] loss=0.0997 mask=0.0973 iou=0.0024
  Epoch 23 [40/440] loss=0.0996 mask=0.0971 iou=0.0025
  Epoch 23 [50/440] loss=0.0990 mask=0.0967 iou=0.0024
  Epoch 23 [60/440] loss=0.0967 mask=0.0943 iou=0.0024
  Epoch 23 [70/440] loss=0.0986 mask=0.0962 iou=0.0024
  Epoch 23 [80/440] loss=0.0981 mask=0.0957 iou=0.0024
  Epoch 23 [90/440] loss=0.0994 mask=0.0970 iou=0.0025
  Epoch 23 [100/440] loss=0.1026 mask=0.1000 iou=0.0026
  Epoch 23 [110/440] loss=0.1014 mask=0.0989 iou=0.0025
  Epoch 23 [120/440] loss=0.1007 mask=0.0982 iou=0.0025
  Epoch 23 [130/440] loss=0.1001 mask=0.0976 iou=0.0025
  Epoch 23 [140/440] loss=0.1001 mask=0.0976 iou=0.0026
  Epoch 23 [150/440] loss=0.1002 mask=0.0975 iou=0.0027
  Epoch 23 [160/440] loss=0.1008 mask=0.0981 iou=0.0027
  Epoch 23 [170/440] loss=0.0997 mask=0.0971 iou=0.0027
  Epoch 23 [180/440] loss=0.0995 mask=0.0968 iou=0.0026
  Epoch 23 [190/440] loss=0.0990 mask=0.0964 iou=0.0026
  Epoch 23 [200/440] loss=0.0988 mask=0.0963 iou=0.0026
  Epoch 23 [210/440] loss=0.0987 mask=0.0961 iou=0.0025
  Epoch 23 [220/440] loss=0.0982 mask=0.0957 iou=0.0025
  Epoch 23 [230/440] loss=0.0990 mask=0.0965 iou=0.0025
  Epoch 23 [240/440] loss=0.0993 mask=0.0968 iou=0.0026
  Epoch 23 [250/440] loss=0.1002 mask=0.0976 iou=0.0027
  Epoch 23 [260/440] loss=0.1001 mask=0.0974 iou=0.0027
  Epoch 23 [270/440] loss=0.0996 mask=0.0969 iou=0.0027
  Epoch 23 [280/440] loss=0.0989 mask=0.0963 iou=0.0026
  Epoch 23 [290/440] loss=0.0988 mask=0.0962 iou=0.0026
  Epoch 23 [300/440] loss=0.0983 mask=0.0957 iou=0.0026
  Epoch 23 [310/440] loss=0.0978 mask=0.0952 iou=0.0026
  Epoch 23 [320/440] loss=0.0975 mask=0.0949 iou=0.0025
  Epoch 23 [330/440] loss=0.0973 mask=0.0947 iou=0.0026
  Epoch 23 [340/440] loss=0.0971 mask=0.0946 iou=0.0025
  Epoch 23 [350/440] loss=0.0965 mask=0.0940 iou=0.0025
  Epoch 23 [360/440] loss=0.0963 mask=0.0939 iou=0.0025
  Epoch 23 [370/440] loss=0.0959 mask=0.0934 iou=0.0025
  Epoch 23 [380/440] loss=0.0960 mask=0.0935 iou=0.0025
  Epoch 23 [390/440] loss=0.0961 mask=0.0936 iou=0.0025
  Epoch 23 [400/440] loss=0.0966 mask=0.0940 iou=0.0026
  Epoch 23 [410/440] loss=0.0968 mask=0.0942 iou=0.0026
  Epoch 23 [420/440] loss=0.0965 mask=0.0939 iou=0.0026
  Epoch 23 [430/440] loss=0.0964 mask=0.0938 iou=0.0026
  Epoch 23 [440/440] loss=0.0965 mask=0.0939 iou=0.0026
  Train: loss=0.0965 mask=0.0939 iou=0.0026 time=255.9s
  Val epoch 23: loss=0.1350
  Saved best phase1 model (val_loss=0.1350)

=== Phase1 Epoch 24/49 ===
  Epoch 24 [10/440] loss=0.0991 mask=0.0966 iou=0.0025
  Epoch 24 [20/440] loss=0.0896 mask=0.0876 iou=0.0020
  Epoch 24 [30/440] loss=0.0907 mask=0.0888 iou=0.0020
  Epoch 24 [40/440] loss=0.0916 mask=0.0896 iou=0.0020
  Epoch 24 [50/440] loss=0.0896 mask=0.0876 iou=0.0019
  Epoch 24 [60/440] loss=0.0911 mask=0.0891 iou=0.0020
  Epoch 24 [70/440] loss=0.0892 mask=0.0873 iou=0.0019
  Epoch 24 [80/440] loss=0.0907 mask=0.0888 iou=0.0020
  Epoch 24 [90/440] loss=0.0926 mask=0.0906 iou=0.0020
  Epoch 24 [100/440] loss=0.0918 mask=0.0899 iou=0.0019
  Epoch 24 [110/440] loss=0.0937 mask=0.0916 iou=0.0020
  Epoch 24 [120/440] loss=0.0950 mask=0.0930 iou=0.0020
  Epoch 24 [130/440] loss=0.0934 mask=0.0914 iou=0.0020
  Epoch 24 [140/440] loss=0.0935 mask=0.0915 iou=0.0020
  Epoch 24 [150/440] loss=0.0932 mask=0.0912 iou=0.0020
  Epoch 24 [160/440] loss=0.0935 mask=0.0914 iou=0.0021
  Epoch 24 [170/440] loss=0.0942 mask=0.0919 iou=0.0023
  Epoch 24 [180/440] loss=0.0928 mask=0.0906 iou=0.0022
  Epoch 24 [190/440] loss=0.0933 mask=0.0910 iou=0.0023
  Epoch 24 [200/440] loss=0.0931 mask=0.0909 iou=0.0023
  Epoch 24 [210/440] loss=0.0926 mask=0.0904 iou=0.0022
  Epoch 24 [220/440] loss=0.0935 mask=0.0912 iou=0.0023
  Epoch 24 [230/440] loss=0.0933 mask=0.0910 iou=0.0023
  Epoch 24 [240/440] loss=0.0934 mask=0.0911 iou=0.0024
  Epoch 24 [250/440] loss=0.0946 mask=0.0923 iou=0.0024
  Epoch 24 [260/440] loss=0.0953 mask=0.0928 iou=0.0024
  Epoch 24 [270/440] loss=0.0956 mask=0.0931 iou=0.0025
  Epoch 24 [280/440] loss=0.0959 mask=0.0934 iou=0.0025
  Epoch 24 [290/440] loss=0.0958 mask=0.0933 iou=0.0025
  Epoch 24 [300/440] loss=0.0951 mask=0.0927 iou=0.0025
  Epoch 24 [310/440] loss=0.0949 mask=0.0924 iou=0.0025
  Epoch 24 [320/440] loss=0.0952 mask=0.0927 iou=0.0025
  Epoch 24 [330/440] loss=0.0956 mask=0.0931 iou=0.0025
  Epoch 24 [340/440] loss=0.0953 mask=0.0928 iou=0.0025
  Epoch 24 [350/440] loss=0.0952 mask=0.0927 iou=0.0025
  Epoch 24 [360/440] loss=0.0952 mask=0.0927 iou=0.0025
  Epoch 24 [370/440] loss=0.0957 mask=0.0931 iou=0.0026
  Epoch 24 [380/440] loss=0.0957 mask=0.0931 iou=0.0026
  Epoch 24 [390/440] loss=0.0957 mask=0.0931 iou=0.0026
  Epoch 24 [400/440] loss=0.0962 mask=0.0936 iou=0.0026
  Epoch 24 [410/440] loss=0.0964 mask=0.0938 iou=0.0026
  Epoch 24 [420/440] loss=0.0964 mask=0.0938 iou=0.0026
  Epoch 24 [430/440] loss=0.0963 mask=0.0937 iou=0.0026
  Epoch 24 [440/440] loss=0.0960 mask=0.0934 iou=0.0026
  Train: loss=0.0960 mask=0.0934 iou=0.0026 time=256.2s
  Val epoch 24: loss=0.1361

=== Phase1 Epoch 25/49 ===
  Epoch 25 [10/440] loss=0.0978 mask=0.0958 iou=0.0019
  Epoch 25 [20/440] loss=0.1011 mask=0.0989 iou=0.0022
  Epoch 25 [30/440] loss=0.1063 mask=0.1039 iou=0.0024
  Epoch 25 [40/440] loss=0.1027 mask=0.1002 iou=0.0026
  Epoch 25 [50/440] loss=0.1001 mask=0.0975 iou=0.0026
  Epoch 25 [60/440] loss=0.1007 mask=0.0978 iou=0.0029
  Epoch 25 [70/440] loss=0.0998 mask=0.0967 iou=0.0031
  Epoch 25 [80/440] loss=0.1023 mask=0.0988 iou=0.0034
  Epoch 25 [90/440] loss=0.1022 mask=0.0990 iou=0.0032
  Epoch 25 [100/440] loss=0.1000 mask=0.0969 iou=0.0031
  Epoch 25 [110/440] loss=0.0999 mask=0.0969 iou=0.0030
  Epoch 25 [120/440] loss=0.0992 mask=0.0963 iou=0.0029
  Epoch 25 [130/440] loss=0.0995 mask=0.0965 iou=0.0029
  Epoch 25 [140/440] loss=0.0995 mask=0.0967 iou=0.0028
  Epoch 25 [150/440] loss=0.0995 mask=0.0966 iou=0.0029
  Epoch 25 [160/440] loss=0.0992 mask=0.0963 iou=0.0028
  Epoch 25 [170/440] loss=0.0990 mask=0.0962 iou=0.0028
  Epoch 25 [180/440] loss=0.0984 mask=0.0957 iou=0.0027
  Epoch 25 [190/440] loss=0.0975 mask=0.0949 iou=0.0026
  Epoch 25 [200/440] loss=0.0976 mask=0.0950 iou=0.0026
  Epoch 25 [210/440] loss=0.0981 mask=0.0954 iou=0.0026
  Epoch 25 [220/440] loss=0.0984 mask=0.0958 iou=0.0026
  Epoch 25 [230/440] loss=0.0976 mask=0.0950 iou=0.0026
  Epoch 25 [240/440] loss=0.0975 mask=0.0950 iou=0.0025
  Epoch 25 [250/440] loss=0.0977 mask=0.0953 iou=0.0025
  Epoch 25 [260/440] loss=0.0971 mask=0.0947 iou=0.0025
  Epoch 25 [270/440] loss=0.0970 mask=0.0946 iou=0.0025
  Epoch 25 [280/440] loss=0.0967 mask=0.0942 iou=0.0025
  Epoch 25 [290/440] loss=0.0965 mask=0.0941 iou=0.0025
  Epoch 25 [300/440] loss=0.0964 mask=0.0940 iou=0.0025
  Epoch 25 [310/440] loss=0.0968 mask=0.0943 iou=0.0025
  Epoch 25 [320/440] loss=0.0972 mask=0.0946 iou=0.0025
  Epoch 25 [330/440] loss=0.0969 mask=0.0944 iou=0.0025
  Epoch 25 [340/440] loss=0.0967 mask=0.0942 iou=0.0025
  Epoch 25 [350/440] loss=0.0967 mask=0.0941 iou=0.0026
  Epoch 25 [360/440] loss=0.0966 mask=0.0939 iou=0.0026
  Epoch 25 [370/440] loss=0.0965 mask=0.0938 iou=0.0026
  Epoch 25 [380/440] loss=0.0964 mask=0.0937 iou=0.0027
  Epoch 25 [390/440] loss=0.0963 mask=0.0936 iou=0.0027
  Epoch 25 [400/440] loss=0.0963 mask=0.0936 iou=0.0026
  Epoch 25 [410/440] loss=0.0962 mask=0.0935 iou=0.0026
  Epoch 25 [420/440] loss=0.0958 mask=0.0931 iou=0.0026
  Epoch 25 [430/440] loss=0.0954 mask=0.0928 iou=0.0026
  Epoch 25 [440/440] loss=0.0957 mask=0.0931 iou=0.0026
  Train: loss=0.0957 mask=0.0931 iou=0.0026 time=254.6s
  Val epoch 25: loss=0.1347
  Saved best phase1 model (val_loss=0.1347)

=== Phase1 Epoch 26/49 ===
  Epoch 26 [10/440] loss=0.1049 mask=0.1015 iou=0.0034
  Epoch 26 [20/440] loss=0.0961 mask=0.0936 iou=0.0025
  Epoch 26 [30/440] loss=0.0984 mask=0.0953 iou=0.0030
  Epoch 26 [40/440] loss=0.0942 mask=0.0915 iou=0.0028
  Epoch 26 [50/440] loss=0.0908 mask=0.0882 iou=0.0026
  Epoch 26 [60/440] loss=0.0919 mask=0.0894 iou=0.0025
  Epoch 26 [70/440] loss=0.0959 mask=0.0932 iou=0.0027
  Epoch 26 [80/440] loss=0.0962 mask=0.0936 iou=0.0025
  Epoch 26 [90/440] loss=0.0947 mask=0.0921 iou=0.0026
  Epoch 26 [100/440] loss=0.0955 mask=0.0929 iou=0.0026
  Epoch 26 [110/440] loss=0.0945 mask=0.0920 iou=0.0025
  Epoch 26 [120/440] loss=0.0932 mask=0.0907 iou=0.0025
  Epoch 26 [130/440] loss=0.0931 mask=0.0907 iou=0.0024
  Epoch 26 [140/440] loss=0.0954 mask=0.0929 iou=0.0025
  Epoch 26 [150/440] loss=0.0953 mask=0.0928 iou=0.0025
  Epoch 26 [160/440] loss=0.0950 mask=0.0923 iou=0.0026
  Epoch 26 [170/440] loss=0.0945 mask=0.0919 iou=0.0026
  Epoch 26 [180/440] loss=0.0953 mask=0.0927 iou=0.0026
  Epoch 26 [190/440] loss=0.0945 mask=0.0919 iou=0.0026
  Epoch 26 [200/440] loss=0.0947 mask=0.0920 iou=0.0026
  Epoch 26 [210/440] loss=0.0957 mask=0.0930 iou=0.0026
  Epoch 26 [220/440] loss=0.0961 mask=0.0934 iou=0.0027
  Epoch 26 [230/440] loss=0.0958 mask=0.0930 iou=0.0027
  Epoch 26 [240/440] loss=0.0953 mask=0.0926 iou=0.0027
  Epoch 26 [250/440] loss=0.0953 mask=0.0926 iou=0.0027
  Epoch 26 [260/440] loss=0.0953 mask=0.0926 iou=0.0027
  Epoch 26 [270/440] loss=0.0954 mask=0.0927 iou=0.0027
  Epoch 26 [280/440] loss=0.0949 mask=0.0922 iou=0.0027
  Epoch 26 [290/440] loss=0.0948 mask=0.0921 iou=0.0027
  Epoch 26 [300/440] loss=0.0945 mask=0.0918 iou=0.0026
  Epoch 26 [310/440] loss=0.0947 mask=0.0921 iou=0.0026
  Epoch 26 [320/440] loss=0.0942 mask=0.0916 iou=0.0026
  Epoch 26 [330/440] loss=0.0945 mask=0.0920 iou=0.0026
  Epoch 26 [340/440] loss=0.0945 mask=0.0919 iou=0.0025
  Epoch 26 [350/440] loss=0.0944 mask=0.0919 iou=0.0025
  Epoch 26 [360/440] loss=0.0949 mask=0.0923 iou=0.0026
  Epoch 26 [370/440] loss=0.0957 mask=0.0931 iou=0.0026
  Epoch 26 [380/440] loss=0.0954 mask=0.0929 iou=0.0026
  Epoch 26 [390/440] loss=0.0955 mask=0.0930 iou=0.0025
  Epoch 26 [400/440] loss=0.0962 mask=0.0934 iou=0.0027
  Epoch 26 [410/440] loss=0.0963 mask=0.0936 iou=0.0027
  Epoch 26 [420/440] loss=0.0958 mask=0.0932 iou=0.0027
  Epoch 26 [430/440] loss=0.0956 mask=0.0930 iou=0.0027
  Epoch 26 [440/440] loss=0.0958 mask=0.0932 iou=0.0027
  Train: loss=0.0958 mask=0.0932 iou=0.0027 time=259.0s
  Val epoch 26: loss=0.1367

=== Phase1 Epoch 27/49 ===
  Epoch 27 [10/440] loss=0.0721 mask=0.0705 iou=0.0016
  Epoch 27 [20/440] loss=0.0763 mask=0.0740 iou=0.0023
  Epoch 27 [30/440] loss=0.0787 mask=0.0766 iou=0.0021
  Epoch 27 [40/440] loss=0.0916 mask=0.0895 iou=0.0021
  Epoch 27 [50/440] loss=0.0916 mask=0.0898 iou=0.0018
  Epoch 27 [60/440] loss=0.0916 mask=0.0898 iou=0.0019
  Epoch 27 [70/440] loss=0.0894 mask=0.0876 iou=0.0018
  Epoch 27 [80/440] loss=0.0909 mask=0.0888 iou=0.0021
  Epoch 27 [90/440] loss=0.0928 mask=0.0907 iou=0.0021
  Epoch 27 [100/440] loss=0.0911 mask=0.0889 iou=0.0021
  Epoch 27 [110/440] loss=0.0896 mask=0.0875 iou=0.0021
  Epoch 27 [120/440] loss=0.0879 mask=0.0858 iou=0.0021
  Epoch 27 [130/440] loss=0.0880 mask=0.0860 iou=0.0020
  Epoch 27 [140/440] loss=0.0883 mask=0.0863 iou=0.0020
  Epoch 27 [150/440] loss=0.0878 mask=0.0858 iou=0.0020
  Epoch 27 [160/440] loss=0.0892 mask=0.0870 iou=0.0022
  Epoch 27 [170/440] loss=0.0907 mask=0.0883 iou=0.0024
  Epoch 27 [180/440] loss=0.0909 mask=0.0885 iou=0.0024
  Epoch 27 [190/440] loss=0.0908 mask=0.0885 iou=0.0023
  Epoch 27 [200/440] loss=0.0905 mask=0.0882 iou=0.0023
  Epoch 27 [210/440] loss=0.0909 mask=0.0886 iou=0.0023
  Epoch 27 [220/440] loss=0.0913 mask=0.0890 iou=0.0022
  Epoch 27 [230/440] loss=0.0921 mask=0.0898 iou=0.0023
  Epoch 27 [240/440] loss=0.0926 mask=0.0903 iou=0.0022
  Epoch 27 [250/440] loss=0.0922 mask=0.0899 iou=0.0023
  Epoch 27 [260/440] loss=0.0927 mask=0.0904 iou=0.0023
  Epoch 27 [270/440] loss=0.0926 mask=0.0902 iou=0.0023
  Epoch 27 [280/440] loss=0.0929 mask=0.0906 iou=0.0023
  Epoch 27 [290/440] loss=0.0929 mask=0.0906 iou=0.0023
  Epoch 27 [300/440] loss=0.0931 mask=0.0908 iou=0.0023
  Epoch 27 [310/440] loss=0.0933 mask=0.0910 iou=0.0023
  Epoch 27 [320/440] loss=0.0937 mask=0.0913 iou=0.0024
  Epoch 27 [330/440] loss=0.0940 mask=0.0916 iou=0.0024
  Epoch 27 [340/440] loss=0.0942 mask=0.0918 iou=0.0024
  Epoch 27 [350/440] loss=0.0939 mask=0.0915 iou=0.0024
  Epoch 27 [360/440] loss=0.0940 mask=0.0917 iou=0.0023
  Epoch 27 [370/440] loss=0.0941 mask=0.0918 iou=0.0024
  Epoch 27 [380/440] loss=0.0936 mask=0.0912 iou=0.0023
  Epoch 27 [390/440] loss=0.0935 mask=0.0912 iou=0.0024
  Epoch 27 [400/440] loss=0.0937 mask=0.0912 iou=0.0024
  Epoch 27 [410/440] loss=0.0936 mask=0.0911 iou=0.0024
  Epoch 27 [420/440] loss=0.0944 mask=0.0920 iou=0.0024
  Epoch 27 [430/440] loss=0.0946 mask=0.0922 iou=0.0024
  Epoch 27 [440/440] loss=0.0944 mask=0.0920 iou=0.0024
  Train: loss=0.0944 mask=0.0920 iou=0.0024 time=256.2s
  Val epoch 27: loss=0.1355

=== Phase1 Epoch 28/49 ===
  Epoch 28 [10/440] loss=0.0906 mask=0.0883 iou=0.0023
  Epoch 28 [20/440] loss=0.0918 mask=0.0900 iou=0.0018
  Epoch 28 [30/440] loss=0.0873 mask=0.0852 iou=0.0021
  Epoch 28 [40/440] loss=0.0855 mask=0.0836 iou=0.0019
  Epoch 28 [50/440] loss=0.0897 mask=0.0875 iou=0.0023
  Epoch 28 [60/440] loss=0.0897 mask=0.0871 iou=0.0026
  Epoch 28 [70/440] loss=0.0906 mask=0.0882 iou=0.0025
  Epoch 28 [80/440] loss=0.0898 mask=0.0873 iou=0.0025
  Epoch 28 [90/440] loss=0.0908 mask=0.0883 iou=0.0024
  Epoch 28 [100/440] loss=0.0890 mask=0.0866 iou=0.0024
  Epoch 28 [110/440] loss=0.0900 mask=0.0877 iou=0.0023
  Epoch 28 [120/440] loss=0.0901 mask=0.0878 iou=0.0023
  Epoch 28 [130/440] loss=0.0887 mask=0.0864 iou=0.0023
  Epoch 28 [140/440] loss=0.0904 mask=0.0880 iou=0.0024
  Epoch 28 [150/440] loss=0.0906 mask=0.0882 iou=0.0024
  Epoch 28 [160/440] loss=0.0908 mask=0.0884 iou=0.0025
  Epoch 28 [170/440] loss=0.0919 mask=0.0894 iou=0.0025
  Epoch 28 [180/440] loss=0.0937 mask=0.0912 iou=0.0025
  Epoch 28 [190/440] loss=0.0938 mask=0.0913 iou=0.0025
  Epoch 28 [200/440] loss=0.0940 mask=0.0915 iou=0.0025
  Epoch 28 [210/440] loss=0.0941 mask=0.0916 iou=0.0025
  Epoch 28 [220/440] loss=0.0947 mask=0.0922 iou=0.0025
  Epoch 28 [230/440] loss=0.0946 mask=0.0921 iou=0.0025
  Epoch 28 [240/440] loss=0.0955 mask=0.0930 iou=0.0025
  Epoch 28 [250/440] loss=0.0945 mask=0.0920 iou=0.0025
  Epoch 28 [260/440] loss=0.0944 mask=0.0919 iou=0.0024
  Epoch 28 [270/440] loss=0.0939 mask=0.0914 iou=0.0025
  Epoch 28 [280/440] loss=0.0947 mask=0.0922 iou=0.0025
  Epoch 28 [290/440] loss=0.0950 mask=0.0926 iou=0.0025
  Epoch 28 [300/440] loss=0.0948 mask=0.0923 iou=0.0024
  Epoch 28 [310/440] loss=0.0954 mask=0.0929 iou=0.0025
  Epoch 28 [320/440] loss=0.0952 mask=0.0927 iou=0.0026
  Epoch 28 [330/440] loss=0.0949 mask=0.0924 iou=0.0025
  Epoch 28 [340/440] loss=0.0948 mask=0.0923 iou=0.0025
  Epoch 28 [350/440] loss=0.0947 mask=0.0922 iou=0.0025
  Epoch 28 [360/440] loss=0.0943 mask=0.0918 iou=0.0025
  Epoch 28 [370/440] loss=0.0937 mask=0.0913 iou=0.0024
  Epoch 28 [380/440] loss=0.0936 mask=0.0912 iou=0.0024
  Epoch 28 [390/440] loss=0.0939 mask=0.0915 iou=0.0024
  Epoch 28 [400/440] loss=0.0938 mask=0.0914 iou=0.0024
  Epoch 28 [410/440] loss=0.0936 mask=0.0912 iou=0.0024
  Epoch 28 [420/440] loss=0.0938 mask=0.0915 iou=0.0024
  Epoch 28 [430/440] loss=0.0938 mask=0.0914 iou=0.0024
  Epoch 28 [440/440] loss=0.0938 mask=0.0914 iou=0.0023
  Train: loss=0.0938 mask=0.0914 iou=0.0023 time=257.8s
  Val epoch 28: loss=0.1351

=== Phase1 Epoch 29/49 ===
  Epoch 29 [10/440] loss=0.0907 mask=0.0889 iou=0.0019
  Epoch 29 [20/440] loss=0.0872 mask=0.0853 iou=0.0019
  Epoch 29 [30/440] loss=0.0937 mask=0.0916 iou=0.0021
  Epoch 29 [40/440] loss=0.0958 mask=0.0937 iou=0.0021
  Epoch 29 [50/440] loss=0.0951 mask=0.0932 iou=0.0020
  Epoch 29 [60/440] loss=0.0967 mask=0.0946 iou=0.0021
  Epoch 29 [70/440] loss=0.0960 mask=0.0935 iou=0.0025
  Epoch 29 [80/440] loss=0.0937 mask=0.0914 iou=0.0023
  Epoch 29 [90/440] loss=0.0937 mask=0.0915 iou=0.0022
  Epoch 29 [100/440] loss=0.0925 mask=0.0903 iou=0.0022
  Epoch 29 [110/440] loss=0.0940 mask=0.0918 iou=0.0021
  Epoch 29 [120/440] loss=0.0937 mask=0.0916 iou=0.0021
  Epoch 29 [130/440] loss=0.0932 mask=0.0911 iou=0.0021
  Epoch 29 [140/440] loss=0.0934 mask=0.0913 iou=0.0021
  Epoch 29 [150/440] loss=0.0925 mask=0.0904 iou=0.0020
  Epoch 29 [160/440] loss=0.0927 mask=0.0905 iou=0.0021
  Epoch 29 [170/440] loss=0.0926 mask=0.0905 iou=0.0021
  Epoch 29 [180/440] loss=0.0917 mask=0.0895 iou=0.0021
  Epoch 29 [190/440] loss=0.0917 mask=0.0896 iou=0.0022
  Epoch 29 [200/440] loss=0.0918 mask=0.0896 iou=0.0022
  Epoch 29 [210/440] loss=0.0908 mask=0.0886 iou=0.0022
  Epoch 29 [220/440] loss=0.0909 mask=0.0887 iou=0.0022
  Epoch 29 [230/440] loss=0.0911 mask=0.0889 iou=0.0022
  Epoch 29 [240/440] loss=0.0910 mask=0.0888 iou=0.0022
  Epoch 29 [250/440] loss=0.0922 mask=0.0899 iou=0.0022
  Epoch 29 [260/440] loss=0.0923 mask=0.0901 iou=0.0022
  Epoch 29 [270/440] loss=0.0923 mask=0.0901 iou=0.0022
  Epoch 29 [280/440] loss=0.0925 mask=0.0903 iou=0.0022
  Epoch 29 [290/440] loss=0.0922 mask=0.0900 iou=0.0022
  Epoch 29 [300/440] loss=0.0929 mask=0.0907 iou=0.0022
  Epoch 29 [310/440] loss=0.0929 mask=0.0907 iou=0.0022
  Epoch 29 [320/440] loss=0.0939 mask=0.0916 iou=0.0023
  Epoch 29 [330/440] loss=0.0940 mask=0.0918 iou=0.0022
  Epoch 29 [340/440] loss=0.0945 mask=0.0923 iou=0.0022
  Epoch 29 [350/440] loss=0.0951 mask=0.0929 iou=0.0022
  Epoch 29 [360/440] loss=0.0944 mask=0.0922 iou=0.0022
  Epoch 29 [370/440] loss=0.0949 mask=0.0927 iou=0.0022
  Epoch 29 [380/440] loss=0.0947 mask=0.0924 iou=0.0023
  Epoch 29 [390/440] loss=0.0946 mask=0.0924 iou=0.0023
  Epoch 29 [400/440] loss=0.0941 mask=0.0919 iou=0.0023
  Epoch 29 [410/440] loss=0.0942 mask=0.0919 iou=0.0023
  Epoch 29 [420/440] loss=0.0939 mask=0.0916 iou=0.0023
  Epoch 29 [430/440] loss=0.0935 mask=0.0912 iou=0.0022
  Epoch 29 [440/440] loss=0.0935 mask=0.0913 iou=0.0023
  Train: loss=0.0935 mask=0.0913 iou=0.0023 time=256.7s
  Val epoch 29: loss=0.1330
  Saved best phase1 model (val_loss=0.1330)

=== Phase1 Epoch 30/49 ===
  Epoch 30 [10/440] loss=0.1108 mask=0.1069 iou=0.0039
  Epoch 30 [20/440] loss=0.1184 mask=0.1147 iou=0.0037
  Epoch 30 [30/440] loss=0.1063 mask=0.1033 iou=0.0030
  Epoch 30 [40/440] loss=0.1052 mask=0.1020 iou=0.0031
  Epoch 30 [50/440] loss=0.1014 mask=0.0985 iou=0.0029
  Epoch 30 [60/440] loss=0.0991 mask=0.0965 iou=0.0027
  Epoch 30 [70/440] loss=0.0963 mask=0.0937 iou=0.0026
  Epoch 30 [80/440] loss=0.0949 mask=0.0924 iou=0.0025
  Epoch 30 [90/440] loss=0.0965 mask=0.0939 iou=0.0026
  Epoch 30 [100/440] loss=0.0960 mask=0.0934 iou=0.0026
  Epoch 30 [110/440] loss=0.0945 mask=0.0920 iou=0.0025
  Epoch 30 [120/440] loss=0.0936 mask=0.0912 iou=0.0025
  Epoch 30 [130/440] loss=0.0925 mask=0.0901 iou=0.0024
  Epoch 30 [140/440] loss=0.0921 mask=0.0898 iou=0.0023
  Epoch 30 [150/440] loss=0.0915 mask=0.0891 iou=0.0024
  Epoch 30 [160/440] loss=0.0909 mask=0.0886 iou=0.0023
  Epoch 30 [170/440] loss=0.0916 mask=0.0893 iou=0.0023
  Epoch 30 [180/440] loss=0.0918 mask=0.0895 iou=0.0023
  Epoch 30 [190/440] loss=0.0917 mask=0.0895 iou=0.0023
  Epoch 30 [200/440] loss=0.0926 mask=0.0903 iou=0.0022
  Epoch 30 [210/440] loss=0.0919 mask=0.0896 iou=0.0022
  Epoch 30 [220/440] loss=0.0915 mask=0.0893 iou=0.0022
  Epoch 30 [230/440] loss=0.0932 mask=0.0909 iou=0.0023
  Epoch 30 [240/440] loss=0.0928 mask=0.0906 iou=0.0023
  Epoch 30 [250/440] loss=0.0924 mask=0.0902 iou=0.0022
  Epoch 30 [260/440] loss=0.0920 mask=0.0898 iou=0.0022
  Epoch 30 [270/440] loss=0.0927 mask=0.0904 iou=0.0023
  Epoch 30 [280/440] loss=0.0933 mask=0.0910 iou=0.0023
  Epoch 30 [290/440] loss=0.0929 mask=0.0907 iou=0.0023
  Epoch 30 [300/440] loss=0.0930 mask=0.0907 iou=0.0023
  Epoch 30 [310/440] loss=0.0934 mask=0.0911 iou=0.0023
  Epoch 30 [320/440] loss=0.0932 mask=0.0910 iou=0.0023
  Epoch 30 [330/440] loss=0.0938 mask=0.0915 iou=0.0023
  Epoch 30 [340/440] loss=0.0935 mask=0.0913 iou=0.0022
  Epoch 30 [350/440] loss=0.0934 mask=0.0911 iou=0.0022
  Epoch 30 [360/440] loss=0.0935 mask=0.0913 iou=0.0022
  Epoch 30 [370/440] loss=0.0933 mask=0.0911 iou=0.0022
  Epoch 30 [380/440] loss=0.0931 mask=0.0909 iou=0.0022
  Epoch 30 [390/440] loss=0.0927 mask=0.0905 iou=0.0022
  Epoch 30 [400/440] loss=0.0926 mask=0.0904 iou=0.0022
  Epoch 30 [410/440] loss=0.0929 mask=0.0907 iou=0.0023
  Epoch 30 [420/440] loss=0.0931 mask=0.0909 iou=0.0022
  Epoch 30 [430/440] loss=0.0930 mask=0.0907 iou=0.0022
  Epoch 30 [440/440] loss=0.0929 mask=0.0907 iou=0.0022
  Train: loss=0.0929 mask=0.0907 iou=0.0022 time=258.8s
  Val epoch 30: loss=0.1319
  Saved best phase1 model (val_loss=0.1319)

=== Phase1 Epoch 31/49 ===
  Epoch 31 [10/440] loss=0.1081 mask=0.1054 iou=0.0027
  Epoch 31 [20/440] loss=0.0943 mask=0.0919 iou=0.0024
  Epoch 31 [30/440] loss=0.0906 mask=0.0880 iou=0.0026
  Epoch 31 [40/440] loss=0.0901 mask=0.0878 iou=0.0023
  Epoch 31 [50/440] loss=0.0933 mask=0.0909 iou=0.0024
  Epoch 31 [60/440] loss=0.0917 mask=0.0893 iou=0.0024
  Epoch 31 [70/440] loss=0.0930 mask=0.0908 iou=0.0022
  Epoch 31 [80/440] loss=0.0931 mask=0.0908 iou=0.0023
  Epoch 31 [90/440] loss=0.0956 mask=0.0934 iou=0.0022
  Epoch 31 [100/440] loss=0.0952 mask=0.0930 iou=0.0022
  Epoch 31 [110/440] loss=0.0950 mask=0.0926 iou=0.0024
  Epoch 31 [120/440] loss=0.0955 mask=0.0930 iou=0.0025
  Epoch 31 [130/440] loss=0.0940 mask=0.0916 iou=0.0024
  Epoch 31 [140/440] loss=0.0942 mask=0.0918 iou=0.0023
  Epoch 31 [150/440] loss=0.0932 mask=0.0909 iou=0.0023
  Epoch 31 [160/440] loss=0.0930 mask=0.0907 iou=0.0023
  Epoch 31 [170/440] loss=0.0921 mask=0.0898 iou=0.0022
  Epoch 31 [180/440] loss=0.0930 mask=0.0907 iou=0.0023
  Epoch 31 [190/440] loss=0.0930 mask=0.0907 iou=0.0023
  Epoch 31 [200/440] loss=0.0935 mask=0.0911 iou=0.0023
  Epoch 31 [210/440] loss=0.0938 mask=0.0915 iou=0.0023
  Epoch 31 [220/440] loss=0.0944 mask=0.0921 iou=0.0023
  Epoch 31 [230/440] loss=0.0936 mask=0.0913 iou=0.0023
  Epoch 31 [240/440] loss=0.0933 mask=0.0910 iou=0.0023
  Epoch 31 [250/440] loss=0.0933 mask=0.0910 iou=0.0023
  Epoch 31 [260/440] loss=0.0929 mask=0.0906 iou=0.0023
  Epoch 31 [270/440] loss=0.0932 mask=0.0909 iou=0.0023
  Epoch 31 [280/440] loss=0.0933 mask=0.0909 iou=0.0023
  Epoch 31 [290/440] loss=0.0933 mask=0.0910 iou=0.0023
  Epoch 31 [300/440] loss=0.0928 mask=0.0905 iou=0.0023
  Epoch 31 [310/440] loss=0.0928 mask=0.0904 iou=0.0023
  Epoch 31 [320/440] loss=0.0931 mask=0.0907 iou=0.0024
  Epoch 31 [330/440] loss=0.0928 mask=0.0905 iou=0.0023
  Epoch 31 [340/440] loss=0.0927 mask=0.0904 iou=0.0023
  Epoch 31 [350/440] loss=0.0927 mask=0.0904 iou=0.0023
  Epoch 31 [360/440] loss=0.0924 mask=0.0901 iou=0.0023
  Epoch 31 [370/440] loss=0.0919 mask=0.0897 iou=0.0023
  Epoch 31 [380/440] loss=0.0919 mask=0.0897 iou=0.0022
  Epoch 31 [390/440] loss=0.0917 mask=0.0895 iou=0.0022
  Epoch 31 [400/440] loss=0.0919 mask=0.0896 iou=0.0022
  Epoch 31 [410/440] loss=0.0920 mask=0.0897 iou=0.0022
  Epoch 31 [420/440] loss=0.0919 mask=0.0897 iou=0.0022
  Epoch 31 [430/440] loss=0.0918 mask=0.0896 iou=0.0022
  Epoch 31 [440/440] loss=0.0921 mask=0.0899 iou=0.0022
  Train: loss=0.0921 mask=0.0899 iou=0.0022 time=260.7s
  Val epoch 31: loss=0.1320

=== Phase1 Epoch 32/49 ===
  Epoch 32 [10/440] loss=0.0929 mask=0.0910 iou=0.0018
  Epoch 32 [20/440] loss=0.0934 mask=0.0915 iou=0.0019
  Epoch 32 [30/440] loss=0.0918 mask=0.0899 iou=0.0019
  Epoch 32 [40/440] loss=0.0900 mask=0.0881 iou=0.0019
  Epoch 32 [50/440] loss=0.0944 mask=0.0919 iou=0.0025
  Epoch 32 [60/440] loss=0.0940 mask=0.0915 iou=0.0025
  Epoch 32 [70/440] loss=0.0934 mask=0.0911 iou=0.0023
  Epoch 32 [80/440] loss=0.0939 mask=0.0916 iou=0.0023
  Epoch 32 [90/440] loss=0.0962 mask=0.0940 iou=0.0023
  Epoch 32 [100/440] loss=0.0941 mask=0.0918 iou=0.0023
  Epoch 32 [110/440] loss=0.0928 mask=0.0904 iou=0.0024
  Epoch 32 [120/440] loss=0.0924 mask=0.0900 iou=0.0024
  Epoch 32 [130/440] loss=0.0923 mask=0.0899 iou=0.0024
  Epoch 32 [140/440] loss=0.0926 mask=0.0902 iou=0.0024
  Epoch 32 [150/440] loss=0.0912 mask=0.0888 iou=0.0024
  Epoch 32 [160/440] loss=0.0914 mask=0.0891 iou=0.0023
  Epoch 32 [170/440] loss=0.0917 mask=0.0894 iou=0.0023
  Epoch 32 [180/440] loss=0.0921 mask=0.0899 iou=0.0022
  Epoch 32 [190/440] loss=0.0923 mask=0.0900 iou=0.0023
  Epoch 32 [200/440] loss=0.0921 mask=0.0899 iou=0.0022
  Epoch 32 [210/440] loss=0.0938 mask=0.0916 iou=0.0022
  Epoch 32 [220/440] loss=0.0943 mask=0.0921 iou=0.0022
  Epoch 32 [230/440] loss=0.0938 mask=0.0917 iou=0.0022
  Epoch 32 [240/440] loss=0.0932 mask=0.0911 iou=0.0021
  Epoch 32 [250/440] loss=0.0929 mask=0.0907 iou=0.0022
  Epoch 32 [260/440] loss=0.0927 mask=0.0904 iou=0.0023
  Epoch 32 [270/440] loss=0.0926 mask=0.0904 iou=0.0022
  Epoch 32 [280/440] loss=0.0926 mask=0.0903 iou=0.0023
  Epoch 32 [290/440] loss=0.0925 mask=0.0902 iou=0.0023
  Epoch 32 [300/440] loss=0.0929 mask=0.0905 iou=0.0023
  Epoch 32 [310/440] loss=0.0924 mask=0.0901 iou=0.0023
  Epoch 32 [320/440] loss=0.0932 mask=0.0910 iou=0.0023
  Epoch 32 [330/440] loss=0.0934 mask=0.0911 iou=0.0023
  Epoch 32 [340/440] loss=0.0933 mask=0.0910 iou=0.0023
  Epoch 32 [350/440] loss=0.0929 mask=0.0907 iou=0.0023
  Epoch 32 [360/440] loss=0.0928 mask=0.0906 iou=0.0022
  Epoch 32 [370/440] loss=0.0928 mask=0.0906 iou=0.0022
  Epoch 32 [380/440] loss=0.0928 mask=0.0906 iou=0.0022
  Epoch 32 [390/440] loss=0.0925 mask=0.0903 iou=0.0022
  Epoch 32 [400/440] loss=0.0922 mask=0.0900 iou=0.0022
  Epoch 32 [410/440] loss=0.0922 mask=0.0900 iou=0.0022
  Epoch 32 [420/440] loss=0.0918 mask=0.0897 iou=0.0022
  Epoch 32 [430/440] loss=0.0916 mask=0.0894 iou=0.0021
  Epoch 32 [440/440] loss=0.0919 mask=0.0898 iou=0.0021
  Train: loss=0.0919 mask=0.0898 iou=0.0021 time=257.3s
  Val epoch 32: loss=0.1320

=== Phase1 Epoch 33/49 ===
  Epoch 33 [10/440] loss=0.0682 mask=0.0672 iou=0.0010
  Epoch 33 [20/440] loss=0.0835 mask=0.0822 iou=0.0013
  Epoch 33 [30/440] loss=0.0868 mask=0.0857 iou=0.0011
  Epoch 33 [40/440] loss=0.0870 mask=0.0857 iou=0.0013
  Epoch 33 [50/440] loss=0.0880 mask=0.0866 iou=0.0014
  Epoch 33 [60/440] loss=0.0866 mask=0.0850 iou=0.0015
  Epoch 33 [70/440] loss=0.0865 mask=0.0850 iou=0.0015
  Epoch 33 [80/440] loss=0.0880 mask=0.0862 iou=0.0018
  Epoch 33 [90/440] loss=0.0904 mask=0.0885 iou=0.0019
  Epoch 33 [100/440] loss=0.0880 mask=0.0861 iou=0.0019
  Epoch 33 [110/440] loss=0.0886 mask=0.0867 iou=0.0018
  Epoch 33 [120/440] loss=0.0888 mask=0.0870 iou=0.0018
  Epoch 33 [130/440] loss=0.0900 mask=0.0882 iou=0.0018
  Epoch 33 [140/440] loss=0.0898 mask=0.0880 iou=0.0018
  Epoch 33 [150/440] loss=0.0894 mask=0.0876 iou=0.0018
  Epoch 33 [160/440] loss=0.0896 mask=0.0878 iou=0.0019
  Epoch 33 [170/440] loss=0.0893 mask=0.0875 iou=0.0018
  Epoch 33 [180/440] loss=0.0906 mask=0.0887 iou=0.0019
  Epoch 33 [190/440] loss=0.0917 mask=0.0898 iou=0.0019
  Epoch 33 [200/440] loss=0.0914 mask=0.0895 iou=0.0019
  Epoch 33 [210/440] loss=0.0924 mask=0.0905 iou=0.0019
  Epoch 33 [220/440] loss=0.0924 mask=0.0905 iou=0.0019
  Epoch 33 [230/440] loss=0.0928 mask=0.0908 iou=0.0019
  Epoch 33 [240/440] loss=0.0922 mask=0.0903 iou=0.0019
  Epoch 33 [250/440] loss=0.0926 mask=0.0906 iou=0.0019
  Epoch 33 [260/440] loss=0.0925 mask=0.0906 iou=0.0019
  Epoch 33 [270/440] loss=0.0919 mask=0.0900 iou=0.0019
  Epoch 33 [280/440] loss=0.0923 mask=0.0904 iou=0.0019
  Epoch 33 [290/440] loss=0.0918 mask=0.0899 iou=0.0020
  Epoch 33 [300/440] loss=0.0913 mask=0.0894 iou=0.0019
  Epoch 33 [310/440] loss=0.0915 mask=0.0895 iou=0.0020
  Epoch 33 [320/440] loss=0.0909 mask=0.0889 iou=0.0020
  Epoch 33 [330/440] loss=0.0905 mask=0.0886 iou=0.0019
  Epoch 33 [340/440] loss=0.0908 mask=0.0889 iou=0.0019
  Epoch 33 [350/440] loss=0.0910 mask=0.0890 iou=0.0020
  Epoch 33 [360/440] loss=0.0915 mask=0.0894 iou=0.0020
  Epoch 33 [370/440] loss=0.0918 mask=0.0899 iou=0.0020
  Epoch 33 [380/440] loss=0.0918 mask=0.0898 iou=0.0020
  Epoch 33 [390/440] loss=0.0917 mask=0.0897 iou=0.0020
  Epoch 33 [400/440] loss=0.0914 mask=0.0895 iou=0.0020
  Epoch 33 [410/440] loss=0.0907 mask=0.0888 iou=0.0019
  Epoch 33 [420/440] loss=0.0908 mask=0.0889 iou=0.0019
  Epoch 33 [430/440] loss=0.0913 mask=0.0894 iou=0.0020
  Epoch 33 [440/440] loss=0.0913 mask=0.0894 iou=0.0019
  Train: loss=0.0913 mask=0.0894 iou=0.0019 time=256.3s
  Val epoch 33: loss=0.1321

=== Phase1 Epoch 34/49 ===
  Epoch 34 [10/440] loss=0.0851 mask=0.0836 iou=0.0015
  Epoch 34 [20/440] loss=0.0967 mask=0.0951 iou=0.0016
  Epoch 34 [30/440] loss=0.0923 mask=0.0904 iou=0.0019
  Epoch 34 [40/440] loss=0.0941 mask=0.0922 iou=0.0019
  Epoch 34 [50/440] loss=0.0965 mask=0.0945 iou=0.0021
  Epoch 34 [60/440] loss=0.0945 mask=0.0925 iou=0.0020
  Epoch 34 [70/440] loss=0.0941 mask=0.0921 iou=0.0020
  Epoch 34 [80/440] loss=0.0935 mask=0.0915 iou=0.0020
  Epoch 34 [90/440] loss=0.0925 mask=0.0906 iou=0.0020
  Epoch 34 [100/440] loss=0.0926 mask=0.0907 iou=0.0019
  Epoch 34 [110/440] loss=0.0922 mask=0.0903 iou=0.0019
  Epoch 34 [120/440] loss=0.0905 mask=0.0886 iou=0.0019
  Epoch 34 [130/440] loss=0.0906 mask=0.0888 iou=0.0019
  Epoch 34 [140/440] loss=0.0899 mask=0.0881 iou=0.0018
  Epoch 34 [150/440] loss=0.0901 mask=0.0883 iou=0.0018
  Epoch 34 [160/440] loss=0.0901 mask=0.0883 iou=0.0018
  Epoch 34 [170/440] loss=0.0900 mask=0.0880 iou=0.0020
  Epoch 34 [180/440] loss=0.0896 mask=0.0877 iou=0.0020
  Epoch 34 [190/440] loss=0.0903 mask=0.0884 iou=0.0019
  Epoch 34 [200/440] loss=0.0900 mask=0.0881 iou=0.0019
  Epoch 34 [210/440] loss=0.0897 mask=0.0879 iou=0.0019
  Epoch 34 [220/440] loss=0.0898 mask=0.0879 iou=0.0019
  Epoch 34 [230/440] loss=0.0890 mask=0.0872 iou=0.0018
  Epoch 34 [240/440] loss=0.0889 mask=0.0870 iou=0.0019
  Epoch 34 [250/440] loss=0.0901 mask=0.0880 iou=0.0020
  Epoch 34 [260/440] loss=0.0900 mask=0.0880 iou=0.0020
  Epoch 34 [270/440] loss=0.0901 mask=0.0881 iou=0.0020
  Epoch 34 [280/440] loss=0.0905 mask=0.0884 iou=0.0020
  Epoch 34 [290/440] loss=0.0900 mask=0.0880 iou=0.0020
  Epoch 34 [300/440] loss=0.0897 mask=0.0877 iou=0.0020
  Epoch 34 [310/440] loss=0.0899 mask=0.0878 iou=0.0021
  Epoch 34 [320/440] loss=0.0898 mask=0.0878 iou=0.0021
  Epoch 34 [330/440] loss=0.0893 mask=0.0872 iou=0.0021
  Epoch 34 [340/440] loss=0.0905 mask=0.0884 iou=0.0021
  Epoch 34 [350/440] loss=0.0908 mask=0.0887 iou=0.0021
  Epoch 34 [360/440] loss=0.0908 mask=0.0887 iou=0.0021
  Epoch 34 [370/440] loss=0.0903 mask=0.0883 iou=0.0021
  Epoch 34 [380/440] loss=0.0900 mask=0.0880 iou=0.0020
  Epoch 34 [390/440] loss=0.0904 mask=0.0883 iou=0.0020
  Epoch 34 [400/440] loss=0.0902 mask=0.0882 iou=0.0020
  Epoch 34 [410/440] loss=0.0910 mask=0.0889 iou=0.0021
  Epoch 34 [420/440] loss=0.0911 mask=0.0890 iou=0.0021
  Epoch 34 [430/440] loss=0.0909 mask=0.0888 iou=0.0021
  Epoch 34 [440/440] loss=0.0913 mask=0.0892 iou=0.0021
  Train: loss=0.0913 mask=0.0892 iou=0.0021 time=251.8s
  Val epoch 34: loss=0.1319

=== Phase1 Epoch 35/49 ===
  Epoch 35 [10/440] loss=0.0909 mask=0.0885 iou=0.0023
  Epoch 35 [20/440] loss=0.0876 mask=0.0859 iou=0.0017
  Epoch 35 [30/440] loss=0.0876 mask=0.0857 iou=0.0020
  Epoch 35 [40/440] loss=0.0865 mask=0.0846 iou=0.0018
  Epoch 35 [50/440] loss=0.0879 mask=0.0860 iou=0.0019
  Epoch 35 [60/440] loss=0.0906 mask=0.0886 iou=0.0020
  Epoch 35 [70/440] loss=0.0907 mask=0.0887 iou=0.0020
  Epoch 35 [80/440] loss=0.0934 mask=0.0915 iou=0.0019
  Epoch 35 [90/440] loss=0.0931 mask=0.0911 iou=0.0021
  Epoch 35 [100/440] loss=0.0920 mask=0.0900 iou=0.0020
  Epoch 35 [110/440] loss=0.0928 mask=0.0907 iou=0.0021
  Epoch 35 [120/440] loss=0.0937 mask=0.0917 iou=0.0021
  Epoch 35 [130/440] loss=0.0928 mask=0.0908 iou=0.0020
  Epoch 35 [140/440] loss=0.0921 mask=0.0901 iou=0.0020
  Epoch 35 [150/440] loss=0.0915 mask=0.0894 iou=0.0021
  Epoch 35 [160/440] loss=0.0915 mask=0.0893 iou=0.0021
  Epoch 35 [170/440] loss=0.0910 mask=0.0888 iou=0.0022
  Epoch 35 [180/440] loss=0.0909 mask=0.0887 iou=0.0022
  Epoch 35 [190/440] loss=0.0919 mask=0.0898 iou=0.0022
  Epoch 35 [200/440] loss=0.0917 mask=0.0895 iou=0.0022
  Epoch 35 [210/440] loss=0.0923 mask=0.0901 iou=0.0022
  Epoch 35 [220/440] loss=0.0921 mask=0.0899 iou=0.0022
  Epoch 35 [230/440] loss=0.0918 mask=0.0896 iou=0.0022
  Epoch 35 [240/440] loss=0.0917 mask=0.0895 iou=0.0022
  Epoch 35 [250/440] loss=0.0917 mask=0.0896 iou=0.0022
  Epoch 35 [260/440] loss=0.0915 mask=0.0893 iou=0.0022
  Epoch 35 [270/440] loss=0.0911 mask=0.0890 iou=0.0021
  Epoch 35 [280/440] loss=0.0914 mask=0.0892 iou=0.0021
  Epoch 35 [290/440] loss=0.0914 mask=0.0892 iou=0.0021
  Epoch 35 [300/440] loss=0.0916 mask=0.0895 iou=0.0021
  Epoch 35 [310/440] loss=0.0913 mask=0.0892 iou=0.0021
  Epoch 35 [320/440] loss=0.0915 mask=0.0894 iou=0.0021
  Epoch 35 [330/440] loss=0.0919 mask=0.0898 iou=0.0021
  Epoch 35 [340/440] loss=0.0918 mask=0.0898 iou=0.0020
  Epoch 35 [350/440] loss=0.0921 mask=0.0900 iou=0.0021
  Epoch 35 [360/440] loss=0.0919 mask=0.0899 iou=0.0021
  Epoch 35 [370/440] loss=0.0925 mask=0.0904 iou=0.0021
  Epoch 35 [380/440] loss=0.0922 mask=0.0901 iou=0.0021
  Epoch 35 [390/440] loss=0.0920 mask=0.0899 iou=0.0021
  Epoch 35 [400/440] loss=0.0917 mask=0.0896 iou=0.0021
  Epoch 35 [410/440] loss=0.0914 mask=0.0893 iou=0.0021
  Epoch 35 [420/440] loss=0.0915 mask=0.0894 iou=0.0021
  Epoch 35 [430/440] loss=0.0920 mask=0.0898 iou=0.0021
  Epoch 35 [440/440] loss=0.0914 mask=0.0892 iou=0.0021
  Train: loss=0.0914 mask=0.0892 iou=0.0021 time=256.6s
  Val epoch 35: loss=0.1310
  Saved best phase1 model (val_loss=0.1310)

=== Phase1 Epoch 36/49 ===
  Epoch 36 [10/440] loss=0.0926 mask=0.0903 iou=0.0023
  Epoch 36 [20/440] loss=0.0921 mask=0.0901 iou=0.0020
  Epoch 36 [30/440] loss=0.0941 mask=0.0922 iou=0.0019
  Epoch 36 [40/440] loss=0.0951 mask=0.0931 iou=0.0020
  Epoch 36 [50/440] loss=0.0941 mask=0.0921 iou=0.0020
  Epoch 36 [60/440] loss=0.0944 mask=0.0923 iou=0.0020
  Epoch 36 [70/440] loss=0.0920 mask=0.0901 iou=0.0019
  Epoch 36 [80/440] loss=0.0914 mask=0.0895 iou=0.0018
  Epoch 36 [90/440] loss=0.0904 mask=0.0885 iou=0.0019
  Epoch 36 [100/440] loss=0.0921 mask=0.0902 iou=0.0019
  Epoch 36 [110/440] loss=0.0901 mask=0.0883 iou=0.0018
  Epoch 36 [120/440] loss=0.0910 mask=0.0891 iou=0.0018
  Epoch 36 [130/440] loss=0.0916 mask=0.0898 iou=0.0019
  Epoch 36 [140/440] loss=0.0911 mask=0.0893 iou=0.0018
  Epoch 36 [150/440] loss=0.0899 mask=0.0881 iou=0.0018
  Epoch 36 [160/440] loss=0.0894 mask=0.0876 iou=0.0018
  Epoch 36 [170/440] loss=0.0906 mask=0.0888 iou=0.0018
  Epoch 36 [180/440] loss=0.0900 mask=0.0882 iou=0.0018
  Epoch 36 [190/440] loss=0.0908 mask=0.0889 iou=0.0019
  Epoch 36 [200/440] loss=0.0906 mask=0.0888 iou=0.0019
  Epoch 36 [210/440] loss=0.0904 mask=0.0885 iou=0.0018
  Epoch 36 [220/440] loss=0.0901 mask=0.0883 iou=0.0018
  Epoch 36 [230/440] loss=0.0906 mask=0.0887 iou=0.0019
  Epoch 36 [240/440] loss=0.0905 mask=0.0886 iou=0.0019
  Epoch 36 [250/440] loss=0.0914 mask=0.0894 iou=0.0019
  Epoch 36 [260/440] loss=0.0909 mask=0.0890 iou=0.0019
  Epoch 36 [270/440] loss=0.0912 mask=0.0893 iou=0.0019
  Epoch 36 [280/440] loss=0.0919 mask=0.0899 iou=0.0020
  Epoch 36 [290/440] loss=0.0915 mask=0.0896 iou=0.0020
  Epoch 36 [300/440] loss=0.0912 mask=0.0893 iou=0.0019
  Epoch 36 [310/440] loss=0.0913 mask=0.0893 iou=0.0019
  Epoch 36 [320/440] loss=0.0913 mask=0.0894 iou=0.0019
  Epoch 36 [330/440] loss=0.0913 mask=0.0893 iou=0.0019
  Epoch 36 [340/440] loss=0.0920 mask=0.0900 iou=0.0020
  Epoch 36 [350/440] loss=0.0920 mask=0.0900 iou=0.0020
  Epoch 36 [360/440] loss=0.0919 mask=0.0898 iou=0.0020
  Epoch 36 [370/440] loss=0.0911 mask=0.0891 iou=0.0020
  Epoch 36 [380/440] loss=0.0913 mask=0.0893 iou=0.0020
  Epoch 36 [390/440] loss=0.0911 mask=0.0891 iou=0.0020
  Epoch 36 [400/440] loss=0.0914 mask=0.0893 iou=0.0020
  Epoch 36 [410/440] loss=0.0914 mask=0.0894 iou=0.0020
  Epoch 36 [420/440] loss=0.0912 mask=0.0892 iou=0.0020
  Epoch 36 [430/440] loss=0.0914 mask=0.0893 iou=0.0021
  Epoch 36 [440/440] loss=0.0913 mask=0.0892 iou=0.0021
  Train: loss=0.0913 mask=0.0892 iou=0.0021 time=250.1s
  Val epoch 36: loss=0.1305
  Saved best phase1 model (val_loss=0.1305)

=== Phase1 Epoch 37/49 ===
  Epoch 37 [10/440] loss=0.1015 mask=0.0972 iou=0.0043
  Epoch 37 [20/440] loss=0.0964 mask=0.0925 iou=0.0038
  Epoch 37 [30/440] loss=0.1015 mask=0.0982 iou=0.0033
  Epoch 37 [40/440] loss=0.0976 mask=0.0949 iou=0.0027
  Epoch 37 [50/440] loss=0.0961 mask=0.0934 iou=0.0027
  Epoch 37 [60/440] loss=0.0936 mask=0.0910 iou=0.0026
  Epoch 37 [70/440] loss=0.0922 mask=0.0897 iou=0.0025
  Epoch 37 [80/440] loss=0.0927 mask=0.0902 iou=0.0024
  Epoch 37 [90/440] loss=0.0918 mask=0.0894 iou=0.0024
  Epoch 37 [100/440] loss=0.0926 mask=0.0902 iou=0.0024
  Epoch 37 [110/440] loss=0.0925 mask=0.0902 iou=0.0023
  Epoch 37 [120/440] loss=0.0931 mask=0.0910 iou=0.0022
  Epoch 37 [130/440] loss=0.0926 mask=0.0905 iou=0.0021
  Epoch 37 [140/440] loss=0.0938 mask=0.0917 iou=0.0021
  Epoch 37 [150/440] loss=0.0937 mask=0.0916 iou=0.0021
  Epoch 37 [160/440] loss=0.0928 mask=0.0907 iou=0.0021
  Epoch 37 [170/440] loss=0.0924 mask=0.0903 iou=0.0021
  Epoch 37 [180/440] loss=0.0932 mask=0.0912 iou=0.0021
  Epoch 37 [190/440] loss=0.0932 mask=0.0911 iou=0.0021
  Epoch 37 [200/440] loss=0.0927 mask=0.0907 iou=0.0020
  Epoch 37 [210/440] loss=0.0919 mask=0.0898 iou=0.0020
  Epoch 37 [220/440] loss=0.0924 mask=0.0904 iou=0.0020
  Epoch 37 [230/440] loss=0.0927 mask=0.0906 iou=0.0021
  Epoch 37 [240/440] loss=0.0927 mask=0.0905 iou=0.0021
  Epoch 37 [250/440] loss=0.0922 mask=0.0901 iou=0.0021
  Epoch 37 [260/440] loss=0.0914 mask=0.0893 iou=0.0021
  Epoch 37 [270/440] loss=0.0908 mask=0.0888 iou=0.0020
  Epoch 37 [280/440] loss=0.0911 mask=0.0891 iou=0.0020
  Epoch 37 [290/440] loss=0.0908 mask=0.0887 iou=0.0020
  Epoch 37 [300/440] loss=0.0910 mask=0.0890 iou=0.0020
  Epoch 37 [310/440] loss=0.0910 mask=0.0890 iou=0.0020
  Epoch 37 [320/440] loss=0.0911 mask=0.0891 iou=0.0020
  Epoch 37 [330/440] loss=0.0911 mask=0.0891 iou=0.0020
  Epoch 37 [340/440] loss=0.0907 mask=0.0887 iou=0.0020
  Epoch 37 [350/440] loss=0.0904 mask=0.0884 iou=0.0020
  Epoch 37 [360/440] loss=0.0911 mask=0.0891 iou=0.0020
  Epoch 37 [370/440] loss=0.0906 mask=0.0886 iou=0.0020
  Epoch 37 [380/440] loss=0.0905 mask=0.0885 iou=0.0020
  Epoch 37 [390/440] loss=0.0905 mask=0.0885 iou=0.0020
  Epoch 37 [400/440] loss=0.0903 mask=0.0883 iou=0.0020
  Epoch 37 [410/440] loss=0.0899 mask=0.0879 iou=0.0020
  Epoch 37 [420/440] loss=0.0904 mask=0.0884 iou=0.0020
  Epoch 37 [430/440] loss=0.0906 mask=0.0886 iou=0.0020
  Epoch 37 [440/440] loss=0.0905 mask=0.0884 iou=0.0020
  Train: loss=0.0905 mask=0.0884 iou=0.0020 time=248.4s
  Val epoch 37: loss=0.1334

=== Phase1 Epoch 38/49 ===
  Epoch 38 [10/440] loss=0.1097 mask=0.1073 iou=0.0024
  Epoch 38 [20/440] loss=0.1054 mask=0.1032 iou=0.0022
  Epoch 38 [30/440] loss=0.0936 mask=0.0917 iou=0.0019
  Epoch 38 [40/440] loss=0.0902 mask=0.0885 iou=0.0017
  Epoch 38 [50/440] loss=0.0964 mask=0.0945 iou=0.0019
  Epoch 38 [60/440] loss=0.0962 mask=0.0941 iou=0.0020
  Epoch 38 [70/440] loss=0.0953 mask=0.0932 iou=0.0021
  Epoch 38 [80/440] loss=0.0938 mask=0.0919 iou=0.0020
  Epoch 38 [90/440] loss=0.0950 mask=0.0931 iou=0.0019
  Epoch 38 [100/440] loss=0.0945 mask=0.0927 iou=0.0019
  Epoch 38 [110/440] loss=0.0932 mask=0.0913 iou=0.0019
  Epoch 38 [120/440] loss=0.0939 mask=0.0920 iou=0.0019
  Epoch 38 [130/440] loss=0.0940 mask=0.0921 iou=0.0019
  Epoch 38 [140/440] loss=0.0932 mask=0.0913 iou=0.0019
  Epoch 38 [150/440] loss=0.0931 mask=0.0912 iou=0.0020
  Epoch 38 [160/440] loss=0.0928 mask=0.0909 iou=0.0020
  Epoch 38 [170/440] loss=0.0926 mask=0.0907 iou=0.0020
  Epoch 38 [180/440] loss=0.0921 mask=0.0901 iou=0.0019
  Epoch 38 [190/440] loss=0.0922 mask=0.0902 iou=0.0019
  Epoch 38 [200/440] loss=0.0921 mask=0.0901 iou=0.0020
  Epoch 38 [210/440] loss=0.0919 mask=0.0899 iou=0.0019
  Epoch 38 [220/440] loss=0.0918 mask=0.0899 iou=0.0019
  Epoch 38 [230/440] loss=0.0914 mask=0.0895 iou=0.0019
  Epoch 38 [240/440] loss=0.0918 mask=0.0899 iou=0.0020
  Epoch 38 [250/440] loss=0.0917 mask=0.0897 iou=0.0020
  Epoch 38 [260/440] loss=0.0922 mask=0.0902 iou=0.0020
  Epoch 38 [270/440] loss=0.0913 mask=0.0894 iou=0.0019
  Epoch 38 [280/440] loss=0.0911 mask=0.0892 iou=0.0019
  Epoch 38 [290/440] loss=0.0906 mask=0.0887 iou=0.0019
  Epoch 38 [300/440] loss=0.0905 mask=0.0886 iou=0.0019
  Epoch 38 [310/440] loss=0.0908 mask=0.0887 iou=0.0020
  Epoch 38 [320/440] loss=0.0903 mask=0.0883 iou=0.0020
  Epoch 38 [330/440] loss=0.0899 mask=0.0879 iou=0.0020
  Epoch 38 [340/440] loss=0.0906 mask=0.0886 iou=0.0020
  Epoch 38 [350/440] loss=0.0910 mask=0.0890 iou=0.0020
  Epoch 38 [360/440] loss=0.0909 mask=0.0889 iou=0.0020
  Epoch 38 [370/440] loss=0.0905 mask=0.0885 iou=0.0020
  Epoch 38 [380/440] loss=0.0905 mask=0.0885 iou=0.0020
  Epoch 38 [390/440] loss=0.0905 mask=0.0885 iou=0.0020
  Epoch 38 [400/440] loss=0.0904 mask=0.0884 iou=0.0020
  Epoch 38 [410/440] loss=0.0904 mask=0.0884 iou=0.0020
  Epoch 38 [420/440] loss=0.0901 mask=0.0881 iou=0.0020
  Epoch 38 [430/440] loss=0.0898 mask=0.0878 iou=0.0020
  Epoch 38 [440/440] loss=0.0898 mask=0.0878 iou=0.0020
  Train: loss=0.0898 mask=0.0878 iou=0.0020 time=253.1s
  Val epoch 38: loss=0.1311

=== Phase1 Epoch 39/49 ===
  Epoch 39 [10/440] loss=0.1062 mask=0.1020 iou=0.0041
  Epoch 39 [20/440] loss=0.0943 mask=0.0917 iou=0.0026
  Epoch 39 [30/440] loss=0.0964 mask=0.0941 iou=0.0023
  Epoch 39 [40/440] loss=0.1002 mask=0.0979 iou=0.0023
  Epoch 39 [50/440] loss=0.0970 mask=0.0947 iou=0.0024
  Epoch 39 [60/440] loss=0.0950 mask=0.0927 iou=0.0023
  Epoch 39 [70/440] loss=0.0921 mask=0.0900 iou=0.0021
  Epoch 39 [80/440] loss=0.0910 mask=0.0889 iou=0.0021
  Epoch 39 [90/440] loss=0.0910 mask=0.0888 iou=0.0022
  Epoch 39 [100/440] loss=0.0906 mask=0.0886 iou=0.0021
  Epoch 39 [110/440] loss=0.0923 mask=0.0903 iou=0.0020
  Epoch 39 [120/440] loss=0.0907 mask=0.0888 iou=0.0020
  Epoch 39 [130/440] loss=0.0901 mask=0.0882 iou=0.0019
  Epoch 39 [140/440] loss=0.0895 mask=0.0875 iou=0.0019
  Epoch 39 [150/440] loss=0.0889 mask=0.0869 iou=0.0020
  Epoch 39 [160/440] loss=0.0897 mask=0.0878 iou=0.0020
  Epoch 39 [170/440] loss=0.0902 mask=0.0882 iou=0.0020
  Epoch 39 [180/440] loss=0.0912 mask=0.0891 iou=0.0021
  Epoch 39 [190/440] loss=0.0911 mask=0.0891 iou=0.0020
  Epoch 39 [200/440] loss=0.0915 mask=0.0895 iou=0.0020
  Epoch 39 [210/440] loss=0.0908 mask=0.0887 iou=0.0020
  Epoch 39 [220/440] loss=0.0916 mask=0.0896 iou=0.0020
  Epoch 39 [230/440] loss=0.0915 mask=0.0896 iou=0.0020
  Epoch 39 [240/440] loss=0.0911 mask=0.0891 iou=0.0020
  Epoch 39 [250/440] loss=0.0904 mask=0.0884 iou=0.0019
  Epoch 39 [260/440] loss=0.0902 mask=0.0883 iou=0.0019
  Epoch 39 [270/440] loss=0.0897 mask=0.0877 iou=0.0019
  Epoch 39 [280/440] loss=0.0891 mask=0.0872 iou=0.0019
  Epoch 39 [290/440] loss=0.0895 mask=0.0876 iou=0.0020
  Epoch 39 [300/440] loss=0.0899 mask=0.0879 iou=0.0020
  Epoch 39 [310/440] loss=0.0903 mask=0.0883 iou=0.0020
  Epoch 39 [320/440] loss=0.0907 mask=0.0886 iou=0.0021
  Epoch 39 [330/440] loss=0.0902 mask=0.0882 iou=0.0020
  Epoch 39 [340/440] loss=0.0905 mask=0.0885 iou=0.0020
  Epoch 39 [350/440] loss=0.0907 mask=0.0887 iou=0.0020
  Epoch 39 [360/440] loss=0.0910 mask=0.0890 iou=0.0020
  Epoch 39 [370/440] loss=0.0907 mask=0.0887 iou=0.0020
  Epoch 39 [380/440] loss=0.0905 mask=0.0885 iou=0.0020
  Epoch 39 [390/440] loss=0.0906 mask=0.0886 iou=0.0020
  Epoch 39 [400/440] loss=0.0913 mask=0.0893 iou=0.0020
  Epoch 39 [410/440] loss=0.0906 mask=0.0886 iou=0.0020
  Epoch 39 [420/440] loss=0.0906 mask=0.0887 iou=0.0020
  Epoch 39 [430/440] loss=0.0908 mask=0.0888 iou=0.0020
  Epoch 39 [440/440] loss=0.0906 mask=0.0887 iou=0.0019
  Train: loss=0.0906 mask=0.0887 iou=0.0019 time=247.2s
  Val epoch 39: loss=0.1299
  Saved best phase1 model (val_loss=0.1299)

=== Phase1 Epoch 40/49 ===
  Epoch 40 [10/440] loss=0.0835 mask=0.0825 iou=0.0010
  Epoch 40 [20/440] loss=0.0900 mask=0.0880 iou=0.0019
  Epoch 40 [30/440] loss=0.0885 mask=0.0862 iou=0.0023
  Epoch 40 [40/440] loss=0.0878 mask=0.0858 iou=0.0020
  Epoch 40 [50/440] loss=0.0867 mask=0.0848 iou=0.0020
  Epoch 40 [60/440] loss=0.0853 mask=0.0834 iou=0.0018
  Epoch 40 [70/440] loss=0.0893 mask=0.0875 iou=0.0018
  Epoch 40 [80/440] loss=0.0887 mask=0.0869 iou=0.0019
  Epoch 40 [90/440] loss=0.0886 mask=0.0867 iou=0.0019
  Epoch 40 [100/440] loss=0.0892 mask=0.0874 iou=0.0018
  Epoch 40 [110/440] loss=0.0874 mask=0.0857 iou=0.0017
  Epoch 40 [120/440] loss=0.0878 mask=0.0860 iou=0.0018
  Epoch 40 [130/440] loss=0.0875 mask=0.0858 iou=0.0018
  Epoch 40 [140/440] loss=0.0884 mask=0.0866 iou=0.0017
  Epoch 40 [150/440] loss=0.0874 mask=0.0856 iou=0.0018
  Epoch 40 [160/440] loss=0.0881 mask=0.0863 iou=0.0018
  Epoch 40 [170/440] loss=0.0881 mask=0.0863 iou=0.0018
  Epoch 40 [180/440] loss=0.0882 mask=0.0864 iou=0.0018
  Epoch 40 [190/440] loss=0.0888 mask=0.0870 iou=0.0019
  Epoch 40 [200/440] loss=0.0883 mask=0.0864 iou=0.0018
  Epoch 40 [210/440] loss=0.0876 mask=0.0858 iou=0.0019
  Epoch 40 [220/440] loss=0.0871 mask=0.0852 iou=0.0018
  Epoch 40 [230/440] loss=0.0882 mask=0.0863 iou=0.0019
  Epoch 40 [240/440] loss=0.0883 mask=0.0864 iou=0.0019
  Epoch 40 [250/440] loss=0.0887 mask=0.0868 iou=0.0019
  Epoch 40 [260/440] loss=0.0888 mask=0.0869 iou=0.0019
  Epoch 40 [270/440] loss=0.0887 mask=0.0868 iou=0.0019
  Epoch 40 [280/440] loss=0.0884 mask=0.0866 iou=0.0019
  Epoch 40 [290/440] loss=0.0881 mask=0.0863 iou=0.0018
  Epoch 40 [300/440] loss=0.0879 mask=0.0860 iou=0.0019
  Epoch 40 [310/440] loss=0.0883 mask=0.0864 iou=0.0019
  Epoch 40 [320/440] loss=0.0881 mask=0.0863 iou=0.0019
  Epoch 40 [330/440] loss=0.0888 mask=0.0868 iou=0.0019
  Epoch 40 [340/440] loss=0.0887 mask=0.0868 iou=0.0019
  Epoch 40 [350/440] loss=0.0888 mask=0.0869 iou=0.0019
  Epoch 40 [360/440] loss=0.0889 mask=0.0870 iou=0.0019
  Epoch 40 [370/440] loss=0.0892 mask=0.0873 iou=0.0020
  Epoch 40 [380/440] loss=0.0893 mask=0.0873 iou=0.0020
  Epoch 40 [390/440] loss=0.0889 mask=0.0870 iou=0.0019
  Epoch 40 [400/440] loss=0.0893 mask=0.0873 iou=0.0020
  Epoch 40 [410/440] loss=0.0898 mask=0.0878 iou=0.0020
  Epoch 40 [420/440] loss=0.0899 mask=0.0879 iou=0.0020
  Epoch 40 [430/440] loss=0.0900 mask=0.0880 iou=0.0020
  Epoch 40 [440/440] loss=0.0895 mask=0.0875 iou=0.0020
  Train: loss=0.0895 mask=0.0875 iou=0.0020 time=251.8s
  Val epoch 40: loss=0.1306

=== Phase1 Epoch 41/49 ===
  Epoch 41 [10/440] loss=0.0878 mask=0.0860 iou=0.0018
  Epoch 41 [20/440] loss=0.0913 mask=0.0894 iou=0.0019
  Epoch 41 [30/440] loss=0.0856 mask=0.0839 iou=0.0017
  Epoch 41 [40/440] loss=0.0887 mask=0.0869 iou=0.0018
  Epoch 41 [50/440] loss=0.0864 mask=0.0844 iou=0.0020
  Epoch 41 [60/440] loss=0.0862 mask=0.0842 iou=0.0020
  Epoch 41 [70/440] loss=0.0890 mask=0.0867 iou=0.0023
  Epoch 41 [80/440] loss=0.0888 mask=0.0866 iou=0.0022
  Epoch 41 [90/440] loss=0.0891 mask=0.0869 iou=0.0022
  Epoch 41 [100/440] loss=0.0874 mask=0.0853 iou=0.0021
  Epoch 41 [110/440] loss=0.0871 mask=0.0850 iou=0.0021
  Epoch 41 [120/440] loss=0.0879 mask=0.0858 iou=0.0021
  Epoch 41 [130/440] loss=0.0891 mask=0.0870 iou=0.0022
  Epoch 41 [140/440] loss=0.0887 mask=0.0865 iou=0.0021
  Epoch 41 [150/440] loss=0.0890 mask=0.0867 iou=0.0022
  Epoch 41 [160/440] loss=0.0885 mask=0.0863 iou=0.0022
  Epoch 41 [170/440] loss=0.0887 mask=0.0865 iou=0.0022
  Epoch 41 [180/440] loss=0.0880 mask=0.0858 iou=0.0021
  Epoch 41 [190/440] loss=0.0885 mask=0.0864 iou=0.0021
  Epoch 41 [200/440] loss=0.0886 mask=0.0865 iou=0.0021
  Epoch 41 [210/440] loss=0.0895 mask=0.0875 iou=0.0020
  Epoch 41 [220/440] loss=0.0883 mask=0.0863 iou=0.0020
  Epoch 41 [230/440] loss=0.0878 mask=0.0859 iou=0.0019
  Epoch 41 [240/440] loss=0.0873 mask=0.0854 iou=0.0019
  Epoch 41 [250/440] loss=0.0878 mask=0.0859 iou=0.0019
  Epoch 41 [260/440] loss=0.0880 mask=0.0861 iou=0.0019
  Epoch 41 [270/440] loss=0.0885 mask=0.0866 iou=0.0019
  Epoch 41 [280/440] loss=0.0883 mask=0.0863 iou=0.0020
  Epoch 41 [290/440] loss=0.0885 mask=0.0866 iou=0.0019
  Epoch 41 [300/440] loss=0.0892 mask=0.0872 iou=0.0020
  Epoch 41 [310/440] loss=0.0893 mask=0.0873 iou=0.0020
  Epoch 41 [320/440] loss=0.0898 mask=0.0879 iou=0.0020
  Epoch 41 [330/440] loss=0.0898 mask=0.0878 iou=0.0020
  Epoch 41 [340/440] loss=0.0897 mask=0.0877 iou=0.0020
  Epoch 41 [350/440] loss=0.0894 mask=0.0874 iou=0.0020
  Epoch 41 [360/440] loss=0.0888 mask=0.0868 iou=0.0020
  Epoch 41 [370/440] loss=0.0894 mask=0.0873 iou=0.0021
  Epoch 41 [380/440] loss=0.0897 mask=0.0876 iou=0.0021
  Epoch 41 [390/440] loss=0.0897 mask=0.0876 iou=0.0021
  Epoch 41 [400/440] loss=0.0898 mask=0.0878 iou=0.0020
  Epoch 41 [410/440] loss=0.0894 mask=0.0874 iou=0.0020
  Epoch 41 [420/440] loss=0.0900 mask=0.0880 iou=0.0020
  Epoch 41 [430/440] loss=0.0896 mask=0.0876 iou=0.0020
  Epoch 41 [440/440] loss=0.0899 mask=0.0878 iou=0.0020
  Train: loss=0.0899 mask=0.0878 iou=0.0020 time=242.9s
  Val epoch 41: loss=0.1288
  Saved best phase1 model (val_loss=0.1288)

=== Phase1 Epoch 42/49 ===
  Epoch 42 [10/440] loss=0.0986 mask=0.0933 iou=0.0053
  Epoch 42 [20/440] loss=0.0915 mask=0.0874 iou=0.0041
  Epoch 42 [30/440] loss=0.0931 mask=0.0898 iou=0.0033
  Epoch 42 [40/440] loss=0.0919 mask=0.0890 iou=0.0029
  Epoch 42 [50/440] loss=0.0901 mask=0.0874 iou=0.0028
  Epoch 42 [60/440] loss=0.0871 mask=0.0845 iou=0.0027
  Epoch 42 [70/440] loss=0.0871 mask=0.0847 iou=0.0025
  Epoch 42 [80/440] loss=0.0872 mask=0.0848 iou=0.0025
  Epoch 42 [90/440] loss=0.0887 mask=0.0864 iou=0.0023
  Epoch 42 [100/440] loss=0.0883 mask=0.0859 iou=0.0024
  Epoch 42 [110/440] loss=0.0884 mask=0.0861 iou=0.0024
  Epoch 42 [120/440] loss=0.0881 mask=0.0858 iou=0.0023
  Epoch 42 [130/440] loss=0.0881 mask=0.0858 iou=0.0022
  Epoch 42 [140/440] loss=0.0867 mask=0.0846 iou=0.0022
  Epoch 42 [150/440] loss=0.0856 mask=0.0835 iou=0.0021
  Epoch 42 [160/440] loss=0.0860 mask=0.0839 iou=0.0020
  Epoch 42 [170/440] loss=0.0852 mask=0.0832 iou=0.0020
  Epoch 42 [180/440] loss=0.0858 mask=0.0838 iou=0.0021
  Epoch 42 [190/440] loss=0.0851 mask=0.0831 iou=0.0020
  Epoch 42 [200/440] loss=0.0851 mask=0.0831 iou=0.0020
  Epoch 42 [210/440] loss=0.0863 mask=0.0842 iou=0.0020
  Epoch 42 [220/440] loss=0.0868 mask=0.0847 iou=0.0020
  Epoch 42 [230/440] loss=0.0875 mask=0.0854 iou=0.0021
  Epoch 42 [240/440] loss=0.0873 mask=0.0852 iou=0.0021
  Epoch 42 [250/440] loss=0.0872 mask=0.0852 iou=0.0020
  Epoch 42 [260/440] loss=0.0870 mask=0.0850 iou=0.0020
  Epoch 42 [270/440] loss=0.0871 mask=0.0851 iou=0.0021
  Epoch 42 [280/440] loss=0.0872 mask=0.0851 iou=0.0021
  Epoch 42 [290/440] loss=0.0876 mask=0.0855 iou=0.0020
  Epoch 42 [300/440] loss=0.0878 mask=0.0857 iou=0.0020
  Epoch 42 [310/440] loss=0.0882 mask=0.0862 iou=0.0020
  Epoch 42 [320/440] loss=0.0887 mask=0.0867 iou=0.0020
  Epoch 42 [330/440] loss=0.0885 mask=0.0865 iou=0.0020
  Epoch 42 [340/440] loss=0.0887 mask=0.0867 iou=0.0020
  Epoch 42 [350/440] loss=0.0888 mask=0.0868 iou=0.0020
  Epoch 42 [360/440] loss=0.0892 mask=0.0872 iou=0.0020
  Epoch 42 [370/440] loss=0.0890 mask=0.0870 iou=0.0020
  Epoch 42 [380/440] loss=0.0892 mask=0.0872 iou=0.0020
  Epoch 42 [390/440] loss=0.0896 mask=0.0877 iou=0.0019
  Epoch 42 [400/440] loss=0.0893 mask=0.0874 iou=0.0019
  Epoch 42 [410/440] loss=0.0892 mask=0.0872 iou=0.0019
  Epoch 42 [420/440] loss=0.0894 mask=0.0875 iou=0.0019
  Epoch 42 [430/440] loss=0.0893 mask=0.0874 iou=0.0019
  Epoch 42 [440/440] loss=0.0891 mask=0.0872 iou=0.0019
  Train: loss=0.0891 mask=0.0872 iou=0.0019 time=244.5s
  Val epoch 42: loss=0.1305

=== Phase1 Epoch 43/49 ===
  Epoch 43 [10/440] loss=0.0861 mask=0.0836 iou=0.0025
  Epoch 43 [20/440] loss=0.0853 mask=0.0828 iou=0.0024
  Epoch 43 [30/440] loss=0.0803 mask=0.0784 iou=0.0019
  Epoch 43 [40/440] loss=0.0805 mask=0.0788 iou=0.0017
  Epoch 43 [50/440] loss=0.0819 mask=0.0802 iou=0.0017
  Epoch 43 [60/440] loss=0.0878 mask=0.0859 iou=0.0019
  Epoch 43 [70/440] loss=0.0895 mask=0.0876 iou=0.0019
  Epoch 43 [80/440] loss=0.0890 mask=0.0870 iou=0.0020
  Epoch 43 [90/440] loss=0.0876 mask=0.0857 iou=0.0019
  Epoch 43 [100/440] loss=0.0897 mask=0.0876 iou=0.0021
  Epoch 43 [110/440] loss=0.0897 mask=0.0877 iou=0.0020
  Epoch 43 [120/440] loss=0.0907 mask=0.0887 iou=0.0020
  Epoch 43 [130/440] loss=0.0908 mask=0.0888 iou=0.0020
  Epoch 43 [140/440] loss=0.0942 mask=0.0921 iou=0.0020
  Epoch 43 [150/440] loss=0.0943 mask=0.0923 iou=0.0020
  Epoch 43 [160/440] loss=0.0938 mask=0.0917 iou=0.0021
  Epoch 43 [170/440] loss=0.0942 mask=0.0922 iou=0.0021
  Epoch 43 [180/440] loss=0.0940 mask=0.0919 iou=0.0021
  Epoch 43 [190/440] loss=0.0951 mask=0.0930 iou=0.0021
  Epoch 43 [200/440] loss=0.0948 mask=0.0927 iou=0.0021
  Epoch 43 [210/440] loss=0.0946 mask=0.0925 iou=0.0021
  Epoch 43 [220/440] loss=0.0946 mask=0.0925 iou=0.0021
  Epoch 43 [230/440] loss=0.0936 mask=0.0915 iou=0.0021
  Epoch 43 [240/440] loss=0.0943 mask=0.0922 iou=0.0022
  Epoch 43 [250/440] loss=0.0940 mask=0.0919 iou=0.0022
  Epoch 43 [260/440] loss=0.0934 mask=0.0912 iou=0.0021
  Epoch 43 [270/440] loss=0.0932 mask=0.0911 iou=0.0021
  Epoch 43 [280/440] loss=0.0925 mask=0.0904 iou=0.0021
  Epoch 43 [290/440] loss=0.0919 mask=0.0899 iou=0.0020
  Epoch 43 [300/440] loss=0.0911 mask=0.0891 iou=0.0020
  Epoch 43 [310/440] loss=0.0909 mask=0.0890 iou=0.0020
  Epoch 43 [320/440] loss=0.0902 mask=0.0882 iou=0.0020
  Epoch 43 [330/440] loss=0.0904 mask=0.0885 iou=0.0020
  Epoch 43 [340/440] loss=0.0903 mask=0.0883 iou=0.0020
  Epoch 43 [350/440] loss=0.0902 mask=0.0882 iou=0.0020
  Epoch 43 [360/440] loss=0.0899 mask=0.0880 iou=0.0019
  Epoch 43 [370/440] loss=0.0899 mask=0.0880 iou=0.0019
  Epoch 43 [380/440] loss=0.0897 mask=0.0878 iou=0.0019
  Epoch 43 [390/440] loss=0.0896 mask=0.0877 iou=0.0019
  Epoch 43 [400/440] loss=0.0897 mask=0.0878 iou=0.0020
  Epoch 43 [410/440] loss=0.0895 mask=0.0876 iou=0.0020
  Epoch 43 [420/440] loss=0.0895 mask=0.0875 iou=0.0020
  Epoch 43 [430/440] loss=0.0895 mask=0.0876 iou=0.0020
  Epoch 43 [440/440] loss=0.0896 mask=0.0876 iou=0.0020
  Train: loss=0.0896 mask=0.0876 iou=0.0020 time=235.9s
  Val epoch 43: loss=0.1310

=== Phase1 Epoch 44/49 ===
  Epoch 44 [10/440] loss=0.1003 mask=0.0976 iou=0.0027
  Epoch 44 [20/440] loss=0.0953 mask=0.0930 iou=0.0024
  Epoch 44 [30/440] loss=0.0901 mask=0.0879 iou=0.0022
  Epoch 44 [40/440] loss=0.0892 mask=0.0871 iou=0.0021
  Epoch 44 [50/440] loss=0.0908 mask=0.0886 iou=0.0022
  Epoch 44 [60/440] loss=0.0918 mask=0.0895 iou=0.0023
  Epoch 44 [70/440] loss=0.0926 mask=0.0904 iou=0.0022
  Epoch 44 [80/440] loss=0.0911 mask=0.0889 iou=0.0022
  Epoch 44 [90/440] loss=0.0913 mask=0.0890 iou=0.0022
  Epoch 44 [100/440] loss=0.0895 mask=0.0873 iou=0.0022
  Epoch 44 [110/440] loss=0.0893 mask=0.0872 iou=0.0021
  Epoch 44 [120/440] loss=0.0898 mask=0.0877 iou=0.0021
  Epoch 44 [130/440] loss=0.0894 mask=0.0874 iou=0.0020
  Epoch 44 [140/440] loss=0.0907 mask=0.0887 iou=0.0020
  Epoch 44 [150/440] loss=0.0895 mask=0.0874 iou=0.0021
  Epoch 44 [160/440] loss=0.0887 mask=0.0867 iou=0.0020
  Epoch 44 [170/440] loss=0.0894 mask=0.0873 iou=0.0021
  Epoch 44 [180/440] loss=0.0887 mask=0.0866 iou=0.0020
  Epoch 44 [190/440] loss=0.0877 mask=0.0858 iou=0.0020
  Epoch 44 [200/440] loss=0.0878 mask=0.0859 iou=0.0019
  Epoch 44 [210/440] loss=0.0872 mask=0.0853 iou=0.0019
  Epoch 44 [220/440] loss=0.0872 mask=0.0853 iou=0.0019
  Epoch 44 [230/440] loss=0.0867 mask=0.0848 iou=0.0019
  Epoch 44 [240/440] loss=0.0870 mask=0.0851 iou=0.0019
  Epoch 44 [250/440] loss=0.0875 mask=0.0856 iou=0.0019
  Epoch 44 [260/440] loss=0.0870 mask=0.0851 iou=0.0019
  Epoch 44 [270/440] loss=0.0874 mask=0.0855 iou=0.0019
  Epoch 44 [280/440] loss=0.0880 mask=0.0861 iou=0.0019
  Epoch 44 [290/440] loss=0.0883 mask=0.0864 iou=0.0020
  Epoch 44 [300/440] loss=0.0883 mask=0.0863 iou=0.0020
  Epoch 44 [310/440] loss=0.0882 mask=0.0862 iou=0.0020
  Epoch 44 [320/440] loss=0.0880 mask=0.0860 iou=0.0020
  Epoch 44 [330/440] loss=0.0879 mask=0.0859 iou=0.0020
  Epoch 44 [340/440] loss=0.0876 mask=0.0856 iou=0.0020
  Epoch 44 [350/440] loss=0.0883 mask=0.0863 iou=0.0020
  Epoch 44 [360/440] loss=0.0886 mask=0.0865 iou=0.0021
  Epoch 44 [370/440] loss=0.0891 mask=0.0871 iou=0.0020
  Epoch 44 [380/440] loss=0.0889 mask=0.0868 iou=0.0021
  Epoch 44 [390/440] loss=0.0883 mask=0.0863 iou=0.0021
  Epoch 44 [400/440] loss=0.0886 mask=0.0865 iou=0.0021
  Epoch 44 [410/440] loss=0.0885 mask=0.0865 iou=0.0020
  Epoch 44 [420/440] loss=0.0884 mask=0.0864 iou=0.0020
  Epoch 44 [430/440] loss=0.0882 mask=0.0862 iou=0.0020
  Epoch 44 [440/440] loss=0.0892 mask=0.0871 iou=0.0021
  Train: loss=0.0892 mask=0.0871 iou=0.0021 time=235.5s
  Val epoch 44: loss=0.1304

=== Phase1 Epoch 45/49 ===
  Epoch 45 [10/440] loss=0.0874 mask=0.0857 iou=0.0017
  Epoch 45 [20/440] loss=0.0982 mask=0.0960 iou=0.0022
  Epoch 45 [30/440] loss=0.0992 mask=0.0968 iou=0.0024
  Epoch 45 [40/440] loss=0.0964 mask=0.0937 iou=0.0027
  Epoch 45 [50/440] loss=0.0932 mask=0.0909 iou=0.0024
  Epoch 45 [60/440] loss=0.0924 mask=0.0902 iou=0.0022
  Epoch 45 [70/440] loss=0.0906 mask=0.0885 iou=0.0021
  Epoch 45 [80/440] loss=0.0883 mask=0.0863 iou=0.0020
  Epoch 45 [90/440] loss=0.0889 mask=0.0869 iou=0.0020
  Epoch 45 [100/440] loss=0.0896 mask=0.0876 iou=0.0020
  Epoch 45 [110/440] loss=0.0906 mask=0.0887 iou=0.0020
  Epoch 45 [120/440] loss=0.0890 mask=0.0871 iou=0.0019
  Epoch 45 [130/440] loss=0.0892 mask=0.0873 iou=0.0019
  Epoch 45 [140/440] loss=0.0894 mask=0.0875 iou=0.0019
  Epoch 45 [150/440] loss=0.0895 mask=0.0876 iou=0.0019
  Epoch 45 [160/440] loss=0.0900 mask=0.0881 iou=0.0019
  Epoch 45 [170/440] loss=0.0909 mask=0.0890 iou=0.0019
  Epoch 45 [180/440] loss=0.0915 mask=0.0895 iou=0.0020
  Epoch 45 [190/440] loss=0.0921 mask=0.0901 iou=0.0020
  Epoch 45 [200/440] loss=0.0910 mask=0.0891 iou=0.0020
  Epoch 45 [210/440] loss=0.0905 mask=0.0886 iou=0.0019
  Epoch 45 [220/440] loss=0.0906 mask=0.0888 iou=0.0019
  Epoch 45 [230/440] loss=0.0908 mask=0.0890 iou=0.0018
  Epoch 45 [240/440] loss=0.0912 mask=0.0893 iou=0.0018
  Epoch 45 [250/440] loss=0.0912 mask=0.0894 iou=0.0018
  Epoch 45 [260/440] loss=0.0910 mask=0.0892 iou=0.0018
  Epoch 45 [270/440] loss=0.0914 mask=0.0895 iou=0.0018
  Epoch 45 [280/440] loss=0.0911 mask=0.0893 iou=0.0018
  Epoch 45 [290/440] loss=0.0909 mask=0.0891 iou=0.0018
  Epoch 45 [300/440] loss=0.0910 mask=0.0891 iou=0.0019
  Epoch 45 [310/440] loss=0.0913 mask=0.0894 iou=0.0019
  Epoch 45 [320/440] loss=0.0911 mask=0.0893 iou=0.0019
  Epoch 45 [330/440] loss=0.0907 mask=0.0889 iou=0.0019
  Epoch 45 [340/440] loss=0.0904 mask=0.0885 iou=0.0019
  Epoch 45 [350/440] loss=0.0902 mask=0.0883 iou=0.0019
  Epoch 45 [360/440] loss=0.0901 mask=0.0882 iou=0.0019
  Epoch 45 [370/440] loss=0.0897 mask=0.0879 iou=0.0019
  Epoch 45 [380/440] loss=0.0895 mask=0.0876 iou=0.0019
  Epoch 45 [390/440] loss=0.0893 mask=0.0875 iou=0.0019
  Epoch 45 [400/440] loss=0.0888 mask=0.0870 iou=0.0018
  Epoch 45 [410/440] loss=0.0888 mask=0.0870 iou=0.0018
  Epoch 45 [420/440] loss=0.0886 mask=0.0868 iou=0.0018
  Epoch 45 [430/440] loss=0.0890 mask=0.0871 iou=0.0019
  Epoch 45 [440/440] loss=0.0892 mask=0.0873 iou=0.0019
  Train: loss=0.0892 mask=0.0873 iou=0.0019 time=234.4s
  Val epoch 45: loss=0.1310

=== Phase1 Epoch 46/49 ===
  Epoch 46 [10/440] loss=0.0901 mask=0.0883 iou=0.0017
  Epoch 46 [20/440] loss=0.0867 mask=0.0851 iou=0.0016
  Epoch 46 [30/440] loss=0.0873 mask=0.0857 iou=0.0016
  Epoch 46 [40/440] loss=0.0915 mask=0.0900 iou=0.0015
  Epoch 46 [50/440] loss=0.0919 mask=0.0903 iou=0.0016
  Epoch 46 [60/440] loss=0.0938 mask=0.0921 iou=0.0017
  Epoch 46 [70/440] loss=0.0903 mask=0.0887 iou=0.0016
  Epoch 46 [80/440] loss=0.0900 mask=0.0884 iou=0.0016
  Epoch 46 [90/440] loss=0.0885 mask=0.0869 iou=0.0017
  Epoch 46 [100/440] loss=0.0903 mask=0.0886 iou=0.0017
  Epoch 46 [110/440] loss=0.0904 mask=0.0887 iou=0.0017
  Epoch 46 [120/440] loss=0.0890 mask=0.0873 iou=0.0017
  Epoch 46 [130/440] loss=0.0881 mask=0.0865 iou=0.0016
  Epoch 46 [140/440] loss=0.0873 mask=0.0857 iou=0.0016
  Epoch 46 [150/440] loss=0.0874 mask=0.0858 iou=0.0016
  Epoch 46 [160/440] loss=0.0886 mask=0.0870 iou=0.0016
  Epoch 46 [170/440] loss=0.0892 mask=0.0876 iou=0.0016
  Epoch 46 [180/440] loss=0.0890 mask=0.0873 iou=0.0016
  Epoch 46 [190/440] loss=0.0893 mask=0.0877 iou=0.0016
  Epoch 46 [200/440] loss=0.0895 mask=0.0877 iou=0.0018
  Epoch 46 [210/440] loss=0.0894 mask=0.0876 iou=0.0018
  Epoch 46 [220/440] loss=0.0889 mask=0.0871 iou=0.0018
  Epoch 46 [230/440] loss=0.0891 mask=0.0872 iou=0.0018
  Epoch 46 [240/440] loss=0.0896 mask=0.0878 iou=0.0018
  Epoch 46 [250/440] loss=0.0896 mask=0.0877 iou=0.0018
  Epoch 46 [260/440] loss=0.0888 mask=0.0870 iou=0.0018
  Epoch 46 [270/440] loss=0.0884 mask=0.0866 iou=0.0018
  Epoch 46 [280/440] loss=0.0882 mask=0.0864 iou=0.0018
  Epoch 46 [290/440] loss=0.0881 mask=0.0862 iou=0.0019
  Epoch 46 [300/440] loss=0.0880 mask=0.0861 iou=0.0019
  Epoch 46 [310/440] loss=0.0883 mask=0.0864 iou=0.0019
  Epoch 46 [320/440] loss=0.0883 mask=0.0864 iou=0.0019
  Epoch 46 [330/440] loss=0.0897 mask=0.0878 iou=0.0019
  Epoch 46 [340/440] loss=0.0896 mask=0.0877 iou=0.0019
  Epoch 46 [350/440] loss=0.0897 mask=0.0878 iou=0.0019
  Epoch 46 [360/440] loss=0.0895 mask=0.0876 iou=0.0019
  Epoch 46 [370/440] loss=0.0895 mask=0.0876 iou=0.0019
  Epoch 46 [380/440] loss=0.0892 mask=0.0873 iou=0.0019
  Epoch 46 [390/440] loss=0.0893 mask=0.0874 iou=0.0019
  Epoch 46 [400/440] loss=0.0890 mask=0.0871 iou=0.0019
  Epoch 46 [410/440] loss=0.0895 mask=0.0876 iou=0.0019
  Epoch 46 [420/440] loss=0.0893 mask=0.0874 iou=0.0019
  Epoch 46 [430/440] loss=0.0892 mask=0.0873 iou=0.0019
  Epoch 46 [440/440] loss=0.0889 mask=0.0871 iou=0.0019
  Train: loss=0.0889 mask=0.0871 iou=0.0019 time=237.6s
  Val epoch 46: loss=0.1298

=== Phase1 Epoch 47/49 ===
  Epoch 47 [10/440] loss=0.0991 mask=0.0971 iou=0.0020
  Epoch 47 [20/440] loss=0.1009 mask=0.0983 iou=0.0026
  Epoch 47 [30/440] loss=0.1013 mask=0.0992 iou=0.0021
  Epoch 47 [40/440] loss=0.1054 mask=0.1030 iou=0.0025
  Epoch 47 [50/440] loss=0.0992 mask=0.0971 iou=0.0021
  Epoch 47 [60/440] loss=0.0982 mask=0.0963 iou=0.0020
  Epoch 47 [70/440] loss=0.0968 mask=0.0949 iou=0.0019
  Epoch 47 [80/440] loss=0.0942 mask=0.0923 iou=0.0019
  Epoch 47 [90/440] loss=0.0924 mask=0.0906 iou=0.0018
  Epoch 47 [100/440] loss=0.0908 mask=0.0889 iou=0.0019
  Epoch 47 [110/440] loss=0.0913 mask=0.0895 iou=0.0018
  Epoch 47 [120/440] loss=0.0922 mask=0.0904 iou=0.0018
  Epoch 47 [130/440] loss=0.0919 mask=0.0900 iou=0.0019
  Epoch 47 [140/440] loss=0.0911 mask=0.0892 iou=0.0018
  Epoch 47 [150/440] loss=0.0913 mask=0.0894 iou=0.0019
  Epoch 47 [160/440] loss=0.0905 mask=0.0886 iou=0.0019
  Epoch 47 [170/440] loss=0.0900 mask=0.0880 iou=0.0019
  Epoch 47 [180/440] loss=0.0902 mask=0.0882 iou=0.0020
  Epoch 47 [190/440] loss=0.0905 mask=0.0885 iou=0.0020
  Epoch 47 [200/440] loss=0.0900 mask=0.0880 iou=0.0020
  Epoch 47 [210/440] loss=0.0897 mask=0.0877 iou=0.0020
  Epoch 47 [220/440] loss=0.0897 mask=0.0877 iou=0.0020
  Epoch 47 [230/440] loss=0.0917 mask=0.0897 iou=0.0020
  Epoch 47 [240/440] loss=0.0913 mask=0.0893 iou=0.0020
  Epoch 47 [250/440] loss=0.0906 mask=0.0885 iou=0.0021
  Epoch 47 [260/440] loss=0.0910 mask=0.0890 iou=0.0020
  Epoch 47 [270/440] loss=0.0913 mask=0.0893 iou=0.0020
  Epoch 47 [280/440] loss=0.0905 mask=0.0886 iou=0.0020
  Epoch 47 [290/440] loss=0.0899 mask=0.0879 iou=0.0020
  Epoch 47 [300/440] loss=0.0894 mask=0.0875 iou=0.0019
  Epoch 47 [310/440] loss=0.0891 mask=0.0871 iou=0.0019
  Epoch 47 [320/440] loss=0.0896 mask=0.0877 iou=0.0020
  Epoch 47 [330/440] loss=0.0893 mask=0.0874 iou=0.0019
  Epoch 47 [340/440] loss=0.0892 mask=0.0872 iou=0.0019
  Epoch 47 [350/440] loss=0.0895 mask=0.0876 iou=0.0019
  Epoch 47 [360/440] loss=0.0890 mask=0.0872 iou=0.0019
  Epoch 47 [370/440] loss=0.0894 mask=0.0875 iou=0.0019
  Epoch 47 [380/440] loss=0.0890 mask=0.0871 iou=0.0019
  Epoch 47 [390/440] loss=0.0891 mask=0.0873 iou=0.0018
  Epoch 47 [400/440] loss=0.0895 mask=0.0876 iou=0.0019
  Epoch 47 [410/440] loss=0.0895 mask=0.0877 iou=0.0018
  Epoch 47 [420/440] loss=0.0895 mask=0.0877 iou=0.0018
  Epoch 47 [430/440] loss=0.0894 mask=0.0875 iou=0.0018
  Epoch 47 [440/440] loss=0.0889 mask=0.0871 iou=0.0018
  Train: loss=0.0889 mask=0.0871 iou=0.0018 time=234.3s
  Val epoch 47: loss=0.1292

=== Phase1 Epoch 48/49 ===
  Epoch 48 [10/440] loss=0.0755 mask=0.0736 iou=0.0019
  Epoch 48 [20/440] loss=0.0832 mask=0.0814 iou=0.0019
  Epoch 48 [30/440] loss=0.0793 mask=0.0778 iou=0.0015
  Epoch 48 [40/440] loss=0.0809 mask=0.0794 iou=0.0015
  Epoch 48 [50/440] loss=0.0801 mask=0.0787 iou=0.0014
  Epoch 48 [60/440] loss=0.0844 mask=0.0828 iou=0.0016
  Epoch 48 [70/440] loss=0.0861 mask=0.0845 iou=0.0015
  Epoch 48 [80/440] loss=0.0873 mask=0.0855 iou=0.0018
  Epoch 48 [90/440] loss=0.0887 mask=0.0868 iou=0.0019
  Epoch 48 [100/440] loss=0.0884 mask=0.0865 iou=0.0019
  Epoch 48 [110/440] loss=0.0883 mask=0.0864 iou=0.0018
  Epoch 48 [120/440] loss=0.0885 mask=0.0866 iou=0.0019
  Epoch 48 [130/440] loss=0.0878 mask=0.0859 iou=0.0019
  Epoch 48 [140/440] loss=0.0881 mask=0.0862 iou=0.0018
  Epoch 48 [150/440] loss=0.0887 mask=0.0869 iou=0.0018
  Epoch 48 [160/440] loss=0.0884 mask=0.0867 iou=0.0018
  Epoch 48 [170/440] loss=0.0885 mask=0.0867 iou=0.0017
  Epoch 48 [180/440] loss=0.0888 mask=0.0871 iou=0.0018
  Epoch 48 [190/440] loss=0.0888 mask=0.0871 iou=0.0018
  Epoch 48 [200/440] loss=0.0885 mask=0.0868 iou=0.0017
  Epoch 48 [210/440] loss=0.0883 mask=0.0865 iou=0.0018
  Epoch 48 [220/440] loss=0.0888 mask=0.0870 iou=0.0018
  Epoch 48 [230/440] loss=0.0890 mask=0.0872 iou=0.0018
  Epoch 48 [240/440] loss=0.0893 mask=0.0875 iou=0.0018
  Epoch 48 [250/440] loss=0.0885 mask=0.0868 iou=0.0017
  Epoch 48 [260/440] loss=0.0895 mask=0.0877 iou=0.0018
  Epoch 48 [270/440] loss=0.0894 mask=0.0875 iou=0.0019
  Epoch 48 [280/440] loss=0.0900 mask=0.0881 iou=0.0019
  Epoch 48 [290/440] loss=0.0899 mask=0.0880 iou=0.0019
  Epoch 48 [300/440] loss=0.0897 mask=0.0879 iou=0.0018
  Epoch 48 [310/440] loss=0.0896 mask=0.0878 iou=0.0018
  Epoch 48 [320/440] loss=0.0894 mask=0.0877 iou=0.0018
  Epoch 48 [330/440] loss=0.0894 mask=0.0876 iou=0.0018
  Epoch 48 [340/440] loss=0.0895 mask=0.0877 iou=0.0018
  Epoch 48 [350/440] loss=0.0895 mask=0.0877 iou=0.0018
  Epoch 48 [360/440] loss=0.0894 mask=0.0876 iou=0.0018
  Epoch 48 [370/440] loss=0.0889 mask=0.0871 iou=0.0018
  Epoch 48 [380/440] loss=0.0891 mask=0.0872 iou=0.0019
  Epoch 48 [390/440] loss=0.0888 mask=0.0869 iou=0.0018
  Epoch 48 [400/440] loss=0.0892 mask=0.0873 iou=0.0019
  Epoch 48 [410/440] loss=0.0892 mask=0.0873 iou=0.0018
  Epoch 48 [420/440] loss=0.0890 mask=0.0871 iou=0.0018
  Epoch 48 [430/440] loss=0.0888 mask=0.0870 iou=0.0019
  Epoch 48 [440/440] loss=0.0888 mask=0.0870 iou=0.0019
  Train: loss=0.0888 mask=0.0870 iou=0.0019 time=239.1s
  Val epoch 48: loss=0.1292

=== Phase1 Epoch 49/49 ===
  Epoch 49 [10/440] loss=0.0777 mask=0.0763 iou=0.0014
  Epoch 49 [20/440] loss=0.0807 mask=0.0785 iou=0.0022
  Epoch 49 [30/440] loss=0.0789 mask=0.0769 iou=0.0020
  Epoch 49 [40/440] loss=0.0806 mask=0.0788 iou=0.0018
  Epoch 49 [50/440] loss=0.0820 mask=0.0802 iou=0.0018
  Epoch 49 [60/440] loss=0.0833 mask=0.0814 iou=0.0019
  Epoch 49 [70/440] loss=0.0823 mask=0.0805 iou=0.0018
  Epoch 49 [80/440] loss=0.0813 mask=0.0796 iou=0.0017
  Epoch 49 [90/440] loss=0.0819 mask=0.0802 iou=0.0017
  Epoch 49 [100/440] loss=0.0839 mask=0.0821 iou=0.0018
  Epoch 49 [110/440] loss=0.0840 mask=0.0822 iou=0.0017
  Epoch 49 [120/440] loss=0.0859 mask=0.0842 iou=0.0017
  Epoch 49 [130/440] loss=0.0865 mask=0.0848 iou=0.0017
  Epoch 49 [140/440] loss=0.0878 mask=0.0861 iou=0.0017
  Epoch 49 [150/440] loss=0.0870 mask=0.0854 iou=0.0017
  Epoch 49 [160/440] loss=0.0861 mask=0.0845 iou=0.0016
  Epoch 49 [170/440] loss=0.0866 mask=0.0850 iou=0.0017
  Epoch 49 [180/440] loss=0.0866 mask=0.0849 iou=0.0017
  Epoch 49 [190/440] loss=0.0861 mask=0.0845 iou=0.0016
  Epoch 49 [200/440] loss=0.0861 mask=0.0845 iou=0.0016
  Epoch 49 [210/440] loss=0.0861 mask=0.0845 iou=0.0016
  Epoch 49 [220/440] loss=0.0870 mask=0.0853 iou=0.0016
  Epoch 49 [230/440] loss=0.0875 mask=0.0858 iou=0.0016
  Epoch 49 [240/440] loss=0.0873 mask=0.0856 iou=0.0017
  Epoch 49 [250/440] loss=0.0874 mask=0.0858 iou=0.0017
  Epoch 49 [260/440] loss=0.0886 mask=0.0869 iou=0.0017
  Epoch 49 [270/440] loss=0.0882 mask=0.0865 iou=0.0017
  Epoch 49 [280/440] loss=0.0881 mask=0.0863 iou=0.0017
  Epoch 49 [290/440] loss=0.0879 mask=0.0862 iou=0.0017
  Epoch 49 [300/440] loss=0.0878 mask=0.0861 iou=0.0017
  Epoch 49 [310/440] loss=0.0877 mask=0.0860 iou=0.0017
  Epoch 49 [320/440] loss=0.0878 mask=0.0861 iou=0.0018
  Epoch 49 [330/440] loss=0.0882 mask=0.0864 iou=0.0018
  Epoch 49 [340/440] loss=0.0882 mask=0.0864 iou=0.0018
  Epoch 49 [350/440] loss=0.0884 mask=0.0866 iou=0.0018
  Epoch 49 [360/440] loss=0.0882 mask=0.0864 iou=0.0018
  Epoch 49 [370/440] loss=0.0888 mask=0.0870 iou=0.0018
  Epoch 49 [380/440] loss=0.0886 mask=0.0868 iou=0.0018
  Epoch 49 [390/440] loss=0.0882 mask=0.0864 iou=0.0018
  Epoch 49 [400/440] loss=0.0885 mask=0.0867 iou=0.0019
  Epoch 49 [410/440] loss=0.0887 mask=0.0868 iou=0.0019
  Epoch 49 [420/440] loss=0.0886 mask=0.0867 iou=0.0019
  Epoch 49 [430/440] loss=0.0885 mask=0.0866 iou=0.0019
  Epoch 49 [440/440] loss=0.0884 mask=0.0865 iou=0.0019
  Train: loss=0.0884 mask=0.0865 iou=0.0019 time=238.4s
  Val epoch 49: loss=0.1294

Phase 1 complete. Best val loss: 0.1288

============================================================
PHASE 2: Depth training (depth loss, only depth branch trainable)
============================================================
Loading phase 1 checkpoint: /data3/LXT/DINOv3-SAM/model_sam/DINO/phase1_best.pt
Initialized depth branch from SAM inner weights (depth_prediction_head random)
Phase 2: Total params: 183,583,485  Trainable: 3,643,597

=== Phase2 Epoch 0/49 ===
  Epoch 0 [10/440] loss=0.0044 mask=0.6653 depth=0.4362
  Epoch 0 [20/440] loss=0.0037 mask=0.6799 depth=0.3745
  Epoch 0 [30/440] loss=0.0035 mask=0.6825 depth=0.3525
  Epoch 0 [40/440] loss=0.0036 mask=0.7002 depth=0.3605
  Epoch 0 [50/440] loss=0.0037 mask=0.6961 depth=0.3710
  Epoch 0 [60/440] loss=0.0036 mask=0.6997 depth=0.3638
  Epoch 0 [70/440] loss=0.0034 mask=0.7019 depth=0.3417
  Epoch 0 [80/440] loss=0.0034 mask=0.7064 depth=0.3390
  Epoch 0 [90/440] loss=0.0033 mask=0.7029 depth=0.3303
  Epoch 0 [100/440] loss=0.0033 mask=0.6996 depth=0.3304
  Epoch 0 [110/440] loss=0.0032 mask=0.7057 depth=0.3155
  Epoch 0 [120/440] loss=0.0032 mask=0.7125 depth=0.3186
  Epoch 0 [130/440] loss=0.0033 mask=0.7119 depth=0.3280
  Epoch 0 [140/440] loss=0.0033 mask=0.7130 depth=0.3298
  Epoch 0 [150/440] loss=0.0033 mask=0.7155 depth=0.3277
  Epoch 0 [160/440] loss=0.0032 mask=0.7153 depth=0.3210
  Epoch 0 [170/440] loss=0.0032 mask=0.7177 depth=0.3217
  Epoch 0 [180/440] loss=0.0032 mask=0.7171 depth=0.3206
  Epoch 0 [190/440] loss=0.0032 mask=0.7148 depth=0.3232
  Epoch 0 [200/440] loss=0.0032 mask=0.7119 depth=0.3220
  Epoch 0 [210/440] loss=0.0032 mask=0.7030 depth=0.3212
  Epoch 0 [220/440] loss=0.0032 mask=0.6980 depth=0.3168
  Epoch 0 [230/440] loss=0.0031 mask=0.6916 depth=0.3128
  Epoch 0 [240/440] loss=0.0031 mask=0.6894 depth=0.3116
  Epoch 0 [250/440] loss=0.0031 mask=0.6875 depth=0.3080
  Epoch 0 [260/440] loss=0.0031 mask=0.6825 depth=0.3070
  Epoch 0 [270/440] loss=0.0030 mask=0.6803 depth=0.3030
  Epoch 0 [280/440] loss=0.0030 mask=0.6728 depth=0.3032
  Epoch 0 [290/440] loss=0.0031 mask=0.6635 depth=0.3070
  Epoch 0 [300/440] loss=0.0031 mask=0.6559 depth=0.3064
  Epoch 0 [310/440] loss=0.0030 mask=0.6489 depth=0.3048
  Epoch 0 [320/440] loss=0.0030 mask=0.6426 depth=0.3022
  Epoch 0 [330/440] loss=0.0030 mask=0.6362 depth=0.2987
  Epoch 0 [340/440] loss=0.0030 mask=0.6317 depth=0.3019
  Epoch 0 [350/440] loss=0.0030 mask=0.6269 depth=0.2989
  Epoch 0 [360/440] loss=0.0030 mask=0.6191 depth=0.2975
  Epoch 0 [370/440] loss=0.0029 mask=0.6138 depth=0.2934
  Epoch 0 [380/440] loss=0.0029 mask=0.6096 depth=0.2896
  Epoch 0 [390/440] loss=0.0029 mask=0.6062 depth=0.2908
  Epoch 0 [400/440] loss=0.0029 mask=0.6040 depth=0.2913
  Epoch 0 [410/440] loss=0.0029 mask=0.6030 depth=0.2931
  Epoch 0 [420/440] loss=0.0029 mask=0.6036 depth=0.2938
  Epoch 0 [430/440] loss=0.0029 mask=0.6005 depth=0.2921
  Epoch 0 [440/440] loss=0.0029 mask=0.5951 depth=0.2904
  Train: loss=0.0029 mask=0.5951 depth=0.2904 time=219.1s
  Val epoch 0: loss=0.0028
  Saved best phase2 model (val_loss=0.0028)

=== Phase2 Epoch 1/49 ===
  Epoch 1 [10/440] loss=0.0023 mask=0.3836 depth=0.2323
  Epoch 1 [20/440] loss=0.0021 mask=0.3998 depth=0.2073
  Epoch 1 [30/440] loss=0.0021 mask=0.4057 depth=0.2083
  Epoch 1 [40/440] loss=0.0020 mask=0.4032 depth=0.1992
  Epoch 1 [50/440] loss=0.0021 mask=0.3846 depth=0.2056
  Epoch 1 [60/440] loss=0.0020 mask=0.3697 depth=0.1958
  Epoch 1 [70/440] loss=0.0020 mask=0.3591 depth=0.1973
  Epoch 1 [80/440] loss=0.0019 mask=0.3574 depth=0.1909
  Epoch 1 [90/440] loss=0.0018 mask=0.3546 depth=0.1840
  Epoch 1 [100/440] loss=0.0018 mask=0.3637 depth=0.1828
  Epoch 1 [110/440] loss=0.0018 mask=0.3687 depth=0.1795
  Epoch 1 [120/440] loss=0.0017 mask=0.3727 depth=0.1739
  Epoch 1 [130/440] loss=0.0018 mask=0.3840 depth=0.1805
  Epoch 1 [140/440] loss=0.0018 mask=0.3889 depth=0.1828
  Epoch 1 [150/440] loss=0.0018 mask=0.3838 depth=0.1831
  Epoch 1 [160/440] loss=0.0018 mask=0.3827 depth=0.1783
  Epoch 1 [170/440] loss=0.0018 mask=0.3872 depth=0.1801
  Epoch 1 [180/440] loss=0.0018 mask=0.3859 depth=0.1777
  Epoch 1 [190/440] loss=0.0018 mask=0.3891 depth=0.1838
  Epoch 1 [200/440] loss=0.0018 mask=0.3987 depth=0.1802
  Epoch 1 [210/440] loss=0.0018 mask=0.4015 depth=0.1823
  Epoch 1 [220/440] loss=0.0019 mask=0.4002 depth=0.1853
  Epoch 1 [230/440] loss=0.0018 mask=0.3946 depth=0.1797
  Epoch 1 [240/440] loss=0.0018 mask=0.3958 depth=0.1796
  Epoch 1 [250/440] loss=0.0018 mask=0.3984 depth=0.1821
  Epoch 1 [260/440] loss=0.0018 mask=0.3943 depth=0.1835
  Epoch 1 [270/440] loss=0.0018 mask=0.3905 depth=0.1824
  Epoch 1 [280/440] loss=0.0018 mask=0.3854 depth=0.1848
  Epoch 1 [290/440] loss=0.0019 mask=0.3817 depth=0.1854
  Epoch 1 [300/440] loss=0.0018 mask=0.3796 depth=0.1836
  Epoch 1 [310/440] loss=0.0018 mask=0.3803 depth=0.1847
  Epoch 1 [320/440] loss=0.0018 mask=0.3790 depth=0.1849
  Epoch 1 [330/440] loss=0.0018 mask=0.3776 depth=0.1844
  Epoch 1 [340/440] loss=0.0018 mask=0.3766 depth=0.1810
  Epoch 1 [350/440] loss=0.0018 mask=0.3747 depth=0.1778
  Epoch 1 [360/440] loss=0.0018 mask=0.3730 depth=0.1751
  Epoch 1 [370/440] loss=0.0017 mask=0.3755 depth=0.1744
  Epoch 1 [380/440] loss=0.0017 mask=0.3780 depth=0.1718
  Epoch 1 [390/440] loss=0.0017 mask=0.3791 depth=0.1696
  Epoch 1 [400/440] loss=0.0017 mask=0.3802 depth=0.1675
  Epoch 1 [410/440] loss=0.0017 mask=0.3825 depth=0.1669
  Epoch 1 [420/440] loss=0.0017 mask=0.3849 depth=0.1662
  Epoch 1 [430/440] loss=0.0017 mask=0.3841 depth=0.1674
  Epoch 1 [440/440] loss=0.0017 mask=0.3827 depth=0.1658
  Train: loss=0.0017 mask=0.3827 depth=0.1658 time=233.5s
  Val epoch 1: loss=0.0021
  Saved best phase2 model (val_loss=0.0021)

=== Phase2 Epoch 2/49 ===
  Epoch 2 [10/440] loss=0.0012 mask=0.4052 depth=0.1245
  Epoch 2 [20/440] loss=0.0018 mask=0.4368 depth=0.1765
  Epoch 2 [30/440] loss=0.0018 mask=0.3835 depth=0.1810
  Epoch 2 [40/440] loss=0.0016 mask=0.3777 depth=0.1631
  Epoch 2 [50/440] loss=0.0014 mask=0.3674 depth=0.1440
  Epoch 2 [60/440] loss=0.0015 mask=0.3583 depth=0.1536
  Epoch 2 [70/440] loss=0.0015 mask=0.3498 depth=0.1482
  Epoch 2 [80/440] loss=0.0014 mask=0.3470 depth=0.1436
  Epoch 2 [90/440] loss=0.0014 mask=0.3532 depth=0.1432
  Epoch 2 [100/440] loss=0.0014 mask=0.3557 depth=0.1385
  Epoch 2 [110/440] loss=0.0013 mask=0.3468 depth=0.1326
  Epoch 2 [120/440] loss=0.0013 mask=0.3455 depth=0.1299
  Epoch 2 [130/440] loss=0.0013 mask=0.3480 depth=0.1284
  Epoch 2 [140/440] loss=0.0013 mask=0.3544 depth=0.1282
  Epoch 2 [150/440] loss=0.0013 mask=0.3575 depth=0.1259
  Epoch 2 [160/440] loss=0.0012 mask=0.3514 depth=0.1217
  Epoch 2 [170/440] loss=0.0012 mask=0.3474 depth=0.1188
  Epoch 2 [180/440] loss=0.0012 mask=0.3498 depth=0.1189
  Epoch 2 [190/440] loss=0.0012 mask=0.3568 depth=0.1220
  Epoch 2 [200/440] loss=0.0013 mask=0.3566 depth=0.1285
  Epoch 2 [210/440] loss=0.0013 mask=0.3523 depth=0.1280
  Epoch 2 [220/440] loss=0.0013 mask=0.3452 depth=0.1266
  Epoch 2 [230/440] loss=0.0013 mask=0.3414 depth=0.1268
  Epoch 2 [240/440] loss=0.0013 mask=0.3396 depth=0.1281
  Epoch 2 [250/440] loss=0.0013 mask=0.3362 depth=0.1253
  Epoch 2 [260/440] loss=0.0013 mask=0.3318 depth=0.1289
  Epoch 2 [270/440] loss=0.0013 mask=0.3292 depth=0.1268
  Epoch 2 [280/440] loss=0.0013 mask=0.3277 depth=0.1274
  Epoch 2 [290/440] loss=0.0013 mask=0.3247 depth=0.1262
  Epoch 2 [300/440] loss=0.0013 mask=0.3229 depth=0.1267
  Epoch 2 [310/440] loss=0.0013 mask=0.3237 depth=0.1263
  Epoch 2 [320/440] loss=0.0012 mask=0.3252 depth=0.1239
  Epoch 2 [330/440] loss=0.0013 mask=0.3287 depth=0.1282
  Epoch 2 [340/440] loss=0.0013 mask=0.3262 depth=0.1277
  Epoch 2 [350/440] loss=0.0013 mask=0.3274 depth=0.1290
  Epoch 2 [360/440] loss=0.0013 mask=0.3266 depth=0.1274
  Epoch 2 [370/440] loss=0.0013 mask=0.3255 depth=0.1268
  Epoch 2 [380/440] loss=0.0012 mask=0.3238 depth=0.1245
  Epoch 2 [390/440] loss=0.0012 mask=0.3217 depth=0.1229
  Epoch 2 [400/440] loss=0.0012 mask=0.3199 depth=0.1222
  Epoch 2 [410/440] loss=0.0012 mask=0.3203 depth=0.1216
  Epoch 2 [420/440] loss=0.0012 mask=0.3207 depth=0.1208
  Epoch 2 [430/440] loss=0.0012 mask=0.3199 depth=0.1198
  Epoch 2 [440/440] loss=0.0012 mask=0.3192 depth=0.1190
  Train: loss=0.0012 mask=0.3192 depth=0.1190 time=221.0s
  Val epoch 2: loss=0.0021
  Saved best phase2 model (val_loss=0.0021)

=== Phase2 Epoch 3/49 ===
  Epoch 3 [10/440] loss=0.0009 mask=0.2460 depth=0.0872
  Epoch 3 [20/440] loss=0.0006 mask=0.2840 depth=0.0618
  Epoch 3 [30/440] loss=0.0007 mask=0.2901 depth=0.0713
  Epoch 3 [40/440] loss=0.0007 mask=0.3033 depth=0.0722
  Epoch 3 [50/440] loss=0.0008 mask=0.3214 depth=0.0751
  Epoch 3 [60/440] loss=0.0008 mask=0.3152 depth=0.0790
  Epoch 3 [70/440] loss=0.0007 mask=0.3020 depth=0.0749
  Epoch 3 [80/440] loss=0.0008 mask=0.3008 depth=0.0778
  Epoch 3 [90/440] loss=0.0007 mask=0.2936 depth=0.0748
  Epoch 3 [100/440] loss=0.0008 mask=0.3023 depth=0.0779
  Epoch 3 [110/440] loss=0.0008 mask=0.3078 depth=0.0799
  Epoch 3 [120/440] loss=0.0008 mask=0.3010 depth=0.0792
  Epoch 3 [130/440] loss=0.0009 mask=0.3000 depth=0.0855
  Epoch 3 [140/440] loss=0.0008 mask=0.2945 depth=0.0839
  Epoch 3 [150/440] loss=0.0008 mask=0.2893 depth=0.0846
  Epoch 3 [160/440] loss=0.0009 mask=0.2854 depth=0.0857
  Epoch 3 [170/440] loss=0.0008 mask=0.2811 depth=0.0841
  Epoch 3 [180/440] loss=0.0008 mask=0.2795 depth=0.0824
  Epoch 3 [190/440] loss=0.0009 mask=0.2802 depth=0.0860
  Epoch 3 [200/440] loss=0.0009 mask=0.2813 depth=0.0878
  Epoch 3 [210/440] loss=0.0009 mask=0.2808 depth=0.0861
  Epoch 3 [220/440] loss=0.0008 mask=0.2784 depth=0.0837
  Epoch 3 [230/440] loss=0.0009 mask=0.2817 depth=0.0858
  Epoch 3 [240/440] loss=0.0009 mask=0.2801 depth=0.0913
  Epoch 3 [250/440] loss=0.0009 mask=0.2816 depth=0.0913
  Epoch 3 [260/440] loss=0.0009 mask=0.2800 depth=0.0904
  Epoch 3 [270/440] loss=0.0009 mask=0.2797 depth=0.0938
  Epoch 3 [280/440] loss=0.0009 mask=0.2788 depth=0.0926
  Epoch 3 [290/440] loss=0.0009 mask=0.2762 depth=0.0938
  Epoch 3 [300/440] loss=0.0009 mask=0.2752 depth=0.0921
  Epoch 3 [310/440] loss=0.0009 mask=0.2725 depth=0.0911
  Epoch 3 [320/440] loss=0.0009 mask=0.2688 depth=0.0898
  Epoch 3 [330/440] loss=0.0009 mask=0.2675 depth=0.0886
  Epoch 3 [340/440] loss=0.0009 mask=0.2674 depth=0.0880
  Epoch 3 [350/440] loss=0.0009 mask=0.2685 depth=0.0880
  Epoch 3 [360/440] loss=0.0009 mask=0.2686 depth=0.0875
  Epoch 3 [370/440] loss=0.0009 mask=0.2704 depth=0.0869
  Epoch 3 [380/440] loss=0.0009 mask=0.2690 depth=0.0854
  Epoch 3 [390/440] loss=0.0008 mask=0.2683 depth=0.0849
  Epoch 3 [400/440] loss=0.0008 mask=0.2699 depth=0.0843
  Epoch 3 [410/440] loss=0.0008 mask=0.2697 depth=0.0833
  Epoch 3 [420/440] loss=0.0008 mask=0.2681 depth=0.0842
  Epoch 3 [430/440] loss=0.0008 mask=0.2700 depth=0.0835
  Epoch 3 [440/440] loss=0.0008 mask=0.2681 depth=0.0834
  Train: loss=0.0008 mask=0.2681 depth=0.0834 time=220.0s
  Val epoch 3: loss=0.0018
  Saved best phase2 model (val_loss=0.0018)

=== Phase2 Epoch 4/49 ===
  Epoch 4 [10/440] loss=0.0010 mask=0.2670 depth=0.0952
  Epoch 4 [20/440] loss=0.0007 mask=0.2715 depth=0.0679
  Epoch 4 [30/440] loss=0.0007 mask=0.2600 depth=0.0666
  Epoch 4 [40/440] loss=0.0007 mask=0.2631 depth=0.0685
  Epoch 4 [50/440] loss=0.0006 mask=0.2660 depth=0.0629
  Epoch 4 [60/440] loss=0.0006 mask=0.2661 depth=0.0620
  Epoch 4 [70/440] loss=0.0006 mask=0.2635 depth=0.0604
  Epoch 4 [80/440] loss=0.0006 mask=0.2547 depth=0.0586
  Epoch 4 [90/440] loss=0.0006 mask=0.2619 depth=0.0574
  Epoch 4 [100/440] loss=0.0006 mask=0.2681 depth=0.0555
  Epoch 4 [110/440] loss=0.0006 mask=0.2646 depth=0.0559
  Epoch 4 [120/440] loss=0.0006 mask=0.2680 depth=0.0631
  Epoch 4 [130/440] loss=0.0006 mask=0.2707 depth=0.0631
  Epoch 4 [140/440] loss=0.0006 mask=0.2676 depth=0.0607
  Epoch 4 [150/440] loss=0.0006 mask=0.2785 depth=0.0615
  Epoch 4 [160/440] loss=0.0006 mask=0.2782 depth=0.0605
  Epoch 4 [170/440] loss=0.0006 mask=0.2829 depth=0.0594
  Epoch 4 [180/440] loss=0.0006 mask=0.2857 depth=0.0603
  Epoch 4 [190/440] loss=0.0006 mask=0.2907 depth=0.0584
  Epoch 4 [200/440] loss=0.0006 mask=0.2896 depth=0.0590
  Epoch 4 [210/440] loss=0.0006 mask=0.2909 depth=0.0615
  Epoch 4 [220/440] loss=0.0006 mask=0.2968 depth=0.0615
  Epoch 4 [230/440] loss=0.0006 mask=0.2965 depth=0.0606
  Epoch 4 [240/440] loss=0.0006 mask=0.2946 depth=0.0599
  Epoch 4 [250/440] loss=0.0006 mask=0.2955 depth=0.0585
  Epoch 4 [260/440] loss=0.0006 mask=0.2982 depth=0.0594
  Epoch 4 [270/440] loss=0.0006 mask=0.2984 depth=0.0590
  Epoch 4 [280/440] loss=0.0006 mask=0.2982 depth=0.0594
  Epoch 4 [290/440] loss=0.0006 mask=0.2996 depth=0.0597
  Epoch 4 [300/440] loss=0.0006 mask=0.3010 depth=0.0610
  Epoch 4 [310/440] loss=0.0006 mask=0.3022 depth=0.0613
  Epoch 4 [320/440] loss=0.0006 mask=0.3050 depth=0.0620
  Epoch 4 [330/440] loss=0.0006 mask=0.3071 depth=0.0624
  Epoch 4 [340/440] loss=0.0006 mask=0.3060 depth=0.0615
  Epoch 4 [350/440] loss=0.0006 mask=0.3067 depth=0.0614
  Epoch 4 [360/440] loss=0.0006 mask=0.3058 depth=0.0612
  Epoch 4 [370/440] loss=0.0006 mask=0.3048 depth=0.0608
  Epoch 4 [380/440] loss=0.0006 mask=0.3044 depth=0.0612
  Epoch 4 [390/440] loss=0.0006 mask=0.3031 depth=0.0621
  Epoch 4 [400/440] loss=0.0006 mask=0.3013 depth=0.0635
  Epoch 4 [410/440] loss=0.0006 mask=0.2992 depth=0.0640
  Epoch 4 [420/440] loss=0.0006 mask=0.2972 depth=0.0632
  Epoch 4 [430/440] loss=0.0006 mask=0.2973 depth=0.0635
  Epoch 4 [440/440] loss=0.0006 mask=0.2958 depth=0.0627
  Train: loss=0.0006 mask=0.2958 depth=0.0627 time=221.1s
  Val epoch 4: loss=0.0017
  Saved best phase2 model (val_loss=0.0017)

=== Phase2 Epoch 5/49 ===
  Epoch 5 [10/440] loss=0.0003 mask=0.2836 depth=0.0252
  Epoch 5 [20/440] loss=0.0003 mask=0.3007 depth=0.0283
  Epoch 5 [30/440] loss=0.0004 mask=0.2582 depth=0.0448
  Epoch 5 [40/440] loss=0.0004 mask=0.2696 depth=0.0405
  Epoch 5 [50/440] loss=0.0004 mask=0.2646 depth=0.0429
  Epoch 5 [60/440] loss=0.0004 mask=0.2661 depth=0.0412
  Epoch 5 [70/440] loss=0.0005 mask=0.2726 depth=0.0456
  Epoch 5 [80/440] loss=0.0005 mask=0.2737 depth=0.0466
  Epoch 5 [90/440] loss=0.0004 mask=0.2692 depth=0.0438
  Epoch 5 [100/440] loss=0.0004 mask=0.2660 depth=0.0431
  Epoch 5 [110/440] loss=0.0004 mask=0.2713 depth=0.0427
  Epoch 5 [120/440] loss=0.0004 mask=0.2735 depth=0.0418
  Epoch 5 [130/440] loss=0.0004 mask=0.2815 depth=0.0409
  Epoch 5 [140/440] loss=0.0004 mask=0.2824 depth=0.0399
  Epoch 5 [150/440] loss=0.0004 mask=0.2832 depth=0.0400
  Epoch 5 [160/440] loss=0.0004 mask=0.2826 depth=0.0405
  Epoch 5 [170/440] loss=0.0004 mask=0.2803 depth=0.0390
  Epoch 5 [180/440] loss=0.0004 mask=0.2824 depth=0.0408
  Epoch 5 [190/440] loss=0.0004 mask=0.2794 depth=0.0407
  Epoch 5 [200/440] loss=0.0004 mask=0.2774 depth=0.0414
  Epoch 5 [210/440] loss=0.0004 mask=0.2774 depth=0.0413
  Epoch 5 [220/440] loss=0.0004 mask=0.2774 depth=0.0421
  Epoch 5 [230/440] loss=0.0004 mask=0.2798 depth=0.0418
  Epoch 5 [240/440] loss=0.0004 mask=0.2853 depth=0.0431
  Epoch 5 [250/440] loss=0.0004 mask=0.2881 depth=0.0429
  Epoch 5 [260/440] loss=0.0004 mask=0.2877 depth=0.0424
  Epoch 5 [270/440] loss=0.0004 mask=0.2890 depth=0.0423
  Epoch 5 [280/440] loss=0.0004 mask=0.2879 depth=0.0416
  Epoch 5 [290/440] loss=0.0005 mask=0.2905 depth=0.0453
  Epoch 5 [300/440] loss=0.0005 mask=0.2910 depth=0.0460
  Epoch 5 [310/440] loss=0.0005 mask=0.2904 depth=0.0460
  Epoch 5 [320/440] loss=0.0005 mask=0.2928 depth=0.0468
  Epoch 5 [330/440] loss=0.0005 mask=0.2924 depth=0.0470
  Epoch 5 [340/440] loss=0.0005 mask=0.2911 depth=0.0472
  Epoch 5 [350/440] loss=0.0005 mask=0.2914 depth=0.0472
  Epoch 5 [360/440] loss=0.0005 mask=0.2896 depth=0.0469
  Epoch 5 [370/440] loss=0.0005 mask=0.2871 depth=0.0468
  Epoch 5 [380/440] loss=0.0005 mask=0.2858 depth=0.0463
  Epoch 5 [390/440] loss=0.0005 mask=0.2867 depth=0.0464
  Epoch 5 [400/440] loss=0.0005 mask=0.2855 depth=0.0462
  Epoch 5 [410/440] loss=0.0005 mask=0.2854 depth=0.0463
  Epoch 5 [420/440] loss=0.0005 mask=0.2861 depth=0.0463
  Epoch 5 [430/440] loss=0.0005 mask=0.2860 depth=0.0459
  Epoch 5 [440/440] loss=0.0005 mask=0.2859 depth=0.0460
  Train: loss=0.0005 mask=0.2859 depth=0.0460 time=231.5s
  Val epoch 5: loss=0.0018

=== Phase2 Epoch 6/49 ===
  Epoch 6 [10/440] loss=0.0008 mask=0.3210 depth=0.0820
  Epoch 6 [20/440] loss=0.0007 mask=0.2693 depth=0.0733
  Epoch 6 [30/440] loss=0.0006 mask=0.2721 depth=0.0616
  Epoch 6 [40/440] loss=0.0005 mask=0.2975 depth=0.0528
  Epoch 6 [50/440] loss=0.0005 mask=0.2764 depth=0.0515
  Epoch 6 [60/440] loss=0.0005 mask=0.2743 depth=0.0512
  Epoch 6 [70/440] loss=0.0005 mask=0.2743 depth=0.0526
  Epoch 6 [80/440] loss=0.0005 mask=0.2724 depth=0.0505
  Epoch 6 [90/440] loss=0.0005 mask=0.2691 depth=0.0527
  Epoch 6 [100/440] loss=0.0005 mask=0.2719 depth=0.0537
  Epoch 6 [110/440] loss=0.0005 mask=0.2750 depth=0.0520
  Epoch 6 [120/440] loss=0.0005 mask=0.2763 depth=0.0517
  Epoch 6 [130/440] loss=0.0005 mask=0.2760 depth=0.0491
  Epoch 6 [140/440] loss=0.0005 mask=0.2737 depth=0.0476
  Epoch 6 [150/440] loss=0.0005 mask=0.2737 depth=0.0457
  Epoch 6 [160/440] loss=0.0004 mask=0.2716 depth=0.0444
  Epoch 6 [170/440] loss=0.0004 mask=0.2702 depth=0.0449
  Epoch 6 [180/440] loss=0.0005 mask=0.2661 depth=0.0451
  Epoch 6 [190/440] loss=0.0004 mask=0.2640 depth=0.0448
  Epoch 6 [200/440] loss=0.0004 mask=0.2627 depth=0.0449
  Epoch 6 [210/440] loss=0.0005 mask=0.2617 depth=0.0452
  Epoch 6 [220/440] loss=0.0004 mask=0.2687 depth=0.0447
  Epoch 6 [230/440] loss=0.0005 mask=0.2662 depth=0.0475
  Epoch 6 [240/440] loss=0.0005 mask=0.2667 depth=0.0464
  Epoch 6 [250/440] loss=0.0005 mask=0.2652 depth=0.0455
  Epoch 6 [260/440] loss=0.0004 mask=0.2668 depth=0.0448
  Epoch 6 [270/440] loss=0.0004 mask=0.2660 depth=0.0446
  Epoch 6 [280/440] loss=0.0004 mask=0.2659 depth=0.0441
  Epoch 6 [290/440] loss=0.0004 mask=0.2663 depth=0.0444
  Epoch 6 [300/440] loss=0.0004 mask=0.2669 depth=0.0441
  Epoch 6 [310/440] loss=0.0004 mask=0.2683 depth=0.0432
  Epoch 6 [320/440] loss=0.0004 mask=0.2668 depth=0.0429
  Epoch 6 [330/440] loss=0.0004 mask=0.2661 depth=0.0427
  Epoch 6 [340/440] loss=0.0004 mask=0.2651 depth=0.0423
  Epoch 6 [350/440] loss=0.0004 mask=0.2665 depth=0.0417
  Epoch 6 [360/440] loss=0.0004 mask=0.2691 depth=0.0414
  Epoch 6 [370/440] loss=0.0004 mask=0.2690 depth=0.0416
  Epoch 6 [380/440] loss=0.0004 mask=0.2693 depth=0.0414
  Epoch 6 [390/440] loss=0.0004 mask=0.2707 depth=0.0413
  Epoch 6 [400/440] loss=0.0004 mask=0.2695 depth=0.0431
  Epoch 6 [410/440] loss=0.0004 mask=0.2721 depth=0.0437
  Epoch 6 [420/440] loss=0.0004 mask=0.2705 depth=0.0431
  Epoch 6 [430/440] loss=0.0004 mask=0.2707 depth=0.0426
  Epoch 6 [440/440] loss=0.0004 mask=0.2700 depth=0.0420
  Train: loss=0.0004 mask=0.2700 depth=0.0420 time=235.3s
  Val epoch 6: loss=0.0015
  Saved best phase2 model (val_loss=0.0015)

=== Phase2 Epoch 7/49 ===
  Epoch 7 [10/440] loss=0.0002 mask=0.2271 depth=0.0175
  Epoch 7 [20/440] loss=0.0002 mask=0.2159 depth=0.0162
  Epoch 7 [30/440] loss=0.0002 mask=0.2299 depth=0.0248
  Epoch 7 [40/440] loss=0.0002 mask=0.2284 depth=0.0228
  Epoch 7 [50/440] loss=0.0003 mask=0.2307 depth=0.0252
  Epoch 7 [60/440] loss=0.0003 mask=0.2356 depth=0.0257
  Epoch 7 [70/440] loss=0.0002 mask=0.2371 depth=0.0249
  Epoch 7 [80/440] loss=0.0002 mask=0.2459 depth=0.0249
  Epoch 7 [90/440] loss=0.0003 mask=0.2475 depth=0.0252
  Epoch 7 [100/440] loss=0.0003 mask=0.2503 depth=0.0261
  Epoch 7 [110/440] loss=0.0003 mask=0.2462 depth=0.0266
  Epoch 7 [120/440] loss=0.0003 mask=0.2423 depth=0.0269
  Epoch 7 [130/440] loss=0.0003 mask=0.2439 depth=0.0268
  Epoch 7 [140/440] loss=0.0003 mask=0.2438 depth=0.0265
  Epoch 7 [150/440] loss=0.0003 mask=0.2506 depth=0.0261
  Epoch 7 [160/440] loss=0.0003 mask=0.2470 depth=0.0255
  Epoch 7 [170/440] loss=0.0003 mask=0.2483 depth=0.0276
  Epoch 7 [180/440] loss=0.0003 mask=0.2496 depth=0.0310
  Epoch 7 [190/440] loss=0.0003 mask=0.2463 depth=0.0306
  Epoch 7 [200/440] loss=0.0003 mask=0.2444 depth=0.0305
  Epoch 7 [210/440] loss=0.0003 mask=0.2441 depth=0.0305
  Epoch 7 [220/440] loss=0.0003 mask=0.2441 depth=0.0322
  Epoch 7 [230/440] loss=0.0003 mask=0.2448 depth=0.0326
  Epoch 7 [240/440] loss=0.0003 mask=0.2430 depth=0.0330
  Epoch 7 [250/440] loss=0.0003 mask=0.2429 depth=0.0326
  Epoch 7 [260/440] loss=0.0003 mask=0.2419 depth=0.0323
  Epoch 7 [270/440] loss=0.0003 mask=0.2430 depth=0.0320
  Epoch 7 [280/440] loss=0.0003 mask=0.2430 depth=0.0317
  Epoch 7 [290/440] loss=0.0003 mask=0.2435 depth=0.0316
  Epoch 7 [300/440] loss=0.0003 mask=0.2496 depth=0.0315
  Epoch 7 [310/440] loss=0.0003 mask=0.2496 depth=0.0312
  Epoch 7 [320/440] loss=0.0003 mask=0.2497 depth=0.0308
  Epoch 7 [330/440] loss=0.0003 mask=0.2490 depth=0.0307
  Epoch 7 [340/440] loss=0.0003 mask=0.2496 depth=0.0302
  Epoch 7 [350/440] loss=0.0003 mask=0.2508 depth=0.0296
  Epoch 7 [360/440] loss=0.0003 mask=0.2542 depth=0.0293
  Epoch 7 [370/440] loss=0.0003 mask=0.2546 depth=0.0292
  Epoch 7 [380/440] loss=0.0003 mask=0.2539 depth=0.0289
  Epoch 7 [390/440] loss=0.0003 mask=0.2542 depth=0.0288
  Epoch 7 [400/440] loss=0.0003 mask=0.2558 depth=0.0287
  Epoch 7 [410/440] loss=0.0003 mask=0.2548 depth=0.0285
  Epoch 7 [420/440] loss=0.0003 mask=0.2550 depth=0.0293
  Epoch 7 [430/440] loss=0.0003 mask=0.2544 depth=0.0292
  Epoch 7 [440/440] loss=0.0003 mask=0.2546 depth=0.0291
  Train: loss=0.0003 mask=0.2546 depth=0.0291 time=225.6s
  Val epoch 7: loss=0.0012
  Saved best phase2 model (val_loss=0.0012)

=== Phase2 Epoch 8/49 ===
  Epoch 8 [10/440] loss=0.0002 mask=0.2594 depth=0.0215
  Epoch 8 [20/440] loss=0.0003 mask=0.2841 depth=0.0261
  Epoch 8 [30/440] loss=0.0003 mask=0.2636 depth=0.0279
  Epoch 8 [40/440] loss=0.0003 mask=0.2661 depth=0.0291
  Epoch 8 [50/440] loss=0.0003 mask=0.2528 depth=0.0256
  Epoch 8 [60/440] loss=0.0003 mask=0.2656 depth=0.0254
  Epoch 8 [70/440] loss=0.0003 mask=0.2553 depth=0.0260
  Epoch 8 [80/440] loss=0.0003 mask=0.2535 depth=0.0258
  Epoch 8 [90/440] loss=0.0002 mask=0.2522 depth=0.0249
  Epoch 8 [100/440] loss=0.0003 mask=0.2467 depth=0.0263
  Epoch 8 [110/440] loss=0.0003 mask=0.2450 depth=0.0259
  Epoch 8 [120/440] loss=0.0003 mask=0.2439 depth=0.0253
  Epoch 8 [130/440] loss=0.0003 mask=0.2428 depth=0.0256
  Epoch 8 [140/440] loss=0.0003 mask=0.2426 depth=0.0253
  Epoch 8 [150/440] loss=0.0003 mask=0.2448 depth=0.0252
  Epoch 8 [160/440] loss=0.0002 mask=0.2453 depth=0.0247
  Epoch 8 [170/440] loss=0.0002 mask=0.2456 depth=0.0239
  Epoch 8 [180/440] loss=0.0002 mask=0.2460 depth=0.0244
  Epoch 8 [190/440] loss=0.0002 mask=0.2483 depth=0.0236
  Epoch 8 [200/440] loss=0.0002 mask=0.2449 depth=0.0233
  Epoch 8 [210/440] loss=0.0002 mask=0.2434 depth=0.0229
  Epoch 8 [220/440] loss=0.0002 mask=0.2434 depth=0.0239
  Epoch 8 [230/440] loss=0.0002 mask=0.2474 depth=0.0240
  Epoch 8 [240/440] loss=0.0002 mask=0.2495 depth=0.0236
  Epoch 8 [250/440] loss=0.0002 mask=0.2473 depth=0.0242
  Epoch 8 [260/440] loss=0.0002 mask=0.2459 depth=0.0242
  Epoch 8 [270/440] loss=0.0003 mask=0.2470 depth=0.0265
  Epoch 8 [280/440] loss=0.0003 mask=0.2457 depth=0.0272
  Epoch 8 [290/440] loss=0.0003 mask=0.2433 depth=0.0269
  Epoch 8 [300/440] loss=0.0003 mask=0.2438 depth=0.0268
  Epoch 8 [310/440] loss=0.0003 mask=0.2449 depth=0.0278
  Epoch 8 [320/440] loss=0.0003 mask=0.2463 depth=0.0284
  Epoch 8 [330/440] loss=0.0003 mask=0.2470 depth=0.0285
  Epoch 8 [340/440] loss=0.0003 mask=0.2469 depth=0.0286
  Epoch 8 [350/440] loss=0.0003 mask=0.2453 depth=0.0283
  Epoch 8 [360/440] loss=0.0003 mask=0.2452 depth=0.0286
  Epoch 8 [370/440] loss=0.0003 mask=0.2478 depth=0.0292
  Epoch 8 [380/440] loss=0.0003 mask=0.2463 depth=0.0288
  Epoch 8 [390/440] loss=0.0003 mask=0.2453 depth=0.0289
  Epoch 8 [400/440] loss=0.0003 mask=0.2449 depth=0.0287
  Epoch 8 [410/440] loss=0.0003 mask=0.2454 depth=0.0287
  Epoch 8 [420/440] loss=0.0003 mask=0.2459 depth=0.0288
  Epoch 8 [430/440] loss=0.0003 mask=0.2458 depth=0.0287
  Epoch 8 [440/440] loss=0.0003 mask=0.2455 depth=0.0286
  Train: loss=0.0003 mask=0.2455 depth=0.0286 time=235.6s
  Val epoch 8: loss=0.0012
  Saved best phase2 model (val_loss=0.0012)

=== Phase2 Epoch 9/49 ===
  Epoch 9 [10/440] loss=0.0002 mask=0.2642 depth=0.0190
  Epoch 9 [20/440] loss=0.0002 mask=0.2613 depth=0.0187
  Epoch 9 [30/440] loss=0.0002 mask=0.2825 depth=0.0169
  Epoch 9 [40/440] loss=0.0002 mask=0.2849 depth=0.0191
  Epoch 9 [50/440] loss=0.0002 mask=0.2719 depth=0.0175
  Epoch 9 [60/440] loss=0.0002 mask=0.2752 depth=0.0175
  Epoch 9 [70/440] loss=0.0002 mask=0.2685 depth=0.0164
  Epoch 9 [80/440] loss=0.0002 mask=0.2620 depth=0.0170
  Epoch 9 [90/440] loss=0.0002 mask=0.2604 depth=0.0177
  Epoch 9 [100/440] loss=0.0002 mask=0.2648 depth=0.0183
  Epoch 9 [110/440] loss=0.0002 mask=0.2708 depth=0.0189
  Epoch 9 [120/440] loss=0.0002 mask=0.2681 depth=0.0218
  Epoch 9 [130/440] loss=0.0002 mask=0.2631 depth=0.0227
  Epoch 9 [140/440] loss=0.0002 mask=0.2649 depth=0.0219
  Epoch 9 [150/440] loss=0.0002 mask=0.2651 depth=0.0235
  Epoch 9 [160/440] loss=0.0002 mask=0.2664 depth=0.0228
  Epoch 9 [170/440] loss=0.0002 mask=0.2640 depth=0.0230
  Epoch 9 [180/440] loss=0.0002 mask=0.2615 depth=0.0234
  Epoch 9 [190/440] loss=0.0002 mask=0.2589 depth=0.0233
  Epoch 9 [200/440] loss=0.0003 mask=0.2607 depth=0.0256
  Epoch 9 [210/440] loss=0.0003 mask=0.2603 depth=0.0257
  Epoch 9 [220/440] loss=0.0003 mask=0.2580 depth=0.0253
  Epoch 9 [230/440] loss=0.0003 mask=0.2581 depth=0.0267
  Epoch 9 [240/440] loss=0.0003 mask=0.2562 depth=0.0264
  Epoch 9 [250/440] loss=0.0003 mask=0.2531 depth=0.0266
  Epoch 9 [260/440] loss=0.0003 mask=0.2529 depth=0.0265
  Epoch 9 [270/440] loss=0.0003 mask=0.2552 depth=0.0265
  Epoch 9 [280/440] loss=0.0003 mask=0.2547 depth=0.0272
  Epoch 9 [290/440] loss=0.0003 mask=0.2550 depth=0.0275
  Epoch 9 [300/440] loss=0.0003 mask=0.2583 depth=0.0277
  Epoch 9 [310/440] loss=0.0003 mask=0.2587 depth=0.0276
  Epoch 9 [320/440] loss=0.0003 mask=0.2578 depth=0.0275
  Epoch 9 [330/440] loss=0.0003 mask=0.2577 depth=0.0271
  Epoch 9 [340/440] loss=0.0003 mask=0.2552 depth=0.0270
  Epoch 9 [350/440] loss=0.0003 mask=0.2541 depth=0.0267
  Epoch 9 [360/440] loss=0.0003 mask=0.2524 depth=0.0264
  Epoch 9 [370/440] loss=0.0003 mask=0.2528 depth=0.0262
  Epoch 9 [380/440] loss=0.0003 mask=0.2531 depth=0.0262
  Epoch 9 [390/440] loss=0.0003 mask=0.2521 depth=0.0259
  Epoch 9 [400/440] loss=0.0003 mask=0.2537 depth=0.0256
  Epoch 9 [410/440] loss=0.0003 mask=0.2534 depth=0.0252
  Epoch 9 [420/440] loss=0.0003 mask=0.2536 depth=0.0253
  Epoch 9 [430/440] loss=0.0003 mask=0.2530 depth=0.0253
  Epoch 9 [440/440] loss=0.0003 mask=0.2542 depth=0.0267
  Train: loss=0.0003 mask=0.2542 depth=0.0267 time=233.8s
  Val epoch 9: loss=0.0016

=== Phase2 Epoch 10/49 ===
  Epoch 10 [10/440] loss=0.0002 mask=0.2011 depth=0.0183
  Epoch 10 [20/440] loss=0.0004 mask=0.1855 depth=0.0401
  Epoch 10 [30/440] loss=0.0003 mask=0.1987 depth=0.0322
  Epoch 10 [40/440] loss=0.0003 mask=0.2035 depth=0.0306
  Epoch 10 [50/440] loss=0.0003 mask=0.2256 depth=0.0270
  Epoch 10 [60/440] loss=0.0003 mask=0.2229 depth=0.0269
  Epoch 10 [70/440] loss=0.0002 mask=0.2220 depth=0.0241
  Epoch 10 [80/440] loss=0.0002 mask=0.2169 depth=0.0224
  Epoch 10 [90/440] loss=0.0002 mask=0.2244 depth=0.0216
  Epoch 10 [100/440] loss=0.0002 mask=0.2284 depth=0.0205
  Epoch 10 [110/440] loss=0.0002 mask=0.2310 depth=0.0199
  Epoch 10 [120/440] loss=0.0002 mask=0.2326 depth=0.0193
  Epoch 10 [130/440] loss=0.0002 mask=0.2323 depth=0.0186
  Epoch 10 [140/440] loss=0.0002 mask=0.2296 depth=0.0183
  Epoch 10 [150/440] loss=0.0002 mask=0.2301 depth=0.0182
  Epoch 10 [160/440] loss=0.0002 mask=0.2294 depth=0.0182
  Epoch 10 [170/440] loss=0.0002 mask=0.2297 depth=0.0183
  Epoch 10 [180/440] loss=0.0002 mask=0.2329 depth=0.0179
  Epoch 10 [190/440] loss=0.0002 mask=0.2334 depth=0.0178
  Epoch 10 [200/440] loss=0.0002 mask=0.2353 depth=0.0174
  Epoch 10 [210/440] loss=0.0002 mask=0.2357 depth=0.0168
  Epoch 10 [220/440] loss=0.0002 mask=0.2371 depth=0.0166
  Epoch 10 [230/440] loss=0.0002 mask=0.2372 depth=0.0165
  Epoch 10 [240/440] loss=0.0002 mask=0.2388 depth=0.0169
  Epoch 10 [250/440] loss=0.0002 mask=0.2388 depth=0.0170
  Epoch 10 [260/440] loss=0.0002 mask=0.2394 depth=0.0167
  Epoch 10 [270/440] loss=0.0002 mask=0.2420 depth=0.0166
  Epoch 10 [280/440] loss=0.0002 mask=0.2407 depth=0.0164
  Epoch 10 [290/440] loss=0.0002 mask=0.2382 depth=0.0162
  Epoch 10 [300/440] loss=0.0002 mask=0.2384 depth=0.0167
  Epoch 10 [310/440] loss=0.0002 mask=0.2388 depth=0.0169
  Epoch 10 [320/440] loss=0.0002 mask=0.2387 depth=0.0178
  Epoch 10 [330/440] loss=0.0002 mask=0.2388 depth=0.0180
  Epoch 10 [340/440] loss=0.0002 mask=0.2389 depth=0.0178
  Epoch 10 [350/440] loss=0.0002 mask=0.2393 depth=0.0181
  Epoch 10 [360/440] loss=0.0002 mask=0.2405 depth=0.0179
  Epoch 10 [370/440] loss=0.0002 mask=0.2411 depth=0.0180
  Epoch 10 [380/440] loss=0.0002 mask=0.2424 depth=0.0178
  Epoch 10 [390/440] loss=0.0002 mask=0.2431 depth=0.0176
  Epoch 10 [400/440] loss=0.0002 mask=0.2425 depth=0.0175
  Epoch 10 [410/440] loss=0.0002 mask=0.2427 depth=0.0179
  Epoch 10 [420/440] loss=0.0002 mask=0.2418 depth=0.0177
  Epoch 10 [430/440] loss=0.0002 mask=0.2426 depth=0.0179
  Epoch 10 [440/440] loss=0.0002 mask=0.2419 depth=0.0180
  Train: loss=0.0002 mask=0.2419 depth=0.0180 time=229.4s
  Val epoch 10: loss=0.0010
  Saved best phase2 model (val_loss=0.0010)

=== Phase2 Epoch 11/49 ===
  Epoch 11 [10/440] loss=0.0002 mask=0.2869 depth=0.0153
  Epoch 11 [20/440] loss=0.0001 mask=0.2578 depth=0.0134
  Epoch 11 [30/440] loss=0.0002 mask=0.2379 depth=0.0196
  Epoch 11 [40/440] loss=0.0002 mask=0.2276 depth=0.0180
  Epoch 11 [50/440] loss=0.0002 mask=0.2364 depth=0.0167
  Epoch 11 [60/440] loss=0.0002 mask=0.2353 depth=0.0166
  Epoch 11 [70/440] loss=0.0002 mask=0.2407 depth=0.0164
  Epoch 11 [80/440] loss=0.0002 mask=0.2352 depth=0.0163
  Epoch 11 [90/440] loss=0.0002 mask=0.2330 depth=0.0171
  Epoch 11 [100/440] loss=0.0002 mask=0.2370 depth=0.0167
  Epoch 11 [110/440] loss=0.0002 mask=0.2361 depth=0.0169
  Epoch 11 [120/440] loss=0.0002 mask=0.2408 depth=0.0167
  Epoch 11 [130/440] loss=0.0002 mask=0.2414 depth=0.0166
  Epoch 11 [140/440] loss=0.0002 mask=0.2410 depth=0.0164
  Epoch 11 [150/440] loss=0.0002 mask=0.2374 depth=0.0160
  Epoch 11 [160/440] loss=0.0002 mask=0.2358 depth=0.0158
  Epoch 11 [170/440] loss=0.0002 mask=0.2370 depth=0.0153
  Epoch 11 [180/440] loss=0.0002 mask=0.2382 depth=0.0157
  Epoch 11 [190/440] loss=0.0002 mask=0.2382 depth=0.0157
  Epoch 11 [200/440] loss=0.0002 mask=0.2399 depth=0.0169
  Epoch 11 [210/440] loss=0.0002 mask=0.2395 depth=0.0173
  Epoch 11 [220/440] loss=0.0002 mask=0.2407 depth=0.0170
  Epoch 11 [230/440] loss=0.0002 mask=0.2402 depth=0.0167
  Epoch 11 [240/440] loss=0.0002 mask=0.2380 depth=0.0164
  Epoch 11 [250/440] loss=0.0002 mask=0.2366 depth=0.0161
  Epoch 11 [260/440] loss=0.0002 mask=0.2362 depth=0.0158
  Epoch 11 [270/440] loss=0.0002 mask=0.2350 depth=0.0159
  Epoch 11 [280/440] loss=0.0002 mask=0.2339 depth=0.0160
  Epoch 11 [290/440] loss=0.0002 mask=0.2337 depth=0.0158
  Epoch 11 [300/440] loss=0.0002 mask=0.2343 depth=0.0156
  Epoch 11 [310/440] loss=0.0002 mask=0.2337 depth=0.0155
  Epoch 11 [320/440] loss=0.0002 mask=0.2321 depth=0.0154
  Epoch 11 [330/440] loss=0.0002 mask=0.2341 depth=0.0151
  Epoch 11 [340/440] loss=0.0002 mask=0.2326 depth=0.0151
  Epoch 11 [350/440] loss=0.0002 mask=0.2337 depth=0.0154
  Epoch 11 [360/440] loss=0.0002 mask=0.2335 depth=0.0151
  Epoch 11 [370/440] loss=0.0002 mask=0.2322 depth=0.0165
  Epoch 11 [380/440] loss=0.0002 mask=0.2318 depth=0.0164
  Epoch 11 [390/440] loss=0.0002 mask=0.2333 depth=0.0165
  Epoch 11 [400/440] loss=0.0002 mask=0.2339 depth=0.0164
  Epoch 11 [410/440] loss=0.0002 mask=0.2344 depth=0.0165
  Epoch 11 [420/440] loss=0.0002 mask=0.2344 depth=0.0165
  Epoch 11 [430/440] loss=0.0002 mask=0.2360 depth=0.0165
  Epoch 11 [440/440] loss=0.0002 mask=0.2344 depth=0.0163
  Train: loss=0.0002 mask=0.2344 depth=0.0163 time=224.1s
  Val epoch 11: loss=0.0010
  Saved best phase2 model (val_loss=0.0010)

=== Phase2 Epoch 12/49 ===
  Epoch 12 [10/440] loss=0.0002 mask=0.2327 depth=0.0184
  Epoch 12 [20/440] loss=0.0002 mask=0.2335 depth=0.0151
  Epoch 12 [30/440] loss=0.0001 mask=0.2409 depth=0.0130
  Epoch 12 [40/440] loss=0.0001 mask=0.2413 depth=0.0145
  Epoch 12 [50/440] loss=0.0002 mask=0.2279 depth=0.0164
  Epoch 12 [60/440] loss=0.0002 mask=0.2384 depth=0.0154
  Epoch 12 [70/440] loss=0.0002 mask=0.2570 depth=0.0153
  Epoch 12 [80/440] loss=0.0001 mask=0.2585 depth=0.0141
  Epoch 12 [90/440] loss=0.0001 mask=0.2616 depth=0.0136
  Epoch 12 [100/440] loss=0.0001 mask=0.2615 depth=0.0129
  Epoch 12 [110/440] loss=0.0001 mask=0.2578 depth=0.0126
  Epoch 12 [120/440] loss=0.0001 mask=0.2555 depth=0.0122
  Epoch 12 [130/440] loss=0.0001 mask=0.2571 depth=0.0133
  Epoch 12 [140/440] loss=0.0001 mask=0.2579 depth=0.0137
  Epoch 12 [150/440] loss=0.0001 mask=0.2593 depth=0.0134
  Epoch 12 [160/440] loss=0.0001 mask=0.2589 depth=0.0130
  Epoch 12 [170/440] loss=0.0001 mask=0.2644 depth=0.0130
  Epoch 12 [180/440] loss=0.0001 mask=0.2584 depth=0.0133
  Epoch 12 [190/440] loss=0.0001 mask=0.2570 depth=0.0133
  Epoch 12 [200/440] loss=0.0001 mask=0.2578 depth=0.0136
  Epoch 12 [210/440] loss=0.0001 mask=0.2564 depth=0.0134
  Epoch 12 [220/440] loss=0.0001 mask=0.2560 depth=0.0135
  Epoch 12 [230/440] loss=0.0001 mask=0.2535 depth=0.0136
  Epoch 12 [240/440] loss=0.0001 mask=0.2543 depth=0.0134
  Epoch 12 [250/440] loss=0.0001 mask=0.2564 depth=0.0136
  Epoch 12 [260/440] loss=0.0001 mask=0.2531 depth=0.0133
  Epoch 12 [270/440] loss=0.0001 mask=0.2555 depth=0.0139
  Epoch 12 [280/440] loss=0.0001 mask=0.2551 depth=0.0138
  Epoch 12 [290/440] loss=0.0001 mask=0.2561 depth=0.0137
  Epoch 12 [300/440] loss=0.0001 mask=0.2565 depth=0.0138
  Epoch 12 [310/440] loss=0.0001 mask=0.2563 depth=0.0137
  Epoch 12 [320/440] loss=0.0001 mask=0.2555 depth=0.0136
  Epoch 12 [330/440] loss=0.0001 mask=0.2563 depth=0.0134
  Epoch 12 [340/440] loss=0.0001 mask=0.2570 depth=0.0138
  Epoch 12 [350/440] loss=0.0001 mask=0.2563 depth=0.0137
  Epoch 12 [360/440] loss=0.0001 mask=0.2535 depth=0.0146
  Epoch 12 [370/440] loss=0.0001 mask=0.2533 depth=0.0146
  Epoch 12 [380/440] loss=0.0001 mask=0.2512 depth=0.0147
  Epoch 12 [390/440] loss=0.0001 mask=0.2499 depth=0.0148
  Epoch 12 [400/440] loss=0.0002 mask=0.2496 depth=0.0151
  Epoch 12 [410/440] loss=0.0001 mask=0.2495 depth=0.0150
  Epoch 12 [420/440] loss=0.0001 mask=0.2489 depth=0.0150
  Epoch 12 [430/440] loss=0.0002 mask=0.2484 depth=0.0150
  Epoch 12 [440/440] loss=0.0001 mask=0.2483 depth=0.0149
  Train: loss=0.0001 mask=0.2483 depth=0.0149 time=225.6s
  Val epoch 12: loss=0.0008
  Saved best phase2 model (val_loss=0.0008)

=== Phase2 Epoch 13/49 ===
  Epoch 13 [10/440] loss=0.0001 mask=0.3121 depth=0.0088
  Epoch 13 [20/440] loss=0.0001 mask=0.2480 depth=0.0097
  Epoch 13 [30/440] loss=0.0001 mask=0.2211 depth=0.0093
  Epoch 13 [40/440] loss=0.0001 mask=0.2314 depth=0.0100
  Epoch 13 [50/440] loss=0.0001 mask=0.2346 depth=0.0113
  Epoch 13 [60/440] loss=0.0001 mask=0.2305 depth=0.0116
  Epoch 13 [70/440] loss=0.0001 mask=0.2310 depth=0.0108
  Epoch 13 [80/440] loss=0.0001 mask=0.2348 depth=0.0113
  Epoch 13 [90/440] loss=0.0001 mask=0.2320 depth=0.0107
  Epoch 13 [100/440] loss=0.0001 mask=0.2333 depth=0.0108
  Epoch 13 [110/440] loss=0.0001 mask=0.2347 depth=0.0109
  Epoch 13 [120/440] loss=0.0001 mask=0.2377 depth=0.0109
  Epoch 13 [130/440] loss=0.0001 mask=0.2354 depth=0.0113
  Epoch 13 [140/440] loss=0.0001 mask=0.2342 depth=0.0115
  Epoch 13 [150/440] loss=0.0001 mask=0.2348 depth=0.0116
  Epoch 13 [160/440] loss=0.0001 mask=0.2382 depth=0.0116
  Epoch 13 [170/440] loss=0.0001 mask=0.2378 depth=0.0115
  Epoch 13 [180/440] loss=0.0001 mask=0.2373 depth=0.0115
  Epoch 13 [190/440] loss=0.0001 mask=0.2365 depth=0.0114
  Epoch 13 [200/440] loss=0.0001 mask=0.2396 depth=0.0112
  Epoch 13 [210/440] loss=0.0001 mask=0.2398 depth=0.0111
  Epoch 13 [220/440] loss=0.0001 mask=0.2436 depth=0.0111
  Epoch 13 [230/440] loss=0.0001 mask=0.2430 depth=0.0114
  Epoch 13 [240/440] loss=0.0001 mask=0.2390 depth=0.0112
  Epoch 13 [250/440] loss=0.0001 mask=0.2397 depth=0.0113
  Epoch 13 [260/440] loss=0.0001 mask=0.2395 depth=0.0112
  Epoch 13 [270/440] loss=0.0001 mask=0.2405 depth=0.0110
  Epoch 13 [280/440] loss=0.0001 mask=0.2415 depth=0.0110
  Epoch 13 [290/440] loss=0.0001 mask=0.2432 depth=0.0112
  Epoch 13 [300/440] loss=0.0001 mask=0.2421 depth=0.0110
  Epoch 13 [310/440] loss=0.0001 mask=0.2407 depth=0.0111
  Epoch 13 [320/440] loss=0.0001 mask=0.2412 depth=0.0110
  Epoch 13 [330/440] loss=0.0001 mask=0.2416 depth=0.0119
  Epoch 13 [340/440] loss=0.0001 mask=0.2419 depth=0.0119
  Epoch 13 [350/440] loss=0.0001 mask=0.2396 depth=0.0120
  Epoch 13 [360/440] loss=0.0001 mask=0.2380 depth=0.0119
  Epoch 13 [370/440] loss=0.0001 mask=0.2375 depth=0.0121
  Epoch 13 [380/440] loss=0.0001 mask=0.2385 depth=0.0121
  Epoch 13 [390/440] loss=0.0001 mask=0.2374 depth=0.0125
  Epoch 13 [400/440] loss=0.0001 mask=0.2371 depth=0.0123
  Epoch 13 [410/440] loss=0.0001 mask=0.2353 depth=0.0122
  Epoch 13 [420/440] loss=0.0001 mask=0.2345 depth=0.0121
  Epoch 13 [430/440] loss=0.0001 mask=0.2330 depth=0.0120
  Epoch 13 [440/440] loss=0.0001 mask=0.2329 depth=0.0120
  Train: loss=0.0001 mask=0.2329 depth=0.0120 time=222.3s
  Val epoch 13: loss=0.0007
  Saved best phase2 model (val_loss=0.0007)

=== Phase2 Epoch 14/49 ===
  Epoch 14 [10/440] loss=0.0001 mask=0.2395 depth=0.0075
  Epoch 14 [20/440] loss=0.0001 mask=0.2191 depth=0.0097
  Epoch 14 [30/440] loss=0.0001 mask=0.2188 depth=0.0094
  Epoch 14 [40/440] loss=0.0001 mask=0.2076 depth=0.0090
  Epoch 14 [50/440] loss=0.0001 mask=0.2116 depth=0.0096
  Epoch 14 [60/440] loss=0.0001 mask=0.2189 depth=0.0092
  Epoch 14 [70/440] loss=0.0001 mask=0.2321 depth=0.0119
  Epoch 14 [80/440] loss=0.0001 mask=0.2299 depth=0.0120
  Epoch 14 [90/440] loss=0.0001 mask=0.2366 depth=0.0115
  Epoch 14 [100/440] loss=0.0001 mask=0.2324 depth=0.0116
  Epoch 14 [110/440] loss=0.0001 mask=0.2258 depth=0.0116
  Epoch 14 [120/440] loss=0.0001 mask=0.2222 depth=0.0115
  Epoch 14 [130/440] loss=0.0001 mask=0.2260 depth=0.0127
  Epoch 14 [140/440] loss=0.0001 mask=0.2300 depth=0.0135
  Epoch 14 [150/440] loss=0.0001 mask=0.2293 depth=0.0131
  Epoch 14 [160/440] loss=0.0001 mask=0.2263 depth=0.0133
  Epoch 14 [170/440] loss=0.0001 mask=0.2263 depth=0.0129
  Epoch 14 [180/440] loss=0.0001 mask=0.2246 depth=0.0127
  Epoch 14 [190/440] loss=0.0001 mask=0.2245 depth=0.0127
  Epoch 14 [200/440] loss=0.0001 mask=0.2285 depth=0.0125
  Epoch 14 [210/440] loss=0.0001 mask=0.2292 depth=0.0122
  Epoch 14 [220/440] loss=0.0001 mask=0.2271 depth=0.0119
  Epoch 14 [230/440] loss=0.0001 mask=0.2277 depth=0.0119
  Epoch 14 [240/440] loss=0.0001 mask=0.2275 depth=0.0119
  Epoch 14 [250/440] loss=0.0001 mask=0.2281 depth=0.0122
  Epoch 14 [260/440] loss=0.0001 mask=0.2278 depth=0.0120
  Epoch 14 [270/440] loss=0.0001 mask=0.2290 depth=0.0124
  Epoch 14 [280/440] loss=0.0001 mask=0.2277 depth=0.0121
  Epoch 14 [290/440] loss=0.0001 mask=0.2283 depth=0.0121
  Epoch 14 [300/440] loss=0.0001 mask=0.2273 depth=0.0120
  Epoch 14 [310/440] loss=0.0001 mask=0.2264 depth=0.0133
  Epoch 14 [320/440] loss=0.0001 mask=0.2261 depth=0.0141
  Epoch 14 [330/440] loss=0.0001 mask=0.2274 depth=0.0140
  Epoch 14 [340/440] loss=0.0001 mask=0.2278 depth=0.0139
  Epoch 14 [350/440] loss=0.0001 mask=0.2295 depth=0.0139
  Epoch 14 [360/440] loss=0.0001 mask=0.2298 depth=0.0137
  Epoch 14 [370/440] loss=0.0001 mask=0.2297 depth=0.0138
  Epoch 14 [380/440] loss=0.0001 mask=0.2290 depth=0.0137
  Epoch 14 [390/440] loss=0.0001 mask=0.2296 depth=0.0136
  Epoch 14 [400/440] loss=0.0001 mask=0.2282 depth=0.0134
  Epoch 14 [410/440] loss=0.0001 mask=0.2284 depth=0.0134
  Epoch 14 [420/440] loss=0.0001 mask=0.2282 depth=0.0135
  Epoch 14 [430/440] loss=0.0001 mask=0.2273 depth=0.0134
  Epoch 14 [440/440] loss=0.0001 mask=0.2274 depth=0.0132
  Train: loss=0.0001 mask=0.2274 depth=0.0132 time=239.4s
  Val epoch 14: loss=0.0009

=== Phase2 Epoch 15/49 ===
  Epoch 15 [10/440] loss=0.0001 mask=0.2134 depth=0.0069
  Epoch 15 [20/440] loss=0.0001 mask=0.2383 depth=0.0132
  Epoch 15 [30/440] loss=0.0002 mask=0.2330 depth=0.0235
  Epoch 15 [40/440] loss=0.0002 mask=0.2358 depth=0.0206
  Epoch 15 [50/440] loss=0.0002 mask=0.2279 depth=0.0225
  Epoch 15 [60/440] loss=0.0002 mask=0.2353 depth=0.0199
  Epoch 15 [70/440] loss=0.0002 mask=0.2346 depth=0.0188
  Epoch 15 [80/440] loss=0.0002 mask=0.2382 depth=0.0174
  Epoch 15 [90/440] loss=0.0002 mask=0.2377 depth=0.0163
  Epoch 15 [100/440] loss=0.0002 mask=0.2307 depth=0.0161
  Epoch 15 [110/440] loss=0.0002 mask=0.2345 depth=0.0156
  Epoch 15 [120/440] loss=0.0002 mask=0.2442 depth=0.0157
  Epoch 15 [130/440] loss=0.0002 mask=0.2428 depth=0.0154
  Epoch 15 [140/440] loss=0.0002 mask=0.2433 depth=0.0154
  Epoch 15 [150/440] loss=0.0001 mask=0.2389 depth=0.0148
  Epoch 15 [160/440] loss=0.0002 mask=0.2383 depth=0.0174
  Epoch 15 [170/440] loss=0.0002 mask=0.2370 depth=0.0170
  Epoch 15 [180/440] loss=0.0002 mask=0.2357 depth=0.0165
  Epoch 15 [190/440] loss=0.0002 mask=0.2319 depth=0.0163
  Epoch 15 [200/440] loss=0.0002 mask=0.2327 depth=0.0162
  Epoch 15 [210/440] loss=0.0002 mask=0.2326 depth=0.0160
  Epoch 15 [220/440] loss=0.0002 mask=0.2343 depth=0.0157
  Epoch 15 [230/440] loss=0.0002 mask=0.2328 depth=0.0154
  Epoch 15 [240/440] loss=0.0002 mask=0.2327 depth=0.0154
  Epoch 15 [250/440] loss=0.0002 mask=0.2305 depth=0.0153
  Epoch 15 [260/440] loss=0.0002 mask=0.2313 depth=0.0159
  Epoch 15 [270/440] loss=0.0002 mask=0.2323 depth=0.0157
  Epoch 15 [280/440] loss=0.0002 mask=0.2309 depth=0.0154
  Epoch 15 [290/440] loss=0.0002 mask=0.2303 depth=0.0152
  Epoch 15 [300/440] loss=0.0001 mask=0.2290 depth=0.0150
  Epoch 15 [310/440] loss=0.0001 mask=0.2307 depth=0.0148
  Epoch 15 [320/440] loss=0.0001 mask=0.2322 depth=0.0144
  Epoch 15 [330/440] loss=0.0001 mask=0.2340 depth=0.0142
  Epoch 15 [340/440] loss=0.0001 mask=0.2326 depth=0.0140
  Epoch 15 [350/440] loss=0.0001 mask=0.2322 depth=0.0138
  Epoch 15 [360/440] loss=0.0001 mask=0.2331 depth=0.0137
  Epoch 15 [370/440] loss=0.0001 mask=0.2319 depth=0.0137
  Epoch 15 [380/440] loss=0.0001 mask=0.2316 depth=0.0137
  Epoch 15 [390/440] loss=0.0001 mask=0.2337 depth=0.0136
  Epoch 15 [400/440] loss=0.0001 mask=0.2328 depth=0.0135
  Epoch 15 [410/440] loss=0.0001 mask=0.2336 depth=0.0134
  Epoch 15 [420/440] loss=0.0001 mask=0.2338 depth=0.0133
  Epoch 15 [430/440] loss=0.0001 mask=0.2341 depth=0.0131
  Epoch 15 [440/440] loss=0.0001 mask=0.2336 depth=0.0130
  Train: loss=0.0001 mask=0.2336 depth=0.0130 time=234.9s
  Val epoch 15: loss=0.0010

=== Phase2 Epoch 16/49 ===
  Epoch 16 [10/440] loss=0.0001 mask=0.2347 depth=0.0064
  Epoch 16 [20/440] loss=0.0001 mask=0.2697 depth=0.0055
  Epoch 16 [30/440] loss=0.0001 mask=0.2546 depth=0.0066
  Epoch 16 [40/440] loss=0.0001 mask=0.2451 depth=0.0076
  Epoch 16 [50/440] loss=0.0001 mask=0.2455 depth=0.0086
  Epoch 16 [60/440] loss=0.0001 mask=0.2461 depth=0.0089
  Epoch 16 [70/440] loss=0.0001 mask=0.2470 depth=0.0087
  Epoch 16 [80/440] loss=0.0001 mask=0.2406 depth=0.0094
  Epoch 16 [90/440] loss=0.0001 mask=0.2425 depth=0.0091
  Epoch 16 [100/440] loss=0.0001 mask=0.2404 depth=0.0089
  Epoch 16 [110/440] loss=0.0001 mask=0.2423 depth=0.0088
  Epoch 16 [120/440] loss=0.0001 mask=0.2403 depth=0.0085
  Epoch 16 [130/440] loss=0.0001 mask=0.2432 depth=0.0084
  Epoch 16 [140/440] loss=0.0001 mask=0.2473 depth=0.0083
  Epoch 16 [150/440] loss=0.0001 mask=0.2470 depth=0.0083
  Epoch 16 [160/440] loss=0.0001 mask=0.2449 depth=0.0082
  Epoch 16 [170/440] loss=0.0001 mask=0.2476 depth=0.0082
  Epoch 16 [180/440] loss=0.0001 mask=0.2464 depth=0.0080
  Epoch 16 [190/440] loss=0.0001 mask=0.2448 depth=0.0079
  Epoch 16 [200/440] loss=0.0001 mask=0.2472 depth=0.0079
  Epoch 16 [210/440] loss=0.0001 mask=0.2437 depth=0.0079
  Epoch 16 [220/440] loss=0.0001 mask=0.2452 depth=0.0078
  Epoch 16 [230/440] loss=0.0001 mask=0.2427 depth=0.0078
  Epoch 16 [240/440] loss=0.0001 mask=0.2416 depth=0.0079
  Epoch 16 [250/440] loss=0.0001 mask=0.2432 depth=0.0081
  Epoch 16 [260/440] loss=0.0001 mask=0.2455 depth=0.0084
  Epoch 16 [270/440] loss=0.0001 mask=0.2454 depth=0.0084
  Epoch 16 [280/440] loss=0.0001 mask=0.2438 depth=0.0083
  Epoch 16 [290/440] loss=0.0001 mask=0.2438 depth=0.0084
  Epoch 16 [300/440] loss=0.0001 mask=0.2437 depth=0.0084
  Epoch 16 [310/440] loss=0.0001 mask=0.2430 depth=0.0085
  Epoch 16 [320/440] loss=0.0001 mask=0.2433 depth=0.0086
  Epoch 16 [330/440] loss=0.0001 mask=0.2424 depth=0.0086
  Epoch 16 [340/440] loss=0.0001 mask=0.2435 depth=0.0088
  Epoch 16 [350/440] loss=0.0001 mask=0.2419 depth=0.0087
  Epoch 16 [360/440] loss=0.0001 mask=0.2419 depth=0.0087
  Epoch 16 [370/440] loss=0.0001 mask=0.2414 depth=0.0087
  Epoch 16 [380/440] loss=0.0001 mask=0.2421 depth=0.0089
  Epoch 16 [390/440] loss=0.0001 mask=0.2425 depth=0.0089
  Epoch 16 [400/440] loss=0.0001 mask=0.2424 depth=0.0088
  Epoch 16 [410/440] loss=0.0001 mask=0.2430 depth=0.0088
  Epoch 16 [420/440] loss=0.0001 mask=0.2420 depth=0.0089
  Epoch 16 [430/440] loss=0.0001 mask=0.2411 depth=0.0090
  Epoch 16 [440/440] loss=0.0001 mask=0.2398 depth=0.0090
  Train: loss=0.0001 mask=0.2398 depth=0.0090 time=239.0s
  Val epoch 16: loss=0.0007
  Saved best phase2 model (val_loss=0.0007)

=== Phase2 Epoch 17/49 ===
  Epoch 17 [10/440] loss=0.0001 mask=0.2448 depth=0.0091
  Epoch 17 [20/440] loss=0.0001 mask=0.2359 depth=0.0104
  Epoch 17 [30/440] loss=0.0001 mask=0.2340 depth=0.0096
  Epoch 17 [40/440] loss=0.0001 mask=0.2443 depth=0.0097
  Epoch 17 [50/440] loss=0.0001 mask=0.2320 depth=0.0088
  Epoch 17 [60/440] loss=0.0001 mask=0.2389 depth=0.0084
  Epoch 17 [70/440] loss=0.0001 mask=0.2401 depth=0.0080
  Epoch 17 [80/440] loss=0.0001 mask=0.2344 depth=0.0078
  Epoch 17 [90/440] loss=0.0001 mask=0.2378 depth=0.0078
  Epoch 17 [100/440] loss=0.0001 mask=0.2356 depth=0.0078
  Epoch 17 [110/440] loss=0.0001 mask=0.2299 depth=0.0079
  Epoch 17 [120/440] loss=0.0001 mask=0.2230 depth=0.0079
  Epoch 17 [130/440] loss=0.0001 mask=0.2163 depth=0.0078
  Epoch 17 [140/440] loss=0.0001 mask=0.2207 depth=0.0077
  Epoch 17 [150/440] loss=0.0001 mask=0.2201 depth=0.0077
  Epoch 17 [160/440] loss=0.0001 mask=0.2182 depth=0.0076
  Epoch 17 [170/440] loss=0.0001 mask=0.2175 depth=0.0077
  Epoch 17 [180/440] loss=0.0001 mask=0.2196 depth=0.0076
  Epoch 17 [190/440] loss=0.0001 mask=0.2238 depth=0.0091
  Epoch 17 [200/440] loss=0.0001 mask=0.2251 depth=0.0090
  Epoch 17 [210/440] loss=0.0001 mask=0.2298 depth=0.0088
  Epoch 17 [220/440] loss=0.0001 mask=0.2282 depth=0.0088
  Epoch 17 [230/440] loss=0.0001 mask=0.2284 depth=0.0087
  Epoch 17 [240/440] loss=0.0001 mask=0.2288 depth=0.0087
  Epoch 17 [250/440] loss=0.0001 mask=0.2278 depth=0.0088
  Epoch 17 [260/440] loss=0.0001 mask=0.2291 depth=0.0093
  Epoch 17 [270/440] loss=0.0001 mask=0.2297 depth=0.0093
  Epoch 17 [280/440] loss=0.0001 mask=0.2284 depth=0.0092
  Epoch 17 [290/440] loss=0.0001 mask=0.2296 depth=0.0090
  Epoch 17 [300/440] loss=0.0001 mask=0.2286 depth=0.0093
  Epoch 17 [310/440] loss=0.0001 mask=0.2302 depth=0.0097
  Epoch 17 [320/440] loss=0.0001 mask=0.2296 depth=0.0099
  Epoch 17 [330/440] loss=0.0001 mask=0.2310 depth=0.0100
  Epoch 17 [340/440] loss=0.0001 mask=0.2332 depth=0.0101
  Epoch 17 [350/440] loss=0.0001 mask=0.2343 depth=0.0101
  Epoch 17 [360/440] loss=0.0001 mask=0.2338 depth=0.0101
  Epoch 17 [370/440] loss=0.0001 mask=0.2362 depth=0.0100
  Epoch 17 [380/440] loss=0.0001 mask=0.2349 depth=0.0100
  Epoch 17 [390/440] loss=0.0001 mask=0.2329 depth=0.0100
  Epoch 17 [400/440] loss=0.0001 mask=0.2328 depth=0.0099
  Epoch 17 [410/440] loss=0.0001 mask=0.2333 depth=0.0099
  Epoch 17 [420/440] loss=0.0001 mask=0.2336 depth=0.0101
  Epoch 17 [430/440] loss=0.0001 mask=0.2351 depth=0.0101
  Epoch 17 [440/440] loss=0.0001 mask=0.2361 depth=0.0102
  Train: loss=0.0001 mask=0.2361 depth=0.0102 time=235.5s
  Val epoch 17: loss=0.0007

=== Phase2 Epoch 18/49 ===
  Epoch 18 [10/440] loss=0.0001 mask=0.2138 depth=0.0067
  Epoch 18 [20/440] loss=0.0001 mask=0.2354 depth=0.0097
  Epoch 18 [30/440] loss=0.0001 mask=0.2489 depth=0.0093
  Epoch 18 [40/440] loss=0.0001 mask=0.2656 depth=0.0087
  Epoch 18 [50/440] loss=0.0001 mask=0.2641 depth=0.0086
  Epoch 18 [60/440] loss=0.0001 mask=0.2524 depth=0.0081
  Epoch 18 [70/440] loss=0.0001 mask=0.2447 depth=0.0077
  Epoch 18 [80/440] loss=0.0001 mask=0.2403 depth=0.0079
  Epoch 18 [90/440] loss=0.0001 mask=0.2454 depth=0.0079
  Epoch 18 [100/440] loss=0.0001 mask=0.2386 depth=0.0078
  Epoch 18 [110/440] loss=0.0001 mask=0.2404 depth=0.0079
  Epoch 18 [120/440] loss=0.0001 mask=0.2404 depth=0.0082
  Epoch 18 [130/440] loss=0.0001 mask=0.2366 depth=0.0083
  Epoch 18 [140/440] loss=0.0001 mask=0.2399 depth=0.0086
  Epoch 18 [150/440] loss=0.0001 mask=0.2414 depth=0.0089
  Epoch 18 [160/440] loss=0.0001 mask=0.2406 depth=0.0089
  Epoch 18 [170/440] loss=0.0001 mask=0.2413 depth=0.0094
  Epoch 18 [180/440] loss=0.0001 mask=0.2401 depth=0.0095
  Epoch 18 [190/440] loss=0.0001 mask=0.2404 depth=0.0093
  Epoch 18 [200/440] loss=0.0001 mask=0.2404 depth=0.0102
  Epoch 18 [210/440] loss=0.0001 mask=0.2397 depth=0.0101
  Epoch 18 [220/440] loss=0.0001 mask=0.2421 depth=0.0101
  Epoch 18 [230/440] loss=0.0001 mask=0.2418 depth=0.0099
  Epoch 18 [240/440] loss=0.0001 mask=0.2410 depth=0.0099
  Epoch 18 [250/440] loss=0.0001 mask=0.2414 depth=0.0097
  Epoch 18 [260/440] loss=0.0001 mask=0.2416 depth=0.0098
  Epoch 18 [270/440] loss=0.0001 mask=0.2411 depth=0.0097
  Epoch 18 [280/440] loss=0.0001 mask=0.2414 depth=0.0096
  Epoch 18 [290/440] loss=0.0001 mask=0.2397 depth=0.0096
  Epoch 18 [300/440] loss=0.0001 mask=0.2398 depth=0.0095
  Epoch 18 [310/440] loss=0.0001 mask=0.2390 depth=0.0094
  Epoch 18 [320/440] loss=0.0001 mask=0.2395 depth=0.0094
  Epoch 18 [330/440] loss=0.0001 mask=0.2403 depth=0.0093
  Epoch 18 [340/440] loss=0.0001 mask=0.2394 depth=0.0093
  Epoch 18 [350/440] loss=0.0001 mask=0.2401 depth=0.0093
  Epoch 18 [360/440] loss=0.0001 mask=0.2392 depth=0.0092
  Epoch 18 [370/440] loss=0.0001 mask=0.2401 depth=0.0094
  Epoch 18 [380/440] loss=0.0001 mask=0.2403 depth=0.0095
  Epoch 18 [390/440] loss=0.0001 mask=0.2381 depth=0.0094
  Epoch 18 [400/440] loss=0.0001 mask=0.2385 depth=0.0093
  Epoch 18 [410/440] loss=0.0001 mask=0.2372 depth=0.0093
  Epoch 18 [420/440] loss=0.0001 mask=0.2366 depth=0.0092
  Epoch 18 [430/440] loss=0.0001 mask=0.2367 depth=0.0092
  Epoch 18 [440/440] loss=0.0001 mask=0.2381 depth=0.0091
  Train: loss=0.0001 mask=0.2381 depth=0.0091 time=237.7s
  Val epoch 18: loss=0.0008

=== Phase2 Epoch 19/49 ===
  Epoch 19 [10/440] loss=0.0001 mask=0.3038 depth=0.0112
  Epoch 19 [20/440] loss=0.0001 mask=0.2902 depth=0.0087
  Epoch 19 [30/440] loss=0.0001 mask=0.2767 depth=0.0091
  Epoch 19 [40/440] loss=0.0001 mask=0.2732 depth=0.0086
  Epoch 19 [50/440] loss=0.0001 mask=0.2613 depth=0.0079
  Epoch 19 [60/440] loss=0.0001 mask=0.2520 depth=0.0080
  Epoch 19 [70/440] loss=0.0001 mask=0.2603 depth=0.0074
  Epoch 19 [80/440] loss=0.0001 mask=0.2637 depth=0.0080
  Epoch 19 [90/440] loss=0.0001 mask=0.2567 depth=0.0075
  Epoch 19 [100/440] loss=0.0001 mask=0.2574 depth=0.0076
  Epoch 19 [110/440] loss=0.0001 mask=0.2655 depth=0.0082
  Epoch 19 [120/440] loss=0.0001 mask=0.2622 depth=0.0081
  Epoch 19 [130/440] loss=0.0001 mask=0.2638 depth=0.0079
  Epoch 19 [140/440] loss=0.0001 mask=0.2559 depth=0.0081
  Epoch 19 [150/440] loss=0.0001 mask=0.2534 depth=0.0080
  Epoch 19 [160/440] loss=0.0001 mask=0.2505 depth=0.0083
  Epoch 19 [170/440] loss=0.0001 mask=0.2501 depth=0.0081
  Epoch 19 [180/440] loss=0.0001 mask=0.2480 depth=0.0080
  Epoch 19 [190/440] loss=0.0001 mask=0.2486 depth=0.0085
  Epoch 19 [200/440] loss=0.0001 mask=0.2478 depth=0.0085
  Epoch 19 [210/440] loss=0.0001 mask=0.2486 depth=0.0085
  Epoch 19 [220/440] loss=0.0001 mask=0.2499 depth=0.0085
  Epoch 19 [230/440] loss=0.0001 mask=0.2463 depth=0.0083
  Epoch 19 [240/440] loss=0.0001 mask=0.2451 depth=0.0082
  Epoch 19 [250/440] loss=0.0001 mask=0.2477 depth=0.0082
  Epoch 19 [260/440] loss=0.0001 mask=0.2478 depth=0.0083
  Epoch 19 [270/440] loss=0.0001 mask=0.2474 depth=0.0083
  Epoch 19 [280/440] loss=0.0001 mask=0.2481 depth=0.0083
  Epoch 19 [290/440] loss=0.0001 mask=0.2475 depth=0.0082
  Epoch 19 [300/440] loss=0.0001 mask=0.2459 depth=0.0081
  Epoch 19 [310/440] loss=0.0001 mask=0.2465 depth=0.0080
  Epoch 19 [320/440] loss=0.0001 mask=0.2454 depth=0.0080
  Epoch 19 [330/440] loss=0.0001 mask=0.2492 depth=0.0079
  Epoch 19 [340/440] loss=0.0001 mask=0.2479 depth=0.0078
  Epoch 19 [350/440] loss=0.0001 mask=0.2464 depth=0.0078
  Epoch 19 [360/440] loss=0.0001 mask=0.2459 depth=0.0077
  Epoch 19 [370/440] loss=0.0001 mask=0.2462 depth=0.0077
  Epoch 19 [380/440] loss=0.0001 mask=0.2464 depth=0.0077
  Epoch 19 [390/440] loss=0.0001 mask=0.2456 depth=0.0079
  Epoch 19 [400/440] loss=0.0001 mask=0.2460 depth=0.0079
  Epoch 19 [410/440] loss=0.0001 mask=0.2456 depth=0.0079
  Epoch 19 [420/440] loss=0.0001 mask=0.2446 depth=0.0079
  Epoch 19 [430/440] loss=0.0001 mask=0.2450 depth=0.0079
  Epoch 19 [440/440] loss=0.0001 mask=0.2440 depth=0.0078
  Train: loss=0.0001 mask=0.2440 depth=0.0078 time=238.5s
  Val epoch 19: loss=0.0009

=== Phase2 Epoch 20/49 ===
  Epoch 20 [10/440] loss=0.0001 mask=0.3000 depth=0.0100
  Epoch 20 [20/440] loss=0.0001 mask=0.2680 depth=0.0077
  Epoch 20 [30/440] loss=0.0001 mask=0.2467 depth=0.0069
  Epoch 20 [40/440] loss=0.0001 mask=0.2522 depth=0.0067
  Epoch 20 [50/440] loss=0.0001 mask=0.2484 depth=0.0064
  Epoch 20 [60/440] loss=0.0001 mask=0.2397 depth=0.0067
  Epoch 20 [70/440] loss=0.0001 mask=0.2448 depth=0.0064
  Epoch 20 [80/440] loss=0.0001 mask=0.2442 depth=0.0063
  Epoch 20 [90/440] loss=0.0001 mask=0.2461 depth=0.0065
  Epoch 20 [100/440] loss=0.0001 mask=0.2394 depth=0.0064
  Epoch 20 [110/440] loss=0.0001 mask=0.2417 depth=0.0062
  Epoch 20 [120/440] loss=0.0001 mask=0.2395 depth=0.0063
  Epoch 20 [130/440] loss=0.0001 mask=0.2364 depth=0.0067
  Epoch 20 [140/440] loss=0.0001 mask=0.2390 depth=0.0067
  Epoch 20 [150/440] loss=0.0001 mask=0.2362 depth=0.0067
  Epoch 20 [160/440] loss=0.0001 mask=0.2394 depth=0.0068
  Epoch 20 [170/440] loss=0.0001 mask=0.2363 depth=0.0066
  Epoch 20 [180/440] loss=0.0001 mask=0.2356 depth=0.0065
  Epoch 20 [190/440] loss=0.0001 mask=0.2395 depth=0.0065
  Epoch 20 [200/440] loss=0.0001 mask=0.2400 depth=0.0069
  Epoch 20 [210/440] loss=0.0001 mask=0.2396 depth=0.0072
  Epoch 20 [220/440] loss=0.0001 mask=0.2403 depth=0.0075
  Epoch 20 [230/440] loss=0.0001 mask=0.2386 depth=0.0075
  Epoch 20 [240/440] loss=0.0001 mask=0.2372 depth=0.0075
  Epoch 20 [250/440] loss=0.0001 mask=0.2377 depth=0.0074
  Epoch 20 [260/440] loss=0.0001 mask=0.2385 depth=0.0074
  Epoch 20 [270/440] loss=0.0001 mask=0.2393 depth=0.0074
  Epoch 20 [280/440] loss=0.0001 mask=0.2405 depth=0.0072
  Epoch 20 [290/440] loss=0.0001 mask=0.2423 depth=0.0073
  Epoch 20 [300/440] loss=0.0001 mask=0.2437 depth=0.0074
  Epoch 20 [310/440] loss=0.0001 mask=0.2440 depth=0.0075
  Epoch 20 [320/440] loss=0.0001 mask=0.2449 depth=0.0074
  Epoch 20 [330/440] loss=0.0001 mask=0.2437 depth=0.0073
  Epoch 20 [340/440] loss=0.0001 mask=0.2425 depth=0.0073
  Epoch 20 [350/440] loss=0.0001 mask=0.2420 depth=0.0072
  Epoch 20 [360/440] loss=0.0001 mask=0.2414 depth=0.0072
  Epoch 20 [370/440] loss=0.0001 mask=0.2411 depth=0.0072
  Epoch 20 [380/440] loss=0.0001 mask=0.2430 depth=0.0072
  Epoch 20 [390/440] loss=0.0001 mask=0.2417 depth=0.0071
  Epoch 20 [400/440] loss=0.0001 mask=0.2433 depth=0.0071
  Epoch 20 [410/440] loss=0.0001 mask=0.2423 depth=0.0071
  Epoch 20 [420/440] loss=0.0001 mask=0.2415 depth=0.0071
  Epoch 20 [430/440] loss=0.0001 mask=0.2413 depth=0.0071
  Epoch 20 [440/440] loss=0.0001 mask=0.2407 depth=0.0070
  Train: loss=0.0001 mask=0.2407 depth=0.0070 time=235.1s
  Val epoch 20: loss=0.0007

=== Phase2 Epoch 21/49 ===
  Epoch 21 [10/440] loss=0.0001 mask=0.2608 depth=0.0081
  Epoch 21 [20/440] loss=0.0001 mask=0.2571 depth=0.0089
  Epoch 21 [30/440] loss=0.0001 mask=0.2676 depth=0.0081
  Epoch 21 [40/440] loss=0.0001 mask=0.2618 depth=0.0071
  Epoch 21 [50/440] loss=0.0001 mask=0.2508 depth=0.0067
  Epoch 21 [60/440] loss=0.0001 mask=0.2466 depth=0.0079
  Epoch 21 [70/440] loss=0.0001 mask=0.2483 depth=0.0076
  Epoch 21 [80/440] loss=0.0001 mask=0.2390 depth=0.0075
  Epoch 21 [90/440] loss=0.0001 mask=0.2384 depth=0.0070
  Epoch 21 [100/440] loss=0.0001 mask=0.2364 depth=0.0071
  Epoch 21 [110/440] loss=0.0001 mask=0.2356 depth=0.0068
  Epoch 21 [120/440] loss=0.0001 mask=0.2413 depth=0.0066
  Epoch 21 [130/440] loss=0.0001 mask=0.2397 depth=0.0066
  Epoch 21 [140/440] loss=0.0001 mask=0.2386 depth=0.0067
  Epoch 21 [150/440] loss=0.0001 mask=0.2365 depth=0.0067
  Epoch 21 [160/440] loss=0.0001 mask=0.2367 depth=0.0066
  Epoch 21 [170/440] loss=0.0001 mask=0.2359 depth=0.0069
  Epoch 21 [180/440] loss=0.0001 mask=0.2379 depth=0.0071
  Epoch 21 [190/440] loss=0.0001 mask=0.2423 depth=0.0069
  Epoch 21 [200/440] loss=0.0001 mask=0.2420 depth=0.0067
  Epoch 21 [210/440] loss=0.0001 mask=0.2399 depth=0.0066
  Epoch 21 [220/440] loss=0.0001 mask=0.2422 depth=0.0066
  Epoch 21 [230/440] loss=0.0001 mask=0.2423 depth=0.0066
  Epoch 21 [240/440] loss=0.0001 mask=0.2403 depth=0.0065
  Epoch 21 [250/440] loss=0.0001 mask=0.2390 depth=0.0068
  Epoch 21 [260/440] loss=0.0001 mask=0.2402 depth=0.0068
  Epoch 21 [270/440] loss=0.0001 mask=0.2397 depth=0.0068
  Epoch 21 [280/440] loss=0.0001 mask=0.2406 depth=0.0068
  Epoch 21 [290/440] loss=0.0001 mask=0.2413 depth=0.0068
  Epoch 21 [300/440] loss=0.0001 mask=0.2424 depth=0.0067
  Epoch 21 [310/440] loss=0.0001 mask=0.2431 depth=0.0066
  Epoch 21 [320/440] loss=0.0001 mask=0.2427 depth=0.0065
  Epoch 21 [330/440] loss=0.0001 mask=0.2418 depth=0.0066
  Epoch 21 [340/440] loss=0.0001 mask=0.2409 depth=0.0067
  Epoch 21 [350/440] loss=0.0001 mask=0.2423 depth=0.0066
  Epoch 21 [360/440] loss=0.0001 mask=0.2416 depth=0.0066
  Epoch 21 [370/440] loss=0.0001 mask=0.2429 depth=0.0065
  Epoch 21 [380/440] loss=0.0001 mask=0.2435 depth=0.0065
  Epoch 21 [390/440] loss=0.0001 mask=0.2429 depth=0.0065
  Epoch 21 [400/440] loss=0.0001 mask=0.2425 depth=0.0064
  Epoch 21 [410/440] loss=0.0001 mask=0.2431 depth=0.0064
  Epoch 21 [420/440] loss=0.0001 mask=0.2418 depth=0.0065
  Epoch 21 [430/440] loss=0.0001 mask=0.2426 depth=0.0065
  Epoch 21 [440/440] loss=0.0001 mask=0.2429 depth=0.0065
  Train: loss=0.0001 mask=0.2429 depth=0.0065 time=239.0s
  Val epoch 21: loss=0.0007

=== Phase2 Epoch 22/49 ===
  Epoch 22 [10/440] loss=0.0001 mask=0.2154 depth=0.0093
  Epoch 22 [20/440] loss=0.0001 mask=0.2181 depth=0.0074
  Epoch 22 [30/440] loss=0.0001 mask=0.2303 depth=0.0069
  Epoch 22 [40/440] loss=0.0001 mask=0.2242 depth=0.0067
  Epoch 22 [50/440] loss=0.0001 mask=0.2210 depth=0.0071
  Epoch 22 [60/440] loss=0.0001 mask=0.2217 depth=0.0069
  Epoch 22 [70/440] loss=0.0001 mask=0.2317 depth=0.0068
  Epoch 22 [80/440] loss=0.0001 mask=0.2399 depth=0.0064
  Epoch 22 [90/440] loss=0.0001 mask=0.2407 depth=0.0060
  Epoch 22 [100/440] loss=0.0001 mask=0.2424 depth=0.0059
  Epoch 22 [110/440] loss=0.0001 mask=0.2438 depth=0.0058
  Epoch 22 [120/440] loss=0.0001 mask=0.2412 depth=0.0057
  Epoch 22 [130/440] loss=0.0001 mask=0.2406 depth=0.0058
  Epoch 22 [140/440] loss=0.0001 mask=0.2398 depth=0.0059
  Epoch 22 [150/440] loss=0.0001 mask=0.2401 depth=0.0059
  Epoch 22 [160/440] loss=0.0001 mask=0.2373 depth=0.0060
  Epoch 22 [170/440] loss=0.0001 mask=0.2407 depth=0.0058
  Epoch 22 [180/440] loss=0.0001 mask=0.2411 depth=0.0057
  Epoch 22 [190/440] loss=0.0001 mask=0.2414 depth=0.0056
  Epoch 22 [200/440] loss=0.0001 mask=0.2441 depth=0.0058
  Epoch 22 [210/440] loss=0.0001 mask=0.2453 depth=0.0059
  Epoch 22 [220/440] loss=0.0001 mask=0.2422 depth=0.0058
  Epoch 22 [230/440] loss=0.0001 mask=0.2427 depth=0.0057
  Epoch 22 [240/440] loss=0.0001 mask=0.2442 depth=0.0057
  Epoch 22 [250/440] loss=0.0001 mask=0.2446 depth=0.0056
  Epoch 22 [260/440] loss=0.0001 mask=0.2441 depth=0.0055
  Epoch 22 [270/440] loss=0.0001 mask=0.2435 depth=0.0055
  Epoch 22 [280/440] loss=0.0001 mask=0.2428 depth=0.0055
  Epoch 22 [290/440] loss=0.0001 mask=0.2434 depth=0.0055
  Epoch 22 [300/440] loss=0.0001 mask=0.2455 depth=0.0055
  Epoch 22 [310/440] loss=0.0001 mask=0.2450 depth=0.0054
  Epoch 22 [320/440] loss=0.0001 mask=0.2448 depth=0.0055
  Epoch 22 [330/440] loss=0.0001 mask=0.2431 depth=0.0055
  Epoch 22 [340/440] loss=0.0001 mask=0.2424 depth=0.0056
  Epoch 22 [350/440] loss=0.0001 mask=0.2407 depth=0.0056
  Epoch 22 [360/440] loss=0.0001 mask=0.2403 depth=0.0057
  Epoch 22 [370/440] loss=0.0001 mask=0.2406 depth=0.0057
  Epoch 22 [380/440] loss=0.0001 mask=0.2401 depth=0.0057
  Epoch 22 [390/440] loss=0.0001 mask=0.2403 depth=0.0057
  Epoch 22 [400/440] loss=0.0001 mask=0.2406 depth=0.0057
  Epoch 22 [410/440] loss=0.0001 mask=0.2397 depth=0.0058
  Epoch 22 [420/440] loss=0.0001 mask=0.2389 depth=0.0057
  Epoch 22 [430/440] loss=0.0001 mask=0.2392 depth=0.0058
  Epoch 22 [440/440] loss=0.0001 mask=0.2395 depth=0.0058
  Train: loss=0.0001 mask=0.2395 depth=0.0058 time=236.4s
  Val epoch 22: loss=0.0006
  Saved best phase2 model (val_loss=0.0006)

=== Phase2 Epoch 23/49 ===
  Epoch 23 [10/440] loss=0.0001 mask=0.1982 depth=0.0060
  Epoch 23 [20/440] loss=0.0001 mask=0.2369 depth=0.0073
  Epoch 23 [30/440] loss=0.0001 mask=0.2417 depth=0.0065
  Epoch 23 [40/440] loss=0.0001 mask=0.2290 depth=0.0059
  Epoch 23 [50/440] loss=0.0001 mask=0.2248 depth=0.0058
  Epoch 23 [60/440] loss=0.0001 mask=0.2255 depth=0.0055
  Epoch 23 [70/440] loss=0.0001 mask=0.2283 depth=0.0060
  Epoch 23 [80/440] loss=0.0001 mask=0.2289 depth=0.0058
  Epoch 23 [90/440] loss=0.0001 mask=0.2314 depth=0.0059
  Epoch 23 [100/440] loss=0.0001 mask=0.2340 depth=0.0061
  Epoch 23 [110/440] loss=0.0001 mask=0.2360 depth=0.0059
  Epoch 23 [120/440] loss=0.0001 mask=0.2365 depth=0.0058
  Epoch 23 [130/440] loss=0.0001 mask=0.2368 depth=0.0057
  Epoch 23 [140/440] loss=0.0001 mask=0.2359 depth=0.0061
  Epoch 23 [150/440] loss=0.0001 mask=0.2340 depth=0.0060
  Epoch 23 [160/440] loss=0.0001 mask=0.2364 depth=0.0059
  Epoch 23 [170/440] loss=0.0001 mask=0.2348 depth=0.0057
  Epoch 23 [180/440] loss=0.0001 mask=0.2322 depth=0.0058
  Epoch 23 [190/440] loss=0.0001 mask=0.2310 depth=0.0057
  Epoch 23 [200/440] loss=0.0001 mask=0.2301 depth=0.0056
  Epoch 23 [210/440] loss=0.0001 mask=0.2270 depth=0.0059
  Epoch 23 [220/440] loss=0.0001 mask=0.2273 depth=0.0061
  Epoch 23 [230/440] loss=0.0001 mask=0.2246 depth=0.0061
  Epoch 23 [240/440] loss=0.0001 mask=0.2278 depth=0.0061
  Epoch 23 [250/440] loss=0.0001 mask=0.2286 depth=0.0061
  Epoch 23 [260/440] loss=0.0001 mask=0.2260 depth=0.0061
  Epoch 23 [270/440] loss=0.0001 mask=0.2280 depth=0.0062
  Epoch 23 [280/440] loss=0.0001 mask=0.2297 depth=0.0061
  Epoch 23 [290/440] loss=0.0001 mask=0.2317 depth=0.0059
  Epoch 23 [300/440] loss=0.0001 mask=0.2315 depth=0.0059
  Epoch 23 [310/440] loss=0.0001 mask=0.2307 depth=0.0060
  Epoch 23 [320/440] loss=0.0001 mask=0.2328 depth=0.0059
  Epoch 23 [330/440] loss=0.0001 mask=0.2356 depth=0.0060
  Epoch 23 [340/440] loss=0.0001 mask=0.2349 depth=0.0060
  Epoch 23 [350/440] loss=0.0001 mask=0.2347 depth=0.0060
  Epoch 23 [360/440] loss=0.0001 mask=0.2339 depth=0.0059
  Epoch 23 [370/440] loss=0.0001 mask=0.2355 depth=0.0059
  Epoch 23 [380/440] loss=0.0001 mask=0.2331 depth=0.0060
  Epoch 23 [390/440] loss=0.0001 mask=0.2332 depth=0.0060
  Epoch 23 [400/440] loss=0.0001 mask=0.2337 depth=0.0060
  Epoch 23 [410/440] loss=0.0001 mask=0.2348 depth=0.0060
  Epoch 23 [420/440] loss=0.0001 mask=0.2345 depth=0.0060
  Epoch 23 [430/440] loss=0.0001 mask=0.2342 depth=0.0059
  Epoch 23 [440/440] loss=0.0001 mask=0.2370 depth=0.0059
  Train: loss=0.0001 mask=0.2370 depth=0.0059 time=236.9s
  Val epoch 23: loss=0.0007

=== Phase2 Epoch 24/49 ===
  Epoch 24 [10/440] loss=0.0001 mask=0.1915 depth=0.0054
  Epoch 24 [20/440] loss=0.0000 mask=0.2345 depth=0.0048
  Epoch 24 [30/440] loss=0.0000 mask=0.2174 depth=0.0044
  Epoch 24 [40/440] loss=0.0001 mask=0.2074 depth=0.0057
  Epoch 24 [50/440] loss=0.0001 mask=0.2049 depth=0.0064
  Epoch 24 [60/440] loss=0.0001 mask=0.2071 depth=0.0060
  Epoch 24 [70/440] loss=0.0001 mask=0.2010 depth=0.0059
  Epoch 24 [80/440] loss=0.0001 mask=0.1954 depth=0.0055
  Epoch 24 [90/440] loss=0.0001 mask=0.2029 depth=0.0059
  Epoch 24 [100/440] loss=0.0001 mask=0.2062 depth=0.0059
  Epoch 24 [110/440] loss=0.0001 mask=0.2059 depth=0.0057
  Epoch 24 [120/440] loss=0.0001 mask=0.2129 depth=0.0060
  Epoch 24 [130/440] loss=0.0001 mask=0.2222 depth=0.0061
  Epoch 24 [140/440] loss=0.0001 mask=0.2220 depth=0.0061
  Epoch 24 [150/440] loss=0.0001 mask=0.2249 depth=0.0059
  Epoch 24 [160/440] loss=0.0001 mask=0.2231 depth=0.0058
  Epoch 24 [170/440] loss=0.0001 mask=0.2227 depth=0.0058
  Epoch 24 [180/440] loss=0.0001 mask=0.2247 depth=0.0061
  Epoch 24 [190/440] loss=0.0001 mask=0.2250 depth=0.0064
  Epoch 24 [200/440] loss=0.0001 mask=0.2256 depth=0.0064
  Epoch 24 [210/440] loss=0.0001 mask=0.2247 depth=0.0063
  Epoch 24 [220/440] loss=0.0001 mask=0.2256 depth=0.0065
  Epoch 24 [230/440] loss=0.0001 mask=0.2273 depth=0.0065
  Epoch 24 [240/440] loss=0.0001 mask=0.2269 depth=0.0065
  Epoch 24 [250/440] loss=0.0001 mask=0.2295 depth=0.0065
  Epoch 24 [260/440] loss=0.0001 mask=0.2323 depth=0.0066
  Epoch 24 [270/440] loss=0.0001 mask=0.2346 depth=0.0065
  Epoch 24 [280/440] loss=0.0001 mask=0.2333 depth=0.0065
  Epoch 24 [290/440] loss=0.0001 mask=0.2317 depth=0.0065
  Epoch 24 [300/440] loss=0.0001 mask=0.2317 depth=0.0065
  Epoch 24 [310/440] loss=0.0001 mask=0.2336 depth=0.0066
  Epoch 24 [320/440] loss=0.0001 mask=0.2341 depth=0.0065
  Epoch 24 [330/440] loss=0.0001 mask=0.2353 depth=0.0065
  Epoch 24 [340/440] loss=0.0001 mask=0.2366 depth=0.0065
  Epoch 24 [350/440] loss=0.0001 mask=0.2357 depth=0.0064
  Epoch 24 [360/440] loss=0.0001 mask=0.2386 depth=0.0065
  Epoch 24 [370/440] loss=0.0001 mask=0.2390 depth=0.0064
  Epoch 24 [380/440] loss=0.0001 mask=0.2398 depth=0.0064
  Epoch 24 [390/440] loss=0.0001 mask=0.2410 depth=0.0063
  Epoch 24 [400/440] loss=0.0001 mask=0.2405 depth=0.0064
  Epoch 24 [410/440] loss=0.0001 mask=0.2404 depth=0.0064
  Epoch 24 [420/440] loss=0.0001 mask=0.2399 depth=0.0064
  Epoch 24 [430/440] loss=0.0001 mask=0.2393 depth=0.0064
  Epoch 24 [440/440] loss=0.0001 mask=0.2376 depth=0.0064
  Train: loss=0.0001 mask=0.2376 depth=0.0064 time=238.7s
  Val epoch 24: loss=0.0008

=== Phase2 Epoch 25/49 ===
  Epoch 25 [10/440] loss=0.0000 mask=0.2401 depth=0.0036
  Epoch 25 [20/440] loss=0.0001 mask=0.2672 depth=0.0057
  Epoch 25 [30/440] loss=0.0001 mask=0.2458 depth=0.0053
  Epoch 25 [40/440] loss=0.0001 mask=0.2508 depth=0.0054
  Epoch 25 [50/440] loss=0.0001 mask=0.2506 depth=0.0066
  Epoch 25 [60/440] loss=0.0001 mask=0.2463 depth=0.0066
  Epoch 25 [70/440] loss=0.0001 mask=0.2437 depth=0.0064
  Epoch 25 [80/440] loss=0.0001 mask=0.2388 depth=0.0062
  Epoch 25 [90/440] loss=0.0001 mask=0.2332 depth=0.0063
  Epoch 25 [100/440] loss=0.0001 mask=0.2331 depth=0.0060
  Epoch 25 [110/440] loss=0.0001 mask=0.2340 depth=0.0058
  Epoch 25 [120/440] loss=0.0001 mask=0.2301 depth=0.0058
  Epoch 25 [130/440] loss=0.0001 mask=0.2341 depth=0.0059
  Epoch 25 [140/440] loss=0.0001 mask=0.2394 depth=0.0058
  Epoch 25 [150/440] loss=0.0001 mask=0.2394 depth=0.0057
  Epoch 25 [160/440] loss=0.0001 mask=0.2368 depth=0.0056
  Epoch 25 [170/440] loss=0.0001 mask=0.2355 depth=0.0057
  Epoch 25 [180/440] loss=0.0001 mask=0.2331 depth=0.0057
  Epoch 25 [190/440] loss=0.0001 mask=0.2357 depth=0.0057
  Epoch 25 [200/440] loss=0.0001 mask=0.2363 depth=0.0057
  Epoch 25 [210/440] loss=0.0001 mask=0.2342 depth=0.0056
  Epoch 25 [220/440] loss=0.0001 mask=0.2371 depth=0.0055
  Epoch 25 [230/440] loss=0.0001 mask=0.2350 depth=0.0055
  Epoch 25 [240/440] loss=0.0001 mask=0.2336 depth=0.0054
  Epoch 25 [250/440] loss=0.0001 mask=0.2349 depth=0.0053
  Epoch 25 [260/440] loss=0.0001 mask=0.2341 depth=0.0054
  Epoch 25 [270/440] loss=0.0001 mask=0.2338 depth=0.0053
  Epoch 25 [280/440] loss=0.0001 mask=0.2338 depth=0.0053
  Epoch 25 [290/440] loss=0.0001 mask=0.2345 depth=0.0052
  Epoch 25 [300/440] loss=0.0001 mask=0.2340 depth=0.0052
  Epoch 25 [310/440] loss=0.0001 mask=0.2333 depth=0.0052
  Epoch 25 [320/440] loss=0.0001 mask=0.2356 depth=0.0052
  Epoch 25 [330/440] loss=0.0001 mask=0.2369 depth=0.0054
  Epoch 25 [340/440] loss=0.0001 mask=0.2358 depth=0.0054
  Epoch 25 [350/440] loss=0.0001 mask=0.2380 depth=0.0056
  Epoch 25 [360/440] loss=0.0001 mask=0.2374 depth=0.0055
  Epoch 25 [370/440] loss=0.0001 mask=0.2372 depth=0.0055
  Epoch 25 [380/440] loss=0.0001 mask=0.2368 depth=0.0054
  Epoch 25 [390/440] loss=0.0001 mask=0.2365 depth=0.0054
  Epoch 25 [400/440] loss=0.0001 mask=0.2369 depth=0.0054
  Epoch 25 [410/440] loss=0.0001 mask=0.2376 depth=0.0054
  Epoch 25 [420/440] loss=0.0001 mask=0.2369 depth=0.0056
  Epoch 25 [430/440] loss=0.0001 mask=0.2362 depth=0.0056
  Epoch 25 [440/440] loss=0.0001 mask=0.2354 depth=0.0056
  Train: loss=0.0001 mask=0.2354 depth=0.0056 time=236.7s
  Val epoch 25: loss=0.0006

=== Phase2 Epoch 26/49 ===
  Epoch 26 [10/440] loss=0.0001 mask=0.2821 depth=0.0097
  Epoch 26 [20/440] loss=0.0001 mask=0.2617 depth=0.0081
  Epoch 26 [30/440] loss=0.0001 mask=0.2355 depth=0.0071
  Epoch 26 [40/440] loss=0.0001 mask=0.2309 depth=0.0059
  Epoch 26 [50/440] loss=0.0001 mask=0.2287 depth=0.0066
  Epoch 26 [60/440] loss=0.0001 mask=0.2281 depth=0.0064
  Epoch 26 [70/440] loss=0.0001 mask=0.2252 depth=0.0059
  Epoch 26 [80/440] loss=0.0001 mask=0.2272 depth=0.0057
  Epoch 26 [90/440] loss=0.0001 mask=0.2319 depth=0.0054
  Epoch 26 [100/440] loss=0.0001 mask=0.2330 depth=0.0054
  Epoch 26 [110/440] loss=0.0001 mask=0.2379 depth=0.0054
  Epoch 26 [120/440] loss=0.0001 mask=0.2435 depth=0.0052
  Epoch 26 [130/440] loss=0.0001 mask=0.2472 depth=0.0053
  Epoch 26 [140/440] loss=0.0001 mask=0.2473 depth=0.0052
  Epoch 26 [150/440] loss=0.0001 mask=0.2487 depth=0.0052
  Epoch 26 [160/440] loss=0.0000 mask=0.2483 depth=0.0050
  Epoch 26 [170/440] loss=0.0001 mask=0.2465 depth=0.0054
  Epoch 26 [180/440] loss=0.0001 mask=0.2473 depth=0.0054
  Epoch 26 [190/440] loss=0.0001 mask=0.2448 depth=0.0057
  Epoch 26 [200/440] loss=0.0001 mask=0.2411 depth=0.0058
  Epoch 26 [210/440] loss=0.0001 mask=0.2416 depth=0.0059
  Epoch 26 [220/440] loss=0.0001 mask=0.2438 depth=0.0060
  Epoch 26 [230/440] loss=0.0001 mask=0.2463 depth=0.0059
  Epoch 26 [240/440] loss=0.0001 mask=0.2441 depth=0.0059
  Epoch 26 [250/440] loss=0.0001 mask=0.2450 depth=0.0059
  Epoch 26 [260/440] loss=0.0001 mask=0.2447 depth=0.0059
  Epoch 26 [270/440] loss=0.0001 mask=0.2441 depth=0.0058
  Epoch 26 [280/440] loss=0.0001 mask=0.2420 depth=0.0057
  Epoch 26 [290/440] loss=0.0001 mask=0.2431 depth=0.0057
  Epoch 26 [300/440] loss=0.0001 mask=0.2420 depth=0.0057
  Epoch 26 [310/440] loss=0.0001 mask=0.2407 depth=0.0057
  Epoch 26 [320/440] loss=0.0001 mask=0.2398 depth=0.0057
  Epoch 26 [330/440] loss=0.0001 mask=0.2379 depth=0.0057
  Epoch 26 [340/440] loss=0.0001 mask=0.2377 depth=0.0057
  Epoch 26 [350/440] loss=0.0001 mask=0.2391 depth=0.0057
  Epoch 26 [360/440] loss=0.0001 mask=0.2382 depth=0.0057
  Epoch 26 [370/440] loss=0.0001 mask=0.2383 depth=0.0057
  Epoch 26 [380/440] loss=0.0001 mask=0.2386 depth=0.0057
  Epoch 26 [390/440] loss=0.0001 mask=0.2396 depth=0.0057
  Epoch 26 [400/440] loss=0.0001 mask=0.2388 depth=0.0056
  Epoch 26 [410/440] loss=0.0001 mask=0.2381 depth=0.0056
  Epoch 26 [420/440] loss=0.0001 mask=0.2375 depth=0.0056
  Epoch 26 [430/440] loss=0.0001 mask=0.2391 depth=0.0056
  Epoch 26 [440/440] loss=0.0001 mask=0.2379 depth=0.0055
  Train: loss=0.0001 mask=0.2379 depth=0.0055 time=237.6s
  Val epoch 26: loss=0.0007

=== Phase2 Epoch 27/49 ===
  Epoch 27 [10/440] loss=0.0000 mask=0.2386 depth=0.0044
  Epoch 27 [20/440] loss=0.0000 mask=0.2423 depth=0.0041
  Epoch 27 [30/440] loss=0.0000 mask=0.2435 depth=0.0040
  Epoch 27 [40/440] loss=0.0001 mask=0.2452 depth=0.0056
  Epoch 27 [50/440] loss=0.0001 mask=0.2305 depth=0.0061
  Epoch 27 [60/440] loss=0.0001 mask=0.2314 depth=0.0061
  Epoch 27 [70/440] loss=0.0001 mask=0.2338 depth=0.0077
  Epoch 27 [80/440] loss=0.0001 mask=0.2273 depth=0.0077
  Epoch 27 [90/440] loss=0.0001 mask=0.2354 depth=0.0073
  Epoch 27 [100/440] loss=0.0001 mask=0.2351 depth=0.0070
  Epoch 27 [110/440] loss=0.0001 mask=0.2373 depth=0.0069
  Epoch 27 [120/440] loss=0.0001 mask=0.2385 depth=0.0075
  Epoch 27 [130/440] loss=0.0001 mask=0.2399 depth=0.0076
  Epoch 27 [140/440] loss=0.0001 mask=0.2367 depth=0.0074
  Epoch 27 [150/440] loss=0.0001 mask=0.2391 depth=0.0073
  Epoch 27 [160/440] loss=0.0001 mask=0.2390 depth=0.0071
  Epoch 27 [170/440] loss=0.0001 mask=0.2402 depth=0.0070
  Epoch 27 [180/440] loss=0.0001 mask=0.2380 depth=0.0069
  Epoch 27 [190/440] loss=0.0001 mask=0.2350 depth=0.0068
  Epoch 27 [200/440] loss=0.0001 mask=0.2335 depth=0.0067
  Epoch 27 [210/440] loss=0.0001 mask=0.2380 depth=0.0066
  Epoch 27 [220/440] loss=0.0001 mask=0.2365 depth=0.0065
  Epoch 27 [230/440] loss=0.0001 mask=0.2366 depth=0.0063
  Epoch 27 [240/440] loss=0.0001 mask=0.2343 depth=0.0063
  Epoch 27 [250/440] loss=0.0001 mask=0.2368 depth=0.0063
  Epoch 27 [260/440] loss=0.0001 mask=0.2351 depth=0.0062
  Epoch 27 [270/440] loss=0.0001 mask=0.2350 depth=0.0061
  Epoch 27 [280/440] loss=0.0001 mask=0.2352 depth=0.0061
  Epoch 27 [290/440] loss=0.0001 mask=0.2378 depth=0.0061
  Epoch 27 [300/440] loss=0.0001 mask=0.2369 depth=0.0061
  Epoch 27 [310/440] loss=0.0001 mask=0.2371 depth=0.0061
  Epoch 27 [320/440] loss=0.0001 mask=0.2359 depth=0.0060
  Epoch 27 [330/440] loss=0.0001 mask=0.2372 depth=0.0060
  Epoch 27 [340/440] loss=0.0001 mask=0.2376 depth=0.0060
  Epoch 27 [350/440] loss=0.0001 mask=0.2380 depth=0.0059
  Epoch 27 [360/440] loss=0.0001 mask=0.2371 depth=0.0063
  Epoch 27 [370/440] loss=0.0001 mask=0.2364 depth=0.0063
  Epoch 27 [380/440] loss=0.0001 mask=0.2390 depth=0.0062
  Epoch 27 [390/440] loss=0.0001 mask=0.2379 depth=0.0062
  Epoch 27 [400/440] loss=0.0001 mask=0.2359 depth=0.0062
  Epoch 27 [410/440] loss=0.0001 mask=0.2366 depth=0.0061
  Epoch 27 [420/440] loss=0.0001 mask=0.2369 depth=0.0062
  Epoch 27 [430/440] loss=0.0001 mask=0.2368 depth=0.0061
  Epoch 27 [440/440] loss=0.0001 mask=0.2380 depth=0.0061
  Train: loss=0.0001 mask=0.2380 depth=0.0061 time=237.3s
  Val epoch 27: loss=0.0007

=== Phase2 Epoch 28/49 ===
  Epoch 28 [10/440] loss=0.0001 mask=0.2234 depth=0.0065
  Epoch 28 [20/440] loss=0.0000 mask=0.2268 depth=0.0045
  Epoch 28 [30/440] loss=0.0001 mask=0.2135 depth=0.0051
  Epoch 28 [40/440] loss=0.0000 mask=0.2182 depth=0.0046
  Epoch 28 [50/440] loss=0.0000 mask=0.2283 depth=0.0046
  Epoch 28 [60/440] loss=0.0000 mask=0.2262 depth=0.0046
  Epoch 28 [70/440] loss=0.0000 mask=0.2386 depth=0.0045
  Epoch 28 [80/440] loss=0.0000 mask=0.2343 depth=0.0046
  Epoch 28 [90/440] loss=0.0000 mask=0.2358 depth=0.0044
  Epoch 28 [100/440] loss=0.0000 mask=0.2319 depth=0.0045
  Epoch 28 [110/440] loss=0.0000 mask=0.2249 depth=0.0045
  Epoch 28 [120/440] loss=0.0000 mask=0.2239 depth=0.0047
  Epoch 28 [130/440] loss=0.0000 mask=0.2254 depth=0.0046
  Epoch 28 [140/440] loss=0.0000 mask=0.2284 depth=0.0047
  Epoch 28 [150/440] loss=0.0000 mask=0.2304 depth=0.0047
  Epoch 28 [160/440] loss=0.0000 mask=0.2330 depth=0.0047
  Epoch 28 [170/440] loss=0.0000 mask=0.2352 depth=0.0047
  Epoch 28 [180/440] loss=0.0000 mask=0.2336 depth=0.0047
  Epoch 28 [190/440] loss=0.0000 mask=0.2354 depth=0.0046
  Epoch 28 [200/440] loss=0.0000 mask=0.2353 depth=0.0046
  Epoch 28 [210/440] loss=0.0000 mask=0.2328 depth=0.0046
  Epoch 28 [220/440] loss=0.0000 mask=0.2331 depth=0.0046
  Epoch 28 [230/440] loss=0.0000 mask=0.2337 depth=0.0046
  Epoch 28 [240/440] loss=0.0000 mask=0.2361 depth=0.0046
  Epoch 28 [250/440] loss=0.0000 mask=0.2387 depth=0.0047
  Epoch 28 [260/440] loss=0.0000 mask=0.2385 depth=0.0048
  Epoch 28 [270/440] loss=0.0000 mask=0.2385 depth=0.0048
  Epoch 28 [280/440] loss=0.0000 mask=0.2408 depth=0.0048
  Epoch 28 [290/440] loss=0.0000 mask=0.2426 depth=0.0048
  Epoch 28 [300/440] loss=0.0000 mask=0.2434 depth=0.0048
  Epoch 28 [310/440] loss=0.0000 mask=0.2429 depth=0.0048
  Epoch 28 [320/440] loss=0.0000 mask=0.2417 depth=0.0048
  Epoch 28 [330/440] loss=0.0000 mask=0.2402 depth=0.0048
  Epoch 28 [340/440] loss=0.0000 mask=0.2403 depth=0.0047
  Epoch 28 [350/440] loss=0.0000 mask=0.2396 depth=0.0049
  Epoch 28 [360/440] loss=0.0000 mask=0.2400 depth=0.0050
  Epoch 28 [370/440] loss=0.0001 mask=0.2391 depth=0.0050
  Epoch 28 [380/440] loss=0.0001 mask=0.2386 depth=0.0050
  Epoch 28 [390/440] loss=0.0000 mask=0.2368 depth=0.0050
  Epoch 28 [400/440] loss=0.0001 mask=0.2373 depth=0.0051
  Epoch 28 [410/440] loss=0.0001 mask=0.2367 depth=0.0051
  Epoch 28 [420/440] loss=0.0001 mask=0.2376 depth=0.0051
  Epoch 28 [430/440] loss=0.0001 mask=0.2367 depth=0.0051
  Epoch 28 [440/440] loss=0.0001 mask=0.2376 depth=0.0051
  Train: loss=0.0001 mask=0.2376 depth=0.0051 time=228.8s
  Val epoch 28: loss=0.0006

=== Phase2 Epoch 29/49 ===
  Epoch 29 [10/440] loss=0.0001 mask=0.3077 depth=0.0069
  Epoch 29 [20/440] loss=0.0001 mask=0.3023 depth=0.0059
  Epoch 29 [30/440] loss=0.0001 mask=0.2663 depth=0.0062
  Epoch 29 [40/440] loss=0.0001 mask=0.2686 depth=0.0059
  Epoch 29 [50/440] loss=0.0001 mask=0.2619 depth=0.0057
  Epoch 29 [60/440] loss=0.0001 mask=0.2572 depth=0.0059
  Epoch 29 [70/440] loss=0.0001 mask=0.2596 depth=0.0055
  Epoch 29 [80/440] loss=0.0001 mask=0.2641 depth=0.0054
  Epoch 29 [90/440] loss=0.0001 mask=0.2603 depth=0.0056
  Epoch 29 [100/440] loss=0.0001 mask=0.2588 depth=0.0056
  Epoch 29 [110/440] loss=0.0001 mask=0.2540 depth=0.0054
  Epoch 29 [120/440] loss=0.0001 mask=0.2549 depth=0.0054
  Epoch 29 [130/440] loss=0.0001 mask=0.2495 depth=0.0054
  Epoch 29 [140/440] loss=0.0001 mask=0.2416 depth=0.0053
  Epoch 29 [150/440] loss=0.0001 mask=0.2419 depth=0.0052
  Epoch 29 [160/440] loss=0.0001 mask=0.2382 depth=0.0051
  Epoch 29 [170/440] loss=0.0001 mask=0.2358 depth=0.0052
  Epoch 29 [180/440] loss=0.0001 mask=0.2372 depth=0.0053
  Epoch 29 [190/440] loss=0.0001 mask=0.2361 depth=0.0052
  Epoch 29 [200/440] loss=0.0001 mask=0.2375 depth=0.0055
  Epoch 29 [210/440] loss=0.0001 mask=0.2410 depth=0.0053
  Epoch 29 [220/440] loss=0.0001 mask=0.2407 depth=0.0053
  Epoch 29 [230/440] loss=0.0001 mask=0.2419 depth=0.0052
  Epoch 29 [240/440] loss=0.0001 mask=0.2432 depth=0.0052
  Epoch 29 [250/440] loss=0.0001 mask=0.2449 depth=0.0051
  Epoch 29 [260/440] loss=0.0001 mask=0.2469 depth=0.0051
  Epoch 29 [270/440] loss=0.0001 mask=0.2489 depth=0.0051
  Epoch 29 [280/440] loss=0.0001 mask=0.2463 depth=0.0052
  Epoch 29 [290/440] loss=0.0001 mask=0.2468 depth=0.0053
  Epoch 29 [300/440] loss=0.0001 mask=0.2473 depth=0.0053
  Epoch 29 [310/440] loss=0.0001 mask=0.2466 depth=0.0052
  Epoch 29 [320/440] loss=0.0001 mask=0.2449 depth=0.0056
  Epoch 29 [330/440] loss=0.0001 mask=0.2443 depth=0.0055
  Epoch 29 [340/440] loss=0.0001 mask=0.2425 depth=0.0056
  Epoch 29 [350/440] loss=0.0001 mask=0.2429 depth=0.0058
  Epoch 29 [360/440] loss=0.0001 mask=0.2429 depth=0.0058
  Epoch 29 [370/440] loss=0.0001 mask=0.2428 depth=0.0057
  Epoch 29 [380/440] loss=0.0001 mask=0.2430 depth=0.0059
  Epoch 29 [390/440] loss=0.0001 mask=0.2448 depth=0.0059
  Epoch 29 [400/440] loss=0.0001 mask=0.2452 depth=0.0059
  Epoch 29 [410/440] loss=0.0001 mask=0.2436 depth=0.0058
  Epoch 29 [420/440] loss=0.0001 mask=0.2432 depth=0.0058
  Epoch 29 [430/440] loss=0.0001 mask=0.2427 depth=0.0058
  Epoch 29 [440/440] loss=0.0001 mask=0.2410 depth=0.0057
  Train: loss=0.0001 mask=0.2410 depth=0.0057 time=235.7s
  Val epoch 29: loss=0.0007

=== Phase2 Epoch 30/49 ===
  Epoch 30 [10/440] loss=0.0001 mask=0.2045 depth=0.0052
  Epoch 30 [20/440] loss=0.0000 mask=0.1925 depth=0.0047
  Epoch 30 [30/440] loss=0.0000 mask=0.2031 depth=0.0045
  Epoch 30 [40/440] loss=0.0000 mask=0.2163 depth=0.0041
  Epoch 30 [50/440] loss=0.0000 mask=0.2235 depth=0.0039
  Epoch 30 [60/440] loss=0.0000 mask=0.2485 depth=0.0040
  Epoch 30 [70/440] loss=0.0000 mask=0.2421 depth=0.0038
  Epoch 30 [80/440] loss=0.0000 mask=0.2458 depth=0.0039
  Epoch 30 [90/440] loss=0.0000 mask=0.2437 depth=0.0040
  Epoch 30 [100/440] loss=0.0000 mask=0.2500 depth=0.0041
  Epoch 30 [110/440] loss=0.0000 mask=0.2458 depth=0.0042
  Epoch 30 [120/440] loss=0.0000 mask=0.2440 depth=0.0041
  Epoch 30 [130/440] loss=0.0000 mask=0.2424 depth=0.0042
  Epoch 30 [140/440] loss=0.0000 mask=0.2366 depth=0.0042
  Epoch 30 [150/440] loss=0.0000 mask=0.2371 depth=0.0044
  Epoch 30 [160/440] loss=0.0000 mask=0.2347 depth=0.0044
  Epoch 30 [170/440] loss=0.0000 mask=0.2338 depth=0.0044
  Epoch 30 [180/440] loss=0.0000 mask=0.2327 depth=0.0045
  Epoch 30 [190/440] loss=0.0000 mask=0.2335 depth=0.0046
  Epoch 30 [200/440] loss=0.0000 mask=0.2366 depth=0.0047
  Epoch 30 [210/440] loss=0.0000 mask=0.2362 depth=0.0047
  Epoch 30 [220/440] loss=0.0000 mask=0.2353 depth=0.0046
  Epoch 30 [230/440] loss=0.0000 mask=0.2378 depth=0.0046
  Epoch 30 [240/440] loss=0.0000 mask=0.2369 depth=0.0046
  Epoch 30 [250/440] loss=0.0000 mask=0.2367 depth=0.0047
  Epoch 30 [260/440] loss=0.0000 mask=0.2402 depth=0.0046
  Epoch 30 [270/440] loss=0.0000 mask=0.2390 depth=0.0046
  Epoch 30 [280/440] loss=0.0000 mask=0.2396 depth=0.0045
  Epoch 30 [290/440] loss=0.0000 mask=0.2394 depth=0.0045
  Epoch 30 [300/440] loss=0.0000 mask=0.2374 depth=0.0045
  Epoch 30 [310/440] loss=0.0000 mask=0.2371 depth=0.0045
  Epoch 30 [320/440] loss=0.0000 mask=0.2381 depth=0.0045
  Epoch 30 [330/440] loss=0.0000 mask=0.2409 depth=0.0044
  Epoch 30 [340/440] loss=0.0000 mask=0.2417 depth=0.0045
  Epoch 30 [350/440] loss=0.0000 mask=0.2410 depth=0.0045
  Epoch 30 [360/440] loss=0.0000 mask=0.2407 depth=0.0045
  Epoch 30 [370/440] loss=0.0000 mask=0.2421 depth=0.0045
  Epoch 30 [380/440] loss=0.0000 mask=0.2417 depth=0.0045
  Epoch 30 [390/440] loss=0.0000 mask=0.2413 depth=0.0045
  Epoch 30 [400/440] loss=0.0000 mask=0.2418 depth=0.0045
  Epoch 30 [410/440] loss=0.0000 mask=0.2417 depth=0.0045
  Epoch 30 [420/440] loss=0.0000 mask=0.2441 depth=0.0045
  Epoch 30 [430/440] loss=0.0000 mask=0.2437 depth=0.0046
  Epoch 30 [440/440] loss=0.0000 mask=0.2421 depth=0.0046
  Train: loss=0.0000 mask=0.2421 depth=0.0046 time=234.5s
  Val epoch 30: loss=0.0007

=== Phase2 Epoch 31/49 ===
  Epoch 31 [10/440] loss=0.0001 mask=0.1908 depth=0.0054
  Epoch 31 [20/440] loss=0.0000 mask=0.2169 depth=0.0044
  Epoch 31 [30/440] loss=0.0000 mask=0.2347 depth=0.0037
  Epoch 31 [40/440] loss=0.0000 mask=0.2365 depth=0.0036
  Epoch 31 [50/440] loss=0.0000 mask=0.2317 depth=0.0039
  Epoch 31 [60/440] loss=0.0000 mask=0.2326 depth=0.0036
  Epoch 31 [70/440] loss=0.0000 mask=0.2232 depth=0.0038
  Epoch 31 [80/440] loss=0.0000 mask=0.2213 depth=0.0038
  Epoch 31 [90/440] loss=0.0000 mask=0.2246 depth=0.0039
  Epoch 31 [100/440] loss=0.0000 mask=0.2227 depth=0.0040
  Epoch 31 [110/440] loss=0.0000 mask=0.2250 depth=0.0040
  Epoch 31 [120/440] loss=0.0000 mask=0.2227 depth=0.0041
  Epoch 31 [130/440] loss=0.0000 mask=0.2253 depth=0.0040
  Epoch 31 [140/440] loss=0.0000 mask=0.2207 depth=0.0040
  Epoch 31 [150/440] loss=0.0000 mask=0.2219 depth=0.0040
  Epoch 31 [160/440] loss=0.0000 mask=0.2248 depth=0.0040
  Epoch 31 [170/440] loss=0.0000 mask=0.2255 depth=0.0040
  Epoch 31 [180/440] loss=0.0000 mask=0.2261 depth=0.0040
  Epoch 31 [190/440] loss=0.0000 mask=0.2275 depth=0.0039
  Epoch 31 [200/440] loss=0.0000 mask=0.2280 depth=0.0040
  Epoch 31 [210/440] loss=0.0000 mask=0.2286 depth=0.0041
  Epoch 31 [220/440] loss=0.0000 mask=0.2325 depth=0.0041
  Epoch 31 [230/440] loss=0.0000 mask=0.2305 depth=0.0042
  Epoch 31 [240/440] loss=0.0000 mask=0.2341 depth=0.0045
  Epoch 31 [250/440] loss=0.0000 mask=0.2341 depth=0.0045
  Epoch 31 [260/440] loss=0.0000 mask=0.2369 depth=0.0044
  Epoch 31 [270/440] loss=0.0000 mask=0.2363 depth=0.0044
  Epoch 31 [280/440] loss=0.0000 mask=0.2357 depth=0.0044
  Epoch 31 [290/440] loss=0.0000 mask=0.2373 depth=0.0044
  Epoch 31 [300/440] loss=0.0000 mask=0.2373 depth=0.0044
  Epoch 31 [310/440] loss=0.0000 mask=0.2359 depth=0.0044
  Epoch 31 [320/440] loss=0.0000 mask=0.2355 depth=0.0044
  Epoch 31 [330/440] loss=0.0000 mask=0.2360 depth=0.0044
  Epoch 31 [340/440] loss=0.0000 mask=0.2363 depth=0.0043
  Epoch 31 [350/440] loss=0.0000 mask=0.2373 depth=0.0044
  Epoch 31 [360/440] loss=0.0000 mask=0.2363 depth=0.0044
  Epoch 31 [370/440] loss=0.0000 mask=0.2369 depth=0.0046
  Epoch 31 [380/440] loss=0.0000 mask=0.2379 depth=0.0045
  Epoch 31 [390/440] loss=0.0000 mask=0.2363 depth=0.0045
  Epoch 31 [400/440] loss=0.0000 mask=0.2367 depth=0.0045
  Epoch 31 [410/440] loss=0.0000 mask=0.2370 depth=0.0045
  Epoch 31 [420/440] loss=0.0000 mask=0.2368 depth=0.0045
  Epoch 31 [430/440] loss=0.0000 mask=0.2381 depth=0.0045
  Epoch 31 [440/440] loss=0.0000 mask=0.2404 depth=0.0046
  Train: loss=0.0000 mask=0.2404 depth=0.0046 time=236.3s
  Val epoch 31: loss=0.0007

=== Phase2 Epoch 32/49 ===
  Epoch 32 [10/440] loss=0.0001 mask=0.2869 depth=0.0105
  Epoch 32 [20/440] loss=0.0001 mask=0.2810 depth=0.0089
  Epoch 32 [30/440] loss=0.0001 mask=0.2776 depth=0.0069
  Epoch 32 [40/440] loss=0.0001 mask=0.2783 depth=0.0068
  Epoch 32 [50/440] loss=0.0001 mask=0.2707 depth=0.0068
  Epoch 32 [60/440] loss=0.0001 mask=0.2621 depth=0.0064
  Epoch 32 [70/440] loss=0.0001 mask=0.2599 depth=0.0063
  Epoch 32 [80/440] loss=0.0001 mask=0.2634 depth=0.0059
  Epoch 32 [90/440] loss=0.0001 mask=0.2691 depth=0.0057
  Epoch 32 [100/440] loss=0.0001 mask=0.2632 depth=0.0056
  Epoch 32 [110/440] loss=0.0001 mask=0.2646 depth=0.0055
  Epoch 32 [120/440] loss=0.0001 mask=0.2625 depth=0.0053
  Epoch 32 [130/440] loss=0.0001 mask=0.2646 depth=0.0053
  Epoch 32 [140/440] loss=0.0001 mask=0.2623 depth=0.0050
  Epoch 32 [150/440] loss=0.0000 mask=0.2605 depth=0.0050
  Epoch 32 [160/440] loss=0.0000 mask=0.2573 depth=0.0048
  Epoch 32 [170/440] loss=0.0000 mask=0.2542 depth=0.0048
  Epoch 32 [180/440] loss=0.0000 mask=0.2547 depth=0.0048
  Epoch 32 [190/440] loss=0.0000 mask=0.2535 depth=0.0048
  Epoch 32 [200/440] loss=0.0000 mask=0.2516 depth=0.0047
  Epoch 32 [210/440] loss=0.0000 mask=0.2485 depth=0.0046
  Epoch 32 [220/440] loss=0.0000 mask=0.2482 depth=0.0046
  Epoch 32 [230/440] loss=0.0000 mask=0.2463 depth=0.0046
  Epoch 32 [240/440] loss=0.0000 mask=0.2448 depth=0.0045
  Epoch 32 [250/440] loss=0.0000 mask=0.2445 depth=0.0045
  Epoch 32 [260/440] loss=0.0000 mask=0.2419 depth=0.0045
  Epoch 32 [270/440] loss=0.0000 mask=0.2404 depth=0.0045
  Epoch 32 [280/440] loss=0.0000 mask=0.2427 depth=0.0044
  Epoch 32 [290/440] loss=0.0000 mask=0.2418 depth=0.0044
  Epoch 32 [300/440] loss=0.0000 mask=0.2399 depth=0.0044
  Epoch 32 [310/440] loss=0.0000 mask=0.2406 depth=0.0044
  Epoch 32 [320/440] loss=0.0000 mask=0.2389 depth=0.0044
  Epoch 32 [330/440] loss=0.0000 mask=0.2402 depth=0.0045
  Epoch 32 [340/440] loss=0.0000 mask=0.2409 depth=0.0045
  Epoch 32 [350/440] loss=0.0000 mask=0.2409 depth=0.0045
  Epoch 32 [360/440] loss=0.0000 mask=0.2438 depth=0.0045
  Epoch 32 [370/440] loss=0.0000 mask=0.2425 depth=0.0045
  Epoch 32 [380/440] loss=0.0000 mask=0.2408 depth=0.0044
  Epoch 32 [390/440] loss=0.0000 mask=0.2407 depth=0.0044
  Epoch 32 [400/440] loss=0.0000 mask=0.2408 depth=0.0045
  Epoch 32 [410/440] loss=0.0000 mask=0.2418 depth=0.0044
  Epoch 32 [420/440] loss=0.0000 mask=0.2410 depth=0.0044
  Epoch 32 [430/440] loss=0.0000 mask=0.2407 depth=0.0044
  Epoch 32 [440/440] loss=0.0000 mask=0.2408 depth=0.0044
  Train: loss=0.0000 mask=0.2408 depth=0.0044 time=238.7s
  Val epoch 32: loss=0.0006

=== Phase2 Epoch 33/49 ===
  Epoch 33 [10/440] loss=0.0000 mask=0.2215 depth=0.0047
  Epoch 33 [20/440] loss=0.0000 mask=0.2422 depth=0.0038
  Epoch 33 [30/440] loss=0.0001 mask=0.2371 depth=0.0058
  Epoch 33 [40/440] loss=0.0001 mask=0.2340 depth=0.0057
  Epoch 33 [50/440] loss=0.0001 mask=0.2426 depth=0.0051
  Epoch 33 [60/440] loss=0.0001 mask=0.2319 depth=0.0052
  Epoch 33 [70/440] loss=0.0000 mask=0.2360 depth=0.0049
  Epoch 33 [80/440] loss=0.0001 mask=0.2371 depth=0.0053
  Epoch 33 [90/440] loss=0.0001 mask=0.2319 depth=0.0052
  Epoch 33 [100/440] loss=0.0001 mask=0.2339 depth=0.0052
  Epoch 33 [110/440] loss=0.0001 mask=0.2333 depth=0.0052
  Epoch 33 [120/440] loss=0.0001 mask=0.2310 depth=0.0052
  Epoch 33 [130/440] loss=0.0001 mask=0.2344 depth=0.0050
  Epoch 33 [140/440] loss=0.0000 mask=0.2343 depth=0.0048
  Epoch 33 [150/440] loss=0.0000 mask=0.2338 depth=0.0046
  Epoch 33 [160/440] loss=0.0000 mask=0.2325 depth=0.0046
  Epoch 33 [170/440] loss=0.0000 mask=0.2307 depth=0.0046
  Epoch 33 [180/440] loss=0.0000 mask=0.2318 depth=0.0045
  Epoch 33 [190/440] loss=0.0000 mask=0.2329 depth=0.0045
  Epoch 33 [200/440] loss=0.0000 mask=0.2329 depth=0.0046
  Epoch 33 [210/440] loss=0.0000 mask=0.2333 depth=0.0047
  Epoch 33 [220/440] loss=0.0000 mask=0.2336 depth=0.0047
  Epoch 33 [230/440] loss=0.0000 mask=0.2332 depth=0.0047
  Epoch 33 [240/440] loss=0.0000 mask=0.2330 depth=0.0046
  Epoch 33 [250/440] loss=0.0000 mask=0.2322 depth=0.0046
  Epoch 33 [260/440] loss=0.0000 mask=0.2337 depth=0.0046
  Epoch 33 [270/440] loss=0.0000 mask=0.2340 depth=0.0047
  Epoch 33 [280/440] loss=0.0000 mask=0.2353 depth=0.0047
  Epoch 33 [290/440] loss=0.0000 mask=0.2349 depth=0.0046
  Epoch 33 [300/440] loss=0.0000 mask=0.2334 depth=0.0047
  Epoch 33 [310/440] loss=0.0000 mask=0.2355 depth=0.0047
  Epoch 33 [320/440] loss=0.0000 mask=0.2362 depth=0.0046
  Epoch 33 [330/440] loss=0.0000 mask=0.2366 depth=0.0047
  Epoch 33 [340/440] loss=0.0000 mask=0.2363 depth=0.0046
  Epoch 33 [350/440] loss=0.0000 mask=0.2365 depth=0.0046
  Epoch 33 [360/440] loss=0.0000 mask=0.2374 depth=0.0046
  Epoch 33 [370/440] loss=0.0000 mask=0.2375 depth=0.0047
  Epoch 33 [380/440] loss=0.0000 mask=0.2366 depth=0.0047
  Epoch 33 [390/440] loss=0.0000 mask=0.2358 depth=0.0047
  Epoch 33 [400/440] loss=0.0000 mask=0.2381 depth=0.0047
  Epoch 33 [410/440] loss=0.0000 mask=0.2376 depth=0.0046
  Epoch 33 [420/440] loss=0.0000 mask=0.2380 depth=0.0046
  Epoch 33 [430/440] loss=0.0000 mask=0.2381 depth=0.0046
  Epoch 33 [440/440] loss=0.0000 mask=0.2378 depth=0.0046
  Train: loss=0.0000 mask=0.2378 depth=0.0046 time=237.9s
  Val epoch 33: loss=0.0006

=== Phase2 Epoch 34/49 ===
  Epoch 34 [10/440] loss=0.0000 mask=0.1872 depth=0.0041
  Epoch 34 [20/440] loss=0.0000 mask=0.2121 depth=0.0037
  Epoch 34 [30/440] loss=0.0000 mask=0.2172 depth=0.0036
  Epoch 34 [40/440] loss=0.0000 mask=0.2143 depth=0.0039
  Epoch 34 [50/440] loss=0.0000 mask=0.2222 depth=0.0038
  Epoch 34 [60/440] loss=0.0000 mask=0.2228 depth=0.0040
  Epoch 34 [70/440] loss=0.0000 mask=0.2249 depth=0.0041
  Epoch 34 [80/440] loss=0.0000 mask=0.2236 depth=0.0039
  Epoch 34 [90/440] loss=0.0000 mask=0.2204 depth=0.0037
  Epoch 34 [100/440] loss=0.0000 mask=0.2282 depth=0.0035
  Epoch 34 [110/440] loss=0.0000 mask=0.2259 depth=0.0034
  Epoch 34 [120/440] loss=0.0000 mask=0.2307 depth=0.0035
  Epoch 34 [130/440] loss=0.0000 mask=0.2306 depth=0.0037
  Epoch 34 [140/440] loss=0.0000 mask=0.2333 depth=0.0036
  Epoch 34 [150/440] loss=0.0000 mask=0.2356 depth=0.0037
  Epoch 34 [160/440] loss=0.0000 mask=0.2382 depth=0.0038
  Epoch 34 [170/440] loss=0.0000 mask=0.2418 depth=0.0038
  Epoch 34 [180/440] loss=0.0000 mask=0.2397 depth=0.0038
  Epoch 34 [190/440] loss=0.0000 mask=0.2404 depth=0.0038
  Epoch 34 [200/440] loss=0.0000 mask=0.2421 depth=0.0038
  Epoch 34 [210/440] loss=0.0000 mask=0.2424 depth=0.0039
  Epoch 34 [220/440] loss=0.0000 mask=0.2456 depth=0.0039
  Epoch 34 [230/440] loss=0.0000 mask=0.2431 depth=0.0039
  Epoch 34 [240/440] loss=0.0000 mask=0.2441 depth=0.0041
  Epoch 34 [250/440] loss=0.0000 mask=0.2452 depth=0.0042
  Epoch 34 [260/440] loss=0.0000 mask=0.2454 depth=0.0042
  Epoch 34 [270/440] loss=0.0000 mask=0.2462 depth=0.0041
  Epoch 34 [280/440] loss=0.0000 mask=0.2463 depth=0.0041
  Epoch 34 [290/440] loss=0.0000 mask=0.2428 depth=0.0041
  Epoch 34 [300/440] loss=0.0000 mask=0.2420 depth=0.0040
  Epoch 34 [310/440] loss=0.0000 mask=0.2409 depth=0.0040
  Epoch 34 [320/440] loss=0.0000 mask=0.2393 depth=0.0040
  Epoch 34 [330/440] loss=0.0000 mask=0.2403 depth=0.0041
  Epoch 34 [340/440] loss=0.0000 mask=0.2424 depth=0.0042
  Epoch 34 [350/440] loss=0.0000 mask=0.2415 depth=0.0042
  Epoch 34 [360/440] loss=0.0000 mask=0.2394 depth=0.0042
  Epoch 34 [370/440] loss=0.0000 mask=0.2411 depth=0.0042
  Epoch 34 [380/440] loss=0.0000 mask=0.2404 depth=0.0041
  Epoch 34 [390/440] loss=0.0000 mask=0.2398 depth=0.0041
  Epoch 34 [400/440] loss=0.0000 mask=0.2386 depth=0.0041
  Epoch 34 [410/440] loss=0.0000 mask=0.2385 depth=0.0041
  Epoch 34 [420/440] loss=0.0000 mask=0.2379 depth=0.0041
  Epoch 34 [430/440] loss=0.0000 mask=0.2384 depth=0.0041
  Epoch 34 [440/440] loss=0.0000 mask=0.2372 depth=0.0041
  Train: loss=0.0000 mask=0.2372 depth=0.0041 time=234.3s
  Val epoch 34: loss=0.0006

=== Phase2 Epoch 35/49 ===
  Epoch 35 [10/440] loss=0.0000 mask=0.2898 depth=0.0044
  Epoch 35 [20/440] loss=0.0000 mask=0.2489 depth=0.0037
  Epoch 35 [30/440] loss=0.0000 mask=0.2498 depth=0.0041
  Epoch 35 [40/440] loss=0.0000 mask=0.2289 depth=0.0039
  Epoch 35 [50/440] loss=0.0000 mask=0.2293 depth=0.0040
  Epoch 35 [60/440] loss=0.0000 mask=0.2284 depth=0.0040
  Epoch 35 [70/440] loss=0.0000 mask=0.2202 depth=0.0039
  Epoch 35 [80/440] loss=0.0000 mask=0.2250 depth=0.0040
  Epoch 35 [90/440] loss=0.0000 mask=0.2267 depth=0.0039
  Epoch 35 [100/440] loss=0.0000 mask=0.2368 depth=0.0039
  Epoch 35 [110/440] loss=0.0000 mask=0.2364 depth=0.0039
  Epoch 35 [120/440] loss=0.0000 mask=0.2382 depth=0.0038
  Epoch 35 [130/440] loss=0.0000 mask=0.2357 depth=0.0037
  Epoch 35 [140/440] loss=0.0000 mask=0.2353 depth=0.0037
  Epoch 35 [150/440] loss=0.0000 mask=0.2397 depth=0.0037
  Epoch 35 [160/440] loss=0.0000 mask=0.2422 depth=0.0038
  Epoch 35 [170/440] loss=0.0000 mask=0.2412 depth=0.0038
  Epoch 35 [180/440] loss=0.0000 mask=0.2416 depth=0.0038
  Epoch 35 [190/440] loss=0.0000 mask=0.2388 depth=0.0038
  Epoch 35 [200/440] loss=0.0000 mask=0.2380 depth=0.0038
  Epoch 35 [210/440] loss=0.0000 mask=0.2371 depth=0.0037
  Epoch 35 [220/440] loss=0.0000 mask=0.2387 depth=0.0037
  Epoch 35 [230/440] loss=0.0000 mask=0.2385 depth=0.0037
  Epoch 35 [240/440] loss=0.0000 mask=0.2392 depth=0.0038
  Epoch 35 [250/440] loss=0.0000 mask=0.2393 depth=0.0040
  Epoch 35 [260/440] loss=0.0000 mask=0.2379 depth=0.0040
  Epoch 35 [270/440] loss=0.0000 mask=0.2372 depth=0.0040
  Epoch 35 [280/440] loss=0.0000 mask=0.2361 depth=0.0040
  Epoch 35 [290/440] loss=0.0000 mask=0.2352 depth=0.0039
  Epoch 35 [300/440] loss=0.0000 mask=0.2350 depth=0.0039
  Epoch 35 [310/440] loss=0.0000 mask=0.2363 depth=0.0039
  Epoch 35 [320/440] loss=0.0000 mask=0.2385 depth=0.0040
  Epoch 35 [330/440] loss=0.0000 mask=0.2375 depth=0.0039
  Epoch 35 [340/440] loss=0.0000 mask=0.2369 depth=0.0039
  Epoch 35 [350/440] loss=0.0000 mask=0.2368 depth=0.0039
  Epoch 35 [360/440] loss=0.0000 mask=0.2353 depth=0.0039
  Epoch 35 [370/440] loss=0.0000 mask=0.2348 depth=0.0039
  Epoch 35 [380/440] loss=0.0000 mask=0.2357 depth=0.0039
  Epoch 35 [390/440] loss=0.0000 mask=0.2365 depth=0.0040
  Epoch 35 [400/440] loss=0.0000 mask=0.2366 depth=0.0040
  Epoch 35 [410/440] loss=0.0000 mask=0.2366 depth=0.0040
  Epoch 35 [420/440] loss=0.0000 mask=0.2362 depth=0.0040
  Epoch 35 [430/440] loss=0.0000 mask=0.2353 depth=0.0040
  Epoch 35 [440/440] loss=0.0000 mask=0.2361 depth=0.0039
  Train: loss=0.0000 mask=0.2361 depth=0.0039 time=238.6s
  Val epoch 35: loss=0.0006

=== Phase2 Epoch 36/49 ===
  Epoch 36 [10/440] loss=0.0001 mask=0.2757 depth=0.0054
  Epoch 36 [20/440] loss=0.0001 mask=0.2316 depth=0.0072
  Epoch 36 [30/440] loss=0.0001 mask=0.2461 depth=0.0063
  Epoch 36 [40/440] loss=0.0001 mask=0.2351 depth=0.0059
  Epoch 36 [50/440] loss=0.0001 mask=0.2371 depth=0.0052
  Epoch 36 [60/440] loss=0.0001 mask=0.2357 depth=0.0051
  Epoch 36 [70/440] loss=0.0000 mask=0.2360 depth=0.0048
  Epoch 36 [80/440] loss=0.0000 mask=0.2372 depth=0.0046
  Epoch 36 [90/440] loss=0.0000 mask=0.2479 depth=0.0046
  Epoch 36 [100/440] loss=0.0000 mask=0.2448 depth=0.0045
  Epoch 36 [110/440] loss=0.0000 mask=0.2412 depth=0.0044
  Epoch 36 [120/440] loss=0.0000 mask=0.2385 depth=0.0047
  Epoch 36 [130/440] loss=0.0000 mask=0.2334 depth=0.0046
  Epoch 36 [140/440] loss=0.0000 mask=0.2332 depth=0.0049
  Epoch 36 [150/440] loss=0.0000 mask=0.2370 depth=0.0049
  Epoch 36 [160/440] loss=0.0000 mask=0.2346 depth=0.0048
  Epoch 36 [170/440] loss=0.0000 mask=0.2367 depth=0.0047
  Epoch 36 [180/440] loss=0.0000 mask=0.2336 depth=0.0046
  Epoch 36 [190/440] loss=0.0000 mask=0.2335 depth=0.0045
  Epoch 36 [200/440] loss=0.0000 mask=0.2348 depth=0.0046
  Epoch 36 [210/440] loss=0.0000 mask=0.2349 depth=0.0046
  Epoch 36 [220/440] loss=0.0000 mask=0.2367 depth=0.0045
  Epoch 36 [230/440] loss=0.0000 mask=0.2370 depth=0.0045
  Epoch 36 [240/440] loss=0.0000 mask=0.2374 depth=0.0043
  Epoch 36 [250/440] loss=0.0000 mask=0.2377 depth=0.0043
  Epoch 36 [260/440] loss=0.0000 mask=0.2380 depth=0.0042
  Epoch 36 [270/440] loss=0.0000 mask=0.2371 depth=0.0043
  Epoch 36 [280/440] loss=0.0000 mask=0.2378 depth=0.0042
  Epoch 36 [290/440] loss=0.0000 mask=0.2401 depth=0.0042
  Epoch 36 [300/440] loss=0.0000 mask=0.2380 depth=0.0042
  Epoch 36 [310/440] loss=0.0000 mask=0.2380 depth=0.0043
  Epoch 36 [320/440] loss=0.0000 mask=0.2398 depth=0.0043
  Epoch 36 [330/440] loss=0.0000 mask=0.2401 depth=0.0043
  Epoch 36 [340/440] loss=0.0000 mask=0.2412 depth=0.0043
  Epoch 36 [350/440] loss=0.0000 mask=0.2402 depth=0.0043
  Epoch 36 [360/440] loss=0.0000 mask=0.2407 depth=0.0044
  Epoch 36 [370/440] loss=0.0000 mask=0.2397 depth=0.0044
  Epoch 36 [380/440] loss=0.0000 mask=0.2390 depth=0.0045
  Epoch 36 [390/440] loss=0.0000 mask=0.2384 depth=0.0045
  Epoch 36 [400/440] loss=0.0000 mask=0.2396 depth=0.0044
  Epoch 36 [410/440] loss=0.0000 mask=0.2395 depth=0.0045
  Epoch 36 [420/440] loss=0.0000 mask=0.2410 depth=0.0044
  Epoch 36 [430/440] loss=0.0000 mask=0.2407 depth=0.0044
  Epoch 36 [440/440] loss=0.0000 mask=0.2402 depth=0.0044
  Train: loss=0.0000 mask=0.2402 depth=0.0044 time=233.5s
  Val epoch 36: loss=0.0007

=== Phase2 Epoch 37/49 ===
  Epoch 37 [10/440] loss=0.0001 mask=0.2195 depth=0.0062
  Epoch 37 [20/440] loss=0.0001 mask=0.2220 depth=0.0050
  Epoch 37 [30/440] loss=0.0001 mask=0.2089 depth=0.0053
  Epoch 37 [40/440] loss=0.0001 mask=0.2172 depth=0.0060
  Epoch 37 [50/440] loss=0.0001 mask=0.2200 depth=0.0053
  Epoch 37 [60/440] loss=0.0000 mask=0.2095 depth=0.0050
  Epoch 37 [70/440] loss=0.0000 mask=0.2176 depth=0.0046
  Epoch 37 [80/440] loss=0.0000 mask=0.2250 depth=0.0045
  Epoch 37 [90/440] loss=0.0000 mask=0.2368 depth=0.0044
  Epoch 37 [100/440] loss=0.0000 mask=0.2327 depth=0.0043
  Epoch 37 [110/440] loss=0.0000 mask=0.2350 depth=0.0042
  Epoch 37 [120/440] loss=0.0000 mask=0.2336 depth=0.0041
  Epoch 37 [130/440] loss=0.0000 mask=0.2302 depth=0.0042
  Epoch 37 [140/440] loss=0.0000 mask=0.2287 depth=0.0042
  Epoch 37 [150/440] loss=0.0000 mask=0.2297 depth=0.0043
  Epoch 37 [160/440] loss=0.0000 mask=0.2326 depth=0.0043
  Epoch 37 [170/440] loss=0.0000 mask=0.2303 depth=0.0042
  Epoch 37 [180/440] loss=0.0000 mask=0.2287 depth=0.0042
  Epoch 37 [190/440] loss=0.0000 mask=0.2315 depth=0.0043
  Epoch 37 [200/440] loss=0.0000 mask=0.2309 depth=0.0042
  Epoch 37 [210/440] loss=0.0000 mask=0.2292 depth=0.0043
  Epoch 37 [220/440] loss=0.0000 mask=0.2304 depth=0.0042
  Epoch 37 [230/440] loss=0.0000 mask=0.2354 depth=0.0042
  Epoch 37 [240/440] loss=0.0000 mask=0.2353 depth=0.0041
  Epoch 37 [250/440] loss=0.0000 mask=0.2371 depth=0.0041
  Epoch 37 [260/440] loss=0.0000 mask=0.2363 depth=0.0040
  Epoch 37 [270/440] loss=0.0000 mask=0.2376 depth=0.0041
  Epoch 37 [280/440] loss=0.0000 mask=0.2363 depth=0.0042
  Epoch 37 [290/440] loss=0.0000 mask=0.2366 depth=0.0041
  Epoch 37 [300/440] loss=0.0000 mask=0.2358 depth=0.0042
  Epoch 37 [310/440] loss=0.0000 mask=0.2352 depth=0.0042
  Epoch 37 [320/440] loss=0.0000 mask=0.2358 depth=0.0042
  Epoch 37 [330/440] loss=0.0000 mask=0.2364 depth=0.0042
  Epoch 37 [340/440] loss=0.0000 mask=0.2365 depth=0.0042
  Epoch 37 [350/440] loss=0.0000 mask=0.2359 depth=0.0042
  Epoch 37 [360/440] loss=0.0000 mask=0.2368 depth=0.0042
  Epoch 37 [370/440] loss=0.0000 mask=0.2356 depth=0.0042
  Epoch 37 [380/440] loss=0.0000 mask=0.2366 depth=0.0042
  Epoch 37 [390/440] loss=0.0000 mask=0.2388 depth=0.0042
  Epoch 37 [400/440] loss=0.0000 mask=0.2386 depth=0.0042
  Epoch 37 [410/440] loss=0.0000 mask=0.2383 depth=0.0042
  Epoch 37 [420/440] loss=0.0000 mask=0.2391 depth=0.0042
  Epoch 37 [430/440] loss=0.0000 mask=0.2408 depth=0.0041
  Epoch 37 [440/440] loss=0.0000 mask=0.2396 depth=0.0042
  Train: loss=0.0000 mask=0.2396 depth=0.0042 time=236.1s
  Val epoch 37: loss=0.0006
  Saved best phase2 model (val_loss=0.0006)

=== Phase2 Epoch 38/49 ===
  Epoch 38 [10/440] loss=0.0000 mask=0.2592 depth=0.0027
  Epoch 38 [20/440] loss=0.0000 mask=0.2982 depth=0.0036
  Epoch 38 [30/440] loss=0.0000 mask=0.2733 depth=0.0038
  Epoch 38 [40/440] loss=0.0000 mask=0.2544 depth=0.0038
  Epoch 38 [50/440] loss=0.0000 mask=0.2596 depth=0.0038
  Epoch 38 [60/440] loss=0.0000 mask=0.2629 depth=0.0039
  Epoch 38 [70/440] loss=0.0000 mask=0.2556 depth=0.0037
  Epoch 38 [80/440] loss=0.0000 mask=0.2532 depth=0.0038
  Epoch 38 [90/440] loss=0.0000 mask=0.2610 depth=0.0036
  Epoch 38 [100/440] loss=0.0000 mask=0.2579 depth=0.0037
  Epoch 38 [110/440] loss=0.0000 mask=0.2560 depth=0.0038
  Epoch 38 [120/440] loss=0.0000 mask=0.2626 depth=0.0039
  Epoch 38 [130/440] loss=0.0000 mask=0.2560 depth=0.0040
  Epoch 38 [140/440] loss=0.0000 mask=0.2518 depth=0.0040
  Epoch 38 [150/440] loss=0.0000 mask=0.2469 depth=0.0040
  Epoch 38 [160/440] loss=0.0000 mask=0.2426 depth=0.0041
  Epoch 38 [170/440] loss=0.0000 mask=0.2401 depth=0.0041
  Epoch 38 [180/440] loss=0.0000 mask=0.2377 depth=0.0040
  Epoch 38 [190/440] loss=0.0000 mask=0.2373 depth=0.0040
  Epoch 38 [200/440] loss=0.0000 mask=0.2378 depth=0.0041
  Epoch 38 [210/440] loss=0.0000 mask=0.2363 depth=0.0041
  Epoch 38 [220/440] loss=0.0000 mask=0.2364 depth=0.0041
  Epoch 38 [230/440] loss=0.0000 mask=0.2343 depth=0.0040
  Epoch 38 [240/440] loss=0.0000 mask=0.2329 depth=0.0041
  Epoch 38 [250/440] loss=0.0000 mask=0.2339 depth=0.0041
  Epoch 38 [260/440] loss=0.0000 mask=0.2361 depth=0.0041
  Epoch 38 [270/440] loss=0.0000 mask=0.2350 depth=0.0041
  Epoch 38 [280/440] loss=0.0000 mask=0.2382 depth=0.0040
  Epoch 38 [290/440] loss=0.0000 mask=0.2390 depth=0.0040
  Epoch 38 [300/440] loss=0.0000 mask=0.2362 depth=0.0041
  Epoch 38 [310/440] loss=0.0000 mask=0.2352 depth=0.0041
  Epoch 38 [320/440] loss=0.0000 mask=0.2356 depth=0.0041
  Epoch 38 [330/440] loss=0.0000 mask=0.2360 depth=0.0041
  Epoch 38 [340/440] loss=0.0000 mask=0.2368 depth=0.0041
  Epoch 38 [350/440] loss=0.0000 mask=0.2365 depth=0.0041
  Epoch 38 [360/440] loss=0.0000 mask=0.2356 depth=0.0040
  Epoch 38 [370/440] loss=0.0000 mask=0.2351 depth=0.0040
  Epoch 38 [380/440] loss=0.0000 mask=0.2353 depth=0.0040
  Epoch 38 [390/440] loss=0.0000 mask=0.2380 depth=0.0040
  Epoch 38 [400/440] loss=0.0000 mask=0.2386 depth=0.0039
  Epoch 38 [410/440] loss=0.0000 mask=0.2371 depth=0.0039
  Epoch 38 [420/440] loss=0.0000 mask=0.2376 depth=0.0039
  Epoch 38 [430/440] loss=0.0000 mask=0.2370 depth=0.0039
  Epoch 38 [440/440] loss=0.0000 mask=0.2371 depth=0.0039
  Train: loss=0.0000 mask=0.2371 depth=0.0039 time=234.3s
  Val epoch 38: loss=0.0006

=== Phase2 Epoch 39/49 ===
  Epoch 39 [10/440] loss=0.0000 mask=0.2103 depth=0.0049
  Epoch 39 [20/440] loss=0.0000 mask=0.1867 depth=0.0036
  Epoch 39 [30/440] loss=0.0000 mask=0.1881 depth=0.0035
  Epoch 39 [40/440] loss=0.0000 mask=0.2270 depth=0.0034
  Epoch 39 [50/440] loss=0.0000 mask=0.2324 depth=0.0036
  Epoch 39 [60/440] loss=0.0000 mask=0.2406 depth=0.0037
  Epoch 39 [70/440] loss=0.0000 mask=0.2461 depth=0.0037
  Epoch 39 [80/440] loss=0.0000 mask=0.2396 depth=0.0037
  Epoch 39 [90/440] loss=0.0000 mask=0.2400 depth=0.0037
  Epoch 39 [100/440] loss=0.0000 mask=0.2392 depth=0.0037
  Epoch 39 [110/440] loss=0.0001 mask=0.2403 depth=0.0067
  Epoch 39 [120/440] loss=0.0001 mask=0.2359 depth=0.0063
  Epoch 39 [130/440] loss=0.0001 mask=0.2370 depth=0.0062
  Epoch 39 [140/440] loss=0.0001 mask=0.2340 depth=0.0063
  Epoch 39 [150/440] loss=0.0001 mask=0.2373 depth=0.0061
  Epoch 39 [160/440] loss=0.0001 mask=0.2404 depth=0.0059
  Epoch 39 [170/440] loss=0.0001 mask=0.2381 depth=0.0059
  Epoch 39 [180/440] loss=0.0001 mask=0.2368 depth=0.0057
  Epoch 39 [190/440] loss=0.0001 mask=0.2374 depth=0.0057
  Epoch 39 [200/440] loss=0.0001 mask=0.2350 depth=0.0056
  Epoch 39 [210/440] loss=0.0001 mask=0.2316 depth=0.0055
  Epoch 39 [220/440] loss=0.0001 mask=0.2292 depth=0.0056
  Epoch 39 [230/440] loss=0.0001 mask=0.2293 depth=0.0055
  Epoch 39 [240/440] loss=0.0001 mask=0.2298 depth=0.0054
  Epoch 39 [250/440] loss=0.0001 mask=0.2294 depth=0.0054
  Epoch 39 [260/440] loss=0.0001 mask=0.2320 depth=0.0053
  Epoch 39 [270/440] loss=0.0001 mask=0.2308 depth=0.0052
  Epoch 39 [280/440] loss=0.0001 mask=0.2300 depth=0.0053
  Epoch 39 [290/440] loss=0.0001 mask=0.2305 depth=0.0052
  Epoch 39 [300/440] loss=0.0001 mask=0.2318 depth=0.0052
  Epoch 39 [310/440] loss=0.0001 mask=0.2331 depth=0.0052
  Epoch 39 [320/440] loss=0.0001 mask=0.2327 depth=0.0052
  Epoch 39 [330/440] loss=0.0001 mask=0.2335 depth=0.0051
  Epoch 39 [340/440] loss=0.0001 mask=0.2330 depth=0.0051
  Epoch 39 [350/440] loss=0.0001 mask=0.2345 depth=0.0051
  Epoch 39 [360/440] loss=0.0001 mask=0.2358 depth=0.0050
  Epoch 39 [370/440] loss=0.0000 mask=0.2371 depth=0.0049
  Epoch 39 [380/440] loss=0.0000 mask=0.2381 depth=0.0049
  Epoch 39 [390/440] loss=0.0000 mask=0.2403 depth=0.0048
  Epoch 39 [400/440] loss=0.0000 mask=0.2386 depth=0.0048
  Epoch 39 [410/440] loss=0.0000 mask=0.2388 depth=0.0048
  Epoch 39 [420/440] loss=0.0000 mask=0.2387 depth=0.0048
  Epoch 39 [430/440] loss=0.0000 mask=0.2383 depth=0.0047
  Epoch 39 [440/440] loss=0.0000 mask=0.2392 depth=0.0047
  Train: loss=0.0000 mask=0.2392 depth=0.0047 time=235.6s
  Val epoch 39: loss=0.0006

=== Phase2 Epoch 40/49 ===
  Epoch 40 [10/440] loss=0.0000 mask=0.2166 depth=0.0039
  Epoch 40 [20/440] loss=0.0000 mask=0.1959 depth=0.0038
  Epoch 40 [30/440] loss=0.0000 mask=0.2000 depth=0.0035
  Epoch 40 [40/440] loss=0.0000 mask=0.2139 depth=0.0036
  Epoch 40 [50/440] loss=0.0000 mask=0.2191 depth=0.0037
  Epoch 40 [60/440] loss=0.0000 mask=0.2187 depth=0.0038
  Epoch 40 [70/440] loss=0.0000 mask=0.2165 depth=0.0036
  Epoch 40 [80/440] loss=0.0000 mask=0.2200 depth=0.0037
  Epoch 40 [90/440] loss=0.0000 mask=0.2173 depth=0.0036
  Epoch 40 [100/440] loss=0.0000 mask=0.2175 depth=0.0036
  Epoch 40 [110/440] loss=0.0000 mask=0.2135 depth=0.0036
  Epoch 40 [120/440] loss=0.0000 mask=0.2178 depth=0.0036
  Epoch 40 [130/440] loss=0.0000 mask=0.2193 depth=0.0038
  Epoch 40 [140/440] loss=0.0000 mask=0.2210 depth=0.0038
  Epoch 40 [150/440] loss=0.0000 mask=0.2248 depth=0.0037
  Epoch 40 [160/440] loss=0.0000 mask=0.2237 depth=0.0037
  Epoch 40 [170/440] loss=0.0000 mask=0.2252 depth=0.0036
  Epoch 40 [180/440] loss=0.0000 mask=0.2272 depth=0.0036
  Epoch 40 [190/440] loss=0.0000 mask=0.2285 depth=0.0035
  Epoch 40 [200/440] loss=0.0000 mask=0.2287 depth=0.0035
  Epoch 40 [210/440] loss=0.0000 mask=0.2291 depth=0.0034
  Epoch 40 [220/440] loss=0.0000 mask=0.2357 depth=0.0034
  Epoch 40 [230/440] loss=0.0000 mask=0.2352 depth=0.0034
  Epoch 40 [240/440] loss=0.0000 mask=0.2350 depth=0.0035
  Epoch 40 [250/440] loss=0.0000 mask=0.2363 depth=0.0035
  Epoch 40 [260/440] loss=0.0000 mask=0.2379 depth=0.0035
  Epoch 40 [270/440] loss=0.0000 mask=0.2397 depth=0.0036
  Epoch 40 [280/440] loss=0.0000 mask=0.2367 depth=0.0036
  Epoch 40 [290/440] loss=0.0000 mask=0.2345 depth=0.0037
  Epoch 40 [300/440] loss=0.0000 mask=0.2351 depth=0.0037
  Epoch 40 [310/440] loss=0.0000 mask=0.2374 depth=0.0038
  Epoch 40 [320/440] loss=0.0000 mask=0.2380 depth=0.0039
  Epoch 40 [330/440] loss=0.0000 mask=0.2373 depth=0.0039
  Epoch 40 [340/440] loss=0.0000 mask=0.2389 depth=0.0038
  Epoch 40 [350/440] loss=0.0000 mask=0.2377 depth=0.0038
  Epoch 40 [360/440] loss=0.0000 mask=0.2410 depth=0.0038
  Epoch 40 [370/440] loss=0.0000 mask=0.2402 depth=0.0038
  Epoch 40 [380/440] loss=0.0000 mask=0.2397 depth=0.0039
  Epoch 40 [390/440] loss=0.0000 mask=0.2395 depth=0.0039
  Epoch 40 [400/440] loss=0.0000 mask=0.2381 depth=0.0039
  Epoch 40 [410/440] loss=0.0000 mask=0.2367 depth=0.0038
  Epoch 40 [420/440] loss=0.0000 mask=0.2353 depth=0.0038
  Epoch 40 [430/440] loss=0.0000 mask=0.2351 depth=0.0039
  Epoch 40 [440/440] loss=0.0000 mask=0.2355 depth=0.0039
  Train: loss=0.0000 mask=0.2355 depth=0.0039 time=234.8s
  Val epoch 40: loss=0.0006
  Saved best phase2 model (val_loss=0.0006)

=== Phase2 Epoch 41/49 ===
  Epoch 41 [10/440] loss=0.0000 mask=0.1921 depth=0.0039
  Epoch 41 [20/440] loss=0.0000 mask=0.2130 depth=0.0036
  Epoch 41 [30/440] loss=0.0000 mask=0.2096 depth=0.0036
  Epoch 41 [40/440] loss=0.0000 mask=0.2310 depth=0.0035
  Epoch 41 [50/440] loss=0.0000 mask=0.2280 depth=0.0035
  Epoch 41 [60/440] loss=0.0000 mask=0.2264 depth=0.0036
  Epoch 41 [70/440] loss=0.0000 mask=0.2325 depth=0.0037
  Epoch 41 [80/440] loss=0.0000 mask=0.2330 depth=0.0038
  Epoch 41 [90/440] loss=0.0000 mask=0.2358 depth=0.0036
  Epoch 41 [100/440] loss=0.0000 mask=0.2344 depth=0.0036
  Epoch 41 [110/440] loss=0.0000 mask=0.2362 depth=0.0036
  Epoch 41 [120/440] loss=0.0000 mask=0.2376 depth=0.0035
  Epoch 41 [130/440] loss=0.0000 mask=0.2405 depth=0.0035
  Epoch 41 [140/440] loss=0.0000 mask=0.2367 depth=0.0035
  Epoch 41 [150/440] loss=0.0000 mask=0.2382 depth=0.0035
  Epoch 41 [160/440] loss=0.0000 mask=0.2375 depth=0.0037
  Epoch 41 [170/440] loss=0.0000 mask=0.2384 depth=0.0036
  Epoch 41 [180/440] loss=0.0000 mask=0.2370 depth=0.0037
  Epoch 41 [190/440] loss=0.0000 mask=0.2352 depth=0.0037
  Epoch 41 [200/440] loss=0.0000 mask=0.2340 depth=0.0037
  Epoch 41 [210/440] loss=0.0000 mask=0.2300 depth=0.0037
  Epoch 41 [220/440] loss=0.0000 mask=0.2320 depth=0.0036
  Epoch 41 [230/440] loss=0.0000 mask=0.2315 depth=0.0036
  Epoch 41 [240/440] loss=0.0000 mask=0.2295 depth=0.0036
  Epoch 41 [250/440] loss=0.0000 mask=0.2311 depth=0.0037
  Epoch 41 [260/440] loss=0.0000 mask=0.2297 depth=0.0036
  Epoch 41 [270/440] loss=0.0000 mask=0.2287 depth=0.0036
  Epoch 41 [280/440] loss=0.0000 mask=0.2323 depth=0.0036
  Epoch 41 [290/440] loss=0.0000 mask=0.2332 depth=0.0036
  Epoch 41 [300/440] loss=0.0000 mask=0.2354 depth=0.0036
  Epoch 41 [310/440] loss=0.0000 mask=0.2358 depth=0.0036
  Epoch 41 [320/440] loss=0.0000 mask=0.2373 depth=0.0036
  Epoch 41 [330/440] loss=0.0000 mask=0.2384 depth=0.0036
  Epoch 41 [340/440] loss=0.0000 mask=0.2372 depth=0.0037
  Epoch 41 [350/440] loss=0.0000 mask=0.2349 depth=0.0037
  Epoch 41 [360/440] loss=0.0000 mask=0.2345 depth=0.0036
  Epoch 41 [370/440] loss=0.0000 mask=0.2355 depth=0.0036
  Epoch 41 [380/440] loss=0.0000 mask=0.2354 depth=0.0036
  Epoch 41 [390/440] loss=0.0000 mask=0.2363 depth=0.0037
  Epoch 41 [400/440] loss=0.0000 mask=0.2385 depth=0.0037
  Epoch 41 [410/440] loss=0.0000 mask=0.2373 depth=0.0037
  Epoch 41 [420/440] loss=0.0000 mask=0.2382 depth=0.0037
  Epoch 41 [430/440] loss=0.0000 mask=0.2390 depth=0.0038
  Epoch 41 [440/440] loss=0.0000 mask=0.2381 depth=0.0038
  Train: loss=0.0000 mask=0.2381 depth=0.0038 time=239.2s
  Val epoch 41: loss=0.0006
  Saved best phase2 model (val_loss=0.0006)

=== Phase2 Epoch 42/49 ===
  Epoch 42 [10/440] loss=0.0000 mask=0.2888 depth=0.0032
  Epoch 42 [20/440] loss=0.0001 mask=0.2569 depth=0.0051
  Epoch 42 [30/440] loss=0.0000 mask=0.2245 depth=0.0047
  Epoch 42 [40/440] loss=0.0000 mask=0.2253 depth=0.0048
  Epoch 42 [50/440] loss=0.0000 mask=0.2213 depth=0.0043
  Epoch 42 [60/440] loss=0.0000 mask=0.2159 depth=0.0043
  Epoch 42 [70/440] loss=0.0000 mask=0.2129 depth=0.0042
  Epoch 42 [80/440] loss=0.0000 mask=0.2099 depth=0.0040
  Epoch 42 [90/440] loss=0.0000 mask=0.2132 depth=0.0040
  Epoch 42 [100/440] loss=0.0000 mask=0.2143 depth=0.0039
  Epoch 42 [110/440] loss=0.0000 mask=0.2091 depth=0.0039
  Epoch 42 [120/440] loss=0.0000 mask=0.2170 depth=0.0040
  Epoch 42 [130/440] loss=0.0000 mask=0.2250 depth=0.0040
  Epoch 42 [140/440] loss=0.0000 mask=0.2260 depth=0.0039
  Epoch 42 [150/440] loss=0.0000 mask=0.2242 depth=0.0039
  Epoch 42 [160/440] loss=0.0000 mask=0.2281 depth=0.0038
  Epoch 42 [170/440] loss=0.0000 mask=0.2290 depth=0.0037
  Epoch 42 [180/440] loss=0.0000 mask=0.2317 depth=0.0038
  Epoch 42 [190/440] loss=0.0000 mask=0.2339 depth=0.0040
  Epoch 42 [200/440] loss=0.0000 mask=0.2364 depth=0.0040
  Epoch 42 [210/440] loss=0.0000 mask=0.2344 depth=0.0043
  Epoch 42 [220/440] loss=0.0000 mask=0.2339 depth=0.0042
  Epoch 42 [230/440] loss=0.0000 mask=0.2316 depth=0.0041
  Epoch 42 [240/440] loss=0.0000 mask=0.2335 depth=0.0041
  Epoch 42 [250/440] loss=0.0000 mask=0.2349 depth=0.0041
  Epoch 42 [260/440] loss=0.0000 mask=0.2353 depth=0.0040
  Epoch 42 [270/440] loss=0.0000 mask=0.2329 depth=0.0040
  Epoch 42 [280/440] loss=0.0000 mask=0.2326 depth=0.0039
  Epoch 42 [290/440] loss=0.0000 mask=0.2324 depth=0.0039
  Epoch 42 [300/440] loss=0.0000 mask=0.2354 depth=0.0039
  Epoch 42 [310/440] loss=0.0000 mask=0.2370 depth=0.0039
  Epoch 42 [320/440] loss=0.0000 mask=0.2370 depth=0.0039
  Epoch 42 [330/440] loss=0.0000 mask=0.2366 depth=0.0039
  Epoch 42 [340/440] loss=0.0000 mask=0.2370 depth=0.0041
  Epoch 42 [350/440] loss=0.0000 mask=0.2387 depth=0.0042
  Epoch 42 [360/440] loss=0.0000 mask=0.2406 depth=0.0041
  Epoch 42 [370/440] loss=0.0000 mask=0.2412 depth=0.0041
  Epoch 42 [380/440] loss=0.0000 mask=0.2403 depth=0.0041
  Epoch 42 [390/440] loss=0.0000 mask=0.2401 depth=0.0041
  Epoch 42 [400/440] loss=0.0000 mask=0.2395 depth=0.0040
  Epoch 42 [410/440] loss=0.0000 mask=0.2397 depth=0.0043
  Epoch 42 [420/440] loss=0.0000 mask=0.2386 depth=0.0043
  Epoch 42 [430/440] loss=0.0000 mask=0.2386 depth=0.0043
  Epoch 42 [440/440] loss=0.0000 mask=0.2393 depth=0.0042
  Train: loss=0.0000 mask=0.2393 depth=0.0042 time=233.7s
  Val epoch 42: loss=0.0006

=== Phase2 Epoch 43/49 ===
  Epoch 43 [10/440] loss=0.0000 mask=0.2241 depth=0.0022
  Epoch 43 [20/440] loss=0.0000 mask=0.2253 depth=0.0026
  Epoch 43 [30/440] loss=0.0000 mask=0.2325 depth=0.0030
  Epoch 43 [40/440] loss=0.0000 mask=0.2204 depth=0.0030
  Epoch 43 [50/440] loss=0.0000 mask=0.2254 depth=0.0029
  Epoch 43 [60/440] loss=0.0000 mask=0.2260 depth=0.0028
  Epoch 43 [70/440] loss=0.0000 mask=0.2205 depth=0.0037
  Epoch 43 [80/440] loss=0.0000 mask=0.2236 depth=0.0038
  Epoch 43 [90/440] loss=0.0000 mask=0.2193 depth=0.0039
  Epoch 43 [100/440] loss=0.0000 mask=0.2254 depth=0.0039
  Epoch 43 [110/440] loss=0.0000 mask=0.2226 depth=0.0039
  Epoch 43 [120/440] loss=0.0000 mask=0.2260 depth=0.0039
  Epoch 43 [130/440] loss=0.0000 mask=0.2272 depth=0.0039
  Epoch 43 [140/440] loss=0.0000 mask=0.2262 depth=0.0038
  Epoch 43 [150/440] loss=0.0000 mask=0.2267 depth=0.0038
  Epoch 43 [160/440] loss=0.0000 mask=0.2292 depth=0.0038
  Epoch 43 [170/440] loss=0.0000 mask=0.2292 depth=0.0038
  Epoch 43 [180/440] loss=0.0000 mask=0.2295 depth=0.0038
  Epoch 43 [190/440] loss=0.0000 mask=0.2350 depth=0.0039
  Epoch 43 [200/440] loss=0.0000 mask=0.2332 depth=0.0039
  Epoch 43 [210/440] loss=0.0000 mask=0.2309 depth=0.0038
  Epoch 43 [220/440] loss=0.0000 mask=0.2294 depth=0.0037
  Epoch 43 [230/440] loss=0.0000 mask=0.2278 depth=0.0038
  Epoch 43 [240/440] loss=0.0000 mask=0.2249 depth=0.0037
  Epoch 43 [250/440] loss=0.0000 mask=0.2253 depth=0.0037
  Epoch 43 [260/440] loss=0.0000 mask=0.2257 depth=0.0036
  Epoch 43 [270/440] loss=0.0000 mask=0.2273 depth=0.0036
  Epoch 43 [280/440] loss=0.0000 mask=0.2311 depth=0.0036
  Epoch 43 [290/440] loss=0.0000 mask=0.2302 depth=0.0036
  Epoch 43 [300/440] loss=0.0000 mask=0.2306 depth=0.0036
  Epoch 43 [310/440] loss=0.0000 mask=0.2295 depth=0.0037
  Epoch 43 [320/440] loss=0.0000 mask=0.2297 depth=0.0036
  Epoch 43 [330/440] loss=0.0000 mask=0.2307 depth=0.0036
  Epoch 43 [340/440] loss=0.0000 mask=0.2302 depth=0.0036
  Epoch 43 [350/440] loss=0.0000 mask=0.2288 depth=0.0036
  Epoch 43 [360/440] loss=0.0000 mask=0.2293 depth=0.0036
  Epoch 43 [370/440] loss=0.0000 mask=0.2288 depth=0.0036
  Epoch 43 [380/440] loss=0.0000 mask=0.2293 depth=0.0036
  Epoch 43 [390/440] loss=0.0000 mask=0.2282 depth=0.0036
  Epoch 43 [400/440] loss=0.0000 mask=0.2295 depth=0.0036
  Epoch 43 [410/440] loss=0.0000 mask=0.2303 depth=0.0035
  Epoch 43 [420/440] loss=0.0000 mask=0.2307 depth=0.0036
  Epoch 43 [430/440] loss=0.0000 mask=0.2327 depth=0.0036
  Epoch 43 [440/440] loss=0.0000 mask=0.2339 depth=0.0036
  Train: loss=0.0000 mask=0.2339 depth=0.0036 time=234.2s
  Val epoch 43: loss=0.0006

=== Phase2 Epoch 44/49 ===
  Epoch 44 [10/440] loss=0.0000 mask=0.2755 depth=0.0020
  Epoch 44 [20/440] loss=0.0000 mask=0.2548 depth=0.0022
  Epoch 44 [30/440] loss=0.0000 mask=0.2496 depth=0.0027
  Epoch 44 [40/440] loss=0.0000 mask=0.2493 depth=0.0030
  Epoch 44 [50/440] loss=0.0000 mask=0.2400 depth=0.0031
  Epoch 44 [60/440] loss=0.0000 mask=0.2453 depth=0.0036
  Epoch 44 [70/440] loss=0.0000 mask=0.2448 depth=0.0035
  Epoch 44 [80/440] loss=0.0000 mask=0.2448 depth=0.0034
  Epoch 44 [90/440] loss=0.0000 mask=0.2458 depth=0.0033
  Epoch 44 [100/440] loss=0.0000 mask=0.2418 depth=0.0033
  Epoch 44 [110/440] loss=0.0000 mask=0.2502 depth=0.0032
  Epoch 44 [120/440] loss=0.0000 mask=0.2466 depth=0.0032
  Epoch 44 [130/440] loss=0.0000 mask=0.2472 depth=0.0032
  Epoch 44 [140/440] loss=0.0000 mask=0.2489 depth=0.0033
  Epoch 44 [150/440] loss=0.0000 mask=0.2493 depth=0.0033
  Epoch 44 [160/440] loss=0.0000 mask=0.2508 depth=0.0032
  Epoch 44 [170/440] loss=0.0000 mask=0.2455 depth=0.0032
  Epoch 44 [180/440] loss=0.0000 mask=0.2445 depth=0.0032
  Epoch 44 [190/440] loss=0.0000 mask=0.2422 depth=0.0032
  Epoch 44 [200/440] loss=0.0000 mask=0.2407 depth=0.0032
  Epoch 44 [210/440] loss=0.0000 mask=0.2399 depth=0.0032
  Epoch 44 [220/440] loss=0.0000 mask=0.2376 depth=0.0037
  Epoch 44 [230/440] loss=0.0000 mask=0.2379 depth=0.0036
  Epoch 44 [240/440] loss=0.0000 mask=0.2359 depth=0.0035
  Epoch 44 [250/440] loss=0.0000 mask=0.2360 depth=0.0035
  Epoch 44 [260/440] loss=0.0000 mask=0.2346 depth=0.0036
  Epoch 44 [270/440] loss=0.0000 mask=0.2355 depth=0.0036
  Epoch 44 [280/440] loss=0.0000 mask=0.2338 depth=0.0036
  Epoch 44 [290/440] loss=0.0000 mask=0.2343 depth=0.0037
  Epoch 44 [300/440] loss=0.0000 mask=0.2345 depth=0.0036
  Epoch 44 [310/440] loss=0.0000 mask=0.2359 depth=0.0036
  Epoch 44 [320/440] loss=0.0000 mask=0.2341 depth=0.0036
  Epoch 44 [330/440] loss=0.0000 mask=0.2314 depth=0.0036
  Epoch 44 [340/440] loss=0.0000 mask=0.2325 depth=0.0036
  Epoch 44 [350/440] loss=0.0000 mask=0.2338 depth=0.0035
  Epoch 44 [360/440] loss=0.0000 mask=0.2323 depth=0.0036
  Epoch 44 [370/440] loss=0.0000 mask=0.2324 depth=0.0036
  Epoch 44 [380/440] loss=0.0000 mask=0.2320 depth=0.0036
  Epoch 44 [390/440] loss=0.0000 mask=0.2314 depth=0.0036
  Epoch 44 [400/440] loss=0.0000 mask=0.2322 depth=0.0036
  Epoch 44 [410/440] loss=0.0000 mask=0.2321 depth=0.0036
  Epoch 44 [420/440] loss=0.0000 mask=0.2316 depth=0.0039
  Epoch 44 [430/440] loss=0.0000 mask=0.2315 depth=0.0039
  Epoch 44 [440/440] loss=0.0000 mask=0.2320 depth=0.0039
  Train: loss=0.0000 mask=0.2320 depth=0.0039 time=227.0s
  Val epoch 44: loss=0.0005
  Saved best phase2 model (val_loss=0.0005)

=== Phase2 Epoch 45/49 ===
  Epoch 45 [10/440] loss=0.0000 mask=0.1690 depth=0.0025
  Epoch 45 [20/440] loss=0.0000 mask=0.1906 depth=0.0030
  Epoch 45 [30/440] loss=0.0000 mask=0.1790 depth=0.0028
  Epoch 45 [40/440] loss=0.0000 mask=0.1757 depth=0.0031
  Epoch 45 [50/440] loss=0.0000 mask=0.1870 depth=0.0035
  Epoch 45 [60/440] loss=0.0000 mask=0.1927 depth=0.0036
  Epoch 45 [70/440] loss=0.0000 mask=0.2071 depth=0.0035
  Epoch 45 [80/440] loss=0.0000 mask=0.2112 depth=0.0034
  Epoch 45 [90/440] loss=0.0000 mask=0.2093 depth=0.0034
  Epoch 45 [100/440] loss=0.0000 mask=0.2084 depth=0.0038
  Epoch 45 [110/440] loss=0.0000 mask=0.2088 depth=0.0036
  Epoch 45 [120/440] loss=0.0000 mask=0.2101 depth=0.0035
  Epoch 45 [130/440] loss=0.0000 mask=0.2100 depth=0.0036
  Epoch 45 [140/440] loss=0.0000 mask=0.2132 depth=0.0036
  Epoch 45 [150/440] loss=0.0000 mask=0.2131 depth=0.0038
  Epoch 45 [160/440] loss=0.0000 mask=0.2123 depth=0.0038
  Epoch 45 [170/440] loss=0.0000 mask=0.2080 depth=0.0037
  Epoch 45 [180/440] loss=0.0000 mask=0.2113 depth=0.0038
  Epoch 45 [190/440] loss=0.0000 mask=0.2127 depth=0.0037
  Epoch 45 [200/440] loss=0.0000 mask=0.2119 depth=0.0038
  Epoch 45 [210/440] loss=0.0000 mask=0.2124 depth=0.0038
  Epoch 45 [220/440] loss=0.0000 mask=0.2140 depth=0.0038
  Epoch 45 [230/440] loss=0.0000 mask=0.2130 depth=0.0038
  Epoch 45 [240/440] loss=0.0000 mask=0.2140 depth=0.0039
  Epoch 45 [250/440] loss=0.0000 mask=0.2163 depth=0.0038
  Epoch 45 [260/440] loss=0.0000 mask=0.2167 depth=0.0039
  Epoch 45 [270/440] loss=0.0000 mask=0.2171 depth=0.0038
  Epoch 45 [280/440] loss=0.0000 mask=0.2186 depth=0.0038
  Epoch 45 [290/440] loss=0.0000 mask=0.2192 depth=0.0038
  Epoch 45 [300/440] loss=0.0000 mask=0.2204 depth=0.0038
  Epoch 45 [310/440] loss=0.0000 mask=0.2197 depth=0.0039
  Epoch 45 [320/440] loss=0.0000 mask=0.2219 depth=0.0038
  Epoch 45 [330/440] loss=0.0000 mask=0.2234 depth=0.0038
  Epoch 45 [340/440] loss=0.0000 mask=0.2249 depth=0.0038
  Epoch 45 [350/440] loss=0.0000 mask=0.2255 depth=0.0038
  Epoch 45 [360/440] loss=0.0000 mask=0.2264 depth=0.0038
  Epoch 45 [370/440] loss=0.0000 mask=0.2261 depth=0.0038
  Epoch 45 [380/440] loss=0.0000 mask=0.2275 depth=0.0039
  Epoch 45 [390/440] loss=0.0000 mask=0.2280 depth=0.0039
  Epoch 45 [400/440] loss=0.0000 mask=0.2297 depth=0.0039
  Epoch 45 [410/440] loss=0.0000 mask=0.2308 depth=0.0039
  Epoch 45 [420/440] loss=0.0000 mask=0.2307 depth=0.0039
  Epoch 45 [430/440] loss=0.0000 mask=0.2331 depth=0.0039
  Epoch 45 [440/440] loss=0.0000 mask=0.2338 depth=0.0039
  Train: loss=0.0000 mask=0.2338 depth=0.0039 time=236.8s
  Val epoch 45: loss=0.0006

=== Phase2 Epoch 46/49 ===
  Epoch 46 [10/440] loss=0.0001 mask=0.2252 depth=0.0059
  Epoch 46 [20/440] loss=0.0000 mask=0.2035 depth=0.0049
  Epoch 46 [30/440] loss=0.0000 mask=0.2276 depth=0.0044
  Epoch 46 [40/440] loss=0.0000 mask=0.2249 depth=0.0044
  Epoch 46 [50/440] loss=0.0000 mask=0.2339 depth=0.0040
  Epoch 46 [60/440] loss=0.0000 mask=0.2425 depth=0.0040
  Epoch 46 [70/440] loss=0.0000 mask=0.2406 depth=0.0042
  Epoch 46 [80/440] loss=0.0000 mask=0.2373 depth=0.0040
  Epoch 46 [90/440] loss=0.0000 mask=0.2424 depth=0.0038
  Epoch 46 [100/440] loss=0.0000 mask=0.2440 depth=0.0038
  Epoch 46 [110/440] loss=0.0000 mask=0.2404 depth=0.0038
  Epoch 46 [120/440] loss=0.0000 mask=0.2387 depth=0.0039
  Epoch 46 [130/440] loss=0.0000 mask=0.2403 depth=0.0039
  Epoch 46 [140/440] loss=0.0000 mask=0.2386 depth=0.0039
  Epoch 46 [150/440] loss=0.0000 mask=0.2407 depth=0.0038
  Epoch 46 [160/440] loss=0.0000 mask=0.2386 depth=0.0038
  Epoch 46 [170/440] loss=0.0000 mask=0.2396 depth=0.0037
  Epoch 46 [180/440] loss=0.0000 mask=0.2412 depth=0.0038
  Epoch 46 [190/440] loss=0.0000 mask=0.2369 depth=0.0038
  Epoch 46 [200/440] loss=0.0000 mask=0.2372 depth=0.0038
  Epoch 46 [210/440] loss=0.0000 mask=0.2357 depth=0.0038
  Epoch 46 [220/440] loss=0.0000 mask=0.2357 depth=0.0037
  Epoch 46 [230/440] loss=0.0000 mask=0.2354 depth=0.0037
  Epoch 46 [240/440] loss=0.0000 mask=0.2321 depth=0.0037
  Epoch 46 [250/440] loss=0.0000 mask=0.2304 depth=0.0037
  Epoch 46 [260/440] loss=0.0000 mask=0.2296 depth=0.0037
  Epoch 46 [270/440] loss=0.0000 mask=0.2298 depth=0.0038
  Epoch 46 [280/440] loss=0.0000 mask=0.2287 depth=0.0038
  Epoch 46 [290/440] loss=0.0000 mask=0.2304 depth=0.0037
  Epoch 46 [300/440] loss=0.0000 mask=0.2323 depth=0.0037
  Epoch 46 [310/440] loss=0.0000 mask=0.2323 depth=0.0037
  Epoch 46 [320/440] loss=0.0000 mask=0.2335 depth=0.0037
  Epoch 46 [330/440] loss=0.0000 mask=0.2325 depth=0.0037
  Epoch 46 [340/440] loss=0.0000 mask=0.2340 depth=0.0036
  Epoch 46 [350/440] loss=0.0000 mask=0.2336 depth=0.0037
  Epoch 46 [360/440] loss=0.0000 mask=0.2341 depth=0.0036
  Epoch 46 [370/440] loss=0.0000 mask=0.2351 depth=0.0036
  Epoch 46 [380/440] loss=0.0000 mask=0.2368 depth=0.0036
  Epoch 46 [390/440] loss=0.0000 mask=0.2370 depth=0.0036
  Epoch 46 [400/440] loss=0.0000 mask=0.2367 depth=0.0036
  Epoch 46 [410/440] loss=0.0000 mask=0.2376 depth=0.0037
  Epoch 46 [420/440] loss=0.0000 mask=0.2363 depth=0.0037
  Epoch 46 [430/440] loss=0.0000 mask=0.2350 depth=0.0037
  Epoch 46 [440/440] loss=0.0000 mask=0.2350 depth=0.0037
  Train: loss=0.0000 mask=0.2350 depth=0.0037 time=236.8s
  Val epoch 46: loss=0.0006

=== Phase2 Epoch 47/49 ===
  Epoch 47 [10/440] loss=0.0000 mask=0.1919 depth=0.0015
  Epoch 47 [20/440] loss=0.0000 mask=0.2626 depth=0.0029
  Epoch 47 [30/440] loss=0.0000 mask=0.2749 depth=0.0028
  Epoch 47 [40/440] loss=0.0000 mask=0.2655 depth=0.0028
  Epoch 47 [50/440] loss=0.0000 mask=0.2548 depth=0.0030
  Epoch 47 [60/440] loss=0.0000 mask=0.2566 depth=0.0032
  Epoch 47 [70/440] loss=0.0000 mask=0.2501 depth=0.0034
  Epoch 47 [80/440] loss=0.0000 mask=0.2494 depth=0.0033
  Epoch 47 [90/440] loss=0.0000 mask=0.2521 depth=0.0035
  Epoch 47 [100/440] loss=0.0000 mask=0.2512 depth=0.0034
  Epoch 47 [110/440] loss=0.0000 mask=0.2508 depth=0.0034
  Epoch 47 [120/440] loss=0.0000 mask=0.2469 depth=0.0034
  Epoch 47 [130/440] loss=0.0000 mask=0.2416 depth=0.0034
  Epoch 47 [140/440] loss=0.0000 mask=0.2425 depth=0.0033
  Epoch 47 [150/440] loss=0.0000 mask=0.2385 depth=0.0033
  Epoch 47 [160/440] loss=0.0000 mask=0.2368 depth=0.0032
  Epoch 47 [170/440] loss=0.0000 mask=0.2361 depth=0.0032
  Epoch 47 [180/440] loss=0.0000 mask=0.2326 depth=0.0031
  Epoch 47 [190/440] loss=0.0000 mask=0.2343 depth=0.0032
  Epoch 47 [200/440] loss=0.0000 mask=0.2342 depth=0.0032
  Epoch 47 [210/440] loss=0.0000 mask=0.2337 depth=0.0031
  Epoch 47 [220/440] loss=0.0000 mask=0.2324 depth=0.0031
  Epoch 47 [230/440] loss=0.0000 mask=0.2338 depth=0.0032
  Epoch 47 [240/440] loss=0.0000 mask=0.2308 depth=0.0031
  Epoch 47 [250/440] loss=0.0000 mask=0.2310 depth=0.0032
  Epoch 47 [260/440] loss=0.0000 mask=0.2302 depth=0.0031
  Epoch 47 [270/440] loss=0.0000 mask=0.2305 depth=0.0032
  Epoch 47 [280/440] loss=0.0000 mask=0.2321 depth=0.0032
  Epoch 47 [290/440] loss=0.0000 mask=0.2318 depth=0.0032
  Epoch 47 [300/440] loss=0.0000 mask=0.2310 depth=0.0032
  Epoch 47 [310/440] loss=0.0000 mask=0.2320 depth=0.0031
  Epoch 47 [320/440] loss=0.0000 mask=0.2327 depth=0.0032
  Epoch 47 [330/440] loss=0.0000 mask=0.2312 depth=0.0032
  Epoch 47 [340/440] loss=0.0000 mask=0.2329 depth=0.0031
  Epoch 47 [350/440] loss=0.0000 mask=0.2318 depth=0.0031
  Epoch 47 [360/440] loss=0.0000 mask=0.2323 depth=0.0032
  Epoch 47 [370/440] loss=0.0000 mask=0.2303 depth=0.0031
  Epoch 47 [380/440] loss=0.0000 mask=0.2295 depth=0.0032
  Epoch 47 [390/440] loss=0.0000 mask=0.2305 depth=0.0033
  Epoch 47 [400/440] loss=0.0000 mask=0.2331 depth=0.0033
  Epoch 47 [410/440] loss=0.0000 mask=0.2325 depth=0.0033
  Epoch 47 [420/440] loss=0.0000 mask=0.2334 depth=0.0033
  Epoch 47 [430/440] loss=0.0000 mask=0.2339 depth=0.0033
  Epoch 47 [440/440] loss=0.0000 mask=0.2341 depth=0.0033
  Train: loss=0.0000 mask=0.2341 depth=0.0033 time=235.3s
  Val epoch 47: loss=0.0006

=== Phase2 Epoch 48/49 ===
  Epoch 48 [10/440] loss=0.0000 mask=0.2310 depth=0.0025
  Epoch 48 [20/440] loss=0.0000 mask=0.2288 depth=0.0028
  Epoch 48 [30/440] loss=0.0000 mask=0.2255 depth=0.0035
  Epoch 48 [40/440] loss=0.0000 mask=0.2350 depth=0.0048
  Epoch 48 [50/440] loss=0.0000 mask=0.2378 depth=0.0046
  Epoch 48 [60/440] loss=0.0000 mask=0.2437 depth=0.0044
  Epoch 48 [70/440] loss=0.0001 mask=0.2404 depth=0.0052
  Epoch 48 [80/440] loss=0.0001 mask=0.2579 depth=0.0050
  Epoch 48 [90/440] loss=0.0000 mask=0.2598 depth=0.0050
  Epoch 48 [100/440] loss=0.0001 mask=0.2575 depth=0.0052
  Epoch 48 [110/440] loss=0.0001 mask=0.2593 depth=0.0051
  Epoch 48 [120/440] loss=0.0001 mask=0.2612 depth=0.0060
  Epoch 48 [130/440] loss=0.0001 mask=0.2563 depth=0.0057
  Epoch 48 [140/440] loss=0.0001 mask=0.2539 depth=0.0057
  Epoch 48 [150/440] loss=0.0001 mask=0.2521 depth=0.0057
  Epoch 48 [160/440] loss=0.0001 mask=0.2535 depth=0.0055
  Epoch 48 [170/440] loss=0.0001 mask=0.2509 depth=0.0053
  Epoch 48 [180/440] loss=0.0001 mask=0.2477 depth=0.0052
  Epoch 48 [190/440] loss=0.0001 mask=0.2469 depth=0.0051
  Epoch 48 [200/440] loss=0.0000 mask=0.2465 depth=0.0050
  Epoch 48 [210/440] loss=0.0000 mask=0.2461 depth=0.0049
  Epoch 48 [220/440] loss=0.0000 mask=0.2447 depth=0.0049
  Epoch 48 [230/440] loss=0.0000 mask=0.2456 depth=0.0048
  Epoch 48 [240/440] loss=0.0000 mask=0.2428 depth=0.0047
  Epoch 48 [250/440] loss=0.0000 mask=0.2403 depth=0.0047
  Epoch 48 [260/440] loss=0.0000 mask=0.2402 depth=0.0046
  Epoch 48 [270/440] loss=0.0000 mask=0.2399 depth=0.0046
  Epoch 48 [280/440] loss=0.0000 mask=0.2395 depth=0.0046
  Epoch 48 [290/440] loss=0.0000 mask=0.2387 depth=0.0046
  Epoch 48 [300/440] loss=0.0000 mask=0.2395 depth=0.0046
  Epoch 48 [310/440] loss=0.0000 mask=0.2407 depth=0.0046
  Epoch 48 [320/440] loss=0.0000 mask=0.2415 depth=0.0047
  Epoch 48 [330/440] loss=0.0000 mask=0.2424 depth=0.0047
  Epoch 48 [340/440] loss=0.0000 mask=0.2418 depth=0.0047
  Epoch 48 [350/440] loss=0.0000 mask=0.2429 depth=0.0047
  Epoch 48 [360/440] loss=0.0000 mask=0.2410 depth=0.0047
  Epoch 48 [370/440] loss=0.0000 mask=0.2405 depth=0.0046
  Epoch 48 [380/440] loss=0.0000 mask=0.2411 depth=0.0046
  Epoch 48 [390/440] loss=0.0000 mask=0.2400 depth=0.0046
  Epoch 48 [400/440] loss=0.0000 mask=0.2373 depth=0.0045
  Epoch 48 [410/440] loss=0.0000 mask=0.2360 depth=0.0045
  Epoch 48 [420/440] loss=0.0000 mask=0.2368 depth=0.0045
  Epoch 48 [430/440] loss=0.0000 mask=0.2360 depth=0.0045
  Epoch 48 [440/440] loss=0.0000 mask=0.2365 depth=0.0045
  Train: loss=0.0000 mask=0.2365 depth=0.0045 time=234.8s
  Val epoch 48: loss=0.0006

=== Phase2 Epoch 49/49 ===
  Epoch 49 [10/440] loss=0.0000 mask=0.2487 depth=0.0040
  Epoch 49 [20/440] loss=0.0000 mask=0.2351 depth=0.0039
  Epoch 49 [30/440] loss=0.0001 mask=0.2555 depth=0.0053
  Epoch 49 [40/440] loss=0.0000 mask=0.2479 depth=0.0046
  Epoch 49 [50/440] loss=0.0000 mask=0.2553 depth=0.0045
  Epoch 49 [60/440] loss=0.0000 mask=0.2538 depth=0.0043
  Epoch 49 [70/440] loss=0.0001 mask=0.2451 depth=0.0065
  Epoch 49 [80/440] loss=0.0001 mask=0.2449 depth=0.0062
  Epoch 49 [90/440] loss=0.0001 mask=0.2476 depth=0.0060
  Epoch 49 [100/440] loss=0.0001 mask=0.2444 depth=0.0056
  Epoch 49 [110/440] loss=0.0001 mask=0.2396 depth=0.0054
  Epoch 49 [120/440] loss=0.0001 mask=0.2393 depth=0.0052
  Epoch 49 [130/440] loss=0.0001 mask=0.2406 depth=0.0051
  Epoch 49 [140/440] loss=0.0001 mask=0.2377 depth=0.0051
  Epoch 49 [150/440] loss=0.0001 mask=0.2362 depth=0.0050
  Epoch 49 [160/440] loss=0.0000 mask=0.2347 depth=0.0050
  Epoch 49 [170/440] loss=0.0000 mask=0.2349 depth=0.0049
  Epoch 49 [180/440] loss=0.0000 mask=0.2314 depth=0.0048
  Epoch 49 [190/440] loss=0.0000 mask=0.2363 depth=0.0047
  Epoch 49 [200/440] loss=0.0000 mask=0.2343 depth=0.0046
  Epoch 49 [210/440] loss=0.0000 mask=0.2321 depth=0.0046
  Epoch 49 [220/440] loss=0.0000 mask=0.2319 depth=0.0045
  Epoch 49 [230/440] loss=0.0000 mask=0.2320 depth=0.0045
  Epoch 49 [240/440] loss=0.0000 mask=0.2335 depth=0.0044
  Epoch 49 [250/440] loss=0.0000 mask=0.2340 depth=0.0044
  Epoch 49 [260/440] loss=0.0000 mask=0.2353 depth=0.0043
  Epoch 49 [270/440] loss=0.0000 mask=0.2354 depth=0.0043
  Epoch 49 [280/440] loss=0.0000 mask=0.2350 depth=0.0042
  Epoch 49 [290/440] loss=0.0000 mask=0.2361 depth=0.0044
  Epoch 49 [300/440] loss=0.0000 mask=0.2361 depth=0.0043
  Epoch 49 [310/440] loss=0.0000 mask=0.2348 depth=0.0043
  Epoch 49 [320/440] loss=0.0000 mask=0.2343 depth=0.0042
  Epoch 49 [330/440] loss=0.0000 mask=0.2339 depth=0.0042
  Epoch 49 [340/440] loss=0.0000 mask=0.2348 depth=0.0042
  Epoch 49 [350/440] loss=0.0000 mask=0.2340 depth=0.0042
  Epoch 49 [360/440] loss=0.0000 mask=0.2329 depth=0.0042
  Epoch 49 [370/440] loss=0.0000 mask=0.2334 depth=0.0041
  Epoch 49 [380/440] loss=0.0000 mask=0.2345 depth=0.0041
  Epoch 49 [390/440] loss=0.0000 mask=0.2342 depth=0.0041
  Epoch 49 [400/440] loss=0.0000 mask=0.2351 depth=0.0041
  Epoch 49 [410/440] loss=0.0000 mask=0.2344 depth=0.0040
  Epoch 49 [420/440] loss=0.0000 mask=0.2349 depth=0.0040
  Epoch 49 [430/440] loss=0.0000 mask=0.2356 depth=0.0040
  Epoch 49 [440/440] loss=0.0000 mask=0.2347 depth=0.0040
  Train: loss=0.0000 mask=0.2347 depth=0.0040 time=236.7s
  Val epoch 49: loss=0.0006

Phase 2 complete. Best val loss: 0.0005
